regime,d,alpha,seed,kl_noisy,mean_payoff,mean_action,mean_body_out,action_var,convergence_time,w_out_norm2
scaled,5,0.0,0,0.101145,2.897500,0.907500,0.960266,0.08394375,0,9.41018260
scaled,5,0.1,0,0.102057,2.887452,0.912830,0.960803,0.06812818,0,9.41018260
scaled,5,0.2,0,0.068158,2.877556,0.918098,0.960492,0.05393998,0,9.41018260
scaled,5,0.3,0,0.089691,2.866997,0.923735,0.961618,0.04125854,0,9.41018260
scaled,5,0.4,0,0.042537,2.856262,0.929430,0.962325,0.03048680,0,9.41018260
scaled,5,0.5,0,0.064068,2.845893,0.934942,0.962385,0.02111805,0,9.41018260
scaled,5,0.6,0,0.072627,2.836362,0.939998,0.961663,0.01366491,0,9.41018260
scaled,5,0.7,0,0.081354,2.825460,0.945783,0.962189,0.00774157,0,9.41018260
scaled,5,0.8,0,0.070025,2.814390,0.951714,0.962768,0.00353434,0,9.41018260
scaled,5,0.9,0,0.066614,2.804682,0.956831,0.962313,0.00111297,0,9.41018260
scaled,5,1.0,0,0.103310,2.792147,0.963544,0.963544,0.00028220,199,9.41018260
scaled,5,0.0,1,0.000000,2.882000,0.896000,0.992995,0.09318400,0,64.98514806
scaled,5,0.1,1,0.019734,2.863835,0.905674,0.992741,0.07608757,0,64.98514806
scaled,5,0.2,1,0.011177,2.845390,0.915494,0.993472,0.06049952,0,64.98514806
scaled,5,0.3,1,0.021101,2.827836,0.924804,0.992012,0.04729610,0,64.98514806
scaled,5,0.4,1,0.000000,2.808780,0.934976,0.993441,0.03485428,0,64.98514806
scaled,5,0.5,1,0.000781,2.790953,0.944447,0.992893,0.02483025,0,64.98514806
scaled,5,0.6,1,0.000000,2.772297,0.954337,0.993228,0.01641920,0,64.98514806
scaled,5,0.7,1,0.003456,2.754031,0.964187,0.993410,0.00976129,0,64.98514806
scaled,5,0.8,1,0.033248,2.735805,0.973879,0.993349,0.00478982,0,64.98514806
scaled,5,0.9,1,0.000511,2.717087,0.983726,0.993473,0.00168713,0,64.98514806
scaled,5,1.0,1,0.024293,2.701503,0.991960,0.991960,0.00089422,158,64.98514806
scaled,5,0.0,2,0.064118,2.878000,0.891500,0.980207,0.09672775,0,50.84705746
scaled,5,0.1,2,0.024462,2.861569,0.900364,0.980135,0.07876095,0,50.84705746
scaled,5,0.2,2,0.000000,2.845099,0.909208,0.980040,0.06263814,0,50.84705746
scaled,5,0.3,2,0.000000,2.827822,0.918551,0.981670,0.04816383,0,50.84705746
scaled,5,0.4,2,0.001646,2.810790,0.927689,0.981973,0.03572372,0,50.84705746
scaled,5,0.5,2,0.016587,2.794145,0.936727,0.981953,0.02506599,0,50.84705746
scaled,5,0.6,2,0.000000,2.776899,0.945986,0.982310,0.01629474,0,50.84705746
scaled,5,0.7,2,0.023531,2.759752,0.955127,0.982395,0.00954234,0,50.84705746
scaled,5,0.8,2,0.000000,2.744465,0.963312,0.981265,0.00479794,0,50.84705746
scaled,5,0.9,2,0.000000,2.727107,0.972866,0.981907,0.00180447,0,50.84705746
scaled,5,1.0,2,0.035366,2.711918,0.980871,0.980871,0.00068983,200,50.84705746
scaled,5,0.0,3,0.113427,2.874000,0.885500,0.999361,0.10138975,0,40.01867218
scaled,5,0.1,3,0.080393,2.852501,0.896896,0.999460,0.08217462,0,40.01867218
scaled,5,0.2,3,0.076110,2.830969,0.908312,0.999558,0.06495441,0,40.01867218
scaled,5,0.3,3,0.087001,2.809445,0.919721,0.999568,0.04975978,0,40.01867218
scaled,5,0.4,3,0.054465,2.787922,0.931130,0.999574,0.03659305,0,40.01867218
scaled,5,0.5,3,0.105846,2.766412,0.942529,0.999559,0.02544595,0,40.01867218
scaled,5,0.6,3,0.093668,2.744881,0.953943,0.999572,0.01631658,0,40.01867218
scaled,5,0.7,3,0.092207,2.723442,0.965310,0.999515,0.00923040,0,40.01867218
scaled,5,0.8,3,0.077889,2.701865,0.976746,0.999557,0.00412602,0,40.01867218
scaled,5,0.9,3,0.097970,2.680325,0.988169,0.999577,0.00105014,0,40.01867218
scaled,5,1.0,3,0.089233,2.658903,0.999522,0.999522,0.00000392,0,40.01867218
scaled,5,0.0,4,0.106053,2.884500,0.892500,0.967584,0.09594375,0,6.54975587
scaled,5,0.1,4,0.135179,2.869930,0.900027,0.967768,0.07858970,0,6.54975587
scaled,5,0.2,4,0.123660,2.855111,0.907690,0.968450,0.06301751,0,6.54975587
scaled,5,0.3,4,0.110520,2.840036,0.915484,0.969114,0.04896766,0,6.54975587
scaled,5,0.4,4,0.138180,2.825178,0.923177,0.969193,0.03664537,0,6.54975587
scaled,5,0.5,4,0.110740,2.808903,0.931514,0.970528,0.02605648,0,6.54975587
scaled,5,0.6,4,0.108315,2.793490,0.939509,0.970848,0.01744963,0,6.54975587
scaled,5,0.7,4,0.074442,2.777877,0.947550,0.971143,0.01028677,0,6.54975587
scaled,5,0.8,4,0.136878,2.763256,0.955076,0.970720,0.00543566,0,6.54975587
scaled,5,0.9,4,0.084756,2.746701,0.963765,0.971684,0.00178760,0,6.54975587
scaled,5,1.0,4,0.104323,2.731645,0.971392,0.971392,0.00028411,198,6.54975587
scaled,5,0.0,5,0.211366,2.897000,0.907000,0.828098,0.08435100,0,20.35076336
scaled,5,0.1,5,0.194332,2.911666,0.899367,0.830674,0.06823613,0,20.35076336
scaled,5,0.2,5,0.244120,2.926589,0.891596,0.829978,0.05372551,0,20.35076336
scaled,5,0.3,5,0.199871,2.941233,0.884143,0.830812,0.04144841,0,20.35076336
scaled,5,0.4,5,0.189137,2.952210,0.878234,0.835084,0.03079358,0,20.35076336
scaled,5,0.5,5,0.183536,2.964291,0.872206,0.837411,0.02204254,0,20.35076336
scaled,5,0.6,5,0.163414,2.978280,0.864953,0.836922,0.01544835,0,20.35076336
scaled,5,0.7,5,0.198599,2.998336,0.854184,0.831549,0.01053159,0,20.35076336
scaled,5,0.8,5,0.206305,3.006885,0.849712,0.835390,0.00837838,0,20.35076336
scaled,5,0.9,5,0.166816,3.025352,0.839396,0.831884,0.00742282,0,20.35076336
scaled,5,1.0,5,0.148020,3.029863,0.838395,0.838395,0.00809924,199,20.35076336
scaled,5,0.0,6,1.411382,2.899000,0.907500,0.264087,0.08394375,0,61.24812829
scaled,5,0.1,6,1.231506,3.023586,0.842180,0.254301,0.06988837,0,61.24812829
scaled,5,0.2,6,1.057500,3.155807,0.773052,0.235260,0.05805462,0,61.24812829
scaled,5,0.3,6,0.863278,3.288609,0.702953,0.225675,0.04823268,0,61.24812829
scaled,5,0.4,6,0.769650,3.431777,0.628406,0.209766,0.03951729,0,61.24812829
scaled,5,0.5,6,0.564851,3.572777,0.554072,0.200644,0.03352644,0,61.24812829
scaled,5,0.6,6,0.441230,3.709177,0.482482,0.199136,0.03142353,0,61.24812829
scaled,5,0.7,6,0.311675,3.837429,0.415703,0.204933,0.02871871,0,61.24812829
scaled,5,0.8,6,0.161309,3.976263,0.342886,0.201732,0.02839234,0,61.24812829
scaled,5,0.9,6,0.040900,4.122179,0.266141,0.194879,0.03092742,0,61.24812829
scaled,5,1.0,6,0.000000,4.236704,0.205992,0.205992,0.04121731,200,61.24812829
scaled,5,0.0,7,0.000000,2.900500,0.905500,0.994062,0.08556975,0,73.85092341
scaled,5,0.1,7,0.047956,2.883237,0.914357,0.994073,0.06936370,0,73.85092341
scaled,5,0.2,7,0.000000,2.866100,0.923124,0.993618,0.05485854,0,73.85092341
scaled,5,0.3,7,0.008121,2.848805,0.932012,0.993874,0.04218739,0,73.85092341
scaled,5,0.4,7,0.005431,2.831455,0.940893,0.993983,0.03092311,0,73.85092341
scaled,5,0.5,7,0.000000,2.814198,0.949765,0.994030,0.02165126,0,73.85092341
scaled,5,0.6,7,0.000000,2.797058,0.958581,0.993968,0.01391490,0,73.85092341
scaled,5,0.7,7,0.000000,2.779548,0.967515,0.994093,0.00791599,0,73.85092341
scaled,5,0.8,7,0.000000,2.762485,0.976287,0.993983,0.00367432,0,73.85092341
scaled,5,0.9,7,0.000000,2.745459,0.984979,0.993811,0.00102452,0,73.85092341
scaled,5,1.0,7,0.000000,2.727770,0.994138,0.994138,0.00015564,182,73.85092341
scaled,5,0.0,8,0.022069,2.904000,0.911500,0.996406,0.08066775,0,24.00444906
scaled,5,0.1,8,0.000000,2.887754,0.919985,0.996354,0.06539353,0,24.00444906
scaled,5,0.2,8,0.011302,2.871390,0.928528,0.996638,0.05171377,0,24.00444906
scaled,5,0.3,8,0.000000,2.855133,0.937019,0.996564,0.03965393,0,24.00444906
scaled,5,0.4,8,0.046028,2.838845,0.945517,0.996543,0.02922699,0,24.00444906
scaled,5,0.5,8,0.013381,2.822430,0.954094,0.996688,0.02030315,0,24.00444906
scaled,5,0.6,8,0.000000,2.806071,0.962628,0.996713,0.01301196,0,24.00444906
scaled,5,0.7,8,0.020936,2.789731,0.971157,0.996724,0.00735917,0,24.00444906
scaled,5,0.8,8,0.000000,2.773382,0.979689,0.996736,0.00333722,0,24.00444906
scaled,5,0.9,8,0.000000,2.756859,0.988311,0.996845,0.00086071,0,24.00444906
scaled,5,1.0,8,0.016723,2.740524,0.996854,0.996854,0.00000923,0,24.00444906
scaled,5,0.0,9,0.371731,2.884000,0.895500,0.929606,0.09357975,0,14.71135133
scaled,5,0.1,9,0.332599,2.876992,0.899180,0.932302,0.07747078,0,14.71135133
scaled,5,0.2,9,0.330926,2.870208,0.902697,0.931486,0.06305108,0,14.71135133
scaled,5,0.3,9,0.330940,2.863034,0.906481,0.932102,0.05034142,0,14.71135133
scaled,5,0.4,9,0.267024,2.854484,0.911032,0.934330,0.03865281,0,14.71135133
scaled,5,0.5,9,0.231460,2.845589,0.915789,0.936077,0.02845157,0,14.71135133
scaled,5,0.6,9,0.295015,2.836342,0.920626,0.937376,0.02028616,0,14.71135133
scaled,5,0.7,9,0.261703,2.826005,0.926082,0.939188,0.01323499,0,14.71135133
scaled,5,0.8,9,0.245561,2.818022,0.930193,0.938867,0.00877558,0,14.71135133
scaled,5,0.9,9,0.246961,2.807753,0.935708,0.940176,0.00483840,0,14.71135133
scaled,5,1.0,9,0.250973,2.803554,0.938180,0.938180,0.00386322,199,14.71135133
scaled,5,0.0,10,6.848773,2.892500,0.901000,0.782072,0.08919900,0,47.18661238
scaled,5,0.1,10,6.812245,2.917613,0.887646,0.767462,0.07027191,0,47.18661238
scaled,5,0.2,10,6.762991,2.946162,0.872527,0.758634,0.05451935,0,47.18661238
scaled,5,0.3,10,6.782389,2.976895,0.855932,0.750772,0.04233640,0,47.18661238
scaled,5,0.4,10,6.690971,3.035139,0.825163,0.711406,0.03408164,0,47.18661238
scaled,5,0.5,10,7.036607,3.308537,0.681844,0.462688,0.04137076,0,47.18661238
scaled,5,0.6,10,6.665332,3.902343,0.369342,0.014903,0.01547969,0,47.18661238
scaled,5,0.7,10,2.990335,4.087076,0.272187,0.002695,0.00885215,0,47.18661238
scaled,5,0.8,10,1.124619,4.247142,0.188040,0.009799,0.00778382,0,47.18661238
scaled,5,0.9,10,0.417388,4.408868,0.102984,0.014315,0.01075166,0,47.18661238
scaled,5,1.0,10,0.076534,4.603137,0.000434,0.000434,0.00017588,6,47.18661238
scaled,5,0.0,11,0.020084,2.887000,0.899000,0.995278,0.09079900,0,36.46948824
scaled,5,0.1,11,0.056791,2.868989,0.908578,0.994782,0.07388185,0,36.46948824
scaled,5,0.2,11,0.063822,2.851005,0.918140,0.994699,0.05872508,0,36.46948824
scaled,5,0.3,11,0.037095,2.833010,0.927711,0.994704,0.04533283,0,36.46948824
scaled,5,0.4,11,0.030633,2.814625,0.937477,0.995192,0.03347398,0,36.46948824
scaled,5,0.5,11,0.040393,2.797110,0.946808,0.994615,0.02376707,0,36.46948824
scaled,5,0.6,11,0.062417,2.778689,0.956611,0.995018,0.01535755,0,36.46948824
scaled,5,0.7,11,0.063153,2.760505,0.966262,0.995088,0.00894720,0,36.46948824
scaled,5,0.8,11,0.058409,2.741893,0.976162,0.995452,0.00409485,0,36.46948824
scaled,5,0.9,11,0.037241,2.724477,0.985404,0.995004,0.00128266,0,36.46948824
scaled,5,1.0,11,0.038319,2.706812,0.994842,0.994842,0.00021908,131,36.46948824
scaled,5,0.0,12,0.199513,2.892500,0.900500,0.997073,0.08959975,0,28.30758348
scaled,5,0.1,12,0.137228,2.873973,0.910152,0.997021,0.07279205,0,28.30758348
scaled,5,0.2,12,0.125228,2.855454,0.919794,0.996969,0.05775766,0,28.30758348
scaled,5,0.3,12,0.109965,2.837099,0.929358,0.996693,0.04453235,0,28.30758348
scaled,5,0.4,12,0.109373,2.818377,0.939117,0.997041,0.03282914,0,28.30758348
scaled,5,0.5,12,0.084717,2.799673,0.948847,0.997194,0.02297015,0,28.30758348
scaled,5,0.6,12,0.072444,2.781288,0.958433,0.997055,0.01491332,0,28.30758348
scaled,5,0.7,12,0.062812,2.762947,0.967967,0.996881,0.00866246,0,28.30758348
scaled,5,0.8,12,0.074708,2.744266,0.977729,0.997036,0.00403659,0,28.30758348
scaled,5,0.9,12,0.040664,2.726021,0.987238,0.996876,0.00117530,0,28.30758348
scaled,5,1.0,12,0.087876,2.707302,0.996963,0.996963,0.00008923,103,28.30758348
scaled,5,0.0,13,0.050319,2.884000,0.897500,0.953337,0.09199375,0,25.88303596
scaled,5,0.1,13,0.066408,2.873654,0.903112,0.953617,0.07455779,0,25.88303596
scaled,5,0.2,13,0.017524,2.862046,0.909376,0.956878,0.05884932,0,25.88303596
scaled,5,0.3,13,0.005597,2.850415,0.915608,0.957859,0.04499891,0,25.88303596
scaled,5,0.4,13,0.000000,2.839812,0.921445,0.957362,0.03308560,0,25.88303596
scaled,5,0.5,13,0.000000,2.826328,0.928671,0.959842,0.02320587,0,25.88303596
scaled,5,0.6,13,0.036343,2.814659,0.935080,0.960133,0.01486905,0,25.88303596
scaled,5,0.7,13,0.023074,2.804021,0.940844,0.959420,0.00855701,0,25.88303596
scaled,5,0.8,13,0.037227,2.791220,0.947647,0.960184,0.00407661,0,25.88303596
scaled,5,0.9,13,0.000000,2.778032,0.954875,0.961250,0.00157405,0,25.88303596
scaled,5,1.0,13,0.001292,2.764069,0.962232,0.962232,0.00091820,198,25.88303596
scaled,5,0.0,14,0.036666,2.906500,0.912500,0.988275,0.07984375,0,43.02608197
scaled,5,0.1,14,0.044985,2.891809,0.920097,0.988473,0.06467810,0,43.02608197
scaled,5,0.2,14,0.000000,2.876934,0.927780,0.988898,0.05107128,0,43.02608197
scaled,5,0.3,14,0.000000,2.861944,0.935556,0.989352,0.03912241,0,43.02608197
scaled,5,0.4,14,0.002458,2.847316,0.943112,0.989030,0.02882023,0,43.02608197
scaled,5,0.5,14,0.025459,2.832870,0.950570,0.988639,0.01997451,0,43.02608197
scaled,5,0.6,14,0.014108,2.816834,0.958876,0.989793,0.01290094,0,43.02608197
scaled,5,0.7,14,0.007288,2.802334,0.966417,0.989525,0.00728980,0,43.02608197
scaled,5,0.8,14,0.000000,2.787582,0.974001,0.989376,0.00332385,0,43.02608197
scaled,5,0.9,14,0.000000,2.770774,0.982608,0.990398,0.00091453,0,43.02608197
scaled,5,1.0,14,0.053049,2.757601,0.989524,0.989524,0.00017028,188,43.02608197
scaled,5,0.0,15,0.430795,2.912500,0.917500,0.870962,0.07569375,0,9.38667538
scaled,5,0.1,15,0.265396,2.920632,0.913178,0.874276,0.06382630,0,9.38667538
scaled,5,0.2,15,0.238169,2.929182,0.908668,0.873342,0.05298534,0,9.38667538
scaled,5,0.3,15,0.149101,2.936802,0.904627,0.874590,0.04314608,0,9.38667538
scaled,5,0.4,15,0.067158,2.944833,0.900222,0.874305,0.03438594,0,9.38667538
scaled,5,0.5,15,0.104225,2.951741,0.896582,0.875663,0.02672551,0,9.38667538
scaled,5,0.6,15,0.064467,2.957392,0.893644,0.877739,0.02026160,0,9.38667538
scaled,5,0.7,15,0.031989,2.965464,0.889372,0.877317,0.01427683,0,9.38667538
scaled,5,0.8,15,0.037719,2.971188,0.886421,0.878651,0.01038436,0,9.38667538
scaled,5,0.9,15,0.026706,2.982467,0.880316,0.876185,0.00731896,0,9.38667538
scaled,5,1.0,15,0.078566,2.985694,0.878681,0.878681,0.00482341,200,9.38667538
scaled,5,0.0,16,0.049765,2.889000,0.900000,0.864405,0.09000000,0,11.93746965
scaled,5,0.1,16,0.028427,2.896476,0.896107,0.861074,0.07392559,0,11.93746965
scaled,5,0.2,16,0.005922,2.902382,0.893029,0.865147,0.05948868,0,11.93746965
scaled,5,0.3,16,0.014566,2.909472,0.889426,0.864754,0.04699978,0,11.93746965
scaled,5,0.4,16,0.000000,2.916998,0.885521,0.863803,0.03561863,0,11.93746965
scaled,5,0.5,16,0.022159,2.922036,0.882858,0.865716,0.02659535,0,11.93746965
scaled,5,0.6,16,0.008328,2.929472,0.879019,0.865032,0.01868137,0,11.93746965
scaled,5,0.7,16,0.000000,2.932779,0.877393,0.867704,0.01217421,0,11.93746965
scaled,5,0.8,16,0.062566,2.942848,0.872366,0.865457,0.00808502,0,11.93746965
scaled,5,0.9,16,0.006705,2.946949,0.869937,0.866597,0.00486538,0,11.93746965
scaled,5,1.0,16,0.003835,2.958595,0.863892,0.863892,0.00401482,200,11.93746965
scaled,5,0.0,17,0.211958,2.898000,0.905500,0.991058,0.08556975,0,18.73121902
scaled,5,0.1,17,0.208301,2.881597,0.914037,0.990872,0.06999015,0,18.73121902
scaled,5,0.2,17,0.236533,2.865160,0.922583,0.990915,0.05592634,0,18.73121902
scaled,5,0.3,17,0.255059,2.848519,0.931257,0.991355,0.04338984,0,18.73121902
scaled,5,0.4,17,0.260462,2.832547,0.939550,0.990625,0.03266229,0,18.73121902
scaled,5,0.5,17,0.261794,2.816127,0.948124,0.990747,0.02328849,0,18.73121902
scaled,5,0.6,17,0.262429,2.800047,0.956520,0.990533,0.01568455,0,18.73121902
scaled,5,0.7,17,0.287025,2.783692,0.965012,0.990517,0.00951999,0,18.73121902
scaled,5,0.8,17,0.234047,2.766864,0.973761,0.990826,0.00488726,0,18.73121902
scaled,5,0.9,17,0.257989,2.751139,0.981894,0.990382,0.00181932,0,18.73121902
scaled,5,1.0,17,0.299929,2.734922,0.990364,0.990364,0.00030572,49,18.73121902
scaled,5,0.0,18,0.014282,2.898500,0.907500,0.939978,0.08394375,0,8.38030589
scaled,5,0.1,18,0.013752,2.892256,0.910808,0.940576,0.06868179,0,8.38030589
scaled,5,0.2,18,0.004000,2.886127,0.914070,0.940349,0.05507221,0,8.38030589
scaled,5,0.3,18,0.004419,2.879905,0.917309,0.940196,0.04295680,0,8.38030589
scaled,5,0.4,18,0.000000,2.872334,0.921287,0.941967,0.03239165,0,8.38030589
scaled,5,0.5,18,0.000000,2.866167,0.924570,0.941640,0.02317456,0,8.38030589
scaled,5,0.6,18,0.000000,2.860468,0.927565,0.940942,0.01560616,0,8.38030589
scaled,5,0.7,18,0.000000,2.852717,0.931722,0.942102,0.00969941,0,8.38030589
scaled,5,0.8,18,0.000000,2.849639,0.933223,0.939654,0.00525143,0,8.38030589
scaled,5,0.9,18,0.000000,2.837879,0.939581,0.943145,0.00205725,0,8.38030589
scaled,5,1.0,18,0.000000,2.835493,0.940900,0.940900,0.00084266,200,8.38030589
scaled,5,0.0,19,0.470597,2.893500,0.901500,0.551520,0.08879775,0,6.91246274
scaled,5,0.1,19,0.476985,2.960531,0.866185,0.548349,0.07397764,0,6.91246274
scaled,5,0.2,19,0.382438,3.028689,0.830269,0.545346,0.06045570,0,6.91246274
scaled,5,0.3,19,0.351576,3.095130,0.795289,0.547463,0.04929099,0,6.91246274
scaled,5,0.4,19,0.308374,3.165648,0.757760,0.542150,0.03809638,0,6.91246274
scaled,5,0.5,19,0.238702,3.232580,0.722908,0.544317,0.02988974,0,6.91246274
scaled,5,0.6,19,0.255116,3.302367,0.685714,0.541856,0.02306119,0,6.91246274
scaled,5,0.7,19,0.221596,3.373410,0.648611,0.540230,0.01733896,0,6.91246274
scaled,5,0.8,19,0.180155,3.439728,0.613285,0.541232,0.01365169,0,6.91246274
scaled,5,0.9,19,0.171399,3.507155,0.577972,0.542025,0.01076727,0,6.91246274
scaled,5,1.0,19,0.214168,3.582369,0.539023,0.539023,0.01049567,200,6.91246274
scaled,10,0.0,0,0.192794,2.881500,0.894000,0.960427,0.09476400,0,7.17099677
scaled,10,0.1,0,0.189445,2.869025,0.900730,0.961299,0.07724983,0,7.17099677
scaled,10,0.2,0,0.121342,2.856247,0.907626,0.962129,0.06147204,0,7.17099677
scaled,10,0.3,0,0.101573,2.842960,0.914777,0.963258,0.04750652,0,7.17099677
scaled,10,0.4,0,0.058156,2.829935,0.921813,0.963532,0.03528306,0,7.17099677
scaled,10,0.5,0,0.066852,2.817498,0.928539,0.963078,0.02489523,0,7.17099677
scaled,10,0.6,0,0.063827,2.803593,0.935989,0.963981,0.01647834,0,7.17099677
scaled,10,0.7,0,0.146011,2.791156,0.942710,0.963586,0.00977636,0,7.17099677
scaled,10,0.8,0,0.071870,2.777560,0.949964,0.963955,0.00469994,0,7.17099677
scaled,10,0.9,0,0.072805,2.764158,0.957198,0.964220,0.00162710,0,7.17099677
scaled,10,1.0,0,0.115015,2.751129,0.964299,0.964299,0.00026255,199,7.17099677
scaled,10,0.0,1,0.492272,2.901500,0.910500,0.982454,0.08148975,0,6.51674502
scaled,10,0.1,1,0.356297,2.887741,0.917753,0.983034,0.06633899,0,6.51674502
scaled,10,0.2,1,0.246885,2.873766,0.925123,0.983614,0.05269352,0,6.51674502
scaled,10,0.3,1,0.223007,2.859756,0.932502,0.983840,0.04069517,0,6.51674502
scaled,10,0.4,1,0.144717,2.845396,0.940051,0.984377,0.03018063,0,6.51674502
scaled,10,0.5,1,0.117898,2.831270,0.947522,0.984544,0.02118800,0,6.51674502
scaled,10,0.6,1,0.098315,2.816803,0.955125,0.984876,0.01374642,0,6.51674502
scaled,10,0.7,1,0.142345,2.802373,0.962733,0.985119,0.00797378,0,6.51674502
scaled,10,0.8,1,0.141675,2.788092,0.970280,0.985225,0.00377039,0,6.51674502
scaled,10,0.9,1,0.126260,2.773987,0.977689,0.985154,0.00111912,0,6.51674502
scaled,10,1.0,1,0.140523,2.759423,0.985379,0.985379,0.00006632,169,6.51674502
scaled,10,0.0,2,0.049647,2.908500,0.913500,0.954885,0.07901775,0,9.07259181
scaled,10,0.1,2,0.022130,2.899967,0.917840,0.956904,0.06414413,0,9.07259181
scaled,10,0.2,2,0.000000,2.890918,0.922444,0.958221,0.05077083,0,9.07259181
scaled,10,0.3,2,0.000000,2.881314,0.927346,0.959653,0.03902480,0,9.07259181
scaled,10,0.4,2,0.000000,2.871769,0.932215,0.960286,0.02886067,0,9.07259181
scaled,10,0.5,2,0.000000,2.861798,0.937284,0.961068,0.02008561,0,9.07259181
scaled,10,0.6,2,0.000000,2.851546,0.942497,0.961828,0.01295757,0,9.07259181
scaled,10,0.7,2,0.000000,2.841237,0.947793,0.962489,0.00752764,0,9.07259181
scaled,10,0.8,2,0.000000,2.831907,0.952549,0.962312,0.00355918,0,9.07259181
scaled,10,0.9,2,0.000000,2.821447,0.957820,0.962745,0.00112866,0,9.07259181
scaled,10,1.0,2,0.000000,2.810218,0.963622,0.963622,0.00026405,194,9.07259181
scaled,10,0.0,3,0.357038,2.876500,0.889000,0.888856,0.09867900,0,24.32030580
scaled,10,0.1,3,0.310474,2.875885,0.889394,0.892941,0.07919272,0,24.32030580
scaled,10,0.2,3,0.289418,2.874056,0.890376,0.895880,0.06175337,0,24.32030580
scaled,10,0.3,3,0.275413,2.873849,0.890527,0.894089,0.04660479,0,24.32030580
scaled,10,0.4,3,0.242745,2.870477,0.891994,0.896484,0.03406768,0,24.32030580
scaled,10,0.5,3,0.259429,2.869463,0.892835,0.896669,0.02368252,0,24.32030580
scaled,10,0.6,3,0.243875,2.872100,0.891562,0.893270,0.01546131,0,24.32030580
scaled,10,0.7,3,0.282902,2.866154,0.894546,0.896923,0.00929814,0,24.32030580
scaled,10,0.8,3,0.250722,2.859867,0.897913,0.900141,0.00531019,0,24.32030580
scaled,10,0.9,3,0.276206,2.860800,0.897479,0.898421,0.00390879,0,24.32030580
scaled,10,1.0,3,0.281115,2.862963,0.896414,0.896414,0.00553419,200,24.32030580
scaled,10,0.0,4,0.541360,2.901000,0.907000,0.979317,0.08435100,0,7.91812046
scaled,10,0.1,4,0.472935,2.886958,0.914244,0.979441,0.06960218,0,7.91812046
scaled,10,0.2,4,0.412256,2.872630,0.921627,0.980133,0.05619440,0,7.91812046
scaled,10,0.3,4,0.442520,2.858864,0.928728,0.979426,0.04443648,0,7.91812046
scaled,10,0.4,4,0.373645,2.844365,0.936184,0.979959,0.03397694,0,7.91812046
scaled,10,0.5,4,0.298940,2.829486,0.943852,0.980704,0.02446215,0,7.91812046
scaled,10,0.6,4,0.345867,2.816062,0.950788,0.979980,0.01707331,0,7.91812046
scaled,10,0.7,4,0.299488,2.800753,0.958736,0.980908,0.01046122,0,7.91812046
scaled,10,0.8,4,0.293154,2.786172,0.966190,0.980987,0.00577013,0,7.91812046
scaled,10,0.9,4,0.306959,2.772849,0.972995,0.980328,0.00269122,0,7.91812046
scaled,10,1.0,4,0.260288,2.758104,0.980687,0.980687,0.00069749,196,7.91812046
scaled,10,0.0,5,0.000000,2.878000,0.887500,0.840801,0.09984375,0,10.31224073
scaled,10,0.1,5,0.009166,2.886195,0.883034,0.842841,0.08377335,0,10.31224073
scaled,10,0.2,5,0.005717,2.894946,0.878139,0.840693,0.07001084,0,10.31224073
scaled,10,0.3,5,0.000000,2.902560,0.874058,0.842695,0.05680609,0,10.31224073
scaled,10,0.4,5,0.001991,2.909515,0.870302,0.844505,0.04589338,0,10.31224073
scaled,10,0.5,5,0.048541,2.918738,0.865376,0.843251,0.03535965,0,10.31224073
scaled,10,0.6,5,0.063212,2.924596,0.861781,0.844636,0.02635577,0,10.31224073
scaled,10,0.7,5,0.056245,2.934802,0.856422,0.843103,0.01998726,0,10.31224073
scaled,10,0.8,5,0.036179,2.942742,0.852358,0.843572,0.01337007,0,10.31224073
scaled,10,0.9,5,0.021588,2.950278,0.847981,0.843590,0.00953665,0,10.31224073
scaled,10,1.0,5,0.043217,2.956899,0.844256,0.844256,0.00752478,200,10.31224073
scaled,10,0.0,6,0.563531,2.890500,0.900000,0.968864,0.09000000,0,12.67504568
scaled,10,0.1,6,0.467336,2.877360,0.906894,0.968937,0.07418907,0,12.67504568
scaled,10,0.2,6,0.488647,2.863899,0.913919,0.969596,0.05988846,0,12.67504568
scaled,10,0.3,6,0.434089,2.850879,0.920780,0.969265,0.04727081,0,12.67504568
scaled,10,0.4,6,0.446457,2.837063,0.927997,0.969992,0.03589503,0,12.67504568
scaled,10,0.5,6,0.470010,2.824489,0.934589,0.969177,0.02639324,0,12.67504568
scaled,10,0.6,6,0.468109,2.810671,0.941858,0.969764,0.01812723,0,12.67504568
scaled,10,0.7,6,0.445602,2.798802,0.948051,0.968644,0.01187828,0,12.67504568
scaled,10,0.8,6,0.447911,2.785242,0.955200,0.969001,0.00659707,0,12.67504568
scaled,10,0.9,6,0.478020,2.773817,0.960966,0.967740,0.00369267,0,12.67504568
scaled,10,1.0,6,0.457665,2.758537,0.969139,0.969139,0.00101733,197,12.67504568
scaled,10,0.0,7,0.109387,2.894500,0.906000,0.886706,0.08516400,0,22.03643096
scaled,10,0.1,7,0.047843,2.897395,0.904610,0.892099,0.06963631,0,22.03643096
scaled,10,0.2,7,0.000000,2.898722,0.904059,0.896294,0.05561155,0,22.03643096
scaled,10,0.3,7,0.000000,2.898684,0.904320,0.900399,0.04294564,0,22.03643096
scaled,10,0.4,7,0.000000,2.898791,0.904205,0.901514,0.03274338,0,22.03643096
scaled,10,0.5,7,0.000000,2.898933,0.904337,0.902675,0.02335751,0,22.03643096
scaled,10,0.6,7,0.000000,2.897523,0.905412,0.905021,0.01590292,0,22.03643096
scaled,10,0.7,7,0.000000,2.899725,0.904485,0.903835,0.01054047,0,22.03643096
scaled,10,0.8,7,0.000000,2.893338,0.907784,0.908230,0.00634569,0,22.03643096
scaled,10,0.9,7,0.000000,2.894245,0.907127,0.907252,0.00443796,0,22.03643096
scaled,10,1.0,7,0.000000,2.891371,0.908434,0.908434,0.00370729,200,22.03643096
scaled,10,0.0,8,0.594975,2.885000,0.895500,0.991633,0.09357975,0,11.95681127
scaled,10,0.1,8,0.547736,2.866540,0.905217,0.992672,0.07597104,0,11.95681127
scaled,10,0.2,8,0.415103,2.847787,0.915092,0.993462,0.06012628,0,11.95681127
scaled,10,0.3,8,0.328160,2.828906,0.925033,0.993945,0.04618759,0,11.95681127
scaled,10,0.4,8,0.298333,2.810013,0.934971,0.994177,0.03404134,0,11.95681127
scaled,10,0.5,8,0.260375,2.790787,0.945087,0.994673,0.02374543,0,11.95681127
scaled,10,0.6,8,0.192401,2.771576,0.955212,0.995020,0.01529863,0,11.95681127
scaled,10,0.7,8,0.226565,2.752660,0.965167,0.995025,0.00870707,0,11.95681127
scaled,10,0.8,8,0.223411,2.733492,0.975239,0.995174,0.00395113,0,11.95681127
scaled,10,0.9,8,0.185036,2.714281,0.985353,0.995337,0.00104836,0,11.95681127
scaled,10,1.0,8,0.182752,2.694987,0.995535,0.995535,0.00001059,198,11.95681127
scaled,10,0.0,9,0.110110,2.889000,0.901500,0.967826,0.08879775,0,14.33306041
scaled,10,0.1,9,0.126487,2.876395,0.908273,0.969228,0.07229293,0,14.33306041
scaled,10,0.2,9,0.000000,2.862918,0.915485,0.971425,0.05742560,0,14.33306041
scaled,10,0.3,9,0.071886,2.849729,0.922607,0.971856,0.04435764,0,14.33306041
scaled,10,0.4,9,0.039450,2.835879,0.930012,0.972779,0.03299821,0,14.33306041
scaled,10,0.5,9,0.036585,2.822575,0.937164,0.972828,0.02309346,0,14.33306041
scaled,10,0.6,9,0.041666,2.808811,0.944515,0.973191,0.01516562,0,14.33306041
scaled,10,0.7,9,0.065313,2.793285,0.952812,0.974803,0.00869869,0,14.33306041
scaled,10,0.8,9,0.064696,2.778993,0.960419,0.975149,0.00416668,0,14.33306041
scaled,10,0.9,9,0.083504,2.765899,0.967540,0.974878,0.00134447,0,14.33306041
scaled,10,1.0,9,0.075305,2.752971,0.974525,0.974525,0.00025721,199,14.33306041
scaled,10,0.0,10,0.118889,2.895000,0.904500,0.963530,0.08637975,0,9.25242661
scaled,10,0.1,10,0.102837,2.883511,0.910543,0.964929,0.07049044,0,9.25242661
scaled,10,0.2,10,0.108338,2.871560,0.916844,0.966221,0.05623719,0,9.25242661
scaled,10,0.3,10,0.091907,2.859235,0.923327,0.967257,0.04350173,0,9.25242661
scaled,10,0.4,10,0.077370,2.847735,0.929351,0.966627,0.03283977,0,9.25242661
scaled,10,0.5,10,0.068853,2.834092,0.936577,0.968654,0.02306966,0,9.25242661
scaled,10,0.6,10,0.031003,2.823247,0.942333,0.967555,0.01553541,0,9.25242661
scaled,10,0.7,10,0.057694,2.809298,0.949643,0.968990,0.00909669,0,9.25242661
scaled,10,0.8,10,0.043953,2.795747,0.956806,0.969882,0.00445281,0,9.25242661
scaled,10,0.9,10,0.057548,2.783999,0.962977,0.969474,0.00154584,0,9.25242661
scaled,10,1.0,10,0.063361,2.771081,0.969827,0.969827,0.00026698,195,9.25242661
scaled,10,0.0,11,0.264580,2.892000,0.900000,0.965165,0.09000000,0,10.78911454
scaled,10,0.1,11,0.213308,2.879326,0.906569,0.965692,0.07379766,0,10.78911454
scaled,10,0.2,11,0.229280,2.866991,0.912973,0.964867,0.05926854,0,10.78911454
scaled,10,0.3,11,0.183407,2.854195,0.919588,0.965294,0.04645853,0,10.78911454
scaled,10,0.4,11,0.209388,2.841663,0.926086,0.965214,0.03503768,0,10.78911454
scaled,10,0.5,11,0.177769,2.829054,0.932618,0.965237,0.02508308,0,10.78911454
scaled,10,0.6,11,0.167586,2.817184,0.938787,0.964646,0.01719944,0,10.78911454
scaled,10,0.7,11,0.206745,2.803745,0.945792,0.965418,0.01058695,0,10.78911454
scaled,10,0.8,11,0.166756,2.789846,0.952994,0.966243,0.00563068,0,10.78911454
scaled,10,0.9,11,0.241269,2.779654,0.958267,0.964741,0.00233104,0,10.78911454
scaled,10,1.0,11,0.232057,2.765731,0.965523,0.965523,0.00067266,197,10.78911454
scaled,10,0.0,12,0.416224,2.899500,0.909000,0.992245,0.08271900,0,12.24056844
scaled,10,0.1,12,0.332154,2.883608,0.917391,0.992911,0.06723596,0,12.24056844
scaled,10,0.2,12,0.240624,2.867550,0.925867,0.993333,0.05333393,0,12.24056844
scaled,10,0.3,12,0.261333,2.851613,0.934277,0.993258,0.04111343,0,12.24056844
scaled,10,0.4,12,0.294311,2.835401,0.942829,0.993573,0.03036310,0,12.24056844
scaled,10,0.5,12,0.266898,2.819127,0.951426,0.993851,0.02119413,0,12.24056844
scaled,10,0.6,12,0.263400,2.803063,0.959897,0.993828,0.01383899,0,12.24056844
scaled,10,0.7,12,0.306774,2.786843,0.968441,0.993915,0.00794851,0,12.24056844
scaled,10,0.8,12,0.273819,2.770804,0.976921,0.993901,0.00370292,0,12.24056844
scaled,10,0.9,12,0.297919,2.754254,0.985625,0.994138,0.00103887,0,12.24056844
scaled,10,1.0,12,0.303104,2.738293,0.994082,0.994082,0.00003261,191,12.24056844
scaled,10,0.0,13,0.258188,2.880000,0.895000,0.977605,0.09397500,0,13.35782310
scaled,10,0.1,13,0.219532,2.864613,0.903327,0.978270,0.07720639,0,13.35782310
scaled,10,0.2,13,0.236622,2.849258,0.911636,0.978179,0.06209802,0,13.35782310
scaled,10,0.3,13,0.183236,2.833880,0.919949,0.978163,0.04868982,0,13.35782310
scaled,10,0.4,13,0.223322,2.818354,0.928319,0.978298,0.03673889,0,13.35782310
scaled,10,0.5,13,0.232406,2.803127,0.936559,0.978119,0.02676170,0,13.35782310
scaled,10,0.6,13,0.210432,2.787260,0.945127,0.978544,0.01806314,0,13.35782310
scaled,10,0.7,13,0.239761,2.771321,0.953723,0.978890,0.01127683,0,13.35782310
scaled,10,0.8,13,0.256559,2.756320,0.961754,0.978443,0.00612854,0,13.35782310
scaled,10,0.9,13,0.285489,2.741273,0.970070,0.978411,0.00269635,0,13.35782310
scaled,10,1.0,13,0.228225,2.723359,0.979748,0.979748,0.00065740,199,13.35782310
scaled,10,0.0,14,0.042190,2.892000,0.899500,0.993020,0.09039975,0,19.00287343
scaled,10,0.1,14,0.051204,2.873926,0.908880,0.993304,0.07350222,0,19.00287343
scaled,10,0.2,14,0.005790,2.855855,0.918257,0.993287,0.05837860,0,19.00287343
scaled,10,0.3,14,0.010649,2.837628,0.927724,0.993581,0.04489078,0,19.00287343
scaled,10,0.4,14,0.045528,2.819549,0.937106,0.993514,0.03322743,0,19.00287343
scaled,10,0.5,14,0.067665,2.801427,0.946504,0.993508,0.02336609,0,19.00287343
scaled,10,0.6,14,0.078869,2.783347,0.955896,0.993493,0.01521753,0,19.00287343
scaled,10,0.7,14,0.037727,2.765278,0.965276,0.993465,0.00881091,0,19.00287343
scaled,10,0.8,14,0.047098,2.747357,0.974578,0.993347,0.00421104,0,19.00287343
scaled,10,0.9,14,0.086779,2.729178,0.984003,0.993392,0.00123393,0,19.00287343
scaled,10,1.0,14,0.072176,2.711048,0.993416,0.993416,0.00006152,158,19.00287343
scaled,10,0.0,15,0.053945,2.883000,0.893000,0.986074,0.09555100,0,13.72388372
scaled,10,0.1,15,0.027903,2.865212,0.902323,0.986235,0.07773894,0,13.72388372
scaled,10,0.2,15,0.044454,2.847360,0.911686,0.986429,0.06179285,0,13.72388372
scaled,10,0.3,15,0.034164,2.829394,0.921103,0.986676,0.04751464,0,13.72388372
scaled,10,0.4,15,0.008397,2.811408,0.930520,0.986800,0.03519358,0,13.72388372
scaled,10,0.5,15,0.000000,2.793213,0.940047,0.987093,0.02448473,0,13.72388372
scaled,10,0.6,15,0.043092,2.775558,0.949312,0.986854,0.01596454,0,13.72388372
scaled,10,0.7,15,0.018928,2.757648,0.958691,0.986845,0.00923226,0,13.72388372
scaled,10,0.8,15,0.040239,2.739533,0.968183,0.986979,0.00430473,0,13.72388372
scaled,10,0.9,15,0.021762,2.721297,0.977776,0.987196,0.00126829,0,13.72388372
scaled,10,1.0,15,0.000000,2.703594,0.987007,0.987007,0.00008036,192,13.72388372
scaled,10,0.0,16,0.674740,2.907500,0.913000,0.960691,0.07943100,0,8.01441819
scaled,10,0.1,16,0.587586,2.897736,0.917989,0.962894,0.06501327,0,8.01441819
scaled,10,0.2,16,0.501820,2.887471,0.923224,0.964119,0.05204910,0,8.01441819
scaled,10,0.3,16,0.371903,2.876619,0.928858,0.965858,0.04016719,0,8.01441819
scaled,10,0.4,16,0.328647,2.865404,0.934580,0.966949,0.03018200,0,8.01441819
scaled,10,0.5,16,0.246188,2.853192,0.940856,0.968712,0.02133353,0,8.01441819
scaled,10,0.6,16,0.257800,2.841369,0.946941,0.969568,0.01396195,0,8.01441819
scaled,10,0.7,16,0.254045,2.831258,0.952085,0.968836,0.00844850,0,8.01441819
scaled,10,0.8,16,0.223339,2.820490,0.957646,0.968808,0.00435715,0,8.01441819
scaled,10,0.9,16,0.266183,2.808441,0.963865,0.969517,0.00154410,0,8.01441819
scaled,10,1.0,16,0.288946,2.796497,0.969993,0.969993,0.00028800,198,8.01441819
scaled,10,0.0,17,0.164117,2.883000,0.894500,0.997999,0.09436975,0,44.57750609
scaled,10,0.1,17,0.083059,2.863504,0.904811,0.997610,0.07655818,0,44.57750609
scaled,10,0.2,17,0.046340,2.843872,0.915194,0.997969,0.06052863,0,44.57750609
scaled,10,0.3,17,0.012931,2.824225,0.925578,0.998093,0.04639753,0,44.57750609
scaled,10,0.4,17,0.022142,2.804631,0.935936,0.998090,0.03416782,0,44.57750609
scaled,10,0.5,17,0.024962,2.784956,0.946349,0.998199,0.02378808,0,44.57750609
scaled,10,0.6,17,0.031176,2.765468,0.956658,0.998097,0.01531758,0,44.57750609
scaled,10,0.7,17,0.041864,2.745905,0.966994,0.998063,0.00866685,0,44.57750609
scaled,10,0.8,17,0.037923,2.726345,0.977351,0.998064,0.00393334,0,44.57750609
scaled,10,0.9,17,0.000000,2.706698,0.987720,0.998078,0.00102821,0,44.57750609
scaled,10,1.0,17,0.021095,2.687024,0.998153,0.998153,0.00000945,140,44.57750609
scaled,10,0.0,18,0.241140,2.898500,0.909000,0.995881,0.08271900,0,11.47810107
scaled,10,0.1,18,0.167293,2.882064,0.917727,0.996271,0.06704509,0,11.47810107
scaled,10,0.2,18,0.077772,2.865533,0.926500,0.996500,0.05300530,0,11.47810107
scaled,10,0.3,18,0.035884,2.848932,0.935313,0.996711,0.04061693,0,11.47810107
scaled,10,0.4,18,0.018892,2.832292,0.944147,0.996866,0.02986579,0,11.47810107
scaled,10,0.5,18,0.033414,2.815654,0.952986,0.996972,0.02076585,0,11.47810107
scaled,10,0.6,18,0.000061,2.798989,0.961823,0.997039,0.01333290,0,11.47810107
scaled,10,0.7,18,0.035960,2.782245,0.970712,0.997160,0.00751501,0,11.47810107
scaled,10,0.8,18,0.000000,2.765554,0.979564,0.997205,0.00336875,0,11.47810107
scaled,10,0.9,18,0.000000,2.748932,0.988384,0.997205,0.00086126,0,11.47810107
scaled,10,1.0,18,0.000000,2.732215,0.997271,0.997271,0.00000303,0,11.47810107
scaled,10,0.0,19,0.222949,2.898000,0.907500,0.978583,0.08394375,0,12.84253619
scaled,10,0.1,19,0.205490,2.884434,0.914662,0.979121,0.06852357,0,12.84253619
scaled,10,0.2,19,0.188521,2.870992,0.921764,0.978819,0.05466915,0,12.84253619
scaled,10,0.3,19,0.171984,2.857141,0.929062,0.979373,0.04230713,0,12.84253619
scaled,10,0.4,19,0.080804,2.843698,0.936192,0.979230,0.03149819,0,12.84253619
scaled,10,0.5,19,0.132565,2.830949,0.942903,0.978306,0.02266128,0,12.84253619
scaled,10,0.6,19,0.117589,2.815861,0.950841,0.979735,0.01492066,0,12.84253619
scaled,10,0.7,19,0.180705,2.802890,0.957681,0.979188,0.00880626,0,12.84253619
scaled,10,0.8,19,0.164382,2.788469,0.965253,0.979691,0.00436127,0,12.84253619
scaled,10,0.9,19,0.140742,2.775127,0.972368,0.979576,0.00147079,0,12.84253619
scaled,10,1.0,19,0.187797,2.762002,0.979280,0.979280,0.00024554,200,12.84253619
scaled,15,0.0,0,0.605076,2.889000,0.900000,0.890689,0.09000000,0,5.67053459
scaled,15,0.1,0,0.556508,2.890713,0.899072,0.890718,0.07348330,0,5.67053459
scaled,15,0.2,0,0.371676,2.891650,0.898555,0.892776,0.05877568,0,5.67053459
scaled,15,0.3,0,0.363437,2.892858,0.897888,0.892961,0.04563624,0,5.67053459
scaled,15,0.4,0,0.353361,2.893860,0.897313,0.893281,0.03412247,0,5.67053459
scaled,15,0.5,0,0.188254,2.894954,0.896804,0.893609,0.02450203,0,5.67053459
scaled,15,0.6,0,0.232261,2.896654,0.895881,0.893134,0.01649237,0,5.67053459
scaled,15,0.7,0,0.226454,2.897742,0.895180,0.893115,0.01028351,0,5.67053459
scaled,15,0.8,0,0.242451,2.897707,0.895155,0.893944,0.00546836,0,5.67053459
scaled,15,0.9,0,0.305751,2.901550,0.893199,0.892443,0.00260024,0,5.67053459
scaled,15,1.0,0,0.279971,2.898648,0.894734,0.894734,0.00123820,200,5.67053459
scaled,15,0.0,1,1.000874,2.877000,0.887000,0.996903,0.10023100,0,9.99781615
scaled,15,0.1,1,0.894343,2.855904,0.898036,0.997365,0.08125379,0,9.99781615
scaled,15,0.2,1,0.768710,2.834657,0.909149,0.997746,0.06424350,0,9.99781615
scaled,15,0.3,1,0.641328,2.813358,0.920289,0.997962,0.04922265,0,9.99781615
scaled,15,0.4,1,0.496603,2.792074,0.931423,0.998058,0.03619935,0,9.99781615
scaled,15,0.5,1,0.422944,2.770762,0.942571,0.998142,0.02518852,0,9.99781615
scaled,15,0.6,1,0.369789,2.749392,0.953749,0.998248,0.01613749,0,9.99781615
scaled,15,0.7,1,0.367844,2.728012,0.964929,0.998327,0.00909858,0,9.99781615
scaled,15,0.8,1,0.357450,2.706676,0.976092,0.998365,0.00405981,0,9.99781615
scaled,15,0.9,1,0.383300,2.685289,0.987279,0.998421,0.00103228,0,9.99781615
scaled,15,1.0,1,0.333890,2.663895,0.998469,0.998469,0.00000103,0,9.99781615
scaled,15,0.0,2,0.769955,2.885000,0.896000,0.996675,0.09318400,0,14.32746282
scaled,15,0.1,2,0.609878,2.865884,0.906092,0.996918,0.07560096,0,14.32746282
scaled,15,0.2,2,0.553931,2.846719,0.916210,0.997049,0.05986178,0,14.32746282
scaled,15,0.3,2,0.455944,2.827534,0.926339,0.997130,0.04595061,0,14.32746282
scaled,15,0.4,2,0.356041,2.808228,0.936534,0.997335,0.03383327,0,14.32746282
scaled,15,0.5,2,0.279511,2.788967,0.946701,0.997402,0.02356690,0,14.32746282
scaled,15,0.6,2,0.193119,2.769722,0.956864,0.997440,0.01518621,0,14.32746282
scaled,15,0.7,2,0.193125,2.750440,0.967039,0.997484,0.00861921,0,14.32746282
scaled,15,0.8,2,0.242157,2.731328,0.977123,0.997404,0.00392964,0,14.32746282
scaled,15,0.9,2,0.178047,2.711929,0.987371,0.997524,0.00103949,0,14.32746282
scaled,15,1.0,2,0.283592,2.692651,0.997542,0.997542,0.00000770,0,14.32746282
scaled,15,0.0,3,0.128116,2.885000,0.894500,0.983102,0.09436975,0,6.90611788
scaled,15,0.1,3,0.023082,2.868205,0.903360,0.983097,0.07663411,0,6.90611788
scaled,15,0.2,3,0.002176,2.851223,0.912311,0.983556,0.06075532,0,6.90611788
scaled,15,0.3,3,0.000000,2.834120,0.921341,0.983968,0.04669500,0,6.90611788
scaled,15,0.4,3,0.000000,2.816821,0.930445,0.984363,0.03448057,0,6.90611788
scaled,15,0.5,3,0.000000,2.799413,0.939642,0.984784,0.02406386,0,6.90611788
scaled,15,0.6,3,0.000000,2.782404,0.948622,0.984704,0.01556532,0,6.90611788
scaled,15,0.7,3,0.000000,2.764647,0.957954,0.985149,0.00891235,0,6.90611788
scaled,15,0.8,3,0.012836,2.747345,0.967118,0.985273,0.00409257,0,6.90611788
scaled,15,0.9,3,0.000000,2.730140,0.976170,0.985244,0.00112894,0,6.90611788
scaled,15,1.0,3,0.000000,2.712854,0.985304,0.985304,0.00004698,182,6.90611788
scaled,15,0.0,4,0.485651,2.890000,0.902000,0.991046,0.08839600,0,19.33688187
scaled,15,0.1,4,0.380845,2.873064,0.911029,0.992292,0.07167038,0,19.33688187
scaled,15,0.2,4,0.236864,2.855750,0.920260,0.993302,0.05663830,0,19.33688187
scaled,15,0.3,4,0.180191,2.838160,0.929638,0.994127,0.04341947,0,19.33688187
scaled,15,0.4,4,0.102336,2.820838,0.938865,0.994162,0.03197025,0,19.33688187
scaled,15,0.5,4,0.116864,2.803121,0.948319,0.994638,0.02215961,0,19.33688187
scaled,15,0.6,4,0.126015,2.785519,0.957681,0.994802,0.01419688,0,19.33688187
scaled,15,0.7,4,0.122043,2.767805,0.967126,0.995037,0.00803414,0,19.33688187
scaled,15,0.8,4,0.085329,2.750129,0.976557,0.995196,0.00358181,0,19.33688187
scaled,15,0.9,4,0.121812,2.732651,0.985869,0.995188,0.00092181,0,19.33688187
scaled,15,1.0,4,0.156508,2.715045,0.995249,0.995249,0.00001263,184,19.33688187
scaled,15,0.0,5,0.648016,2.878500,0.888500,0.988758,0.09906775,0,11.17705366
scaled,15,0.1,5,0.440446,2.859206,0.898587,0.989369,0.08044511,0,11.17705366
scaled,15,0.2,5,0.409561,2.839648,0.908826,0.990131,0.06367356,0,11.17705366
scaled,15,0.3,5,0.288401,2.820107,0.919049,0.990331,0.04891984,0,11.17705366
scaled,15,0.4,5,0.243395,2.800381,0.929355,0.990637,0.03611302,0,11.17705366
scaled,15,0.5,5,0.300560,2.780540,0.939731,0.990962,0.02522025,0,11.17705366
scaled,15,0.6,5,0.181895,2.760423,0.950260,0.991433,0.01621098,0,11.17705366
scaled,15,0.7,5,0.257668,2.740480,0.960697,0.991638,0.00922937,0,11.17705366
scaled,15,0.8,5,0.307057,2.720797,0.970987,0.991609,0.00424523,0,11.17705366
scaled,15,0.9,5,0.277193,2.700742,0.981470,0.991800,0.00113892,0,11.17705366
scaled,15,1.0,5,0.211302,2.680477,0.992101,0.992101,0.00002525,153,11.17705366
scaled,15,0.0,6,0.671704,2.897000,0.905000,0.992223,0.08597500,0,15.99992752
scaled,15,0.1,6,0.513546,2.880080,0.913826,0.993259,0.06976320,0,15.99992752
scaled,15,0.2,6,0.405685,2.862864,0.922815,0.994076,0.05523867,0,15.99992752
scaled,15,0.3,6,0.330988,2.845513,0.931868,0.994558,0.04235972,0,15.99992752
scaled,15,0.4,6,0.158623,2.828153,0.940924,0.994811,0.03120672,0,15.99992752
scaled,15,0.5,6,0.075205,2.810763,0.950006,0.995012,0.02180186,0,15.99992752
scaled,15,0.6,6,0.056375,2.793373,0.959076,0.995126,0.01403419,0,15.99992752
scaled,15,0.7,6,0.044504,2.776064,0.968103,0.995147,0.00796972,0,15.99992752
scaled,15,0.8,6,0.021292,2.758461,0.977318,0.995397,0.00359026,0,15.99992752
scaled,15,0.9,6,0.005715,2.741017,0.986413,0.995459,0.00095519,0,15.99992752
scaled,15,1.0,6,0.045368,2.723714,0.995448,0.995448,0.00001266,83,15.99992752
scaled,15,0.0,7,0.417629,2.897500,0.905500,0.996285,0.08556975,0,15.17479931
scaled,15,0.1,7,0.398280,2.880079,0.914595,0.996454,0.06944666,0,15.17479931
scaled,15,0.2,7,0.420922,2.862558,0.923740,0.996700,0.05499046,0,15.17479931
scaled,15,0.3,7,0.346415,2.845062,0.932879,0.996762,0.04222357,0,15.17479931
scaled,15,0.4,7,0.320320,2.827508,0.942036,0.996840,0.03110094,0,15.17479931
scaled,15,0.5,7,0.362791,2.810114,0.951114,0.996728,0.02174870,0,15.17479931
scaled,15,0.6,7,0.422099,2.792432,0.960348,0.996914,0.01401036,0,15.17479931
scaled,15,0.7,7,0.393617,2.775069,0.969414,0.996806,0.00798540,0,15.17479931
scaled,15,0.8,7,0.424775,2.757505,0.978591,0.996864,0.00363559,0,15.17479931
scaled,15,0.9,7,0.478919,2.739867,0.987791,0.996935,0.00097398,0,15.17479931
scaled,15,1.0,7,0.367347,2.722382,0.996926,0.996926,0.00001024,0,15.17479931
scaled,15,0.0,8,0.712684,2.900500,0.907000,0.953240,0.08435100,0,5.68917513
scaled,15,0.1,8,0.578932,2.890781,0.911963,0.956632,0.06845298,0,5.68917513
scaled,15,0.2,8,0.454215,2.880406,0.917278,0.958388,0.05423393,0,5.68917513
scaled,15,0.3,8,0.404660,2.868929,0.923225,0.961084,0.04154425,0,5.68917513
scaled,15,0.4,8,0.276812,2.857551,0.929087,0.962217,0.03069828,0,5.68917513
scaled,15,0.5,8,0.216614,2.846644,0.934655,0.962311,0.02149574,0,5.68917513
scaled,15,0.6,8,0.157901,2.834306,0.941040,0.963734,0.01386408,0,5.68917513
scaled,15,0.7,8,0.090245,2.822131,0.947336,0.964623,0.00789101,0,5.68917513
scaled,15,0.8,8,0.172737,2.810778,0.953189,0.964736,0.00370656,0,5.68917513
scaled,15,0.9,8,0.145773,2.798147,0.959618,0.965465,0.00107512,0,5.68917513
scaled,15,1.0,8,0.147276,2.785572,0.966155,0.966155,0.00015465,199,5.68917513
scaled,15,0.0,9,0.874668,2.881500,0.891500,0.996335,0.09672775,0,19.69066823
scaled,15,0.1,9,0.861636,2.861440,0.902013,0.996629,0.07875796,0,19.69066823
scaled,15,0.2,9,0.870076,2.841357,0.912537,0.996683,0.06261741,0,19.69066823
scaled,15,0.3,9,0.935861,2.821197,0.923105,0.996851,0.04828002,0,19.69066823
scaled,15,0.4,9,0.852808,2.800838,0.933783,0.997207,0.03567837,0,19.69066823
scaled,15,0.5,9,0.806544,2.780942,0.944186,0.996871,0.02523333,0,19.69066823
scaled,15,0.6,9,0.863798,2.760740,0.954803,0.997005,0.01644556,0,19.69066823
scaled,15,0.7,9,0.907678,2.740755,0.965243,0.996847,0.00963014,0,19.69066823
scaled,15,0.8,9,0.926694,2.720656,0.975748,0.996810,0.00460500,0,19.69066823
scaled,15,0.9,9,0.830405,2.700426,0.986433,0.996981,0.00138983,0,19.69066823
scaled,15,1.0,9,0.844781,2.679941,0.997148,0.997148,0.00006002,0,19.69066823
scaled,15,0.0,10,0.964461,2.872500,0.887500,0.936355,0.09984375,0,8.97019423
scaled,15,0.1,10,0.783861,2.862945,0.892680,0.939298,0.08233948,0,8.97019423
scaled,15,0.2,10,0.721849,2.852887,0.898112,0.940560,0.06674427,0,8.97019423
scaled,15,0.3,10,0.583907,2.841441,0.904222,0.943241,0.05236380,0,8.97019423
scaled,15,0.4,10,0.573233,2.830503,0.910233,0.944332,0.04000828,0,8.97019423
scaled,15,0.5,10,0.478434,2.819592,0.916128,0.944756,0.02951826,0,8.97019423
scaled,15,0.6,10,0.445747,2.808469,0.922143,0.945238,0.02006814,0,8.97019423
scaled,15,0.7,10,0.488432,2.796195,0.928662,0.946303,0.01307761,0,8.97019423
scaled,15,0.8,10,0.468932,2.784988,0.934855,0.946694,0.00727411,0,8.97019423
scaled,15,0.9,10,0.486795,2.773613,0.940836,0.946762,0.00356530,0,8.97019423
scaled,15,1.0,10,0.538066,2.764695,0.945651,0.945651,0.00135860,200,8.97019423
scaled,15,0.0,11,1.004273,2.879000,0.890000,0.950439,0.09790000,0,12.57691126
scaled,15,0.1,11,0.808762,2.867414,0.896087,0.950870,0.08002493,0,12.57691126
scaled,15,0.2,11,0.872996,2.855917,0.902108,0.950539,0.06385136,0,12.57691126
scaled,15,0.3,11,0.678439,2.843743,0.908561,0.951871,0.04949723,0,12.57691126
scaled,15,0.4,11,0.621738,2.830527,0.915472,0.953680,0.03676375,0,12.57691126
scaled,15,0.5,11,0.605875,2.818423,0.921782,0.953564,0.02630726,0,12.57691126
scaled,15,0.6,11,0.582948,2.805691,0.928421,0.954034,0.01728277,0,12.57691126
scaled,15,0.7,11,0.597654,2.792721,0.935256,0.954651,0.01032668,0,12.57691126
scaled,15,0.8,11,0.614924,2.781375,0.941259,0.954074,0.00535134,0,12.57691126
scaled,15,0.9,11,0.641417,2.767151,0.948813,0.955347,0.00211014,0,12.57691126
scaled,15,1.0,11,0.639578,2.755669,0.954665,0.954665,0.00072360,200,12.57691126
scaled,15,0.0,12,0.215298,2.893500,0.901000,0.949665,0.08919900,0,12.76112372
scaled,15,0.1,12,0.135597,2.883714,0.906031,0.951311,0.07220429,0,12.76112372
scaled,15,0.2,12,0.130191,2.872978,0.911569,0.953844,0.05695652,0,12.76112372
scaled,15,0.3,12,0.036666,2.862595,0.916871,0.953904,0.04359974,0,12.76112372
scaled,15,0.4,12,0.091629,2.851243,0.922752,0.955380,0.03216222,0,12.76112372
scaled,15,0.5,12,0.045777,2.840347,0.928412,0.955824,0.02236213,0,12.76112372
scaled,15,0.6,12,0.028657,2.828483,0.934473,0.956788,0.01443867,0,12.76112372
scaled,15,0.7,12,0.056221,2.818122,0.939836,0.956481,0.00815446,0,12.76112372
scaled,15,0.8,12,0.093848,2.806526,0.945771,0.956964,0.00381525,0,12.76112372
scaled,15,0.9,12,0.053395,2.794946,0.951834,0.957482,0.00126777,0,12.76112372
scaled,15,1.0,12,0.078817,2.786393,0.956079,0.956079,0.00058337,200,12.76112372
scaled,15,0.0,13,0.367693,2.894000,0.906500,0.976164,0.08475775,0,4.88286497
scaled,15,0.1,13,0.317411,2.880997,0.913512,0.976622,0.06901716,0,4.88286497
scaled,15,0.2,13,0.254852,2.867844,0.920601,0.977005,0.05487264,0,4.88286497
scaled,15,0.3,13,0.179770,2.854778,0.927660,0.977034,0.04237837,0,4.88286497
scaled,15,0.4,13,0.110973,2.841400,0.934880,0.977450,0.03137584,0,4.88286497
scaled,15,0.5,13,0.056388,2.827666,0.942247,0.977994,0.02207848,0,4.88286497
scaled,15,0.6,13,0.063896,2.814350,0.949423,0.978038,0.01435017,0,4.88286497
scaled,15,0.7,13,0.099195,2.801236,0.956550,0.978000,0.00825059,0,4.88286497
scaled,15,0.8,13,0.105721,2.787935,0.963696,0.977995,0.00389198,0,4.88286497
scaled,15,0.9,13,0.113977,2.774145,0.971072,0.978247,0.00118438,0,4.88286497
scaled,15,1.0,13,0.114601,2.760690,0.978360,0.978360,0.00008191,196,4.88286497
scaled,15,0.0,14,0.261191,2.895500,0.903000,0.987943,0.08759100,0,13.59849531
scaled,15,0.1,14,0.192125,2.879056,0.911543,0.988428,0.07102740,0,13.59849531
scaled,15,0.2,14,0.130993,2.862279,0.920263,0.989315,0.05620073,0,13.59849531
scaled,15,0.3,14,0.000000,2.845442,0.929005,0.989682,0.04306188,0,13.59849531
scaled,15,0.4,14,0.000000,2.828807,0.937659,0.989647,0.03174937,0,13.59849531
scaled,15,0.5,14,0.000000,2.811717,0.946522,0.990044,0.02209078,0,13.59849531
scaled,15,0.6,14,0.000000,2.794835,0.955302,0.990170,0.01418181,0,13.59849531
scaled,15,0.7,14,0.000000,2.777594,0.964256,0.990508,0.00807060,0,13.59849531
scaled,15,0.8,14,0.000000,2.760664,0.973054,0.990567,0.00362247,0,13.59849531
scaled,15,0.9,14,0.000000,2.744143,0.981625,0.990361,0.00098619,0,13.59849531
scaled,15,1.0,14,0.000000,2.726858,0.990639,0.990639,0.00003173,186,13.59849531
scaled,15,0.0,15,0.215650,2.884500,0.897000,0.970999,0.09239100,0,11.46833593
scaled,15,0.1,15,0.105769,2.870525,0.904385,0.970851,0.07520952,0,11.46833593
scaled,15,0.2,15,0.178924,2.856355,0.911869,0.971346,0.05986710,0,11.46833593
scaled,15,0.3,15,0.137304,2.841560,0.919692,0.972641,0.04616551,0,11.46833593
scaled,15,0.4,15,0.127050,2.827113,0.927325,0.972814,0.03434899,0,11.46833593
scaled,15,0.5,15,0.063087,2.813178,0.934677,0.972355,0.02428852,0,11.46833593
scaled,15,0.6,15,0.120746,2.797851,0.942766,0.973276,0.01570038,0,11.46833593
scaled,15,0.7,15,0.120050,2.782862,0.950711,0.973730,0.00922098,0,11.46833593
scaled,15,0.8,15,0.107977,2.769466,0.957858,0.973072,0.00456240,0,11.46833593
scaled,15,0.9,15,0.089763,2.754226,0.965898,0.973554,0.00142936,0,11.46833593
scaled,15,1.0,15,0.077803,2.738611,0.974148,0.974148,0.00023875,199,11.46833593
scaled,15,0.0,16,0.808172,2.887500,0.897500,0.992610,0.09199375,0,12.33246619
scaled,15,0.1,16,0.731896,2.869389,0.907015,0.992653,0.07484304,0,12.33246619
scaled,15,0.2,16,0.629403,2.851201,0.916580,0.992898,0.05940495,0,12.33246619
scaled,15,0.3,16,0.433737,2.832854,0.926208,0.993194,0.04574622,0,12.33246619
scaled,15,0.4,16,0.366727,2.814544,0.935843,0.993358,0.03382700,0,12.33246619
scaled,15,0.5,16,0.188858,2.796386,0.945395,0.993289,0.02379766,0,12.33246619
scaled,15,0.6,16,0.234662,2.777889,0.955100,0.993500,0.01542295,0,12.33246619
scaled,15,0.7,16,0.209004,2.759491,0.964786,0.993623,0.00883942,0,12.33246619
scaled,15,0.8,16,0.240339,2.741269,0.974360,0.993576,0.00412946,0,12.33246619
scaled,15,0.9,16,0.203438,2.722761,0.984080,0.993700,0.00119430,0,12.33246619
scaled,15,1.0,16,0.166712,2.704063,0.993907,0.993907,0.00003538,0,12.33246619
scaled,15,0.0,17,0.134254,2.885000,0.897000,0.984919,0.09239100,0,12.44710066
scaled,15,0.1,17,0.168473,2.868410,0.905816,0.985159,0.07512069,0,12.44710066
scaled,15,0.2,17,0.117348,2.851736,0.914674,0.985370,0.05967713,0,12.44710066
scaled,15,0.3,17,0.105021,2.835342,0.923397,0.984991,0.04592287,0,12.44710066
scaled,15,0.4,17,0.063082,2.818454,0.932348,0.985370,0.03404436,0,12.44710066
scaled,15,0.5,17,0.134460,2.801719,0.941268,0.985536,0.02383014,0,12.44710066
scaled,15,0.6,17,0.120471,2.785121,0.950113,0.985521,0.01557019,0,12.44710066
scaled,15,0.7,17,0.065945,2.768352,0.959005,0.985579,0.00888953,0,12.44710066
scaled,15,0.8,17,0.183095,2.751467,0.967950,0.985687,0.00429017,0,12.44710066
scaled,15,0.9,17,0.124378,2.735801,0.976256,0.985062,0.00130755,0,12.44710066
scaled,15,1.0,17,0.121510,2.717767,0.985817,0.985817,0.00007992,178,12.44710066
scaled,15,0.0,18,0.315683,2.891500,0.904000,0.881286,0.08678400,0,3.91692431
scaled,15,0.1,18,0.243494,2.895817,0.901900,0.882998,0.07188088,0,3.91692431
scaled,15,0.2,18,0.289330,2.900463,0.899604,0.882019,0.05867100,0,3.91692431
scaled,15,0.3,18,0.210443,2.903710,0.898052,0.884173,0.04628529,0,3.91692431
scaled,15,0.4,18,0.184213,2.907883,0.896076,0.884191,0.03605325,0,3.91692431
scaled,15,0.5,18,0.263438,2.910185,0.895079,0.886158,0.02633231,0,3.91692431
scaled,15,0.6,18,0.193787,2.915454,0.892430,0.884717,0.01877411,0,3.91692431
scaled,15,0.7,18,0.194116,2.918007,0.891193,0.885705,0.01228519,0,3.91692431
scaled,15,0.8,18,0.198719,2.920365,0.889934,0.886417,0.00754200,0,3.91692431
scaled,15,0.9,18,0.233462,2.924637,0.888043,0.886270,0.00391879,0,3.91692431
scaled,15,1.0,18,0.150045,2.927609,0.886696,0.886696,0.00175665,200,3.91692431
scaled,15,0.0,19,0.198595,2.886000,0.898000,0.995840,0.09159600,0,10.27063371
scaled,15,0.1,19,0.202945,2.867478,0.907842,0.996419,0.07430557,0,10.27063371
scaled,15,0.2,19,0.165906,2.848876,0.917729,0.996647,0.05880665,0,10.27063371
scaled,15,0.3,19,0.094684,2.830118,0.927696,0.996987,0.04508802,0,10.27063371
scaled,15,0.4,19,0.113372,2.811429,0.937624,0.997061,0.03319449,0,10.27063371
scaled,15,0.5,19,0.106637,2.792644,0.947606,0.997212,0.02310675,0,10.27063371
scaled,15,0.6,19,0.079318,2.773915,0.957562,0.997270,0.01485893,0,10.27063371
scaled,15,0.7,19,0.124546,2.755124,0.967535,0.997335,0.00841649,0,10.27063371
scaled,15,0.8,19,0.087922,2.736260,0.977561,0.997451,0.00377042,0,10.27063371
scaled,15,0.9,19,0.065366,2.717497,0.987530,0.997477,0.00097976,0,10.27063371
scaled,15,1.0,19,0.079194,2.698810,0.997461,0.997461,0.00000347,0,10.27063371
scaled,20,0.0,0,0.319180,2.874000,0.887000,0.967773,0.10023100,0,3.63291949
scaled,20,0.1,0,0.205431,2.858504,0.895142,0.968416,0.08141351,0,3.63291949
scaled,20,0.2,0,0.174004,2.842875,0.903356,0.968781,0.06461792,0,3.63291949
scaled,20,0.3,0,0.182594,2.827113,0.911649,0.969163,0.04961308,0,3.63291949
scaled,20,0.4,0,0.185483,2.811026,0.920135,0.969838,0.03668133,0,3.63291949
scaled,20,0.5,0,0.162172,2.794991,0.928530,0.970060,0.02566578,0,3.63291949
scaled,20,0.6,0,0.227609,2.779073,0.936921,0.970202,0.01664194,0,3.63291949
scaled,20,0.7,0,0.133531,2.762990,0.945352,0.970360,0.00952677,0,3.63291949
scaled,20,0.8,0,0.127229,2.746368,0.954070,0.970837,0.00441344,0,3.63291949
scaled,20,0.9,0,0.142878,2.730064,0.962697,0.971108,0.00123860,0,3.63291949
scaled,20,1.0,0,0.202962,2.714316,0.970997,0.970997,0.00008290,200,3.63291949
scaled,20,0.0,1,0.258112,2.882500,0.894500,0.991157,0.09436975,0,9.21858857
scaled,20,0.1,1,0.128350,2.864191,0.904209,0.991594,0.07662285,0,9.21858857
scaled,20,0.2,1,0.127362,2.845893,0.913919,0.991593,0.06073406,0,9.21858857
scaled,20,0.3,1,0.000000,2.827492,0.923674,0.991748,0.04662462,0,9.21858857
scaled,20,0.4,1,0.026048,2.808880,0.933546,0.992114,0.03439740,0,9.21858857
scaled,20,0.5,1,0.015753,2.790456,0.943315,0.992130,0.02404219,0,9.21858857
scaled,20,0.6,1,0.000000,2.771877,0.953175,0.992292,0.01553357,0,9.21858857
scaled,20,0.7,1,0.049080,2.753578,0.962860,0.992157,0.00887121,0,9.21858857
scaled,20,0.8,1,0.050003,2.734804,0.972847,0.992434,0.00404621,0,9.21858857
scaled,20,0.9,1,0.029605,2.716379,0.982603,0.992392,0.00110921,0,9.21858857
scaled,20,1.0,1,0.058690,2.697982,0.992353,0.992353,0.00002132,158,9.21858857
scaled,20,0.0,2,0.832699,2.886000,0.897000,0.980967,0.09239100,0,6.34700423
scaled,20,0.1,2,0.787068,2.870064,0.905418,0.981184,0.07553140,0,6.34700423
scaled,20,0.2,2,0.796779,2.854104,0.913854,0.981269,0.06037566,0,6.34700423
scaled,20,0.3,2,0.599089,2.837911,0.922402,0.981675,0.04679912,0,6.34700423
scaled,20,0.4,2,0.658753,2.821683,0.930977,0.981942,0.03495430,0,6.34700423
scaled,20,0.5,2,0.536855,2.805252,0.939647,0.982294,0.02475621,0,6.34700423
scaled,20,0.6,2,0.545295,2.788940,0.948268,0.982446,0.01641666,0,6.34700423
scaled,20,0.7,2,0.563917,2.773003,0.956695,0.982279,0.00984022,0,6.34700423
scaled,20,0.8,2,0.555675,2.756323,0.965517,0.982646,0.00481524,0,6.34700423
scaled,20,0.9,2,0.615245,2.740380,0.973922,0.982468,0.00168866,0,6.34700423
scaled,20,1.0,2,0.659370,2.723823,0.982606,0.982606,0.00017518,198,6.34700423
scaled,20,0.0,3,0.316301,2.891000,0.898000,0.926078,0.09159600,0,3.52913359
scaled,20,0.1,3,0.177113,2.885292,0.900925,0.927246,0.07521192,0,3.52913359
scaled,20,0.2,3,0.238150,2.879717,0.903741,0.926706,0.06060656,0,3.52913359
scaled,20,0.3,3,0.265182,2.874399,0.906452,0.926173,0.04752734,0,3.52913359
scaled,20,0.4,3,0.268201,2.867717,0.909921,0.927803,0.03578400,0,3.52913359
scaled,20,0.5,3,0.208243,2.861823,0.912927,0.927854,0.02609304,0,3.52913359
scaled,20,0.6,3,0.185251,2.855496,0.916133,0.928221,0.01763878,0,3.52913359
scaled,20,0.7,3,0.115649,2.848267,0.919912,0.929303,0.01082044,0,3.52913359
scaled,20,0.8,3,0.168232,2.842662,0.922723,0.928903,0.00594930,0,3.52913359
scaled,20,0.9,3,0.129947,2.835422,0.926361,0.929512,0.00250697,0,3.52913359
scaled,20,1.0,3,0.186920,2.829416,0.929481,0.929481,0.00071879,197,3.52913359
scaled,20,0.0,4,0.488168,2.894000,0.903000,0.993146,0.08759100,0,9.54662705
scaled,20,0.1,4,0.377448,2.876762,0.912039,0.993386,0.07120299,0,9.54662705
scaled,20,0.2,4,0.325446,2.859464,0.921106,0.993531,0.05649681,0,9.54662705
scaled,20,0.3,4,0.272832,2.842267,0.930122,0.993406,0.04357004,0,9.54662705
scaled,20,0.4,4,0.189353,2.824933,0.939213,0.993532,0.03219072,0,9.54662705
scaled,20,0.5,4,0.205912,2.807644,0.948278,0.993555,0.02263856,0,9.54662705
scaled,20,0.6,4,0.163392,2.790400,0.957289,0.993482,0.01475317,0,9.54662705
scaled,20,0.7,4,0.217605,2.773055,0.966400,0.993571,0.00851720,0,9.54662705
scaled,20,0.8,4,0.214893,2.755542,0.975592,0.993740,0.00392829,0,9.54662705
scaled,20,0.9,4,0.314554,2.738059,0.984766,0.993851,0.00114577,0,9.54662705
scaled,20,1.0,4,0.253033,2.720609,0.993899,0.993899,0.00003191,80,9.54662705
scaled,20,0.0,5,0.618417,2.886000,0.899500,0.978172,0.09039975,0,5.09045233
scaled,20,0.1,5,0.494262,2.871184,0.907464,0.979137,0.07379671,0,5.09045233
scaled,20,0.2,5,0.471799,2.856050,0.915615,0.980073,0.05879373,0,5.09045233
scaled,20,0.3,5,0.289467,2.840844,0.923788,0.980461,0.04551940,0,5.09045233
scaled,20,0.4,5,0.287533,2.825268,0.932155,0.981138,0.03380186,0,5.09045233
scaled,20,0.5,5,0.242302,2.809941,0.940394,0.981288,0.02388675,0,5.09045233
scaled,20,0.6,5,0.246744,2.793986,0.948983,0.981971,0.01561954,0,5.09045233
scaled,20,0.7,5,0.300773,2.778278,0.957426,0.982251,0.00917823,0,5.09045233
scaled,20,0.8,5,0.217084,2.762546,0.965912,0.982515,0.00428407,0,5.09045233
scaled,20,0.9,5,0.258998,2.746730,0.974387,0.982708,0.00136664,0,5.09045233
scaled,20,1.0,5,0.228023,2.731015,0.982846,0.982846,0.00008416,181,5.09045233
scaled,20,0.0,6,1.100985,2.889000,0.895500,0.985837,0.09357975,0,10.17337948
scaled,20,0.1,6,0.927552,2.871215,0.904654,0.987040,0.07604080,0,10.17337948
scaled,20,0.2,6,0.701966,2.853256,0.913904,0.987521,0.06032309,0,10.17337948
scaled,20,0.3,6,0.681036,2.835192,0.923202,0.987839,0.04634115,0,10.17337948
scaled,20,0.4,6,0.546643,2.816908,0.932616,0.988290,0.03427725,0,10.17337948
scaled,20,0.5,6,0.471000,2.798356,0.942173,0.988846,0.02398370,0,10.17337948
scaled,20,0.6,6,0.461420,2.779984,0.951639,0.989066,0.01554941,0,10.17337948
scaled,20,0.7,6,0.480040,2.760988,0.961413,0.989662,0.00888933,0,10.17337948
scaled,20,0.8,6,0.419164,2.743290,0.970515,0.989268,0.00415644,0,10.17337948
scaled,20,0.9,6,0.428935,2.724491,0.980194,0.989604,0.00118377,0,10.17337948
scaled,20,1.0,6,0.536669,2.706463,0.989486,0.989486,0.00004406,164,10.17337948
scaled,20,0.0,7,1.332381,2.885500,0.893500,0.907231,0.09515775,0,4.56692479
scaled,20,0.1,7,1.172621,2.882764,0.894863,0.907127,0.08008740,0,4.56692479
scaled,20,0.2,7,1.011814,2.879817,0.896409,0.908046,0.06642707,0,4.56692479
scaled,20,0.3,7,0.980529,2.876483,0.898053,0.908677,0.05404280,0,4.56692479
scaled,20,0.4,7,0.847756,2.872648,0.900006,0.909766,0.04251669,0,4.56692479
scaled,20,0.5,7,0.820287,2.869877,0.901412,0.909325,0.03287168,0,4.56692479
scaled,20,0.6,7,0.856606,2.865648,0.903576,0.910293,0.02438177,0,4.56692479
scaled,20,0.7,7,0.828395,2.862093,0.905297,0.910353,0.01658269,0,4.56692479
scaled,20,0.8,7,0.825715,2.859799,0.906709,0.910011,0.01151340,0,4.56692479
scaled,20,0.9,7,0.729511,2.856669,0.908118,0.909742,0.00660725,0,4.56692479
scaled,20,1.0,7,0.803133,2.850136,0.911601,0.911601,0.00325166,195,4.56692479
scaled,20,0.0,8,1.064170,2.895000,0.904500,0.976063,0.08637975,0,2.97801714
scaled,20,0.1,8,0.939940,2.881364,0.911677,0.976267,0.07029076,0,2.97801714
scaled,20,0.2,8,0.764227,2.867553,0.918952,0.976759,0.05585974,0,2.97801714
scaled,20,0.3,8,0.643172,2.853482,0.926363,0.977376,0.04298253,0,2.97801714
scaled,20,0.4,8,0.629349,2.839390,0.933795,0.977736,0.03189520,0,2.97801714
scaled,20,0.5,8,0.637706,2.825033,0.941345,0.978190,0.02240390,0,2.97801714
scaled,20,0.6,8,0.458066,2.810694,0.948898,0.978496,0.01461747,0,2.97801714
scaled,20,0.7,8,0.547524,2.796168,0.956551,0.978858,0.00839910,0,2.97801714
scaled,20,0.8,8,0.515356,2.781796,0.964105,0.979007,0.00394784,0,2.97801714
scaled,20,0.9,8,0.549272,2.767593,0.971550,0.979000,0.00116538,0,2.97801714
scaled,20,1.0,8,0.604919,2.752673,0.979422,0.979422,0.00005504,187,2.97801714
scaled,20,0.0,9,1.257502,2.890000,0.900000,0.997251,0.09000000,0,11.71093070
scaled,20,0.1,9,1.130314,2.871524,0.909725,0.997250,0.07302527,0,11.71093070
scaled,20,0.2,9,0.928859,2.852951,0.919500,0.997498,0.05779280,0,11.71093070
scaled,20,0.3,9,0.703782,2.834401,0.929264,0.997545,0.04432889,0,11.71093070
scaled,20,0.4,9,0.654584,2.815841,0.939033,0.997583,0.03266144,0,11.71093070
scaled,20,0.5,9,0.542543,2.797214,0.948830,0.997659,0.02275689,0,11.71093070
scaled,20,0.6,9,0.387472,2.778608,0.958623,0.997705,0.01465869,0,11.71093070
scaled,20,0.7,9,0.444619,2.759988,0.968430,0.997757,0.00831299,0,11.71093070
scaled,20,0.8,9,0.475537,2.741333,0.978234,0.997793,0.00376261,0,11.71093070
scaled,20,0.9,9,0.453770,2.722795,0.988012,0.997791,0.00099098,0,11.71093070
scaled,20,1.0,9,0.454456,2.704103,0.997838,0.997838,0.00000455,0,11.71093070
scaled,20,0.0,10,0.983298,2.890500,0.902000,0.928475,0.08839600,0,2.93927985
scaled,20,0.1,10,0.853599,2.885319,0.904829,0.930291,0.07220749,0,2.93927985
scaled,20,0.2,10,0.727586,2.879715,0.907872,0.931359,0.05782295,0,2.93927985
scaled,20,0.3,10,0.560056,2.873685,0.911140,0.932466,0.04475642,0,2.93927985
scaled,20,0.4,10,0.445794,2.867744,0.914345,0.932861,0.03348596,0,2.93927985
scaled,20,0.5,10,0.371316,2.861778,0.917553,0.933106,0.02392649,0,2.93927985
scaled,20,0.6,10,0.378032,2.854903,0.921178,0.933963,0.01594270,0,2.93927985
scaled,20,0.7,10,0.319340,2.849379,0.924343,0.933919,0.00960617,0,2.93927985
scaled,20,0.8,10,0.409051,2.840913,0.928799,0.935498,0.00485449,0,2.93927985
scaled,20,0.9,10,0.305206,2.834788,0.932194,0.935549,0.00169602,0,2.93927985
scaled,20,1.0,10,0.304016,2.828207,0.935664,0.935664,0.00039141,200,2.93927985
scaled,20,0.0,11,0.600732,2.879000,0.891500,0.987835,0.09672775,0,7.73054895
scaled,20,0.1,11,0.470308,2.860748,0.901187,0.988371,0.07863257,0,7.73054895
scaled,20,0.2,11,0.379838,2.842374,0.910941,0.988706,0.06238562,0,7.73054895
scaled,20,0.3,11,0.237325,2.823866,0.920754,0.989012,0.04792432,0,7.73054895
scaled,20,0.4,11,0.154640,2.805146,0.930699,0.989499,0.03541247,0,7.73054895
scaled,20,0.5,11,0.177899,2.786482,0.940591,0.989683,0.02473227,0,7.73054895
scaled,20,0.6,11,0.142953,2.767945,0.950438,0.989730,0.01604015,0,7.73054895
scaled,20,0.7,11,0.156920,2.749192,0.960388,0.989912,0.00911794,0,7.73054895
scaled,20,0.8,11,0.160533,2.729931,0.970604,0.990380,0.00419271,0,7.73054895
scaled,20,0.9,11,0.163397,2.711621,0.980327,0.990196,0.00116265,0,7.73054895
scaled,20,1.0,11,0.156887,2.693037,0.990184,0.990184,0.00002871,147,7.73054895
scaled,20,0.0,12,1.377025,2.874000,0.887500,0.953000,0.09984375,0,5.12813299
scaled,20,0.1,12,1.194710,2.861501,0.894152,0.954020,0.08305930,0,5.12813299
scaled,20,0.2,12,1.169403,2.849016,0.900800,0.954000,0.06794350,0,5.12813299
scaled,20,0.3,12,1.102737,2.836616,0.907360,0.953701,0.05461025,0,5.12813299
scaled,20,0.4,12,1.066470,2.824048,0.914091,0.953978,0.04245609,0,5.12813299
scaled,20,0.5,12,1.007110,2.809951,0.921577,0.955654,0.03125901,0,5.12813299
scaled,20,0.6,12,0.966717,2.798140,0.927847,0.954745,0.02261972,0,5.12813299
scaled,20,0.7,12,0.847371,2.783983,0.935454,0.956006,0.01468614,0,5.12813299
scaled,20,0.8,12,0.934697,2.772249,0.941695,0.955244,0.00902724,0,5.12813299
scaled,20,0.9,12,0.949305,2.756788,0.949959,0.956899,0.00418316,0,5.12813299
scaled,20,1.0,12,0.968020,2.746126,0.955674,0.955674,0.00174703,199,5.12813299
scaled,20,0.0,13,0.486149,2.892500,0.899500,0.979941,0.09039975,0,6.60784643
scaled,20,0.1,13,0.391959,2.877121,0.907522,0.979716,0.07381071,0,6.60784643
scaled,20,0.2,13,0.260916,2.861133,0.915853,0.981265,0.05878279,0,6.60784643
scaled,20,0.3,13,0.248527,2.845388,0.924080,0.981433,0.04559236,0,6.60784643
scaled,20,0.4,13,0.199132,2.829193,0.932515,0.982037,0.03388574,0,6.60784643
scaled,20,0.5,13,0.163688,2.812989,0.940970,0.982440,0.02397479,0,6.60784643
scaled,20,0.6,13,0.153435,2.796315,0.949635,0.983058,0.01578905,0,6.60784643
scaled,20,0.7,13,0.170748,2.780486,0.957918,0.982954,0.00929032,0,6.60784643
scaled,20,0.8,13,0.185892,2.764012,0.966481,0.983226,0.00460355,0,6.60784643
scaled,20,0.9,13,0.208667,2.747384,0.975177,0.983585,0.00146761,0,6.60784643
scaled,20,1.0,13,0.187594,2.730747,0.983828,0.983828,0.00012953,194,6.60784643
scaled,20,0.0,14,1.528240,2.878000,0.891000,0.985421,0.09711900,0,6.00222658
scaled,20,0.1,14,1.253450,2.860018,0.900575,0.986754,0.07899184,0,6.00222658
scaled,20,0.2,14,1.056753,2.841793,0.910270,0.987352,0.06270885,0,6.00222658
scaled,20,0.3,14,0.951364,2.823193,0.920158,0.988192,0.04821987,0,6.00222658
scaled,20,0.4,14,0.827881,2.804693,0.930019,0.988547,0.03570398,0,6.00222658
scaled,20,0.5,14,0.801919,2.785685,0.940122,0.989244,0.02489347,0,6.00222658
scaled,20,0.6,14,0.712066,2.766926,0.950087,0.989478,0.01616924,0,6.00222658
scaled,20,0.7,14,0.660228,2.747935,0.960185,0.989836,0.00927698,0,6.00222658
scaled,20,0.8,14,0.769012,2.729408,0.970048,0.989810,0.00428547,0,6.00222658
scaled,20,0.9,14,0.778642,2.710591,0.980051,0.989946,0.00120436,0,6.00222658
scaled,20,1.0,14,0.658748,2.691925,0.989989,0.989989,0.00003533,0,6.00222658
scaled,20,0.0,15,0.538052,2.901500,0.910500,0.969823,0.08148975,0,7.28238328
scaled,20,0.1,15,0.569686,2.890005,0.916498,0.970480,0.06715999,0,7.28238328
scaled,20,0.2,15,0.444116,2.878379,0.922573,0.970865,0.05422168,0,7.28238328
scaled,20,0.3,15,0.493593,2.866380,0.928793,0.971475,0.04258183,0,7.28238328
scaled,20,0.4,15,0.332359,2.855138,0.934711,0.971027,0.03232582,0,7.28238328
scaled,20,0.5,15,0.364423,2.843082,0.940914,0.971328,0.02371506,0,7.28238328
scaled,20,0.6,15,0.381968,2.831728,0.946896,0.971160,0.01634682,0,7.28238328
scaled,20,0.7,15,0.327183,2.819819,0.953053,0.971290,0.01043173,0,7.28238328
scaled,20,0.8,15,0.401761,2.807742,0.959293,0.971491,0.00571826,0,7.28238328
scaled,20,0.9,15,0.386394,2.795772,0.965645,0.971773,0.00241829,0,7.28238328
scaled,20,1.0,15,0.411980,2.783039,0.972330,0.972330,0.00054125,199,7.28238328
scaled,20,0.0,16,1.025140,2.894000,0.904500,0.953476,0.08637975,0,4.00695703
scaled,20,0.1,16,0.926089,2.884612,0.909421,0.953709,0.07100565,0,4.00695703
scaled,20,0.2,16,0.774494,2.875016,0.914450,0.954249,0.05705299,0,4.00695703
scaled,20,0.3,16,0.589028,2.865872,0.919241,0.953638,0.04488031,0,4.00695703
scaled,20,0.4,16,0.571363,2.855938,0.924443,0.954357,0.03381082,0,4.00695703
scaled,20,0.5,16,0.422938,2.846681,0.929301,0.954103,0.02460573,0,4.00695703
scaled,20,0.6,16,0.475007,2.835086,0.935386,0.955977,0.01647238,0,4.00695703
scaled,20,0.7,16,0.524151,2.825338,0.940526,0.955966,0.01028233,0,4.00695703
scaled,20,0.8,16,0.620754,2.816027,0.945382,0.955603,0.00548753,0,4.00695703
scaled,20,0.9,16,0.491672,2.805533,0.950925,0.956083,0.00220019,0,4.00695703
scaled,20,1.0,16,0.520463,2.795870,0.955831,0.955831,0.00056381,194,4.00695703
scaled,20,0.0,17,0.500777,2.891000,0.900000,0.984409,0.09000000,0,8.24522698
scaled,20,0.1,17,0.484619,2.874889,0.908425,0.984252,0.07362340,0,8.24522698
scaled,20,0.2,17,0.453737,2.858773,0.916865,0.984326,0.05885042,0,8.24522698
scaled,20,0.3,17,0.443171,2.842523,0.925347,0.984490,0.04571602,0,8.24522698
scaled,20,0.4,17,0.543086,2.826229,0.933890,0.984726,0.03428413,0,8.24522698
scaled,20,0.5,17,0.417452,2.810009,0.942394,0.984788,0.02439175,0,8.24522698
scaled,20,0.6,17,0.476678,2.793539,0.950962,0.984937,0.01624569,0,8.24522698
scaled,20,0.7,17,0.465690,2.777497,0.959396,0.984851,0.00981329,0,8.24522698
scaled,20,0.8,17,0.605502,2.761657,0.967685,0.984606,0.00511056,0,8.24522698
scaled,20,0.9,17,0.482203,2.744177,0.976812,0.985347,0.00169739,0,8.24522698
scaled,20,1.0,17,0.495063,2.728646,0.984937,0.984937,0.00024874,199,8.24522698
scaled,20,0.0,18,0.499863,2.881500,0.895000,0.954538,0.09397500,0,3.24358722
scaled,20,0.1,18,0.341227,2.870071,0.901157,0.956569,0.07650963,0,3.24358722
scaled,20,0.2,18,0.215711,2.858202,0.907559,0.957797,0.06086794,0,3.24358722
scaled,20,0.3,18,0.109349,2.846098,0.914045,0.958484,0.04697732,0,3.24358722
scaled,20,0.4,18,0.072188,2.833650,0.920766,0.959415,0.03474424,0,3.24358722
scaled,20,0.5,18,0.041723,2.820888,0.927620,0.960240,0.02439194,0,3.24358722
scaled,20,0.6,18,0.018988,2.808377,0.934332,0.960553,0.01596151,0,3.24358722
scaled,20,0.7,18,0.015496,2.795730,0.941161,0.960944,0.00931435,0,3.24358722
scaled,20,0.8,18,0.053821,2.783063,0.947996,0.961246,0.00432680,0,3.24358722
scaled,20,0.9,18,0.091395,2.770659,0.954596,0.961218,0.00132361,0,3.24358722
scaled,20,1.0,18,0.026450,2.758347,0.961281,0.961281,0.00013715,200,3.24358722
scaled,20,0.0,19,0.906980,2.882000,0.894000,0.989878,0.09476400,0,10.75328658
scaled,20,0.1,19,0.772428,2.863903,0.903592,0.989925,0.07741218,0,10.75328658
scaled,20,0.2,19,0.727198,2.845787,0.913186,0.989932,0.06184165,0,10.75328658
scaled,20,0.3,19,0.660461,2.827379,0.922958,0.990528,0.04784031,0,10.75328658
scaled,20,0.4,19,0.506603,2.808850,0.932792,0.990980,0.03562636,0,10.75328658
scaled,20,0.5,19,0.510554,2.790801,0.942344,0.990689,0.02531787,0,10.75328658
scaled,20,0.6,19,0.491324,2.772504,0.952047,0.990744,0.01672583,0,10.75328658
scaled,20,0.7,19,0.538889,2.754077,0.961783,0.990833,0.01002095,0,10.75328658
scaled,20,0.8,19,0.505385,2.736611,0.971078,0.990347,0.00503826,0,10.75328658
scaled,20,0.9,19,0.518927,2.717293,0.981362,0.991069,0.00163006,0,10.75328658
scaled,20,1.0,19,0.597533,2.699686,0.990613,0.990613,0.00017209,174,10.75328658
scaled,30,0.0,0,1.109308,2.879500,0.892000,0.975344,0.09633600,0,3.50347314
scaled,30,0.1,0,0.719978,2.863541,0.900474,0.976736,0.07840800,0,3.50347314
scaled,30,0.2,0,0.527751,2.847351,0.909075,0.977374,0.06226568,0,3.50347314
scaled,30,0.3,0,0.295227,2.830828,0.917835,0.978118,0.04797703,0,3.50347314
scaled,30,0.4,0,0.088422,2.814236,0.926640,0.978601,0.03557344,0,3.50347314
scaled,30,0.5,0,0.079108,2.797581,0.935519,0.979038,0.02497428,0,3.50347314
scaled,30,0.6,0,0.113655,2.780821,0.944396,0.979326,0.01623608,0,3.50347314
scaled,30,0.7,0,0.198035,2.764093,0.953282,0.979545,0.00938611,0,3.50347314
scaled,30,0.8,0,0.082354,2.747372,0.962168,0.979710,0.00444367,0,3.50347314
scaled,30,0.9,0,0.189312,2.730272,0.971271,0.980079,0.00128400,0,3.50347314
scaled,30,1.0,0,0.083665,2.713390,0.980207,0.980207,0.00005847,196,3.50347314
scaled,30,0.0,1,1.901686,2.900500,0.909000,0.995180,0.08271900,0,3.86490829
scaled,30,0.1,1,1.823154,2.884225,0.917614,0.995137,0.06720027,0,3.86490829
scaled,30,0.2,1,1.416923,2.867881,0.926268,0.995338,0.05326349,0,3.86490829
scaled,30,0.3,1,1.349167,2.851465,0.934954,0.995512,0.04093159,0,3.86490829
scaled,30,0.4,1,1.203048,2.835153,0.943586,0.995464,0.03025612,0,3.86490829
scaled,30,0.5,1,0.972970,2.818685,0.952298,0.995596,0.02114676,0,3.86490829
scaled,30,0.6,1,0.924221,2.802342,0.960953,0.995589,0.01370606,0,3.86490829
scaled,30,0.7,1,0.910930,2.785891,0.969661,0.995658,0.00783437,0,3.86490829
scaled,30,0.8,1,0.952299,2.769450,0.978359,0.995699,0.00361642,0,3.86490829
scaled,30,0.9,1,0.964406,2.752989,0.987072,0.995747,0.00099401,0,3.86490829
scaled,30,1.0,1,1.002234,2.736544,0.995782,0.995782,0.00001179,0,3.86490829
scaled,30,0.0,2,0.916873,2.895500,0.904500,0.988960,0.08637975,0,4.79878544
scaled,30,0.1,2,0.726277,2.879264,0.913020,0.989700,0.07017026,0,4.79878544
scaled,30,0.2,2,0.525457,2.862791,0.921668,0.990339,0.05557896,0,4.79878544
scaled,30,0.3,2,0.459276,2.846261,0.930338,0.990627,0.04271931,0,4.79878544
scaled,30,0.4,2,0.465134,2.829562,0.939098,0.990996,0.03154055,0,4.79878544
scaled,30,0.5,2,0.431167,2.813017,0.947781,0.991063,0.02201806,0,4.79878544
scaled,30,0.6,2,0.365567,2.796266,0.956584,0.991307,0.01421648,0,4.79878544
scaled,30,0.7,2,0.351509,2.779570,0.965337,0.991409,0.00809608,0,4.79878544
scaled,30,0.8,2,0.398621,2.762775,0.974144,0.991555,0.00368215,0,4.79878544
scaled,30,0.9,2,0.479121,2.746309,0.982794,0.991493,0.00100875,0,4.79878544
scaled,30,1.0,2,0.413619,2.729426,0.991641,0.991641,0.00001570,20,4.79878544
scaled,30,0.0,3,1.103488,2.891500,0.904500,0.955368,0.08637975,0,3.87701746
scaled,30,0.1,3,1.117698,2.882010,0.909680,0.956295,0.07085163,0,3.87701746
scaled,30,0.2,3,0.895496,2.872423,0.914917,0.956587,0.05688315,0,3.87701746
scaled,30,0.3,3,0.843462,2.862642,0.920269,0.957063,0.04437581,0,3.87701746
scaled,30,0.4,3,0.673852,2.852630,0.925710,0.957526,0.03331251,0,3.87701746
scaled,30,0.5,3,0.619068,2.842280,0.931361,0.958221,0.02405476,0,3.87701746
scaled,30,0.6,3,0.636690,2.832086,0.936858,0.958429,0.01603410,0,3.87701746
scaled,30,0.7,3,0.648391,2.822423,0.942129,0.958256,0.00990859,0,3.87701746
scaled,30,0.8,3,0.701108,2.812402,0.947578,0.958347,0.00507824,0,3.87701746
scaled,30,0.9,3,0.612121,2.800119,0.954269,0.959799,0.00176509,0,3.87701746
scaled,30,1.0,3,0.606755,2.789641,0.959985,0.959985,0.00032490,196,3.87701746
scaled,30,0.0,4,1.287615,2.901500,0.908500,0.961364,0.08312775,0,2.07682762
scaled,30,0.1,4,1.059089,2.891002,0.913938,0.962881,0.06757505,0,2.07682762
scaled,30,0.2,4,0.793769,2.880044,0.919619,0.964095,0.05365577,0,2.07682762
scaled,30,0.3,4,0.587137,2.868707,0.925489,0.965129,0.04122649,0,2.07682762
scaled,30,0.4,4,0.264627,2.857203,0.931452,0.965881,0.03054772,0,2.07682762
scaled,30,0.5,4,0.217836,2.845375,0.937579,0.966658,0.02142822,0,2.07682762
scaled,30,0.6,4,0.210948,2.833929,0.943489,0.966815,0.01393340,0,2.07682762
scaled,30,0.7,4,0.186576,2.821449,0.949948,0.967711,0.00802284,0,2.07682762
scaled,30,0.8,4,0.166033,2.809863,0.955978,0.967847,0.00372013,0,2.07682762
scaled,30,0.9,4,0.171751,2.797833,0.962208,0.968175,0.00111023,0,2.07682762
scaled,30,1.0,4,0.170015,2.785505,0.968586,0.968586,0.00005940,199,2.07682762
scaled,30,0.0,5,1.493388,2.885000,0.895500,0.967643,0.09357975,0,3.16790323
scaled,30,0.1,5,1.381751,2.871143,0.902789,0.968386,0.07618441,0,3.16790323
scaled,30,0.2,5,1.173674,2.856910,0.910273,0.969365,0.06059837,0,3.16790323
scaled,30,0.3,5,1.075814,2.842512,0.917848,0.969993,0.04674336,0,3.16790323
scaled,30,0.4,5,0.880918,2.827807,0.925591,0.970726,0.03466343,0,3.16790323
scaled,30,0.5,5,0.761293,2.813332,0.933228,0.970955,0.02442937,0,3.16790323
scaled,30,0.6,5,0.835996,2.798009,0.941250,0.971750,0.01594090,0,3.16790323
scaled,30,0.7,5,0.746622,2.783341,0.948994,0.971920,0.00925965,0,3.16790323
scaled,30,0.8,5,0.903250,2.768700,0.956660,0.971949,0.00446381,0,3.16790323
scaled,30,0.9,5,0.761339,2.753453,0.964687,0.972374,0.00137997,0,3.16790323
scaled,30,1.0,5,0.881044,2.739341,0.972150,0.972150,0.00010471,200,3.16790323
scaled,30,0.0,6,1.668404,2.888500,0.897000,0.994532,0.09239100,0,4.78950146
scaled,30,0.1,6,1.333853,2.869765,0.906764,0.994642,0.07493174,0,4.78950146
scaled,30,0.2,6,1.261431,2.850974,0.916559,0.994793,0.05929076,0,4.78950146
scaled,30,0.3,6,1.198513,2.832167,0.926361,0.994871,0.04548760,0,4.78950146
scaled,30,0.4,6,0.960419,2.813300,0.936198,0.994996,0.03350582,0,4.78950146
scaled,30,0.5,6,0.942528,2.794388,0.946058,0.995116,0.02332309,0,4.78950146
scaled,30,0.6,6,0.863743,2.775541,0.955881,0.995136,0.01500098,0,4.78950146
scaled,30,0.7,6,0.853562,2.756682,0.965714,0.995163,0.00850906,0,4.78950146
scaled,30,0.8,6,0.847260,2.737703,0.975601,0.995251,0.00383455,0,4.78950146
scaled,30,0.9,6,0.861562,2.718800,0.985463,0.995292,0.00100460,0,4.78950146
scaled,30,1.0,6,0.942057,2.699739,0.995405,0.995405,0.00000431,0,4.78950146
scaled,30,0.0,7,1.112316,2.893500,0.900000,0.964912,0.09000000,0,3.41748050
scaled,30,0.1,7,0.779948,2.880756,0.906527,0.965268,0.07327654,0,3.41748050
scaled,30,0.2,7,0.601248,2.867631,0.913259,0.966295,0.05823843,0,3.41748050
scaled,30,0.3,7,0.458861,2.854514,0.919986,0.966619,0.04486562,0,3.41748050
scaled,30,0.4,7,0.430310,2.841599,0.926621,0.966552,0.03333336,0,3.41748050
scaled,30,0.5,7,0.472518,2.828162,0.933497,0.966993,0.02351599,0,3.41748050
scaled,30,0.6,7,0.365011,2.814565,0.940466,0.967444,0.01531784,0,3.41748050
scaled,30,0.7,7,0.296432,2.801623,0.947108,0.967297,0.00894452,0,3.41748050
scaled,30,0.8,7,0.423885,2.788099,0.954012,0.967514,0.00426494,0,3.41748050
scaled,30,0.9,7,0.367022,2.774468,0.961030,0.967811,0.00134138,0,3.41748050
scaled,30,1.0,7,0.410790,2.760326,0.968319,0.968319,0.00010914,197,3.41748050
scaled,30,0.0,8,1.845925,2.898500,0.904500,0.844037,0.08637975,0,3.99489061
scaled,30,0.1,8,1.629440,2.909818,0.898433,0.843829,0.07301500,0,3.99489061
scaled,30,0.2,8,1.523826,2.920573,0.892666,0.845332,0.06084405,0,3.99489061
scaled,30,0.3,8,1.355685,2.931549,0.886734,0.845279,0.04990021,0,3.99489061
scaled,30,0.4,8,1.157075,2.942245,0.881145,0.846112,0.03996362,0,3.99489061
scaled,30,0.5,8,1.039587,2.952200,0.875630,0.846760,0.03114633,0,3.99489061
scaled,30,0.6,8,0.932050,2.962895,0.869928,0.846881,0.02371300,0,3.99489061
scaled,30,0.7,8,0.977819,2.974199,0.863825,0.846392,0.01754380,0,3.99489061
scaled,30,0.8,8,0.835615,2.985223,0.857817,0.846146,0.01208063,0,3.99489061
scaled,30,0.9,8,0.846983,2.996800,0.851686,0.845818,0.00784050,0,3.99489061
scaled,30,1.0,8,0.787855,3.009599,0.844862,0.844862,0.00504722,200,3.99489061
scaled,30,0.0,9,1.335989,2.894000,0.902000,0.964875,0.08839600,0,3.54783547
scaled,30,0.1,9,1.107003,2.881912,0.908276,0.964762,0.07291708,0,3.54783547
scaled,30,0.2,9,0.960447,2.869602,0.914665,0.965323,0.05885443,0,3.54783547
scaled,30,0.3,9,0.842512,2.857209,0.921108,0.965694,0.04636215,0,3.54783547
scaled,30,0.4,9,0.714642,2.844960,0.927492,0.965729,0.03534389,0,3.54783547
scaled,30,0.5,9,0.819765,2.831640,0.934414,0.966829,0.02561964,0,3.54783547
scaled,30,0.6,9,0.718356,2.819403,0.940751,0.966584,0.01765828,0,3.54783547
scaled,30,0.7,9,0.711401,2.806852,0.947305,0.966721,0.01106067,0,3.54783547
scaled,30,0.8,9,0.713058,2.793740,0.954063,0.967079,0.00602473,0,3.54783547
scaled,30,0.9,9,0.745577,2.781550,0.960403,0.966892,0.00264954,0,3.54783547
scaled,30,1.0,9,0.741855,2.768563,0.967235,0.967235,0.00062554,199,3.54783547
scaled,30,0.0,10,1.612530,2.893500,0.905000,0.989479,0.08597500,0,3.75165128
scaled,30,0.1,10,1.483506,2.877607,0.913470,0.989696,0.06989749,0,3.75165128
scaled,30,0.2,10,1.421184,2.861559,0.922026,0.990130,0.05545159,0,3.75165128
scaled,30,0.3,10,1.056327,2.845350,0.930657,0.990523,0.04264095,0,3.75165128
scaled,30,0.4,10,0.936609,2.829210,0.939258,0.990644,0.03155744,0,3.75165128
scaled,30,0.5,10,0.986089,2.812971,0.947912,0.990823,0.02211099,0,3.75165128
scaled,30,0.6,10,0.834006,2.796747,0.956563,0.990939,0.01431247,0,3.75165128
scaled,30,0.7,10,0.775934,2.780433,0.965247,0.991067,0.00825382,0,3.75165128
scaled,30,0.8,10,0.774563,2.764071,0.973973,0.991216,0.00379779,0,3.75165128
scaled,30,0.9,10,0.856392,2.747857,0.982626,0.991251,0.00107325,0,3.75165128
scaled,30,1.0,10,0.913678,2.731589,0.991287,0.991287,0.00002171,0,3.75165128
scaled,30,0.0,11,1.163338,2.896000,0.902500,0.979992,0.08799375,0,5.43929253
scaled,30,0.1,11,0.940186,2.880829,0.910327,0.980774,0.07175600,0,5.43929253
scaled,30,0.2,11,0.913911,2.865481,0.918240,0.981201,0.05713249,0,5.43929253
scaled,30,0.3,11,0.885315,2.849984,0.926233,0.981610,0.04412061,0,5.43929253
scaled,30,0.4,11,0.940609,2.834373,0.934291,0.981977,0.03283616,0,5.43929253
scaled,30,0.5,11,0.942177,2.818786,0.942347,0.982194,0.02311601,0,5.43929253
scaled,30,0.6,11,0.895435,2.803391,0.950264,0.982107,0.01523214,0,5.43929253
scaled,30,0.7,11,0.878743,2.787437,0.958479,0.982470,0.00898166,0,5.43929253
scaled,30,0.8,11,0.879420,2.771730,0.966608,0.982635,0.00427210,0,5.43929253
scaled,30,0.9,11,0.779871,2.756079,0.974693,0.982714,0.00134952,0,5.43929253
scaled,30,1.0,11,0.842935,2.740468,0.982739,0.982739,0.00011884,192,5.43929253
scaled,30,0.0,12,1.180546,2.894000,0.899500,0.972064,0.09039975,0,3.39936956
scaled,30,0.1,12,1.051495,2.879805,0.906808,0.972581,0.07353424,0,3.39936956
scaled,30,0.2,12,0.803254,2.865335,0.914264,0.973319,0.05846183,0,3.39936956
scaled,30,0.3,12,0.575106,2.850829,0.921743,0.973644,0.04501864,0,3.39936956
scaled,30,0.4,12,0.604818,2.835970,0.929423,0.974307,0.03332609,0,3.39936956
scaled,30,0.5,12,0.332353,2.821278,0.936992,0.974485,0.02342284,0,3.39936956
scaled,30,0.6,12,0.229815,2.806043,0.944802,0.975004,0.01523030,0,3.39936956
scaled,30,0.7,12,0.202716,2.791429,0.952387,0.975052,0.00874802,0,3.39936956
scaled,30,0.8,12,0.182252,2.776554,0.960049,0.975186,0.00414311,0,3.39936956
scaled,30,0.9,12,0.249683,2.761115,0.968002,0.975613,0.00122436,0,3.39936956
scaled,30,1.0,12,0.311697,2.747007,0.975276,0.975276,0.00007627,200,3.39936956
scaled,30,0.0,13,0.582038,2.885500,0.896000,0.924351,0.09318400,0,4.39547776
scaled,30,0.1,13,0.366495,2.879922,0.898905,0.925054,0.07582973,0,4.39547776
scaled,30,0.2,13,0.256159,2.873455,0.902277,0.927387,0.06021551,0,4.39547776
scaled,30,0.3,13,0.060139,2.866564,0.905973,0.929242,0.04641067,0,4.39547776
scaled,30,0.4,13,0.054058,2.859228,0.909708,0.930271,0.03437728,0,4.39547776
scaled,30,0.5,13,0.000000,2.852949,0.913073,0.930146,0.02421274,0,4.39547776
scaled,30,0.6,13,0.000000,2.846155,0.916623,0.930372,0.01579073,0,4.39547776
scaled,30,0.7,13,0.095555,2.838143,0.920860,0.931515,0.00912048,0,4.39547776
scaled,30,0.8,13,0.097571,2.830695,0.924782,0.931978,0.00443178,0,4.39547776
scaled,30,0.9,13,0.038811,2.823351,0.928598,0.932220,0.00153615,0,4.39547776
scaled,30,1.0,13,0.018789,2.816371,0.932314,0.932314,0.00045270,198,4.39547776
scaled,30,0.0,14,0.688917,2.886500,0.901000,0.953314,0.08919900,0,3.24486760
scaled,30,0.1,14,0.558942,2.876910,0.906272,0.953719,0.07302886,0,3.24486760
scaled,30,0.2,14,0.523699,2.866817,0.911817,0.955083,0.05834907,0,3.24486760
scaled,30,0.3,14,0.331766,2.856530,0.917456,0.955854,0.04528940,0,3.24486760
scaled,30,0.4,14,0.306331,2.846146,0.923152,0.956380,0.03385027,0,3.24486760
scaled,30,0.5,14,0.275246,2.835131,0.929222,0.957443,0.02403104,0,3.24486760
scaled,30,0.6,14,0.165240,2.824612,0.934998,0.957663,0.01588767,0,3.24486760
scaled,30,0.7,14,0.412188,2.813531,0.941026,0.958180,0.00943695,0,3.24486760
scaled,30,0.8,14,0.335493,2.804380,0.946100,0.957375,0.00478131,0,3.24486760
scaled,30,0.9,14,0.314997,2.793316,0.952181,0.957868,0.00171246,0,3.24486760
scaled,30,1.0,14,0.405261,2.782073,0.958321,0.958321,0.00021002,198,3.24486760
scaled,30,0.0,15,0.678437,2.887000,0.898000,0.966383,0.09159600,0,2.19824898
scaled,30,0.1,15,0.463524,2.873977,0.904891,0.966912,0.07461982,0,2.19824898
scaled,30,0.2,15,0.382321,2.860880,0.911815,0.967074,0.05937599,0,2.19824898
scaled,30,0.3,15,0.231283,2.847651,0.918830,0.967433,0.04581721,0,2.19824898
scaled,30,0.4,15,0.195784,2.833845,0.926146,0.968365,0.03397789,0,2.19824898
scaled,30,0.5,15,0.302221,2.820824,0.933028,0.968057,0.02395680,0,2.19824898
scaled,30,0.6,15,0.297511,2.806736,0.940484,0.968806,0.01569759,0,2.19824898
scaled,30,0.7,15,0.276142,2.793749,0.947338,0.968483,0.00915552,0,2.19824898
scaled,30,0.8,15,0.430870,2.780032,0.954614,0.968767,0.00436262,0,2.19824898
scaled,30,0.9,15,0.279160,2.766029,0.962043,0.969159,0.00133325,0,2.19824898
scaled,30,1.0,15,0.310300,2.752224,0.969283,0.969283,0.00009066,199,2.19824898
scaled,30,0.0,16,1.878771,2.892500,0.900500,0.957190,0.08959975,0,4.04642452
scaled,30,0.1,16,1.699300,2.881302,0.906310,0.958602,0.07403073,0,4.04642452
scaled,30,0.2,16,1.600720,2.870149,0.912078,0.958388,0.06013778,0,4.04642452
scaled,30,0.3,16,1.324692,2.858402,0.918175,0.959416,0.04745827,0,4.04642452
scaled,30,0.4,16,1.214081,2.846165,0.924529,0.960571,0.03617088,0,4.04642452
scaled,30,0.5,16,1.136307,2.834592,0.930495,0.960489,0.02673845,0,4.04642452
scaled,30,0.6,16,1.034580,2.822208,0.936960,0.961267,0.01834359,0,4.04642452
scaled,30,0.7,16,0.956944,2.810301,0.943164,0.961449,0.01166870,0,4.04642452
scaled,30,0.8,16,1.104709,2.798769,0.949121,0.961276,0.00672314,0,4.04642452
scaled,30,0.9,16,0.994238,2.786627,0.955391,0.961491,0.00310471,0,4.04642452
scaled,30,1.0,16,1.031115,2.773257,0.962296,0.962296,0.00084181,198,4.04642452
scaled,30,0.0,17,1.367260,2.909000,0.916500,0.972692,0.07652775,0,3.94899057
scaled,30,0.1,17,1.180407,2.898182,0.922087,0.972375,0.06253516,0,3.94899057
scaled,30,0.2,17,1.001347,2.887288,0.927723,0.972616,0.04994494,0,3.94899057
scaled,30,0.3,17,0.914132,2.876160,0.933477,0.973089,0.03869610,0,3.94899057
scaled,30,0.4,17,0.876062,2.865426,0.939021,0.972803,0.02901236,0,3.94899057
scaled,30,0.5,17,0.819802,2.854435,0.944728,0.972957,0.02049943,0,3.94899057
scaled,30,0.6,17,0.762194,2.843391,0.950445,0.973075,0.01364714,0,3.94899057
scaled,30,0.7,17,0.758023,2.832255,0.956185,0.973193,0.00807656,0,3.94899057
scaled,30,0.8,17,0.699651,2.821444,0.961762,0.973078,0.00405818,0,3.94899057
scaled,30,0.9,17,0.790916,2.810361,0.967468,0.973131,0.00138645,0,3.94899057
scaled,30,1.0,17,0.668895,2.799339,0.973237,0.973237,0.00016443,184,3.94899057
scaled,30,0.0,18,0.805175,2.895500,0.903000,0.980346,0.08759100,0,4.73980087
scaled,30,0.1,18,0.804923,2.880303,0.910880,0.981798,0.07107062,0,4.73980087
scaled,30,0.2,18,0.542465,2.864549,0.919065,0.983324,0.05627529,0,4.73980087
scaled,30,0.3,18,0.272195,2.848618,0.927339,0.984130,0.04318795,0,4.73980087
scaled,30,0.4,18,0.215046,2.832416,0.935758,0.984896,0.03182262,0,4.73980087
scaled,30,0.5,18,0.285645,2.816374,0.944074,0.985149,0.02213040,0,4.73980087
scaled,30,0.6,18,0.161393,2.800043,0.952553,0.985588,0.01426730,0,4.73980087
scaled,30,0.7,18,0.121972,2.783526,0.961155,0.986079,0.00808944,0,4.73980087
scaled,30,0.8,18,0.100528,2.767693,0.969379,0.985974,0.00365894,0,4.73980087
scaled,30,0.9,18,0.142490,2.751530,0.977743,0.986048,0.00099401,0,4.73980087
scaled,30,1.0,18,0.056452,2.734904,0.986389,0.986389,0.00002208,198,4.73980087
scaled,30,0.0,19,0.542388,2.897500,0.907000,0.953048,0.08435100,0,2.97639381
scaled,30,0.1,19,0.511764,2.888574,0.911731,0.954306,0.06901306,0,2.97639381
scaled,30,0.2,19,0.357516,2.879563,0.916494,0.954471,0.05519937,0,2.97639381
scaled,30,0.3,19,0.188930,2.870083,0.921512,0.955375,0.04284461,0,2.97639381
scaled,30,0.4,19,0.250874,2.860709,0.926460,0.955649,0.03217169,0,2.97639381
scaled,30,0.5,19,0.210193,2.851197,0.931495,0.955989,0.02293050,0,2.97639381
scaled,30,0.6,19,0.233621,2.841358,0.936697,0.956494,0.01525968,0,2.97639381
scaled,30,0.7,19,0.259147,2.831877,0.941734,0.956620,0.00916457,0,2.97639381
scaled,30,0.8,19,0.311237,2.822167,0.946782,0.956727,0.00459737,0,2.97639381
scaled,30,0.9,19,0.282019,2.811849,0.952326,0.957362,0.00156070,0,2.97639381
scaled,30,1.0,19,0.258535,2.801995,0.957459,0.957459,0.00022869,199,2.97639381
scaled,50,0.0,0,2.698527,2.893500,0.906000,0.958430,0.08516400,0,3.94135616
scaled,50,0.1,0,2.255308,2.883571,0.911414,0.960142,0.06947882,0,3.94135616
scaled,50,0.2,0,1.927188,2.873084,0.917098,0.961489,0.05531941,0,3.94135616
scaled,50,0.3,0,1.662790,2.862510,0.922836,0.962120,0.04289561,0,3.94135616
scaled,50,0.4,0,1.422187,2.852087,0.928493,0.962234,0.03184823,0,3.94135616
scaled,50,0.5,0,1.275413,2.840930,0.934528,0.963055,0.02252740,0,3.94135616
scaled,50,0.6,0,1.040033,2.829848,0.940532,0.963553,0.01468028,0,3.94135616
scaled,50,0.7,0,0.946037,2.819036,0.946399,0.963713,0.00854286,0,3.94135616
scaled,50,0.8,0,0.961293,2.806785,0.953041,0.964802,0.00407520,0,3.94135616
scaled,50,0.9,0,1.097090,2.796058,0.958887,0.964763,0.00131424,0,3.94135616
scaled,50,1.0,0,0.987756,2.785101,0.964805,0.964805,0.00014379,198,3.94135616
scaled,50,0.0,1,2.761814,2.895000,0.903500,0.982580,0.08718775,0,2.14141520
scaled,50,0.1,1,2.512774,2.879779,0.911456,0.983059,0.07092479,0,2.14141520
scaled,50,0.2,1,2.119515,2.864417,0.919484,0.983420,0.05633781,0,2.14141520
scaled,50,0.3,1,1.963522,2.848831,0.927640,0.983965,0.04339273,0,2.14141520
scaled,50,0.4,1,1.840317,2.833233,0.935775,0.984188,0.03216563,0,2.14141520
scaled,50,0.5,1,1.555903,2.817485,0.944016,0.984533,0.02252292,0,2.14141520
scaled,50,0.6,1,1.464620,2.801766,0.952236,0.984726,0.01468240,0,2.14141520
scaled,50,0.7,1,1.378207,2.786100,0.960429,0.984827,0.00849668,0,2.14141520
scaled,50,0.8,1,1.374408,2.770129,0.968766,0.985083,0.00397020,0,2.14141520
scaled,50,0.9,1,1.420849,2.754237,0.977103,0.985281,0.00114432,0,2.14141520
scaled,50,1.0,1,1.434512,2.738526,0.985289,0.985289,0.00003578,0,2.14141520
scaled,50,0.0,2,1.453773,2.881000,0.894500,0.970193,0.09436975,0,3.05513511
scaled,50,0.1,2,1.132443,2.866802,0.902111,0.970608,0.07686297,0,3.05513511
scaled,50,0.2,2,0.653798,2.852207,0.909942,0.971709,0.06106657,0,3.05513511
scaled,50,0.3,2,0.682985,2.837449,0.917849,0.972330,0.04708870,0,3.05513511
scaled,50,0.4,2,0.498885,2.822582,0.925802,0.972756,0.03490389,0,3.05513511
scaled,50,0.5,2,0.321162,2.807626,0.933835,0.973171,0.02453502,0,3.05513511
scaled,50,0.6,2,0.376081,2.792389,0.942011,0.973684,0.01594198,0,3.05513511
scaled,50,0.7,2,0.352750,2.777110,0.950198,0.974068,0.00921071,0,3.05513511
scaled,50,0.8,2,0.280513,2.762042,0.958267,0.974208,0.00433550,0,3.05513511
scaled,50,0.9,2,0.459919,2.747365,0.966155,0.974117,0.00129839,0,3.05513511
scaled,50,1.0,2,0.378988,2.731843,0.974457,0.974457,0.00007393,196,3.05513511
scaled,50,0.0,3,2.122398,2.886000,0.898500,0.965433,0.09119775,0,2.80214478
scaled,50,0.1,3,1.906576,2.873356,0.905275,0.966246,0.07469217,0,2.80214478
scaled,50,0.2,3,1.473914,2.860636,0.912092,0.966459,0.05985804,0,2.80214478
scaled,50,0.3,3,1.430388,2.847604,0.919046,0.966986,0.04656953,0,2.80214478
scaled,50,0.4,3,1.361004,2.834501,0.926095,0.967487,0.03486231,0,2.80214478
scaled,50,0.5,3,1.206600,2.820955,0.933311,0.968122,0.02483909,0,2.80214478
scaled,50,0.6,3,1.135850,2.807588,0.940470,0.968450,0.01656525,0,2.80214478
scaled,50,0.7,3,1.265624,2.794245,0.947634,0.968691,0.00997986,0,2.80214478
scaled,50,0.8,3,1.185756,2.781278,0.954555,0.968568,0.00513942,0,2.80214478
scaled,50,0.9,3,1.330818,2.767916,0.961697,0.968719,0.00182053,0,2.80214478
scaled,50,1.0,3,1.308874,2.753660,0.969321,0.969321,0.00022860,193,2.80214478
scaled,50,0.0,4,2.180846,2.870500,0.882500,0.978816,0.10369375,0,2.44545683
scaled,50,0.1,4,1.890452,2.852102,0.892182,0.979319,0.08454111,0,2.44545683
scaled,50,0.2,4,1.495911,2.833591,0.901926,0.979631,0.06730410,0,2.44545683
scaled,50,0.3,4,1.312899,2.814947,0.911729,0.979930,0.05202909,0,2.44545683
scaled,50,0.4,4,1.378664,2.796180,0.921618,0.980296,0.03864640,0,2.44545683
scaled,50,0.5,4,1.157371,2.777667,0.931353,0.980206,0.02735318,0,2.44545683
scaled,50,0.6,4,1.212603,2.758497,0.941433,0.980721,0.01788713,0,2.44545683
scaled,50,0.7,4,1.314234,2.739980,0.951179,0.980613,0.01052803,0,2.44545683
scaled,50,0.8,4,1.215393,2.720729,0.961317,0.981022,0.00503470,0,2.44545683
scaled,50,0.9,4,1.325781,2.702665,0.970824,0.980638,0.00161218,0,2.44545683
scaled,50,1.0,4,1.374386,2.683504,0.980905,0.980905,0.00008859,189,2.44545683
scaled,50,0.0,5,2.502929,2.889500,0.902000,0.969921,0.08839600,0,2.76218994
scaled,50,0.1,5,2.087707,2.876578,0.908945,0.971452,0.07208975,0,2.76218994
scaled,50,0.2,5,1.720568,2.863646,0.915898,0.971489,0.05741309,0,2.76218994
scaled,50,0.3,5,1.665831,2.850004,0.923216,0.972721,0.04430509,0,2.76218994
scaled,50,0.4,5,1.426277,2.836473,0.930483,0.973208,0.03286020,0,2.76218994
scaled,50,0.5,5,1.233600,2.822386,0.938052,0.974105,0.02309954,0,2.76218994
scaled,50,0.6,5,1.194000,2.808950,0.945241,0.974069,0.01511823,0,2.76218994
scaled,50,0.7,5,1.106233,2.794433,0.953005,0.974864,0.00881801,0,2.76218994
scaled,50,0.8,5,1.262782,2.780794,0.960325,0.974907,0.00418433,0,2.76218994
scaled,50,0.9,5,1.228169,2.766804,0.967870,0.975189,0.00127551,0,2.76218994
scaled,50,1.0,5,1.116937,2.752830,0.975392,0.975392,0.00007334,195,2.76218994
scaled,50,0.0,6,2.172255,2.892000,0.905500,0.980446,0.08556975,0,2.36332570
scaled,50,0.1,6,1.846683,2.878009,0.913080,0.981297,0.06960514,0,2.36332570
scaled,50,0.2,6,1.426824,2.863861,0.920750,0.981749,0.05527309,0,2.36332570
scaled,50,0.3,6,1.022114,2.849530,0.928498,0.982161,0.04258501,0,2.36332570
scaled,50,0.4,6,0.772659,2.834905,0.936426,0.982815,0.03144115,0,2.36332570
scaled,50,0.5,6,0.679660,2.820338,0.944292,0.983085,0.02206856,0,2.36332570
scaled,50,0.6,6,0.543942,2.805847,0.952131,0.983219,0.01433343,0,2.36332570
scaled,50,0.7,6,0.471491,2.791020,0.960134,0.983549,0.00823047,0,2.36332570
scaled,50,0.8,6,0.571635,2.776873,0.967813,0.983392,0.00383669,0,2.36332570
scaled,50,0.9,6,0.554424,2.761834,0.975923,0.983748,0.00112026,0,2.36332570
scaled,50,1.0,6,0.565528,2.747043,0.983953,0.983953,0.00003148,0,2.36332570
scaled,50,0.0,7,1.660822,2.888500,0.898500,0.986060,0.09119775,0,2.27378411
scaled,50,0.1,7,1.153149,2.871734,0.907322,0.986716,0.07407176,0,2.27378411
scaled,50,0.2,7,0.935309,2.854676,0.916286,0.987432,0.05871662,0,2.27378411
scaled,50,0.3,7,0.665605,2.837600,0.925269,0.987731,0.04512098,0,2.27378411
scaled,50,0.4,7,0.441088,2.820390,0.934320,0.988051,0.03331019,0,2.27378411
scaled,50,0.5,7,0.415387,2.802961,0.943487,0.988474,0.02327390,0,2.27378411
scaled,50,0.6,7,0.347122,2.785579,0.952620,0.988700,0.01501836,0,2.27378411
scaled,50,0.7,7,0.270668,2.768138,0.961796,0.988922,0.00858396,0,2.27378411
scaled,50,0.8,7,0.372055,2.751066,0.970767,0.988834,0.00395840,0,2.27378411
scaled,50,0.9,7,0.337991,2.733323,0.980099,0.989166,0.00107853,0,2.27378411
scaled,50,1.0,7,0.352224,2.716074,0.989164,0.989164,0.00001470,0,2.27378411
scaled,50,0.0,8,1.145292,2.890500,0.902000,0.979571,0.08839600,0,2.63386697
scaled,50,0.1,8,0.780042,2.875868,0.909792,0.979916,0.07189166,0,2.63386697
scaled,50,0.2,8,0.678220,2.861025,0.917691,0.980457,0.05705509,0,2.63386697
scaled,50,0.3,8,0.376123,2.846016,0.925682,0.980942,0.04391696,0,2.63386697
scaled,50,0.4,8,0.334709,2.831116,0.933614,0.981034,0.03252041,0,2.63386697
scaled,50,0.5,8,0.284254,2.815805,0.941770,0.981539,0.02279926,0,2.63386697
scaled,50,0.6,8,0.317717,2.800828,0.949730,0.981551,0.01479897,0,2.63386697
scaled,50,0.7,8,0.375955,2.785338,0.957976,0.981965,0.00846560,0,2.63386697
scaled,50,0.8,8,0.401324,2.770480,0.965887,0.981858,0.00398464,0,2.63386697
scaled,50,0.9,8,0.256208,2.754905,0.974159,0.982177,0.00114826,0,2.63386697
scaled,50,1.0,8,0.500019,2.739894,0.982173,0.982173,0.00003800,165,2.63386697
scaled,50,0.0,9,3.077294,2.882500,0.891000,0.959461,0.09711900,0,1.60403176
scaled,50,0.1,9,2.435939,2.869113,0.897912,0.960116,0.07923821,0,1.60403176
scaled,50,0.2,9,2.398931,2.855630,0.904873,0.960367,0.06322229,0,1.60403176
scaled,50,0.3,9,1.637610,2.841585,0.912121,0.961404,0.04883425,0,1.60403176
scaled,50,0.4,9,1.627123,2.827831,0.919226,0.961565,0.03641736,0,1.60403176
scaled,50,0.5,9,1.378341,2.813725,0.926516,0.962032,0.02586939,0,1.60403176
scaled,50,0.6,9,1.113231,2.799430,0.933921,0.962536,0.01694924,0,1.60403176
scaled,50,0.7,9,1.270030,2.785261,0.941206,0.962723,0.01005347,0,1.60403176
scaled,50,0.8,9,1.106487,2.771429,0.948368,0.962711,0.00490670,0,1.60403176
scaled,50,0.9,9,1.160177,2.757207,0.955743,0.962937,0.00160082,0,1.60403176
scaled,50,1.0,9,1.190845,2.742647,0.963228,0.963228,0.00013381,174,1.60403176
scaled,50,0.0,10,3.727724,2.890500,0.904000,0.974917,0.08678400,0,2.32211675
scaled,50,0.1,10,3.413150,2.877214,0.911201,0.976014,0.07079257,0,2.32211675
scaled,50,0.2,10,3.150088,2.863528,0.918610,0.977051,0.05637160,0,2.32211675
scaled,50,0.3,10,2.620711,2.849882,0.926003,0.977345,0.04352208,0,2.32211675
scaled,50,0.4,10,2.286251,2.835723,0.933658,0.978144,0.03241697,0,2.32211675
scaled,50,0.5,10,1.929616,2.821520,0.941336,0.978671,0.02283406,0,2.32211675
scaled,50,0.6,10,1.708496,2.807158,0.949101,0.979168,0.01491748,0,2.32211675
scaled,50,0.7,10,1.673611,2.793036,0.956707,0.979296,0.00873497,0,2.32211675
scaled,50,0.8,10,1.365591,2.778107,0.964750,0.979938,0.00413372,0,2.32211675
scaled,50,0.9,10,1.435158,2.763924,0.972478,0.980086,0.00126373,0,2.32211675
scaled,50,1.0,10,1.553971,2.749907,0.980013,0.980013,0.00006876,196,2.32211675
scaled,50,0.0,11,1.851450,2.888500,0.899000,0.972047,0.09079900,0,2.33303967
scaled,50,0.1,11,1.323874,2.874462,0.906408,0.973078,0.07386294,0,2.33303967
scaled,50,0.2,11,1.416792,2.860132,0.913970,0.973851,0.05865584,0,2.33303967
scaled,50,0.3,11,1.011089,2.845918,0.921475,0.973916,0.04526261,0,2.33303967
scaled,50,0.4,11,0.839234,2.831278,0.929187,0.974469,0.03352432,0,2.33303967
scaled,50,0.5,11,0.615712,2.816216,0.937139,0.975278,0.02350213,0,2.33303967
scaled,50,0.6,11,0.654496,2.801398,0.944971,0.975618,0.01524213,0,2.33303967
scaled,50,0.7,11,0.677251,2.786643,0.952735,0.975764,0.00883057,0,2.33303967
scaled,50,0.8,11,0.683414,2.771409,0.960804,0.976256,0.00413068,0,2.33303967
scaled,50,0.9,11,0.689192,2.756446,0.968686,0.976429,0.00120317,0,2.33303967
scaled,50,1.0,11,0.739087,2.741521,0.976546,0.976546,0.00005085,129,2.33303967
scaled,50,0.0,12,3.322467,2.890000,0.901000,0.950883,0.08919900,0,1.36609355
scaled,50,0.1,12,2.908638,2.880459,0.906078,0.951782,0.07333709,0,1.36609355
scaled,50,0.2,12,2.579363,2.870600,0.911331,0.952657,0.05901262,0,1.36609355
scaled,50,0.3,12,2.288184,2.860407,0.916747,0.953489,0.04606315,0,1.36609355
scaled,50,0.4,12,2.051625,2.849941,0.922297,0.954242,0.03481799,0,1.36609355
scaled,50,0.5,12,1.863075,2.840131,0.927545,0.954090,0.02515723,0,1.36609355
scaled,50,0.6,12,1.594052,2.829996,0.932916,0.954193,0.01708663,0,1.36609355
scaled,50,0.7,12,1.500235,2.819129,0.938693,0.954847,0.01042337,0,1.36609355
scaled,50,0.8,12,1.676100,2.808837,0.944143,0.954929,0.00552064,0,1.36609355
scaled,50,0.9,12,1.534343,2.797211,0.950334,0.955815,0.00212039,0,1.36609355
scaled,50,1.0,12,1.653323,2.786914,0.955774,0.955774,0.00034503,188,1.36609355
scaled,50,0.0,13,3.063037,2.891500,0.902000,0.969913,0.08839600,0,1.72011671
scaled,50,0.1,13,2.865165,2.878521,0.908870,0.970700,0.07237687,0,1.72011671
scaled,50,0.2,13,2.449551,2.865442,0.915792,0.970961,0.05796170,0,1.72011671
scaled,50,0.3,13,2.002541,2.851967,0.922930,0.971767,0.04502959,0,1.72011671
scaled,50,0.4,13,1.798445,2.838487,0.930060,0.972150,0.03376148,0,1.72011671
scaled,50,0.5,13,1.703262,2.825016,0.937195,0.972390,0.02403177,0,1.72011671
scaled,50,0.6,13,1.788571,2.811375,0.944392,0.972653,0.01611066,0,1.72011671
scaled,50,0.7,13,1.689667,2.798145,0.951399,0.972570,0.00969838,0,1.72011671
scaled,50,0.8,13,1.779117,2.784255,0.958735,0.972919,0.00491145,0,1.72011671
scaled,50,0.9,13,1.705539,2.770779,0.965895,0.972994,0.00173069,0,1.72011671
scaled,50,1.0,13,1.824143,2.757531,0.972873,0.972873,0.00020834,196,1.72011671
scaled,50,0.0,14,3.221888,2.892500,0.904500,0.980464,0.08637975,0,2.85889383
scaled,50,0.1,14,2.766406,2.877965,0.912190,0.981395,0.07043251,0,2.85889383
scaled,50,0.2,14,2.487863,2.863168,0.920028,0.982142,0.05598733,0,2.85889383
scaled,50,0.3,14,2.018339,2.848050,0.928032,0.982939,0.04314716,0,2.85889383
scaled,50,0.4,14,1.722535,2.833135,0.935946,0.983115,0.03198166,0,2.85889383
scaled,50,0.5,14,1.529374,2.817818,0.944065,0.983631,0.02242964,0,2.85889383
scaled,50,0.6,14,1.396803,2.802474,0.952194,0.983990,0.01459674,0,2.85889383
scaled,50,0.7,14,1.266440,2.787267,0.960224,0.984105,0.00850072,0,2.85889383
scaled,50,0.8,14,1.207307,2.772089,0.968261,0.984202,0.00397693,0,2.85889383
scaled,50,0.9,14,1.345759,2.756871,0.976347,0.984330,0.00118804,0,2.85889383
scaled,50,1.0,14,1.320941,2.741429,0.984560,0.984560,0.00004419,92,2.85889383
scaled,50,0.0,15,3.671647,2.887500,0.895500,0.980955,0.09357975,0,1.89354257
scaled,50,0.1,15,3.184662,2.870851,0.904128,0.981785,0.07611371,0,1.89354257
scaled,50,0.2,15,2.768419,2.853899,0.912924,0.982619,0.06041456,0,1.89354257
scaled,50,0.3,15,2.524006,2.836851,0.921757,0.983024,0.04653689,0,1.89354257
scaled,50,0.4,15,2.307466,2.819784,0.930603,0.983258,0.03444035,0,1.89354257
scaled,50,0.5,15,2.058257,2.802301,0.939681,0.983861,0.02413266,0,1.89354257
scaled,50,0.6,15,1.834756,2.784820,0.948735,0.984225,0.01571089,0,1.89354257
scaled,50,0.7,15,1.878291,2.767448,0.957781,0.984472,0.00905357,0,1.89354257
scaled,50,0.8,15,1.695465,2.749930,0.966855,0.984694,0.00420992,0,1.89354257
scaled,50,0.9,15,1.926191,2.732700,0.975798,0.984719,0.00122240,0,1.89354257
scaled,50,1.0,15,1.989348,2.714857,0.985048,0.985048,0.00003053,88,1.89354257
scaled,50,0.0,16,2.436495,2.888000,0.898000,0.980827,0.09159600,0,2.65690943
scaled,50,0.1,16,1.733340,2.872150,0.906332,0.981320,0.07465178,0,2.65690943
scaled,50,0.2,16,1.522108,2.856191,0.914722,0.981609,0.05943986,0,2.65690943
scaled,50,0.3,16,1.286493,2.840092,0.923173,0.981910,0.04593928,0,2.65690943
scaled,50,0.4,16,0.985263,2.823800,0.931739,0.982348,0.03413152,0,2.65690943
scaled,50,0.5,16,0.723965,2.807691,0.940208,0.982416,0.02407838,0,2.65690943
scaled,50,0.6,16,0.472062,2.791500,0.948727,0.982545,0.01579665,0,2.65690943
scaled,50,0.7,16,0.597686,2.775262,0.957247,0.982639,0.00922085,0,2.65690943
scaled,50,0.8,16,0.679696,2.759054,0.965783,0.982729,0.00448815,0,2.65690943
scaled,50,0.9,16,0.720684,2.742416,0.974541,0.983045,0.00137632,0,2.65690943
scaled,50,1.0,16,0.741772,2.726480,0.982920,0.982920,0.00007759,198,2.65690943
scaled,50,0.0,17,2.824951,2.884000,0.895000,0.990353,0.09397500,0,2.63743077
scaled,50,0.1,17,2.547955,2.865815,0.904587,0.990868,0.07641024,0,2.63743077
scaled,50,0.2,17,2.316379,2.847491,0.914249,0.991247,0.06062826,0,2.63743077
scaled,50,0.3,17,1.992217,2.829029,0.923986,0.991620,0.04667897,0,2.63743077
scaled,50,0.4,17,1.655085,2.810365,0.933840,0.992101,0.03447754,0,2.63743077
scaled,50,0.5,17,1.518676,2.791794,0.943637,0.992273,0.02414214,0,2.63743077
scaled,50,0.6,17,1.337705,2.773044,0.953545,0.992574,0.01562525,0,2.63743077
scaled,50,0.7,17,1.445405,2.754580,0.963276,0.992537,0.00898758,0,2.63743077
scaled,50,0.8,17,1.214669,2.735684,0.973242,0.992803,0.00413579,0,2.63743077
scaled,50,0.9,17,1.298176,2.717011,0.983099,0.992888,0.00116580,0,2.63743077
scaled,50,1.0,17,1.257527,2.698321,0.992967,0.992967,0.00001840,0,2.63743077
scaled,50,0.0,18,2.099848,2.895500,0.905000,0.973988,0.08597500,0,3.47099703
scaled,50,0.1,18,1.767748,2.882084,0.912064,0.975635,0.06987618,0,3.47099703
scaled,50,0.2,18,1.395420,2.868241,0.919355,0.976774,0.05539638,0,3.47099703
scaled,50,0.3,18,1.365505,2.854149,0.926762,0.977539,0.04263622,0,3.47099703
scaled,50,0.4,18,0.857720,2.840026,0.934211,0.978028,0.03150247,0,3.47099703
scaled,50,0.5,18,0.718717,2.825244,0.941997,0.978994,0.02202569,0,3.47099703
scaled,50,0.6,18,0.480765,2.810950,0.949532,0.979221,0.01425939,0,3.47099703
scaled,50,0.7,18,0.469341,2.796225,0.957290,0.979700,0.00816836,0,3.47099703
scaled,50,0.8,18,0.375862,2.781732,0.964939,0.979924,0.00379840,0,3.47099703
scaled,50,0.9,18,0.657188,2.767059,0.972661,0.980179,0.00106549,0,3.47099703
scaled,50,1.0,18,0.580367,2.752817,0.980151,0.980151,0.00004327,188,3.47099703
scaled,50,0.0,19,2.573165,2.879000,0.893000,0.987986,0.09555100,0,2.24584024
scaled,50,0.1,19,2.367999,2.860985,0.902569,0.988688,0.07763127,0,2.24584024
scaled,50,0.2,19,1.789504,2.842779,0.912240,0.989198,0.06150621,0,2.24584024
scaled,50,0.3,19,1.361001,2.824502,0.921944,0.989480,0.04729352,0,2.24584024
scaled,50,0.4,19,1.182334,2.806002,0.931777,0.989943,0.03488219,0,2.24584024
scaled,50,0.5,19,0.859523,2.787619,0.941543,0.990086,0.02437184,0,2.24584024
scaled,50,0.6,19,0.754456,2.769140,0.951356,0.990260,0.01573669,0,2.24584024
scaled,50,0.7,19,0.704441,2.750562,0.961217,0.990453,0.00899243,0,2.24584024
scaled,50,0.8,19,0.677995,2.732163,0.970999,0.990499,0.00412474,0,2.24584024
scaled,50,0.9,19,0.613504,2.713589,0.980870,0.990633,0.00112370,0,2.24584024
scaled,50,1.0,19,0.785620,2.694804,0.990847,0.990847,0.00001177,0,2.24584024
scaled,75,0.0,0,3.614917,2.888000,0.900000,0.978428,0.09000000,0,1.72712154
scaled,75,0.1,0,3.161192,2.873070,0.907958,0.979579,0.07304728,0,1.72712154
scaled,75,0.2,0,2.697757,2.857712,0.916147,0.980733,0.05779674,0,1.72712154
scaled,75,0.3,0,2.097022,2.842157,0.924449,0.981496,0.04434603,0,1.72712154
scaled,75,0.4,0,1.921049,2.826397,0.932840,0.982099,0.03266514,0,1.72712154
scaled,75,0.5,0,1.890539,2.810666,0.941225,0.982450,0.02274536,0,1.72712154
scaled,75,0.6,0,1.563460,2.794696,0.949739,0.982899,0.01458394,0,1.72712154
scaled,75,0.7,0,1.754860,2.778794,0.958214,0.983163,0.00830253,0,1.72712154
scaled,75,0.8,0,1.640547,2.763115,0.966578,0.983222,0.00374882,0,1.72712154
scaled,75,0.9,0,1.695032,2.746995,0.975157,0.983508,0.00097261,0,1.72712154
scaled,75,1.0,0,1.782492,2.731031,0.983677,0.983677,0.00001209,13,1.72712154
scaled,75,0.0,1,3.137837,2.897000,0.905500,0.978698,0.08556975,0,1.80927660
scaled,75,0.1,1,2.524158,2.882853,0.912901,0.979510,0.06960302,0,1.80927660
scaled,75,0.2,1,2.165589,2.868498,0.920410,0.980048,0.05527174,0,1.80927660
scaled,75,0.3,1,2.000455,2.853971,0.928016,0.980555,0.04255994,0,1.80927660
scaled,75,0.4,1,1.751131,2.839490,0.935591,0.980729,0.03151491,0,1.80927660
scaled,75,0.5,1,1.590482,2.824798,0.943284,0.981068,0.02211906,0,1.80927660
scaled,75,0.6,1,1.295509,2.810051,0.950992,0.981320,0.01437777,0,1.80927660
scaled,75,0.7,1,1.444443,2.795380,0.958677,0.981468,0.00829176,0,1.80927660
scaled,75,0.8,1,1.348053,2.780385,0.966519,0.981774,0.00388001,0,1.80927660
scaled,75,0.9,1,1.478553,2.766052,0.974004,0.981615,0.00115205,0,1.80927660
scaled,75,1.0,1,1.394874,2.750889,0.981978,0.981978,0.00003495,91,1.80927660
scaled,75,0.0,2,3.906280,2.883000,0.895000,0.957787,0.09397500,0,1.68054990
scaled,75,0.1,2,3.369917,2.870972,0.901403,0.959025,0.07639724,0,1.68054990
scaled,75,0.2,2,2.803512,2.858672,0.907954,0.959769,0.06062015,0,1.68054990
scaled,75,0.3,2,2.629717,2.846166,0.914614,0.960380,0.04659655,0,1.68054990
scaled,75,0.4,2,2.251474,2.833267,0.921481,0.961202,0.03447989,0,1.68054990
scaled,75,0.5,2,2.152626,2.820419,0.928276,0.961553,0.02413005,0,1.68054990
scaled,75,0.6,2,1.985108,2.807966,0.934910,0.961516,0.01564911,0,1.68054990
scaled,75,0.7,2,2.011643,2.794350,0.942155,0.962364,0.00901051,0,1.68054990
scaled,75,0.8,2,2.102184,2.780976,0.949285,0.962856,0.00411817,0,1.68054990
scaled,75,0.9,2,2.132872,2.768427,0.955918,0.962687,0.00118021,0,1.68054990
scaled,75,1.0,2,2.178067,2.755585,0.962715,0.962715,0.00006542,186,1.68054990
scaled,75,0.0,3,2.786202,2.906000,0.911000,0.984943,0.08107900,0,1.66374050
scaled,75,0.1,3,2.112317,2.891499,0.918440,0.985402,0.06581408,0,1.66374050
scaled,75,0.2,3,1.852773,2.876777,0.925994,0.985971,0.05211917,0,1.66374050
scaled,75,0.3,3,1.496429,2.861909,0.933623,0.986410,0.04003645,0,1.66374050
scaled,75,0.4,3,1.219721,2.847068,0.941237,0.986592,0.02954248,0,1.66374050
scaled,75,0.5,3,0.847236,2.832023,0.948958,0.986916,0.02059853,0,1.66374050
scaled,75,0.6,3,0.859230,2.817007,0.956662,0.987104,0.01329706,0,1.66374050
scaled,75,0.7,3,0.994579,2.802059,0.964332,0.987188,0.00759410,0,1.66374050
scaled,75,0.8,3,0.911586,2.786793,0.972175,0.987468,0.00346534,0,1.66374050
scaled,75,0.9,3,0.847405,2.771968,0.979777,0.987419,0.00094589,0,1.66374050
scaled,75,1.0,3,0.651317,2.756672,0.987626,0.987626,0.00001092,0,1.66374050
scaled,75,0.0,4,2.564947,2.877000,0.892000,0.936807,0.09633600,0,1.43467187
scaled,75,0.1,4,2.268710,2.868684,0.896556,0.937556,0.07886376,0,1.43467187
scaled,75,0.2,4,1.885656,2.859838,0.901403,0.939016,0.06300223,0,1.43467187
scaled,75,0.3,4,1.713892,2.850923,0.906278,0.939592,0.04903605,0,1.43467187
scaled,75,0.4,4,1.257087,2.841388,0.911481,0.940702,0.03651038,0,1.43467187
scaled,75,0.5,4,1.194811,2.832471,0.916356,0.940712,0.02603401,0,1.43467187
scaled,75,0.6,4,0.822664,2.822254,0.921958,0.941930,0.01712011,0,1.43467187
scaled,75,0.7,4,1.000275,2.812231,0.927424,0.942606,0.01013823,0,1.43467187
scaled,75,0.8,4,0.811426,2.803174,0.932378,0.942472,0.00501045,0,1.43467187
scaled,75,0.9,4,0.985282,2.793772,0.937567,0.942630,0.00173502,0,1.43467187
scaled,75,1.0,4,1.066000,2.782837,0.943488,0.943488,0.00018395,198,1.43467187
scaled,75,0.0,5,4.722517,2.877500,0.893500,0.987320,0.09515775,0,2.44901948
scaled,75,0.1,5,4.013764,2.860037,0.902964,0.988140,0.07736559,0,2.44901948
scaled,75,0.2,5,3.565331,2.842396,0.912521,0.988607,0.06137684,0,2.44901948
scaled,75,0.3,5,3.205019,2.824537,0.922192,0.989140,0.04724340,0,2.44901948
scaled,75,0.4,5,2.808667,2.806781,0.931806,0.989265,0.03491954,0,2.44901948
scaled,75,0.5,5,2.301805,2.788567,0.941683,0.989865,0.02439791,0,2.44901948
scaled,75,0.6,5,2.299471,2.770785,0.951312,0.989853,0.01579587,0,2.44901948
scaled,75,0.7,5,2.227111,2.752669,0.961126,0.990109,0.00906269,0,2.44901948
scaled,75,0.8,5,2.353896,2.734644,0.970880,0.990225,0.00418573,0,2.44901948
scaled,75,0.9,5,2.422146,2.716799,0.980564,0.990237,0.00118025,0,2.44901948
scaled,75,1.0,5,2.632574,2.698563,0.990427,0.990427,0.00002013,0,2.44901948
scaled,75,0.0,6,4.035718,2.900000,0.908000,0.967707,0.08353600,0,1.27381932
scaled,75,0.1,6,3.437904,2.888365,0.914069,0.968691,0.06838799,0,1.27381932
scaled,75,0.2,6,3.056682,2.876517,0.920246,0.969231,0.05466511,0,1.27381932
scaled,75,0.3,6,2.661994,2.864512,0.926514,0.969713,0.04244592,0,1.27381932
scaled,75,0.4,6,2.601135,2.852595,0.932735,0.969836,0.03186574,0,1.27381932
scaled,75,0.5,6,2.504437,2.840339,0.939124,0.970248,0.02268912,0,1.27381932
scaled,75,0.6,6,2.309494,2.828285,0.945428,0.970380,0.01512299,0,1.27381932
scaled,75,0.7,6,2.536468,2.816193,0.951726,0.970466,0.00906405,0,1.27381932
scaled,75,0.8,6,2.167844,2.803842,0.958214,0.970768,0.00452857,0,1.27381932
scaled,75,0.9,6,2.290569,2.791855,0.964478,0.970753,0.00158887,0,1.27381932
scaled,75,1.0,6,2.464022,2.779304,0.971003,0.971003,0.00016116,177,1.27381932
scaled,75,0.0,7,3.621023,2.888000,0.900500,0.984411,0.08959975,0,1.62565865
scaled,75,0.1,7,3.038061,2.872103,0.908922,0.984715,0.07287882,0,1.62565865
scaled,75,0.2,7,2.827272,2.856107,0.917400,0.985000,0.05784181,0,1.62565865
scaled,75,0.3,7,2.086851,2.839974,0.925941,0.985303,0.04451677,0,1.62565865
scaled,75,0.4,7,1.998863,2.823694,0.934559,0.985647,0.03295675,0,1.62565865
scaled,75,0.5,7,1.808171,2.807588,0.943095,0.985690,0.02310556,0,1.62565865
scaled,75,0.6,7,1.411931,2.791340,0.951693,0.985821,0.01498766,0,1.62565865
scaled,75,0.7,7,1.579844,2.775011,0.960351,0.986002,0.00864837,0,1.62565865
scaled,75,0.8,7,1.638053,2.758808,0.968957,0.986072,0.00401150,0,1.62565865
scaled,75,0.9,7,1.496076,2.742347,0.977674,0.986249,0.00114697,0,1.62565865
scaled,75,1.0,7,1.480706,2.725840,0.986383,0.986383,0.00002294,0,1.62565865
scaled,75,0.0,8,4.074909,2.894000,0.900500,0.989422,0.08959975,0,1.96900738
scaled,75,0.1,8,3.560323,2.876622,0.909465,0.990148,0.07266852,0,1.96900738
scaled,75,0.2,8,3.132999,2.859054,0.918531,0.990656,0.05751400,0,1.96900738
scaled,75,0.3,8,2.297289,2.841298,0.927698,0.991161,0.04413016,0,1.96900738
scaled,75,0.4,8,1.672382,2.823492,0.936884,0.991459,0.03248795,0,1.96900738
scaled,75,0.5,8,1.516376,2.805708,0.946063,0.991627,0.02265712,0,1.96900738
scaled,75,0.6,8,1.449982,2.787811,0.955302,0.991837,0.01457428,0,1.96900738
scaled,75,0.7,8,1.139012,2.769862,0.964571,0.992030,0.00826654,0,1.96900738
scaled,75,0.8,8,1.249400,2.752071,0.973759,0.992074,0.00374681,0,1.96900738
scaled,75,0.9,8,1.049921,2.734127,0.983020,0.992188,0.00098468,0,1.96900738
scaled,75,1.0,8,1.310726,2.716350,0.992199,0.992199,0.00000571,0,1.96900738
scaled,75,0.0,9,4.747190,2.889000,0.898500,0.985751,0.09119775,0,1.77031217
scaled,75,0.1,9,4.194114,2.872255,0.907277,0.986275,0.07420012,0,1.77031217
scaled,75,0.2,9,4.063972,2.855336,0.916151,0.986757,0.05895036,0,1.77031217
scaled,75,0.3,9,3.514002,2.838440,0.925012,0.986874,0.04542284,0,1.77031217
scaled,75,0.4,9,3.251890,2.821272,0.933999,0.987246,0.03364781,0,1.77031217
scaled,75,0.5,9,3.148312,2.804183,0.942958,0.987416,0.02365353,0,1.77031217
scaled,75,0.6,9,2.939879,2.786945,0.952004,0.987673,0.01537595,0,1.77031217
scaled,75,0.7,9,2.800158,2.769980,0.960886,0.987623,0.00891452,0,1.77031217
scaled,75,0.8,9,2.863193,2.752677,0.969968,0.987835,0.00418017,0,1.77031217
scaled,75,0.9,9,2.811954,2.735330,0.979080,0.988033,0.00121846,0,1.77031217
scaled,75,1.0,9,3.065690,2.718070,0.988101,0.988101,0.00003291,0,1.77031217
scaled,75,0.0,10,3.702283,2.896000,0.906000,0.973367,0.08516400,0,1.28768895
scaled,75,0.1,10,3.200995,2.883119,0.912820,0.974201,0.06947346,0,1.28768895
scaled,75,0.2,10,2.722892,2.869973,0.919782,0.974909,0.05536368,0,1.28768895
scaled,75,0.3,10,2.176983,2.856657,0.926821,0.975403,0.04283044,0,1.28768895
scaled,75,0.4,10,1.949620,2.843123,0.933984,0.975961,0.03182747,0,1.28768895
scaled,75,0.5,10,1.461556,2.829504,0.941192,0.976383,0.02249705,0,1.28768895
scaled,75,0.6,10,1.548496,2.815983,0.948349,0.976582,0.01476733,0,1.28768895
scaled,75,0.7,10,1.344669,2.801820,0.955826,0.977180,0.00867260,0,1.28768895
scaled,75,0.8,10,1.409884,2.788408,0.962915,0.977143,0.00417377,0,1.28768895
scaled,75,0.9,10,1.489004,2.774601,0.970230,0.977367,0.00132823,0,1.28768895
scaled,75,1.0,10,1.341440,2.760539,0.977695,0.977695,0.00007059,125,1.28768895
scaled,75,0.0,11,4.000900,2.900000,0.905500,0.984465,0.08556975,0,2.01980386
scaled,75,0.1,11,3.537710,2.884459,0.913477,0.985270,0.06948519,0,2.01980386
scaled,75,0.2,11,2.850372,2.868730,0.921557,0.985784,0.05505488,0,2.01980386
scaled,75,0.3,11,2.327045,2.852790,0.929741,0.986304,0.04230635,0,2.01980386
scaled,75,0.4,11,2.214592,2.836711,0.938002,0.986755,0.03122494,0,2.01980386
scaled,75,0.5,11,1.903961,2.820652,0.946256,0.987012,0.02184339,0,2.01980386
scaled,75,0.6,11,1.636435,2.804584,0.954509,0.987182,0.01414257,0,2.01980386
scaled,75,0.7,11,1.845910,2.788373,0.962832,0.987402,0.00806217,0,2.01980386
scaled,75,0.8,11,2.044734,2.772335,0.971090,0.987487,0.00369633,0,2.01980386
scaled,75,0.9,11,1.865084,2.755976,0.979490,0.987711,0.00102522,0,2.01980386
scaled,75,1.0,11,2.139850,2.740053,0.987664,0.987664,0.00001511,0,2.01980386
scaled,75,0.0,12,3.890631,2.894500,0.901500,0.979681,0.08879775,0,2.27241287
scaled,75,0.1,12,3.308751,2.879295,0.909359,0.980089,0.07256302,0,2.27241287
scaled,75,0.2,12,2.773509,2.863862,0.917334,0.980672,0.05788365,0,2.27241287
scaled,75,0.3,12,2.710586,2.848322,0.925374,0.981078,0.04488695,0,2.27241287
scaled,75,0.4,12,2.362598,2.832837,0.933376,0.981190,0.03358286,0,2.27241287
scaled,75,0.5,12,2.189452,2.817193,0.941480,0.981459,0.02381956,0,2.27241287
scaled,75,0.6,12,2.202041,2.801413,0.949627,0.981712,0.01575942,0,2.27241287
scaled,75,0.7,12,2.143421,2.785554,0.957846,0.981995,0.00935158,0,2.27241287
scaled,75,0.8,12,2.071761,2.769742,0.966019,0.982149,0.00461936,0,2.27241287
scaled,75,0.9,12,2.156607,2.754175,0.974071,0.982134,0.00151866,0,2.27241287
scaled,75,1.0,12,2.018077,2.738285,0.982270,0.982270,0.00012746,133,2.27241287
scaled,75,0.0,13,5.397549,2.877500,0.889500,0.976320,0.09828975,0,1.73712609
scaled,75,0.1,13,4.904761,2.861061,0.898286,0.977359,0.07993873,0,1.73712609
scaled,75,0.2,13,4.344883,2.844207,0.907278,0.978388,0.06348926,0,1.73712609
scaled,75,0.3,13,3.550536,2.827035,0.916441,0.979304,0.04884369,0,1.73712609
scaled,75,0.4,13,3.001089,2.809860,0.925593,0.979733,0.03615430,0,1.73712609
scaled,75,0.5,13,2.544098,2.792157,0.935030,0.980560,0.02529520,0,1.73712609
scaled,75,0.6,13,2.155208,2.774918,0.944229,0.980714,0.01641074,0,1.73712609
scaled,75,0.7,13,2.060213,2.757299,0.953623,0.981104,0.00943231,0,1.73712609
scaled,75,0.8,13,1.972488,2.739664,0.963019,0.981399,0.00437050,0,1.73712609
scaled,75,0.9,13,2.068907,2.721959,0.972449,0.981665,0.00124978,0,1.73712609
scaled,75,1.0,13,2.121931,2.704419,0.981795,0.981795,0.00003190,112,1.73712609
scaled,75,0.0,14,5.143359,2.877000,0.889500,0.964778,0.09828975,0,1.38423060
scaled,75,0.1,14,4.525624,2.862558,0.897166,0.966158,0.07992659,0,1.38423060
scaled,75,0.2,14,3.850471,2.847573,0.905110,0.967551,0.06345492,0,1.38423060
scaled,75,0.3,14,3.186328,2.832165,0.913291,0.968802,0.04884381,0,1.38423060
scaled,75,0.4,14,2.519800,2.816581,0.921556,0.969641,0.03615453,0,1.38423060
scaled,75,0.5,14,2.063701,2.800725,0.929946,0.970391,0.02535491,0,1.38423060
scaled,75,0.6,14,1.636468,2.784962,0.938314,0.970857,0.01643858,0,1.38423060
scaled,75,0.7,14,1.595270,2.768940,0.946785,0.971335,0.00952219,0,1.38423060
scaled,75,0.8,14,1.512046,2.753000,0.955276,0.971720,0.00441063,0,1.38423060
scaled,75,0.9,14,1.503449,2.737085,0.963697,0.971941,0.00127578,0,1.38423060
scaled,75,1.0,14,1.507723,2.721382,0.972004,0.972004,0.00004645,185,1.38423060
scaled,75,0.0,15,5.423650,2.882500,0.894000,0.980097,0.09476400,0,1.43186374
scaled,75,0.1,15,4.945915,2.866063,0.902696,0.980955,0.07712449,0,1.43186374
scaled,75,0.2,15,4.481550,2.849468,0.911474,0.981369,0.06130026,0,1.43186374
scaled,75,0.3,15,4.049990,2.832681,0.920354,0.981846,0.04722991,0,1.43186374
scaled,75,0.4,15,3.748467,2.815971,0.929188,0.981970,0.03503405,0,1.43186374
scaled,75,0.5,15,3.260446,2.799046,0.938140,0.982280,0.02462656,0,1.43186374
scaled,75,0.6,15,2.933271,2.781865,0.947224,0.982707,0.01602787,0,1.43186374
scaled,75,0.7,15,2.910979,2.764896,0.956207,0.982867,0.00928044,0,1.43186374
scaled,75,0.8,15,2.755524,2.747836,0.965222,0.983028,0.00434839,0,1.43186374
scaled,75,0.9,15,3.086608,2.730962,0.974141,0.983046,0.00126968,0,1.43186374
scaled,75,1.0,15,2.992099,2.713781,0.983214,0.983214,0.00004104,0,1.43186374
scaled,75,0.0,16,4.963144,2.899000,0.905500,0.988226,0.08556975,0,2.21082511
scaled,75,0.1,16,4.266838,2.882898,0.913826,0.988759,0.06944166,0,2.21082511
scaled,75,0.2,16,3.922359,2.866648,0.922228,0.989140,0.05497938,0,2.21082511
scaled,75,0.3,16,3.348589,2.850365,0.930646,0.989319,0.04222878,0,2.21082511
scaled,75,0.4,16,2.986239,2.833998,0.939107,0.989518,0.03115430,0,2.21082511
scaled,75,0.5,16,2.442675,2.817403,0.947690,0.989881,0.02171333,0,2.21082511
scaled,75,0.6,16,2.512436,2.801026,0.956160,0.989933,0.01403334,0,2.21082511
scaled,75,0.7,16,2.173174,2.784517,0.964698,0.990068,0.00800109,0,2.21082511
scaled,75,0.8,16,1.905230,2.767738,0.973369,0.990337,0.00363410,0,2.21082511
scaled,75,0.9,16,1.842560,2.751380,0.981823,0.990303,0.00097923,0,2.21082511
scaled,75,1.0,16,1.983097,2.734428,0.990604,0.990604,0.00000823,0,2.21082511
scaled,75,0.0,17,4.761114,2.881000,0.892500,0.977373,0.09594375,0,1.57611572
scaled,75,0.1,17,4.410857,2.864882,0.901011,0.977607,0.07821985,0,1.57611572
scaled,75,0.2,17,3.864636,2.848570,0.909627,0.978136,0.06228664,0,1.57611572
scaled,75,0.3,17,3.103781,2.832141,0.918300,0.978500,0.04812929,0,1.57611572
scaled,75,0.4,17,2.883921,2.815658,0.927002,0.978755,0.03578365,0,1.57611572
scaled,75,0.5,17,2.531116,2.799174,0.935699,0.978897,0.02533223,0,1.57611572
scaled,75,0.6,17,2.373987,2.782676,0.944441,0.979069,0.01658561,0,1.57611572
scaled,75,0.7,17,2.266626,2.765781,0.953341,0.979416,0.00970532,0,1.57611572
scaled,75,0.8,17,2.382993,2.749007,0.962200,0.979625,0.00466588,0,1.57611572
scaled,75,0.9,17,2.270086,2.732574,0.970903,0.979614,0.00145055,0,1.57611572
scaled,75,1.0,17,2.326766,2.716108,0.979589,0.979589,0.00007912,0,1.57611572
scaled,75,0.0,18,5.056637,2.872500,0.884500,0.958665,0.10215975,0,1.54690277
scaled,75,0.1,18,4.369088,2.858244,0.892064,0.960140,0.08339423,0,1.54690277
scaled,75,0.2,18,3.952505,2.843541,0.899862,0.961310,0.06647805,0,1.54690277
scaled,75,0.3,18,3.404287,2.828389,0.907919,0.962565,0.05131221,0,1.54690277
scaled,75,0.4,18,2.910002,2.813157,0.916000,0.963251,0.03823983,0,1.54690277
scaled,75,0.5,18,2.791992,2.798112,0.923993,0.963487,0.02700131,0,1.54690277
scaled,75,0.6,18,2.380454,2.782367,0.932353,0.964254,0.01765658,0,1.54690277
scaled,75,0.7,18,2.793256,2.766384,0.940865,0.965022,0.01031727,0,1.54690277
scaled,75,0.8,18,2.326230,2.750767,0.949193,0.965366,0.00496355,0,1.54690277
scaled,75,0.9,18,2.388415,2.734725,0.957665,0.965794,0.00153192,0,1.54690277
scaled,75,1.0,18,2.617066,2.719639,0.965691,0.965691,0.00010064,131,1.54690277
scaled,75,0.0,19,2.286058,2.895500,0.905000,0.971003,0.08597500,0,1.60695622
scaled,75,0.1,19,1.669764,2.882906,0.911639,0.971389,0.06999605,0,1.60695622
scaled,75,0.2,19,1.480012,2.869906,0.918491,0.972453,0.05563907,0,1.60695622
scaled,75,0.3,19,0.810795,2.856890,0.925341,0.972802,0.04290832,0,1.60695622
scaled,75,0.4,19,1.059301,2.843648,0.932325,0.973312,0.03180033,0,1.60695622
scaled,75,0.5,19,0.876459,2.830338,0.939341,0.973683,0.02236261,0,1.60695622
scaled,75,0.6,19,0.740847,2.816787,0.946466,0.974110,0.01458783,0,1.60695622
scaled,75,0.7,19,0.807151,2.803574,0.953444,0.974205,0.00845084,0,1.60695622
scaled,75,0.8,19,0.753496,2.790301,0.960427,0.974283,0.00398961,0,1.60695622
scaled,75,0.9,19,0.670154,2.776529,0.967665,0.974628,0.00118846,0,1.60695622
scaled,75,1.0,19,0.654254,2.763234,0.974677,0.974677,0.00005261,115,1.60695622
scaled,100,0.0,0,4.786799,2.888500,0.898500,0.982765,0.09119775,0,1.18318580
scaled,100,0.1,0,4.290067,2.872334,0.907002,0.983523,0.07407691,0,1.18318580
scaled,100,0.2,0,3.763486,2.856086,0.915549,0.983745,0.05873898,0,1.18318580
scaled,100,0.3,0,3.319329,2.839685,0.924176,0.984088,0.04514381,0,1.18318580
scaled,100,0.4,0,2.837203,2.823162,0.932863,0.984408,0.03332420,0,1.18318580
scaled,100,0.5,0,2.705334,2.806541,0.941594,0.984689,0.02333007,0,1.18318580
scaled,100,0.6,0,2.802608,2.790074,0.950255,0.984759,0.01509429,0,1.18318580
scaled,100,0.7,0,2.617891,2.773332,0.959064,0.985020,0.00865009,0,1.18318580
scaled,100,0.8,0,2.620567,2.756779,0.967766,0.985083,0.00397802,0,1.18318580
scaled,100,0.9,0,2.893850,2.740032,0.976570,0.985244,0.00109291,0,1.18318580
scaled,100,1.0,0,2.771192,2.723459,0.985281,0.985281,0.00001597,0,1.18318580
scaled,100,0.0,1,7.285053,2.883500,0.896000,0.964556,0.09318400,0,1.09596665
scaled,100,0.1,1,6.323928,2.870275,0.903048,0.966477,0.07605244,0,1.09596665
scaled,100,0.2,1,5.574624,2.856322,0.910483,0.968414,0.06054030,0,1.09596665
scaled,100,0.3,1,4.886069,2.841866,0.918190,0.969965,0.04668705,0,1.09596665
scaled,100,0.4,1,4.414245,2.827350,0.925927,0.970818,0.03467453,0,1.09596665
scaled,100,0.5,1,3.857521,2.812683,0.933748,0.971497,0.02439768,0,1.09596665
scaled,100,0.6,1,3.109262,2.797873,0.941665,0.972109,0.01589293,0,1.09596665
scaled,100,0.7,1,3.129644,2.783177,0.949489,0.972414,0.00924649,0,1.09596665
scaled,100,0.8,1,2.812058,2.768072,0.957580,0.972975,0.00433873,0,1.09596665
scaled,100,0.9,1,3.043851,2.752588,0.965828,0.973587,0.00128169,0,1.09596665
scaled,100,1.0,1,3.119245,2.737970,0.973615,0.973615,0.00004945,12,1.09596665
scaled,100,0.0,2,5.606915,2.885500,0.898500,0.982526,0.09119775,0,1.16207201
scaled,100,0.1,2,5.022465,2.869670,0.906976,0.983258,0.07423340,0,1.16207201
scaled,100,0.2,2,4.335974,2.853570,0.915599,0.983996,0.05894446,0,1.16207201
scaled,100,0.3,2,3.892915,2.837291,0.924311,0.984537,0.04539133,0,1.16207201
scaled,100,0.4,2,3.014180,2.820780,0.933150,0.985124,0.03356791,0,1.16207201
scaled,100,0.5,2,2.652060,2.804431,0.941907,0.985315,0.02356591,0,1.16207201
scaled,100,0.6,2,2.277888,2.787943,0.950728,0.985546,0.01530364,0,1.16207201
scaled,100,0.7,2,2.009966,2.771345,0.959611,0.985801,0.00877931,0,1.16207201
scaled,100,0.8,2,2.192397,2.754915,0.968404,0.985880,0.00410119,0,1.16207201
scaled,100,0.9,2,1.960276,2.738230,0.977320,0.986078,0.00117011,0,1.16207201
scaled,100,1.0,2,2.250930,2.721701,0.986179,0.986179,0.00002327,0,1.16207201
scaled,100,0.0,3,5.010034,2.895500,0.908500,0.988705,0.08312775,0,1.55905067
scaled,100,0.1,3,4.216200,2.880585,0.916555,0.989046,0.06755863,0,1.55905067
scaled,100,0.2,3,3.853288,2.865516,0.924691,0.989455,0.05355724,0,1.55905067
scaled,100,0.3,3,3.357970,2.850369,0.932866,0.989722,0.04119522,0,1.55905067
scaled,100,0.4,3,2.786127,2.835125,0.941095,0.989989,0.03041302,0,1.55905067
scaled,100,0.5,3,2.310596,2.819901,0.949313,0.990126,0.02128264,0,1.55905067
scaled,100,0.6,3,2.125446,2.804594,0.957573,0.990289,0.01375261,0,1.55905067
scaled,100,0.7,3,2.222302,2.789270,0.965840,0.990414,0.00785736,0,1.55905067
scaled,100,0.8,3,2.463885,2.774059,0.974051,0.990439,0.00363019,0,1.55905067
scaled,100,0.9,3,2.200846,2.758821,0.982293,0.990493,0.00100629,0,1.55905067
scaled,100,1.0,3,2.439269,2.743180,0.990696,0.990696,0.00001281,0,1.55905067
scaled,100,0.0,4,4.959557,2.888500,0.898500,0.958131,0.09119775,0,1.39257261
scaled,100,0.1,4,4.128013,2.876825,0.904624,0.959742,0.07417962,0,1.39257261
scaled,100,0.2,4,3.467139,2.864730,0.910983,0.960917,0.05891035,0,1.39257261
scaled,100,0.3,4,2.904847,2.852200,0.917540,0.961966,0.04536935,0,1.39257261
scaled,100,0.4,4,2.426796,2.839902,0.924016,0.962291,0.03368391,0,1.39257261
scaled,100,0.5,4,2.084827,2.826819,0.930905,0.963311,0.02358546,0,1.39257261
scaled,100,0.6,4,1.684493,2.813841,0.937720,0.963867,0.01533193,0,1.39257261
scaled,100,0.7,4,1.803783,2.801302,0.944309,0.963941,0.00889439,0,1.39257261
scaled,100,0.8,4,1.943328,2.788238,0.951213,0.964392,0.00417687,0,1.39257261
scaled,100,0.9,4,1.687673,2.774833,0.958238,0.964876,0.00121399,0,1.39257261
scaled,100,1.0,4,1.849121,2.762285,0.964849,0.964849,0.00005387,198,1.39257261
scaled,100,0.0,5,5.032337,2.877000,0.889500,0.984824,0.09828975,0,1.61066421
scaled,100,0.1,5,4.649871,2.858919,0.899083,0.985327,0.08001751,0,1.61066421
scaled,100,0.2,5,4.037402,2.840709,0.908737,0.985687,0.06360576,0,1.61066421
scaled,100,0.3,5,3.291737,2.822427,0.918431,0.985936,0.04902241,0,1.61066421
scaled,100,0.4,5,2.830337,2.803922,0.928235,0.986337,0.03632877,0,1.61066421
scaled,100,0.5,5,2.710647,2.785675,0.937903,0.986306,0.02556155,0,1.61066421
scaled,100,0.6,5,2.453145,2.767019,0.947782,0.986636,0.01663923,0,1.61066421
scaled,100,0.7,5,2.331416,2.748743,0.957481,0.986616,0.00966699,0,1.61066421
scaled,100,0.8,5,2.568860,2.730155,0.967313,0.986767,0.00455646,0,1.61066421
scaled,100,0.9,5,2.355040,2.711687,0.977125,0.986862,0.00134954,0,1.61066421
scaled,100,1.0,5,2.574856,2.693188,0.986935,0.986935,0.00004129,0,1.61066421
scaled,100,0.0,6,3.752141,2.896000,0.904500,0.967266,0.08637975,0,1.11926320
scaled,100,0.1,6,3.179354,2.883801,0.910878,0.968284,0.07035751,0,1.11926320
scaled,100,0.2,6,2.644333,2.871380,0.917364,0.968822,0.05592303,0,1.11926320
scaled,100,0.3,6,2.314639,2.858885,0.923895,0.969151,0.04316323,0,1.11926320
scaled,100,0.4,6,1.650342,2.846062,0.930599,0.969747,0.03202228,0,1.11926320
scaled,100,0.5,6,1.159558,2.833403,0.937208,0.969915,0.02253215,0,1.11926320
scaled,100,0.6,6,1.198110,2.820122,0.944153,0.970588,0.01470329,0,1.11926320
scaled,100,0.7,6,1.112230,2.807660,0.950678,0.970469,0.00857517,0,1.11926320
scaled,100,0.8,6,1.107669,2.794278,0.957650,0.970938,0.00407660,0,1.11926320
scaled,100,0.9,6,1.274365,2.781072,0.964555,0.971227,0.00123440,0,1.11926320
scaled,100,1.0,6,1.075168,2.768150,0.971287,0.971287,0.00005751,171,1.11926320
scaled,100,0.0,7,6.968893,2.887000,0.896000,0.977541,0.09318400,0,1.22558734
scaled,100,0.1,7,6.076221,2.871326,0.904250,0.978499,0.07580434,0,1.22558734
scaled,100,0.2,7,5.709324,2.855394,0.912644,0.979221,0.06018427,0,1.22558734
scaled,100,0.3,7,4.989895,2.839311,0.921110,0.979701,0.04632814,0,1.22558734
scaled,100,0.4,7,4.253039,2.822957,0.929705,0.980264,0.03431601,0,1.22558734
scaled,100,0.5,7,3.554611,2.806705,0.938287,0.980575,0.02406806,0,1.22558734
scaled,100,0.6,7,3.439514,2.790141,0.947010,0.981016,0.01562706,0,1.22558734
scaled,100,0.7,7,2.962103,2.773688,0.955653,0.981218,0.00900622,0,1.22558734
scaled,100,0.8,7,3.096949,2.757142,0.964368,0.981460,0.00417124,0,1.22558734
scaled,100,0.9,7,2.939670,2.740614,0.973070,0.981633,0.00121799,0,1.22558734
scaled,100,1.0,7,2.687919,2.724118,0.981780,0.981780,0.00003003,0,1.22558734
scaled,100,0.0,8,5.849471,2.887000,0.899000,0.960968,0.09079900,0,1.16847577
scaled,100,0.1,8,5.582552,2.875177,0.905306,0.962057,0.07444482,0,1.16847577
scaled,100,0.2,8,5.020595,2.863085,0.911762,0.962808,0.05967460,0,1.16847577
scaled,100,0.3,8,4.475887,2.850831,0.918313,0.963376,0.04645679,0,1.16847577
scaled,100,0.4,8,3.922143,2.838315,0.924978,0.963945,0.03487316,0,1.16847577
scaled,100,0.5,8,3.368947,2.825701,0.931717,0.964434,0.02494516,0,1.16847577
scaled,100,0.6,8,3.243907,2.812996,0.938499,0.964832,0.01667382,0,1.16847577
scaled,100,0.7,8,3.002288,2.800452,0.945176,0.964965,0.01001734,0,1.16847577
scaled,100,0.8,8,2.936999,2.787846,0.951921,0.965151,0.00516625,0,1.16847577
scaled,100,0.9,8,3.275192,2.774900,0.958843,0.965492,0.00185730,0,1.16847577
scaled,100,1.0,8,2.975031,2.762038,0.965759,0.965759,0.00023176,167,1.16847577
scaled,100,0.0,9,5.210031,2.880500,0.894000,0.967469,0.09476400,0,0.87225002
scaled,100,0.1,9,4.358724,2.866555,0.901483,0.968831,0.07713489,0,0.87225002
scaled,100,0.2,9,3.757634,2.852228,0.909169,0.969845,0.06126361,0,0.87225002
scaled,100,0.3,9,2.907701,2.837710,0.916962,0.970541,0.04719636,0,0.87225002
scaled,100,0.4,9,2.395292,2.822812,0.924940,0.971351,0.03490543,0,0.87225002
scaled,100,0.5,9,2.102852,2.808150,0.932792,0.971583,0.02450304,0,0.87225002
scaled,100,0.6,9,1.753936,2.793084,0.940864,0.972106,0.01589319,0,0.87225002
scaled,100,0.7,9,1.716761,2.778013,0.948928,0.972469,0.00917328,0,0.87225002
scaled,100,0.8,9,1.833175,2.763140,0.956913,0.972641,0.00427676,0,0.87225002
scaled,100,0.9,9,1.699155,2.748164,0.964940,0.972822,0.00122079,0,0.87225002
scaled,100,1.0,9,1.886633,2.732929,0.973090,0.973090,0.00003362,0,0.87225002
scaled,100,0.0,10,5.259279,2.885500,0.897000,0.981680,0.09239100,0,1.22728740
scaled,100,0.1,10,4.584008,2.869440,0.905513,0.982130,0.07526614,0,1.22728740
scaled,100,0.2,10,4.087020,2.853218,0.914113,0.982563,0.05986688,0,1.22728740
scaled,100,0.3,10,3.486881,2.836908,0.922757,0.982855,0.04619242,0,1.22728740
scaled,100,0.4,10,3.029767,2.820558,0.931416,0.983041,0.03431556,0,1.22728740
scaled,100,0.5,10,2.665969,2.804025,0.940183,0.983366,0.02420047,0,1.22728740
scaled,100,0.6,10,2.753149,2.787505,0.948939,0.983565,0.01582469,0,1.22728740
scaled,100,0.7,10,2.666696,2.770976,0.957683,0.983690,0.00922742,0,1.22728740
scaled,100,0.8,10,2.344922,2.754464,0.966436,0.983795,0.00438982,0,1.22728740
scaled,100,0.9,10,2.498798,2.737850,0.975234,0.983927,0.00133090,0,1.22728740
scaled,100,1.0,10,2.577952,2.721493,0.983918,0.983918,0.00005505,0,1.22728740
scaled,100,0.0,11,6.572722,2.888000,0.899000,0.965397,0.09079900,0,0.96902414
scaled,100,0.1,11,5.917321,2.875355,0.905702,0.966017,0.07415923,0,0.96902414
scaled,100,0.2,11,5.429719,2.862518,0.912502,0.966511,0.05911443,0,0.96902414
scaled,100,0.3,11,4.986766,2.849625,0.919325,0.966749,0.04578502,0,0.96902414
scaled,100,0.4,11,4.153281,2.836476,0.926297,0.967244,0.03410867,0,0.96902414
scaled,100,0.5,11,3.646732,2.823296,0.933266,0.967532,0.02420484,0,0.96902414
scaled,100,0.6,11,3.371237,2.810116,0.940261,0.967769,0.01591657,0,0.96902414
scaled,100,0.7,11,3.189092,2.796859,0.947271,0.967959,0.00937577,0,0.96902414
scaled,100,0.8,11,3.072953,2.784077,0.954057,0.967821,0.00462975,0,0.96902414
scaled,100,0.9,11,3.477385,2.770595,0.961168,0.968076,0.00148500,0,0.96902414
scaled,100,1.0,11,3.135016,2.757182,0.968290,0.968290,0.00010427,187,0.96902414
scaled,100,0.0,12,5.407027,2.899000,0.908000,0.976993,0.08353600,0,1.13274513
scaled,100,0.1,12,4.676178,2.885652,0.915033,0.978326,0.06791350,0,1.13274513
scaled,100,0.2,12,4.169908,2.871947,0.922250,0.979251,0.05389794,0,1.13274513
scaled,100,0.3,12,3.504936,2.858050,0.929563,0.979876,0.04145602,0,1.13274513
scaled,100,0.4,12,3.269657,2.844028,0.936931,0.980328,0.03066438,0,1.13274513
scaled,100,0.5,12,2.845877,2.829941,0.944338,0.980676,0.02149431,0,1.13274513
scaled,100,0.6,12,2.409087,2.815787,0.951800,0.981000,0.01392247,0,1.13274513
scaled,100,0.7,12,2.476934,2.801361,0.959378,0.981397,0.00799108,0,1.13274513
scaled,100,0.8,12,2.577336,2.787242,0.966800,0.981500,0.00369762,0,1.13274513
scaled,100,0.9,12,2.638252,2.772772,0.974413,0.981792,0.00103794,0,1.13274513
scaled,100,1.0,12,2.755987,2.758738,0.981810,0.981810,0.00002316,0,1.13274513
scaled,100,0.0,13,5.845004,2.899500,0.907500,0.977131,0.08394375,0,1.07436091
scaled,100,0.1,13,4.860846,2.885982,0.914560,0.978097,0.06836827,0,1.07436091
scaled,100,0.2,13,4.299356,2.872273,0.921718,0.978591,0.05437111,0,1.07436091
scaled,100,0.3,13,3.692941,2.858321,0.929003,0.979177,0.04196290,0,1.07436091
scaled,100,0.4,13,3.266878,2.844243,0.936362,0.979656,0.03112465,0,1.07436091
scaled,100,0.5,13,2.862852,2.830234,0.943675,0.979850,0.02186460,0,1.07436091
scaled,100,0.6,13,2.646382,2.816223,0.950976,0.979959,0.01431734,0,1.07436091
scaled,100,0.7,13,2.580615,2.801876,0.958484,0.980335,0.00827409,0,1.07436091
scaled,100,0.8,13,2.219053,2.787602,0.965932,0.980540,0.00392689,0,1.07436091
scaled,100,0.9,13,2.359113,2.773445,0.973336,0.980651,0.00116361,0,1.07436091
scaled,100,1.0,13,2.181694,2.759094,0.980818,0.980818,0.00004189,0,1.07436091
scaled,100,0.0,14,5.864356,2.894500,0.908000,0.988413,0.08353600,0,1.22421142
scaled,100,0.1,14,5.402835,2.879563,0.916085,0.988855,0.06794595,0,1.22421142
scaled,100,0.2,14,4.560458,2.864489,0.924250,0.989248,0.05393302,0,1.22421142
scaled,100,0.3,14,4.109782,2.849257,0.932486,0.989619,0.04151408,0,1.22421142
scaled,100,0.4,14,3.848366,2.834028,0.940734,0.989834,0.03071150,0,1.22421142
scaled,100,0.5,14,3.362358,2.818721,0.949018,0.990036,0.02154813,0,1.22421142
scaled,100,0.6,14,2.883413,2.803261,0.957386,0.990310,0.01394953,0,1.22421142
scaled,100,0.7,14,2.827846,2.788030,0.965628,0.990326,0.00802558,0,1.22421142
scaled,100,0.8,14,3.136188,2.772607,0.973963,0.990453,0.00372924,0,1.22421142
scaled,100,0.9,14,3.138601,2.757241,0.982280,0.990534,0.00106507,0,1.22421142
scaled,100,1.0,14,3.240996,2.742056,0.990485,0.990485,0.00002066,0,1.22421142
scaled,100,0.0,15,5.097006,2.876000,0.888500,0.979692,0.09906775,0,1.32397115
scaled,100,0.1,15,4.382156,2.858597,0.897718,0.980681,0.08058991,0,1.32397115
scaled,100,0.2,15,3.786988,2.841004,0.907036,0.981178,0.06399497,0,1.32397115
scaled,100,0.3,15,3.352174,2.823086,0.916525,0.981917,0.04927045,0,1.32397115
scaled,100,0.4,15,2.860279,2.805094,0.926061,0.982402,0.03646814,0,1.32397115
scaled,100,0.5,15,2.367619,2.787109,0.935582,0.982664,0.02563566,0,1.32397115
scaled,100,0.6,15,2.283881,2.768952,0.945211,0.983019,0.01660916,0,1.32397115
scaled,100,0.7,15,1.918334,2.750579,0.954945,0.983421,0.00955731,0,1.32397115
scaled,100,0.8,15,2.078614,2.732502,0.964525,0.983531,0.00447227,0,1.32397115
scaled,100,0.9,15,2.186244,2.714305,0.974159,0.983676,0.00129968,0,1.32397115
scaled,100,1.0,15,1.985608,2.695748,0.983973,0.983973,0.00002994,0,1.32397115
scaled,100,0.0,16,6.349478,2.886000,0.895000,0.974645,0.09397500,0,1.10587595
scaled,100,0.1,16,5.688441,2.870553,0.903049,0.975491,0.07648128,0,1.10587595
scaled,100,0.2,16,5.287857,2.854915,0.911203,0.976015,0.06078991,0,1.10587595
scaled,100,0.3,16,4.142911,2.839068,0.919457,0.976523,0.04683180,0,1.10587595
scaled,100,0.4,16,3.728150,2.823064,0.927793,0.976984,0.03474084,0,1.10587595
scaled,100,0.5,16,3.358033,2.807065,0.936135,0.977269,0.02442677,0,1.10587595
scaled,100,0.6,16,2.919172,2.790505,0.944772,0.977953,0.01587728,0,1.10587595
scaled,100,0.7,16,2.750228,2.774376,0.953172,0.978102,0.00919565,0,1.10587595
scaled,100,0.8,16,2.630452,2.758196,0.961611,0.978264,0.00430233,0,1.10587595
scaled,100,0.9,16,2.867628,2.742196,0.969954,0.978282,0.00127421,0,1.10587595
scaled,100,1.0,16,2.626697,2.725652,0.978554,0.978554,0.00004040,158,1.10587595
scaled,100,0.0,17,5.603166,2.889000,0.898000,0.958215,0.09159600,0,1.15578951
scaled,100,0.1,17,5.003305,2.877237,0.904128,0.959281,0.07458827,0,1.15578951
scaled,100,0.2,17,4.050599,2.865114,0.910446,0.960232,0.05928135,0,1.15578951
scaled,100,0.3,17,3.257962,2.852585,0.916981,0.961271,0.04574647,0,1.15578951
scaled,100,0.4,17,2.546420,2.839953,0.923552,0.961879,0.03395902,0,1.15578951
scaled,100,0.5,17,2.018235,2.826978,0.930317,0.962633,0.02391742,0,1.15578951
scaled,100,0.6,17,1.678859,2.814081,0.937041,0.963069,0.01562909,0,1.15578951
scaled,100,0.7,17,1.314877,2.800985,0.943874,0.963534,0.00910257,0,1.15578951
scaled,100,0.8,17,1.480182,2.788093,0.950605,0.963756,0.00430628,0,1.15578951
scaled,100,0.9,17,1.261494,2.775070,0.957379,0.963977,0.00128955,0,1.15578951
scaled,100,1.0,17,1.435928,2.762132,0.964130,0.964130,0.00007071,194,1.15578951
scaled,100,0.0,18,4.348482,2.897500,0.906000,0.983911,0.08516400,0,1.37669638
scaled,100,0.1,18,3.841996,2.882525,0.913839,0.984394,0.06927986,0,1.37669638
scaled,100,0.2,18,3.313774,2.867370,0.921776,0.984880,0.05500800,0,1.37669638
scaled,100,0.3,18,2.785385,2.852058,0.929790,0.985299,0.04237505,0,1.37669638
scaled,100,0.4,18,2.500507,2.836815,0.937766,0.985416,0.03137663,0,1.37669638
scaled,100,0.5,18,2.193465,2.821326,0.945876,0.985752,0.02201826,0,1.37669638
scaled,100,0.6,18,2.191139,2.805778,0.954021,0.986034,0.01429988,0,1.37669638
scaled,100,0.7,18,2.047545,2.790575,0.961982,0.985975,0.00823821,0,1.37669638
scaled,100,0.8,18,2.059157,2.775005,0.970129,0.986161,0.00385060,0,1.37669638
scaled,100,0.9,18,2.118515,2.759479,0.978247,0.986275,0.00112780,0,1.37669638
scaled,100,1.0,18,2.063450,2.743778,0.986458,0.986458,0.00002706,0,1.37669638
scaled,100,0.0,19,4.827258,2.880500,0.890500,0.957916,0.09750975,0,1.10007713
scaled,100,0.1,19,3.873645,2.867236,0.897336,0.958861,0.07977880,0,1.10007713
scaled,100,0.2,19,3.880280,2.853730,0.904305,0.959525,0.06380394,0,1.10007713
scaled,100,0.3,19,3.271783,2.839754,0.911495,0.960483,0.04957483,0,1.10007713
scaled,100,0.4,19,2.736238,2.826048,0.918577,0.960693,0.03718809,0,1.10007713
scaled,100,0.5,19,2.494998,2.811934,0.925873,0.961247,0.02649871,0,1.10007713
scaled,100,0.6,19,2.331032,2.798141,0.933001,0.961336,0.01766336,0,1.10007713
scaled,100,0.7,19,1.984553,2.783718,0.940443,0.961846,0.01055430,0,1.10007713
scaled,100,0.8,19,1.964565,2.769294,0.947882,0.962227,0.00529342,0,1.10007713
scaled,100,0.9,19,2.079725,2.755874,0.954799,0.961943,0.00187214,0,1.10007713
scaled,100,1.0,19,2.527998,2.740969,0.962503,0.962503,0.00021253,193,1.10007713
fixed,5,0.0,0,0.101112,2.897500,0.907500,0.960365,0.08394375,0,9.32829694
fixed,5,0.1,0,0.102090,2.887434,0.912840,0.960896,0.06813047,0,9.32829694
fixed,5,0.2,0,0.068088,2.877520,0.918118,0.960589,0.05394416,0,9.32829694
fixed,5,0.3,0,0.089716,2.866950,0.923760,0.961700,0.04126509,0,9.32829694
fixed,5,0.4,0,0.042527,2.856202,0.929461,0.962403,0.03049305,0,9.32829694
fixed,5,0.5,0,0.064076,2.845817,0.934982,0.962465,0.02112573,0,9.32829694
fixed,5,0.6,0,0.072617,2.836265,0.940049,0.961748,0.01367097,0,9.32829694
fixed,5,0.7,0,0.081376,2.825360,0.945835,0.962265,0.00774725,0,9.32829694
fixed,5,0.8,0,0.070060,2.814282,0.951771,0.962838,0.00353718,0,9.32829694
fixed,5,0.9,0,0.066519,2.804547,0.956902,0.962391,0.00111277,0,9.32829694
fixed,5,1.0,0,0.103235,2.792008,0.963616,0.963616,0.00027875,199,9.32829694
fixed,5,0.0,1,0.000000,2.882000,0.896000,0.992595,0.09318400,0,63.40225543
fixed,5,0.1,1,0.019723,2.863909,0.905635,0.992347,0.07611016,0,63.40225543
fixed,5,0.2,1,0.011192,2.845536,0.915417,0.993086,0.06053785,0,63.40225543
fixed,5,0.3,1,0.021173,2.828077,0.924676,0.991586,0.04735712,0,63.40225543
fixed,5,0.4,1,0.000000,2.809075,0.934821,0.993053,0.03491392,0,63.40225543
fixed,5,0.5,1,0.000712,2.791329,0.944248,0.992496,0.02489653,0,63.40225543
fixed,5,0.6,1,0.000000,2.772740,0.954102,0.992837,0.01648318,0,63.40225543
fixed,5,0.7,1,0.003473,2.754549,0.963916,0.993023,0.00982278,0,63.40225543
fixed,5,0.8,1,0.033122,2.736413,0.973561,0.992951,0.00484287,0,63.40225543
fixed,5,0.9,1,0.000488,2.717737,0.983380,0.993089,0.00172391,0,63.40225543
fixed,5,1.0,1,0.024258,2.702270,0.991552,0.991552,0.00092395,158,63.40225543
fixed,5,0.0,2,0.063944,2.878000,0.891500,0.979848,0.09672775,0,50.17042643
fixed,5,0.1,2,0.024409,2.861637,0.900328,0.979776,0.07876258,0,50.17042643
fixed,5,0.2,2,0.000000,2.845234,0.909136,0.979682,0.06264168,0,50.17042643
fixed,5,0.3,2,0.000000,2.828019,0.918447,0.981325,0.04816882,0,50.17042643
fixed,5,0.4,2,0.001586,2.811049,0.927553,0.981632,0.03573033,0,50.17042643
fixed,5,0.5,2,0.016551,2.794468,0.936557,0.981613,0.02507022,0,50.17042643
fixed,5,0.6,2,0.000000,2.777286,0.945781,0.981969,0.01630066,0,50.17042643
fixed,5,0.7,2,0.023527,2.760185,0.954897,0.982067,0.00954818,0,50.17042643
fixed,5,0.8,2,0.000000,2.744966,0.963046,0.980933,0.00480479,0,50.17042643
fixed,5,0.9,2,0.000000,2.727667,0.972571,0.981579,0.00181113,0,50.17042643
fixed,5,1.0,2,0.035568,2.712555,0.980534,0.980534,0.00069864,200,50.17042643
fixed,5,0.0,3,0.113426,2.874000,0.885500,0.999346,0.10138975,0,39.60750917
fixed,5,0.1,3,0.080393,2.852504,0.896895,0.999448,0.08217538,0,39.60750917
fixed,5,0.2,3,0.076110,2.830973,0.908309,0.999547,0.06495555,0,39.60750917
fixed,5,0.3,3,0.086997,2.809451,0.919717,0.999557,0.04976116,0,39.60750917
fixed,5,0.4,3,0.054466,2.787930,0.931125,0.999563,0.03659462,0,39.60750917
fixed,5,0.5,3,0.105844,2.766422,0.942524,0.999547,0.02544760,0,39.60750917
fixed,5,0.6,3,0.093668,2.744893,0.953937,0.999562,0.01631801,0,39.60750917
fixed,5,0.7,3,0.092210,2.723457,0.965303,0.999504,0.00923198,0,39.60750917
fixed,5,0.8,3,0.077893,2.701881,0.976737,0.999547,0.00412708,0,39.60750917
fixed,5,0.9,3,0.097965,2.680343,0.988160,0.999566,0.00105071,0,39.60750917
fixed,5,1.0,3,0.089233,2.658923,0.999511,0.999511,0.00000395,0,39.60750917
fixed,5,0.0,4,0.106036,2.884500,0.892500,0.967513,0.09594375,0,6.53701867
fixed,5,0.1,4,0.135165,2.869944,0.900019,0.967694,0.07859110,0,6.53701867
fixed,5,0.2,4,0.123654,2.855138,0.907675,0.968377,0.06302002,0,6.53701867
fixed,5,0.3,4,0.110513,2.840078,0.915462,0.969041,0.04897109,0,6.53701867
fixed,5,0.4,4,0.138183,2.825236,0.923147,0.969118,0.03664942,0,6.53701867
fixed,5,0.5,4,0.110747,2.808972,0.931478,0.970456,0.02606057,0,6.53701867
fixed,5,0.6,4,0.108315,2.793572,0.939465,0.970775,0.01745416,0,6.53701867
fixed,5,0.7,4,0.074442,2.777974,0.947499,0.971071,0.01029083,0,6.53701867
fixed,5,0.8,4,0.136894,2.763369,0.955017,0.970646,0.00543962,0,6.53701867
fixed,5,0.9,4,0.084772,2.746827,0.963699,0.971610,0.00178992,0,6.53701867
fixed,5,1.0,4,0.104337,2.731782,0.971320,0.971320,0.00028518,198,6.53701867
fixed,5,0.0,5,0.211274,2.897000,0.907000,0.828224,0.08435100,0,20.15655929
fixed,5,0.1,5,0.194416,2.911644,0.899379,0.830790,0.06823267,0,20.15655929
fixed,5,0.2,5,0.244176,2.926550,0.891617,0.830085,0.05371884,0,20.15655929
fixed,5,0.3,5,0.199716,2.941167,0.884178,0.830925,0.04143281,0,20.15655929
fixed,5,0.4,5,0.189174,2.952125,0.878280,0.835200,0.03077837,0,20.15655929
fixed,5,0.5,5,0.183550,2.964232,0.872238,0.837476,0.02201534,0,20.15655929
fixed,5,0.6,5,0.163139,2.978166,0.865015,0.837025,0.01541361,0,20.15655929
fixed,5,0.7,5,0.198548,2.998214,0.854249,0.831642,0.01048757,0,20.15655929
fixed,5,0.8,5,0.206345,3.006788,0.849766,0.835458,0.00832033,0,20.15655929
fixed,5,0.9,5,0.166835,3.025177,0.839494,0.831994,0.00735326,0,20.15655929
fixed,5,1.0,5,0.148439,3.029736,0.838462,0.838462,0.00802480,200,20.15655929
fixed,5,0.0,6,1.387454,2.899000,0.907500,0.269626,0.08394375,0,59.84832790
fixed,5,0.1,6,1.208887,3.022507,0.842746,0.259957,0.06992118,0,59.84832790
fixed,5,0.2,6,1.036180,3.153664,0.774173,0.240867,0.05812389,0,59.84832790
fixed,5,0.3,6,0.845107,3.285422,0.704621,0.231236,0.04834846,0,59.84832790
fixed,5,0.4,6,0.753148,3.427574,0.630610,0.215275,0.03965842,0,59.84832790
fixed,5,0.5,6,0.552958,3.567421,0.556881,0.206261,0.03373752,0,59.84832790
fixed,5,0.6,6,0.431434,3.702993,0.485719,0.204532,0.03169883,0,59.84832790
fixed,5,0.7,6,0.304072,3.830112,0.419549,0.210427,0.02901878,0,59.84832790
fixed,5,0.8,6,0.156883,3.967870,0.347279,0.207224,0.02874619,0,59.84832790
fixed,5,0.9,6,0.041286,4.113169,0.270861,0.200123,0.03130479,0,59.84832790
fixed,5,1.0,6,0.000014,4.227018,0.211067,0.211067,0.04159880,200,59.84832790
fixed,5,0.0,7,0.000000,2.900500,0.905500,0.993557,0.08556975,0,71.01603912
fixed,5,0.1,7,0.047811,2.883332,0.914307,0.993574,0.06936768,0,71.01603912
fixed,5,0.2,7,0.000000,2.866295,0.923020,0.993102,0.05486514,0,71.01603912
fixed,5,0.3,7,0.008113,2.849088,0.931863,0.993377,0.04219956,0,71.01603912
fixed,5,0.4,7,0.005491,2.831834,0.940694,0.993485,0.03093325,0,71.01603912
fixed,5,0.5,7,0.000000,2.814679,0.949513,0.993527,0.02166827,0,71.01603912
fixed,5,0.6,7,0.000000,2.797645,0.958275,0.993458,0.01393026,0,71.01603912
fixed,5,0.7,7,0.000000,2.780212,0.967166,0.993594,0.00793208,0,71.01603912
fixed,5,0.8,7,0.000000,2.763250,0.975886,0.993483,0.00369303,0,71.01603912
fixed,5,0.9,7,0.000000,2.746334,0.984518,0.993298,0.00103924,0,71.01603912
fixed,5,1.0,7,0.000000,2.728685,0.993660,0.993660,0.00016740,182,71.01603912
fixed,5,0.0,8,0.022049,2.904000,0.911500,0.996320,0.08066775,0,23.73264644
fixed,5,0.1,8,0.000000,2.887770,0.919977,0.996267,0.06539402,0,23.73264644
fixed,5,0.2,8,0.011309,2.871420,0.928512,0.996558,0.05171446,0,23.73264644
fixed,5,0.3,8,0.000000,2.855180,0.936995,0.996483,0.03965506,0,23.73264644
fixed,5,0.4,8,0.046033,2.838905,0.945486,0.996464,0.02922810,0,23.73264644
fixed,5,0.5,8,0.013373,2.822507,0.954054,0.996608,0.02030455,0,23.73264644
fixed,5,0.6,8,0.000000,2.806161,0.962580,0.996634,0.01301303,0,23.73264644
fixed,5,0.7,8,0.020952,2.789835,0.971102,0.996646,0.00735997,0,23.73264644
fixed,5,0.8,8,0.000000,2.773501,0.979627,0.996659,0.00333814,0,23.73264644
fixed,5,0.9,8,0.000000,2.756989,0.988243,0.996769,0.00086121,0,23.73264644
fixed,5,1.0,8,0.016725,2.740666,0.996780,0.996780,0.00000947,114,23.73264644
fixed,5,0.0,9,0.371683,2.884000,0.895500,0.929699,0.09357975,0,14.55280450
fixed,5,0.1,9,0.332529,2.876975,0.899189,0.932392,0.07747916,0,14.55280450
fixed,5,0.2,9,0.330987,2.870182,0.902712,0.931560,0.06306960,0,14.55280450
fixed,5,0.3,9,0.330990,2.862986,0.906507,0.932188,0.05035745,0,14.55280450
fixed,5,0.4,9,0.267025,2.854413,0.911070,0.934425,0.03867309,0,14.55280450
fixed,5,0.5,9,0.231502,2.845521,0.915823,0.936147,0.02847195,0,14.55280450
fixed,5,0.6,9,0.295049,2.836267,0.920667,0.937445,0.02030425,0,14.55280450
fixed,5,0.7,9,0.261671,2.825942,0.926116,0.939237,0.01325001,0,14.55280450
fixed,5,0.8,9,0.245586,2.817952,0.930231,0.938914,0.00878642,0,14.55280450
fixed,5,0.9,9,0.246874,2.807679,0.935748,0.940220,0.00483898,0,14.55280450
fixed,5,1.0,9,0.250936,2.803419,0.938249,0.938249,0.00385194,199,14.55280450
fixed,5,0.0,10,6.872101,2.892500,0.901000,0.781103,0.08919900,0,46.53476957
fixed,5,0.1,10,6.833458,2.917814,0.887540,0.766396,0.07026456,0,46.53476957
fixed,5,0.2,10,6.783414,2.946598,0.872298,0.757491,0.05449895,0,46.53476957
fixed,5,0.3,10,6.801926,2.977642,0.855539,0.749464,0.04229977,0,46.53476957
fixed,5,0.4,10,6.708743,3.036291,0.824557,0.709893,0.03401497,0,46.53476957
fixed,5,0.5,10,7.048343,3.308972,0.681615,0.462231,0.04112389,0,46.53476957
fixed,5,0.6,10,6.668039,3.902299,0.369366,0.014943,0.01545647,0,46.53476957
fixed,5,0.7,10,2.992000,4.087088,0.272180,0.002686,0.00884489,0,46.53476957
fixed,5,0.8,10,1.124708,4.247300,0.187954,0.009693,0.00771488,0,46.53476957
fixed,5,0.9,10,0.417821,4.408916,0.102956,0.014284,0.01070882,0,46.53476957
fixed,5,1.0,10,0.076615,4.603134,0.000436,0.000436,0.00017621,6,46.53476957
fixed,5,0.0,11,0.020086,2.887000,0.899000,0.995219,0.09079900,0,36.12404506
fixed,5,0.1,11,0.056797,2.869000,0.908573,0.994725,0.07388193,0,36.12404506
fixed,5,0.2,11,0.063827,2.851027,0.918128,0.994640,0.05872575,0,36.12404506
fixed,5,0.3,11,0.037099,2.833043,0.927694,0.994646,0.04533393,0,36.12404506
fixed,5,0.4,11,0.030634,2.814668,0.937454,0.995136,0.03347489,0,36.12404506
fixed,5,0.5,11,0.040392,2.797161,0.946780,0.994561,0.02376648,0,36.12404506
fixed,5,0.6,11,0.062418,2.778755,0.956576,0.994960,0.01535848,0,36.12404506
fixed,5,0.7,11,0.063154,2.760576,0.966224,0.995034,0.00894738,0,36.12404506
fixed,5,0.8,11,0.058422,2.741980,0.976116,0.995395,0.00409622,0,36.12404506
fixed,5,0.9,11,0.037236,2.724570,0.985355,0.994950,0.00128221,0,36.12404506
fixed,5,1.0,11,0.038302,2.706913,0.994789,0.994789,0.00021722,131,36.12404506
fixed,5,0.0,12,0.199512,2.892500,0.900500,0.997095,0.08959975,0,27.71594380
fixed,5,0.1,12,0.137228,2.873969,0.910154,0.997044,0.07278655,0,27.71594380
fixed,5,0.2,12,0.125215,2.855443,0.919800,0.996998,0.05774642,0,27.71594380
fixed,5,0.3,12,0.109908,2.837077,0.929369,0.996731,0.04451395,0,27.71594380
fixed,5,0.4,12,0.109332,2.818353,0.939129,0.997071,0.03281156,0,27.71594380
fixed,5,0.5,12,0.084674,2.799651,0.948858,0.997217,0.02295478,0,27.71594380
fixed,5,0.6,12,0.072397,2.781257,0.958449,0.997082,0.01489680,0,27.71594380
fixed,5,0.7,12,0.062815,2.762904,0.967990,0.996914,0.00864468,0,27.71594380
fixed,5,0.8,12,0.074777,2.744211,0.977757,0.997071,0.00402131,0,27.71594380
fixed,5,0.9,12,0.040698,2.725962,0.987268,0.996909,0.00116603,0,27.71594380
fixed,5,1.0,12,0.087867,2.707237,0.996997,0.996997,0.00008268,0,27.71594380
fixed,5,0.0,13,0.050421,2.884000,0.897500,0.952554,0.09199375,0,25.72153740
fixed,5,0.1,13,0.066625,2.873802,0.903034,0.952837,0.07455589,0,25.72153740
fixed,5,0.2,13,0.017662,2.862331,0.909225,0.956126,0.05884496,0,25.72153740
fixed,5,0.3,13,0.005612,2.850840,0.915384,0.957112,0.04499416,0,25.72153740
fixed,5,0.4,13,0.000000,2.840380,0.921145,0.956614,0.03308145,0,25.72153740
fixed,5,0.5,13,0.000000,2.827015,0.928309,0.959118,0.02320604,0,25.72153740
fixed,5,0.6,13,0.036367,2.815483,0.934647,0.959411,0.01487030,0,25.72153740
fixed,5,0.7,13,0.023184,2.805009,0.940325,0.958678,0.00856161,0,25.72153740
fixed,5,0.8,13,0.037044,2.792329,0.947063,0.959454,0.00408698,0,25.72153740
fixed,5,0.9,13,0.000000,2.779258,0.954231,0.960534,0.00159085,0,25.72153740
fixed,5,1.0,13,0.001382,2.765401,0.961530,0.961530,0.00094332,198,25.72153740
fixed,5,0.0,14,0.036661,2.906500,0.912500,0.987974,0.07984375,0,42.50569116
fixed,5,0.1,14,0.044981,2.891866,0.920067,0.988173,0.06467861,0,42.50569116
fixed,5,0.2,14,0.000000,2.877045,0.927721,0.988607,0.05107117,0,42.50569116
fixed,5,0.3,14,0.000000,2.862107,0.935471,0.989070,0.03912304,0,42.50569116
fixed,5,0.4,14,0.002425,2.847537,0.942997,0.988742,0.02882282,0,42.50569116
fixed,5,0.5,14,0.025465,2.833151,0.950423,0.988346,0.01997608,0,42.50569116
fixed,5,0.6,14,0.014087,2.817150,0.958710,0.989517,0.01290509,0,42.50569116
fixed,5,0.7,14,0.007278,2.802713,0.966220,0.989243,0.00729376,0,42.50569116
fixed,5,0.8,14,0.000000,2.788015,0.973775,0.989094,0.00332852,0,42.50569116
fixed,5,0.9,14,0.000000,2.771232,0.982367,0.990130,0.00091886,0,42.50569116
fixed,5,1.0,14,0.053016,2.758146,0.989239,0.989239,0.00017584,188,42.50569116
fixed,5,0.0,15,0.431011,2.912500,0.917500,0.869949,0.07569375,0,9.35102297
fixed,5,0.1,15,0.265604,2.920821,0.913079,0.873290,0.06384368,0,9.35102297
fixed,5,0.2,15,0.238694,2.929567,0.908468,0.872340,0.05301777,0,9.35102297
fixed,5,0.3,15,0.149249,2.937376,0.904328,0.873595,0.04319037,0,9.35102297
fixed,5,0.4,15,0.067548,2.945584,0.899830,0.873324,0.03443835,0,9.35102297
fixed,5,0.5,15,0.104529,2.952685,0.896089,0.874678,0.02678276,0,9.35102297
fixed,5,0.6,15,0.064855,2.958516,0.893058,0.876763,0.02032744,0,9.35102297
fixed,5,0.7,15,0.032050,2.966764,0.888696,0.876351,0.01433772,0,9.35102297
fixed,5,0.8,15,0.037731,2.972679,0.885647,0.877683,0.01044693,0,9.35102297
fixed,5,0.9,15,0.026704,2.984157,0.879436,0.875206,0.00737817,0,9.35102297
fixed,5,1.0,15,0.078583,2.987553,0.877713,0.877713,0.00487387,200,9.35102297
fixed,5,0.0,16,0.049889,2.889000,0.900000,0.863858,0.09000000,0,11.88714485
fixed,5,0.1,16,0.028609,2.896580,0.896052,0.860525,0.07392445,0,11.88714485
fixed,5,0.2,16,0.006032,2.902589,0.892920,0.864602,0.05948645,0,11.88714485
fixed,5,0.3,16,0.014706,2.909779,0.889265,0.864218,0.04699679,0,11.88714485
fixed,5,0.4,16,0.000000,2.917410,0.885304,0.863260,0.03561681,0,11.88714485
fixed,5,0.5,16,0.022274,2.922546,0.882589,0.865178,0.02659280,0,11.88714485
fixed,5,0.6,16,0.008374,2.930090,0.878694,0.864490,0.01868195,0,11.88714485
fixed,5,0.7,16,0.000000,2.933501,0.877013,0.867162,0.01217531,0,11.88714485
fixed,5,0.8,16,0.062570,2.943652,0.871942,0.864928,0.00808658,0,11.88714485
fixed,5,0.9,16,0.006658,2.947868,0.869454,0.866060,0.00486890,0,11.88714485
fixed,5,1.0,16,0.003851,2.959622,0.863352,0.863352,0.00402128,200,11.88714485
fixed,5,0.0,17,0.211980,2.898000,0.905500,0.990931,0.08556975,0,18.62502221
fixed,5,0.1,17,0.208324,2.881622,0.914024,0.990744,0.06999727,0,18.62502221
fixed,5,0.2,17,0.236539,2.865209,0.922557,0.990786,0.05593905,0,18.62502221
fixed,5,0.3,17,0.255060,2.848591,0.931219,0.991231,0.04340606,0,18.62502221
fixed,5,0.4,17,0.260494,2.832649,0.939496,0.990490,0.03268288,0,18.62502221
fixed,5,0.5,17,0.261762,2.816253,0.948058,0.990615,0.02330964,0,18.62502221
fixed,5,0.6,17,0.262436,2.800201,0.956440,0.990400,0.01570736,0,18.62502221
fixed,5,0.7,17,0.287015,2.783869,0.964919,0.990385,0.00954036,0,18.62502221
fixed,5,0.8,17,0.233963,2.767063,0.973656,0.990696,0.00490427,0,18.62502221
fixed,5,0.9,17,0.257981,2.751373,0.981771,0.990246,0.00183188,0,18.62502221
fixed,5,1.0,17,0.299894,2.735180,0.990228,0.990228,0.00031161,49,18.62502221
fixed,5,0.0,18,0.014280,2.898500,0.907500,0.940097,0.08394375,0,8.34393428
fixed,5,0.1,18,0.013759,2.892234,0.910819,0.940688,0.06867769,0,8.34393428
fixed,5,0.2,18,0.004002,2.886085,0.914092,0.940459,0.05506555,0,8.34393428
fixed,5,0.3,18,0.004445,2.879839,0.917343,0.940311,0.04294625,0,8.34393428
fixed,5,0.4,18,0.000000,2.872246,0.921333,0.942083,0.03237934,0,8.34393428
fixed,5,0.5,18,0.000000,2.866059,0.924627,0.941753,0.02316005,0,8.34393428
fixed,5,0.6,18,0.000000,2.860340,0.927632,0.941054,0.01559243,0,8.34393428
fixed,5,0.7,18,0.000000,2.852554,0.931807,0.942224,0.00968610,0,8.34393428
fixed,5,0.8,18,0.000000,2.849456,0.933319,0.939774,0.00523891,0,8.34393428
fixed,5,0.9,18,0.000000,2.837684,0.939682,0.943258,0.00204816,0,8.34393428
fixed,5,1.0,18,0.000000,2.835259,0.941022,0.941022,0.00083538,200,8.34393428
fixed,5,0.0,19,0.469557,2.893500,0.901500,0.551884,0.08879775,0,6.86046112
fixed,5,0.1,19,0.476161,2.960453,0.866226,0.548763,0.07402044,0,6.86046112
fixed,5,0.2,19,0.381651,3.028512,0.830363,0.545816,0.06053046,0,6.86046112
fixed,5,0.3,19,0.350846,3.094844,0.795440,0.547967,0.04938416,0,6.86046112
fixed,5,0.4,19,0.307856,3.165231,0.757980,0.542700,0.03820200,0,6.86046112
fixed,5,0.5,19,0.238394,3.232026,0.723200,0.544901,0.02999939,0,6.86046112
fixed,5,0.6,19,0.254709,3.301707,0.686065,0.542441,0.02316117,0,6.86046112
fixed,5,0.7,19,0.221460,3.372516,0.649084,0.540905,0.01742637,0,6.86046112
fixed,5,0.8,19,0.180282,3.438696,0.613831,0.541914,0.01370740,0,6.86046112
fixed,5,0.9,19,0.171417,3.505903,0.578636,0.542763,0.01078696,0,6.86046112
fixed,5,1.0,19,0.214869,3.580878,0.539804,0.539804,0.01047475,200,6.86046112
fixed,10,0.0,0,0.192743,2.881500,0.894000,0.960297,0.09476400,0,7.15136149
fixed,10,0.1,0,0.189417,2.869051,0.900717,0.961166,0.07725011,0,7.15136149
fixed,10,0.2,0,0.121322,2.856295,0.907600,0.962001,0.06147258,0,7.15136149
fixed,10,0.3,0,0.101549,2.843032,0.914740,0.963132,0.04750674,0,7.15136149
fixed,10,0.4,0,0.058146,2.830030,0.921763,0.963407,0.03528322,0,7.15136149
fixed,10,0.5,0,0.066866,2.817617,0.928477,0.962953,0.02489548,0,7.15136149
fixed,10,0.6,0,0.063844,2.803730,0.935916,0.963861,0.01647924,0,7.15136149
fixed,10,0.7,0,0.145993,2.791320,0.942624,0.963463,0.00977761,0,7.15136149
fixed,10,0.8,0,0.071871,2.777744,0.949867,0.963833,0.00470077,0,7.15136149
fixed,10,0.9,0,0.072832,2.764364,0.957089,0.964099,0.00162788,0,7.15136149
fixed,10,1.0,0,0.115010,2.751362,0.964176,0.964176,0.00026353,199,7.15136149
fixed,10,0.0,1,0.492213,2.901500,0.910500,0.982314,0.08148975,0,6.48310711
fixed,10,0.1,1,0.356284,2.887767,0.917740,0.982896,0.06634031,0,6.48310711
fixed,10,0.2,1,0.246891,2.873818,0.925096,0.983479,0.05269576,0,6.48310711
fixed,10,0.3,1,0.223027,2.859834,0.932462,0.983706,0.04069820,0,6.48310711
fixed,10,0.4,1,0.144732,2.845497,0.939998,0.984245,0.03018398,0,6.48310711
fixed,10,0.5,1,0.117896,2.831397,0.947455,0.984411,0.02119177,0,6.48310711
fixed,10,0.6,1,0.098299,2.816953,0.955047,0.984744,0.01374959,0,6.48310711
fixed,10,0.7,1,0.142325,2.802549,0.962641,0.984987,0.00797700,0,6.48310711
fixed,10,0.8,1,0.141673,2.788291,0.970176,0.985095,0.00377287,0,6.48310711
fixed,10,0.9,1,0.126247,2.774215,0.977570,0.985022,0.00112070,0,6.48310711
fixed,10,1.0,1,0.140491,2.759670,0.985250,0.985250,0.00006700,169,6.48310711
fixed,10,0.0,2,0.049570,2.908500,0.913500,0.954426,0.07901775,0,9.04173394
fixed,10,0.1,2,0.022017,2.900052,0.917796,0.956459,0.06414445,0,9.04173394
fixed,10,0.2,2,0.000000,2.891084,0.922358,0.957788,0.05077128,0,9.04173394
fixed,10,0.3,2,0.000000,2.881558,0.927219,0.959230,0.03902603,0,9.04173394
fixed,10,0.4,2,0.000000,2.872090,0.932047,0.959868,0.02886301,0,9.04173394
fixed,10,0.5,2,0.000000,2.862192,0.937078,0.960657,0.02008715,0,9.04173394
fixed,10,0.6,2,0.000000,2.852011,0.942253,0.961422,0.01295930,0,9.04173394
fixed,10,0.7,2,0.000000,2.841772,0.947513,0.962090,0.00753086,0,9.04173394
fixed,10,0.8,2,0.000000,2.832523,0.952228,0.961910,0.00356300,0,9.04173394
fixed,10,0.9,2,0.000000,2.822133,0.957461,0.962346,0.00113282,0,9.04173394
fixed,10,1.0,2,0.000000,2.810967,0.963231,0.963231,0.00026844,194,9.04173394
fixed,10,0.0,3,0.356655,2.876500,0.889000,0.889635,0.09867900,0,24.15267374
fixed,10,0.1,3,0.310255,2.875744,0.889468,0.893681,0.07920157,0,24.15267374
fixed,10,0.2,3,0.289049,2.873779,0.890522,0.896609,0.06176638,0,24.15267374
fixed,10,0.3,3,0.275016,2.873416,0.890755,0.894848,0.04662187,0,24.15267374
fixed,10,0.4,3,0.242520,2.869917,0.892293,0.897232,0.03407922,0,24.15267374
fixed,10,0.5,3,0.259040,2.868748,0.893212,0.897425,0.02368597,0,24.15267374
fixed,10,0.6,3,0.243445,2.871202,0.892037,0.894061,0.01545198,0,24.15267374
fixed,10,0.7,3,0.282698,2.865153,0.895078,0.897682,0.00927434,0,24.15267374
fixed,10,0.8,3,0.250287,2.858731,0.898514,0.900892,0.00527001,0,24.15267374
fixed,10,0.9,3,0.275827,2.859480,0.898174,0.899194,0.00384320,0,24.15267374
fixed,10,1.0,3,0.281062,2.861474,0.897200,0.897200,0.00542816,200,24.15267374
fixed,10,0.0,4,0.541327,2.901000,0.907000,0.979209,0.08435100,0,7.89256391
fixed,10,0.1,4,0.472913,2.886979,0.914233,0.979331,0.06960418,0,7.89256391
fixed,10,0.2,4,0.412247,2.872670,0.921605,0.980027,0.05619777,0,7.89256391
fixed,10,0.3,4,0.442512,2.858927,0.928695,0.979317,0.04444145,0,7.89256391
fixed,10,0.4,4,0.373654,2.844445,0.936142,0.979854,0.03398290,0,7.89256391
fixed,10,0.5,4,0.298928,2.829587,0.943799,0.980599,0.02446818,0,7.89256391
fixed,10,0.6,4,0.345852,2.816182,0.950725,0.979875,0.01707941,0,7.89256391
fixed,10,0.7,4,0.299496,2.800892,0.958663,0.980804,0.01046610,0,7.89256391
fixed,10,0.8,4,0.293145,2.786331,0.966106,0.980883,0.00577457,0,7.89256391
fixed,10,0.9,4,0.306958,2.773029,0.972900,0.980222,0.00269457,0,7.89256391
fixed,10,1.0,4,0.260281,2.758303,0.980583,0.980583,0.00069911,196,7.89256391
fixed,10,0.0,5,0.000000,2.878000,0.887500,0.838395,0.09984375,0,10.25240227
fixed,10,0.1,5,0.009217,2.886653,0.882792,0.840418,0.08379202,0,10.25240227
fixed,10,0.2,5,0.005670,2.895856,0.877656,0.838279,0.07004729,0,10.25240227
fixed,10,0.3,5,0.000000,2.903926,0.873335,0.840284,0.05686140,0,10.25240227
fixed,10,0.4,5,0.002139,2.911312,0.869351,0.842127,0.04596260,0,10.25240227
fixed,10,0.5,5,0.048376,2.921011,0.864173,0.840847,0.03543776,0,10.25240227
fixed,10,0.6,5,0.063056,2.927312,0.860341,0.842235,0.02644287,0,10.25240227
fixed,10,0.7,5,0.056163,2.937970,0.854745,0.840707,0.02007635,0,10.25240227
fixed,10,0.8,5,0.036136,2.946409,0.850419,0.841149,0.01346744,0,10.25240227
fixed,10,0.9,5,0.021415,2.954379,0.845811,0.841178,0.00963082,0,10.25240227
fixed,10,1.0,5,0.043249,2.961415,0.841863,0.841863,0.00763231,200,10.25240227
fixed,10,0.0,6,0.563581,2.890500,0.900000,0.968200,0.09000000,0,12.54541662
fixed,10,0.1,6,0.467432,2.877489,0.906826,0.968259,0.07419045,0,12.54541662
fixed,10,0.2,6,0.488801,2.864148,0.913788,0.968938,0.05988896,0,12.54541662
fixed,10,0.3,6,0.434210,2.851249,0.920585,0.968615,0.04727240,0,12.54541662
fixed,10,0.4,6,0.446407,2.837545,0.927743,0.969357,0.03589115,0,12.54541662
fixed,10,0.5,6,0.469922,2.825109,0.934261,0.968522,0.02639409,0,12.54541662
fixed,10,0.6,6,0.467909,2.811408,0.941470,0.969117,0.01812979,0,12.54541662
fixed,10,0.7,6,0.445434,2.799676,0.947593,0.967990,0.01187784,0,12.54541662
fixed,10,0.8,6,0.447771,2.786227,0.954682,0.968352,0.00659582,0,12.54541662
fixed,10,0.9,6,0.477956,2.774924,0.960383,0.967092,0.00369304,0,12.54541662
fixed,10,1.0,6,0.457590,2.759778,0.968486,0.968486,0.00102167,197,12.54541662
fixed,10,0.0,7,0.109256,2.894500,0.906000,0.883958,0.08516400,0,21.90168727
fixed,10,0.1,7,0.047987,2.897921,0.904334,0.889336,0.06964479,0,21.90168727
fixed,10,0.2,7,0.000000,2.899784,0.903501,0.893505,0.05563518,0,21.90168727
fixed,10,0.3,7,0.000000,2.900289,0.903480,0.897599,0.04297646,0,21.90168727
fixed,10,0.4,7,0.000000,2.900951,0.903070,0.898675,0.03279741,0,21.90168727
fixed,10,0.5,7,0.000000,2.901668,0.902901,0.899802,0.02342654,0,21.90168727
fixed,10,0.6,7,0.000000,2.900818,0.903687,0.902145,0.01598511,0,21.90168727
fixed,10,0.7,7,0.000000,2.903695,0.902408,0.900869,0.01064716,0,21.90168727
fixed,10,0.8,7,0.000000,2.897753,0.905471,0.905339,0.00646955,0,21.90168727
fixed,10,0.9,7,0.000000,2.899289,0.904475,0.904306,0.00459594,0,21.90168727
fixed,10,1.0,7,0.000000,2.896978,0.905475,0.905475,0.00388040,200,21.90168727
fixed,10,0.0,8,0.594949,2.885000,0.895500,0.991587,0.09357975,0,11.92860593
fixed,10,0.1,8,0.547717,2.866548,0.905213,0.992629,0.07597140,0,11.92860593
fixed,10,0.2,8,0.415087,2.847803,0.915084,0.993422,0.06012683,0,11.92860593
fixed,10,0.3,8,0.328154,2.828927,0.925022,0.993907,0.04618834,0,11.92860593
fixed,10,0.4,8,0.298333,2.810041,0.934956,0.994140,0.03404221,0,11.92860593
fixed,10,0.5,8,0.260373,2.790820,0.945069,0.994639,0.02374643,0,11.92860593
fixed,10,0.6,8,0.192399,2.771613,0.955192,0.994987,0.01529956,0,11.92860593
fixed,10,0.7,8,0.226571,2.752703,0.965144,0.994992,0.00870780,0,11.92860593
fixed,10,0.8,8,0.223411,2.733540,0.975214,0.995142,0.00395168,0,11.92860593
fixed,10,0.9,8,0.185034,2.714335,0.985325,0.995305,0.00104875,0,11.92860593
fixed,10,1.0,8,0.182752,2.695045,0.995504,0.995504,0.00001068,198,11.92860593
fixed,10,0.0,9,0.110116,2.889000,0.901500,0.967888,0.08879775,0,14.26252854
fixed,10,0.1,9,0.126488,2.876385,0.908278,0.969282,0.07229274,0,14.26252854
fixed,10,0.2,9,0.000000,2.862899,0.915495,0.971475,0.05742543,0,14.26252854
fixed,10,0.3,9,0.071872,2.849701,0.922621,0.971905,0.04435683,0,14.26252854
fixed,10,0.4,9,0.039426,2.835848,0.930028,0.972819,0.03299707,0,14.26252854
fixed,10,0.5,9,0.036579,2.822536,0.937184,0.972868,0.02309263,0,14.26252854
fixed,10,0.6,9,0.041669,2.808766,0.944539,0.973231,0.01516447,0,14.26252854
fixed,10,0.7,9,0.065302,2.793237,0.952838,0.974840,0.00869828,0,14.26252854
fixed,10,0.8,9,0.064692,2.778942,0.960446,0.975183,0.00416581,0,14.26252854
fixed,10,0.9,9,0.083519,2.765841,0.967571,0.974912,0.00134335,0,14.26252854
fixed,10,1.0,9,0.075290,2.752903,0.974560,0.974560,0.00025565,199,14.26252854
fixed,10,0.0,10,0.118831,2.895000,0.904500,0.963366,0.08637975,0,9.20372191
fixed,10,0.1,10,0.102777,2.883543,0.910527,0.964765,0.07049306,0,9.20372191
fixed,10,0.2,10,0.108305,2.871622,0.916812,0.966058,0.05624245,0,9.20372191
fixed,10,0.3,10,0.091882,2.859324,0.923280,0.967100,0.04350794,0,9.20372191
fixed,10,0.4,10,0.077335,2.847859,0.929285,0.966462,0.03284774,0,9.20372191
fixed,10,0.5,10,0.068835,2.834245,0.936497,0.968494,0.02307758,0,9.20372191
fixed,10,0.6,10,0.030987,2.823432,0.942236,0.967393,0.01554502,0,9.20372191
fixed,10,0.7,10,0.057681,2.809515,0.949529,0.968827,0.00910446,0,9.20372191
fixed,10,0.8,10,0.043973,2.795993,0.956676,0.969720,0.00445950,0,9.20372191
fixed,10,0.9,10,0.057550,2.784270,0.962834,0.969315,0.00154976,0,9.20372191
fixed,10,1.0,10,0.063359,2.771390,0.969665,0.969665,0.00026908,195,9.20372191
fixed,10,0.0,11,0.264669,2.892000,0.900000,0.964838,0.09000000,0,10.74735570
fixed,10,0.1,11,0.213348,2.879388,0.906536,0.965363,0.07380013,0,10.74735570
fixed,10,0.2,11,0.229357,2.867119,0.912906,0.964531,0.05927335,0,10.74735570
fixed,10,0.3,11,0.183392,2.854381,0.919490,0.964966,0.04646503,0,10.74735570
fixed,10,0.4,11,0.209455,2.841914,0.925954,0.964884,0.03504505,0,10.74735570
fixed,10,0.5,11,0.177843,2.829366,0.932454,0.964909,0.02509005,0,10.74735570
fixed,10,0.6,11,0.167584,2.817560,0.938590,0.964316,0.01720634,0,10.74735570
fixed,10,0.7,11,0.206723,2.804183,0.945562,0.965089,0.01059489,0,10.74735570
fixed,10,0.8,11,0.166794,2.790341,0.952734,0.965918,0.00563871,0,10.74735570
fixed,10,0.9,11,0.241240,2.780218,0.957971,0.964412,0.00233656,0,10.74735570
fixed,10,1.0,11,0.232028,2.766347,0.965200,0.965200,0.00067804,197,10.74735570
fixed,10,0.0,12,0.416220,2.899500,0.909000,0.992222,0.08271900,0,12.20879495
fixed,10,0.1,12,0.332151,2.883612,0.917389,0.992890,0.06723650,0,12.20879495
fixed,10,0.2,12,0.240624,2.867558,0.925862,0.993312,0.05333513,0,12.20879495
fixed,10,0.3,12,0.261333,2.851625,0.934271,0.993236,0.04111476,0,12.20879495
fixed,10,0.4,12,0.294311,2.835418,0.942820,0.993551,0.03036483,0,12.20879495
fixed,10,0.5,12,0.266897,2.819147,0.951415,0.993830,0.02119569,0,12.20879495
fixed,10,0.6,12,0.263400,2.803087,0.959884,0.993807,0.01384063,0,12.20879495
fixed,10,0.7,12,0.306774,2.786870,0.968426,0.993894,0.00794984,0,12.20879495
fixed,10,0.8,12,0.273815,2.770836,0.976904,0.993880,0.00370398,0,12.20879495
fixed,10,0.9,12,0.297914,2.754289,0.985606,0.994118,0.00103948,0,12.20879495
fixed,10,1.0,12,0.303105,2.738332,0.994062,0.994062,0.00003275,191,12.20879495
fixed,10,0.0,13,0.258213,2.880000,0.895000,0.977533,0.09397500,0,13.32169856
fixed,10,0.1,13,0.219546,2.864627,0.903320,0.978197,0.07720845,0,13.32169856
fixed,10,0.2,13,0.236624,2.849286,0.911621,0.978105,0.06210188,0,13.32169856
fixed,10,0.3,13,0.183241,2.833922,0.919927,0.978089,0.04869491,0,13.32169856
fixed,10,0.4,13,0.223330,2.818412,0.928289,0.978222,0.03674511,0,13.32169856
fixed,10,0.5,13,0.232408,2.803200,0.936521,0.978042,0.02676882,0,13.32169856
fixed,10,0.6,13,0.210432,2.787346,0.945081,0.978468,0.01807011,0,13.32169856
fixed,10,0.7,13,0.239718,2.771423,0.953669,0.978813,0.01128388,0,13.32169856
fixed,10,0.8,13,0.256546,2.756441,0.961690,0.978362,0.00613522,0,13.32169856
fixed,10,0.9,13,0.285451,2.741409,0.969998,0.978332,0.00270130,0,13.32169856
fixed,10,1.0,13,0.228188,2.723505,0.979671,0.979671,0.00065985,199,13.32169856
fixed,10,0.0,14,0.042189,2.892000,0.899500,0.993055,0.09039975,0,18.91063044
fixed,10,0.1,14,0.051203,2.873920,0.908884,0.993336,0.07350030,0,18.91063044
fixed,10,0.2,14,0.005792,2.855843,0.918264,0.993319,0.05837511,0,18.91063044
fixed,10,0.3,14,0.010649,2.837611,0.927733,0.993610,0.04488731,0,18.91063044
fixed,10,0.4,14,0.045531,2.819525,0.937118,0.993546,0.03322278,0,18.91063044
fixed,10,0.5,14,0.067666,2.801396,0.946520,0.993540,0.02336065,0,18.91063044
fixed,10,0.6,14,0.078870,2.783311,0.955915,0.993526,0.01521214,0,18.91063044
fixed,10,0.7,14,0.037730,2.765235,0.965298,0.993497,0.00880591,0,18.91063044
fixed,10,0.8,14,0.047106,2.747307,0.974604,0.993380,0.00420648,0,18.91063044
fixed,10,0.9,14,0.086781,2.729122,0.984032,0.993424,0.00123118,0,18.91063044
fixed,10,1.0,14,0.072171,2.710984,0.993449,0.993449,0.00006055,158,18.91063044
fixed,10,0.0,15,0.053937,2.883000,0.893000,0.986028,0.09555100,0,13.66897726
fixed,10,0.1,15,0.027893,2.865221,0.902319,0.986191,0.07773822,0,13.66897726
fixed,10,0.2,15,0.044447,2.847376,0.911677,0.986387,0.06179142,0,13.66897726
fixed,10,0.3,15,0.034153,2.829417,0.921091,0.986635,0.04751315,0,13.66897726
fixed,10,0.4,15,0.008391,2.811438,0.930504,0.986760,0.03519132,0,13.66897726
fixed,10,0.5,15,0.000000,2.793254,0.940025,0.987051,0.02448292,0,13.66897726
fixed,10,0.6,15,0.043089,2.775603,0.949289,0.986814,0.01596225,0,13.66897726
fixed,10,0.7,15,0.018921,2.757697,0.958665,0.986807,0.00922998,0,13.66897726
fixed,10,0.8,15,0.040236,2.739593,0.968151,0.986939,0.00430345,0,13.66897726
fixed,10,0.9,15,0.021762,2.721363,0.977741,0.987157,0.00126731,0,13.66897726
fixed,10,1.0,15,0.000000,2.703668,0.986968,0.986968,0.00008031,192,13.66897726
fixed,10,0.0,16,0.674749,2.907500,0.913000,0.960662,0.07943100,0,7.97979695
fixed,10,0.1,16,0.587620,2.897742,0.917986,0.962861,0.06501570,0,7.97979695
fixed,10,0.2,16,0.501849,2.887486,0.923216,0.964079,0.05205356,0,7.97979695
fixed,10,0.3,16,0.371967,2.876646,0.928844,0.965813,0.04017369,0,7.97979695
fixed,10,0.4,16,0.328658,2.865443,0.934559,0.966898,0.03018802,0,7.97979695
fixed,10,0.5,16,0.246227,2.853244,0.940829,0.968659,0.02134121,0,7.97979695
fixed,10,0.6,16,0.257846,2.841432,0.946908,0.969514,0.01396910,0,7.97979695
fixed,10,0.7,16,0.254056,2.831332,0.952046,0.968780,0.00845591,0,7.97979695
fixed,10,0.8,16,0.223323,2.820575,0.957602,0.968753,0.00436274,0,7.97979695
fixed,10,0.9,16,0.266159,2.808538,0.963815,0.969461,0.00154785,0,7.97979695
fixed,10,1.0,16,0.288862,2.796608,0.969935,0.969935,0.00028931,198,7.97979695
fixed,10,0.0,17,0.164096,2.883000,0.894500,0.997941,0.09436975,0,44.17043807
fixed,10,0.1,17,0.083055,2.863516,0.904804,0.997545,0.07656045,0,44.17043807
fixed,10,0.2,17,0.046344,2.843894,0.915182,0.997908,0.06053167,0,44.17043807
fixed,10,0.3,17,0.012925,2.824258,0.925561,0.998035,0.04640118,0,44.17043807
fixed,10,0.4,17,0.022145,2.804674,0.935913,0.998033,0.03417213,0,44.17043807
fixed,10,0.5,17,0.024961,2.785008,0.946322,0.998144,0.02379271,0,44.17043807
fixed,10,0.6,17,0.031183,2.765533,0.956624,0.998040,0.01532264,0,44.17043807
fixed,10,0.7,17,0.041857,2.745980,0.966954,0.998005,0.00867088,0,44.17043807
fixed,10,0.8,17,0.037927,2.726431,0.977305,0.998007,0.00393696,0,44.17043807
fixed,10,0.9,17,0.000000,2.706796,0.987668,0.998020,0.00103032,0,44.17043807
fixed,10,1.0,17,0.021084,2.687129,0.998098,0.998098,0.00000983,140,44.17043807
fixed,10,0.0,18,0.241112,2.898500,0.909000,0.995817,0.08271900,0,11.40623009
fixed,10,0.1,18,0.167263,2.882075,0.917721,0.996209,0.06704597,0,11.40623009
fixed,10,0.2,18,0.077749,2.865556,0.926488,0.996438,0.05300680,0,11.40623009
fixed,10,0.3,18,0.035882,2.848966,0.935295,0.996651,0.04061876,0,11.40623009
fixed,10,0.4,18,0.018881,2.832338,0.944123,0.996807,0.02986772,0,11.40623009
fixed,10,0.5,18,0.033396,2.815710,0.952957,0.996913,0.02076782,0,11.40623009
fixed,10,0.6,18,0.000059,2.799055,0.961789,0.996982,0.01333504,0,11.40623009
fixed,10,0.7,18,0.035967,2.782319,0.970673,0.997104,0.00751659,0,11.40623009
fixed,10,0.8,18,0.000000,2.765638,0.979519,0.997149,0.00337010,0,11.40623009
fixed,10,0.9,18,0.000000,2.749026,0.988335,0.997150,0.00086206,0,11.40623009
fixed,10,1.0,18,0.000000,2.732318,0.997217,0.997217,0.00000314,0,11.40623009
fixed,10,0.0,19,0.222951,2.898000,0.907500,0.978223,0.08394375,0,12.74477088
fixed,10,0.1,19,0.205510,2.884502,0.914626,0.978765,0.06853216,0,12.74477088
fixed,10,0.2,19,0.188559,2.871131,0.921691,0.978455,0.05468485,0,12.74477088
fixed,10,0.3,19,0.172012,2.857344,0.928956,0.979019,0.04232665,0,12.74477088
fixed,10,0.4,19,0.080829,2.843973,0.936048,0.978871,0.03151997,0,12.74477088
fixed,10,0.5,19,0.132628,2.831305,0.942716,0.977933,0.02268955,0,12.74477088
fixed,10,0.6,19,0.117618,2.816266,0.950629,0.979382,0.01494653,0,12.74477088
fixed,10,0.7,19,0.180671,2.803374,0.957427,0.978824,0.00882869,0,12.74477088
fixed,10,0.8,19,0.164374,2.789014,0.964966,0.979333,0.00438050,0,12.74477088
fixed,10,0.9,19,0.140707,2.775742,0.972045,0.979217,0.00148394,0,12.74477088
fixed,10,1.0,19,0.187691,2.762695,0.978917,0.978917,0.00025276,200,12.74477088
fixed,15,0.0,0,0.606439,2.889000,0.900000,0.889344,0.09000000,0,5.63993879
fixed,15,0.1,0,0.557837,2.890974,0.898935,0.889349,0.07349118,0,5.63993879
fixed,15,0.2,0,0.372835,2.892168,0.898283,0.891414,0.05879154,0,5.63993879
fixed,15,0.3,0,0.364646,2.893645,0.897474,0.891580,0.04565965,0,5.63993879
fixed,15,0.4,0,0.354313,2.894920,0.896754,0.891884,0.03414873,0,5.63993879
fixed,15,0.5,0,0.188766,2.896280,0.896107,0.892214,0.02453180,0,5.63993879
fixed,15,0.6,0,0.232866,2.898266,0.895032,0.891720,0.01652574,0,5.63993879
fixed,15,0.7,0,0.226859,2.899633,0.894184,0.891691,0.01031891,0,5.63993879
fixed,15,0.8,0,0.243059,2.899871,0.894015,0.892519,0.00549955,0,5.63993879
fixed,15,0.9,0,0.306166,2.904046,0.891885,0.890984,0.00263049,0,5.63993879
fixed,15,1.0,0,0.280369,2.901412,0.893280,0.893280,0.00126233,200,5.63993879
fixed,15,0.0,1,1.000870,2.877000,0.887000,0.996899,0.10023100,0,9.97276764
fixed,15,0.1,1,0.894341,2.855905,0.898036,0.997360,0.08125407,0,9.97276764
fixed,15,0.2,1,0.768712,2.834658,0.909148,0.997741,0.06424395,0,9.97276764
fixed,15,0.3,1,0.641332,2.813360,0.920287,0.997958,0.04922315,0,9.97276764
fixed,15,0.4,1,0.496607,2.792078,0.931421,0.998053,0.03619990,0,9.97276764
fixed,15,0.5,1,0.422946,2.770766,0.942568,0.998137,0.02518909,0,9.97276764
fixed,15,0.6,1,0.369792,2.749397,0.953746,0.998243,0.01613802,0,9.97276764
fixed,15,0.7,1,0.367844,2.728017,0.964926,0.998323,0.00909899,0,9.97276764
fixed,15,0.8,1,0.357450,2.706683,0.976089,0.998361,0.00406010,0,9.97276764
fixed,15,0.9,1,0.383300,2.685296,0.987275,0.998416,0.00103245,0,9.97276764
fixed,15,1.0,1,0.333892,2.663903,0.998465,0.998465,0.00000103,0,9.97276764
fixed,15,0.0,2,0.769958,2.885000,0.896000,0.996686,0.09318400,0,14.29052685
fixed,15,0.1,2,0.609880,2.865882,0.906093,0.996928,0.07560050,0,14.29052685
fixed,15,0.2,2,0.553927,2.846715,0.916212,0.997059,0.05986080,0,14.29052685
fixed,15,0.3,2,0.455936,2.827528,0.926342,0.997140,0.04594934,0,14.29052685
fixed,15,0.4,2,0.356033,2.808220,0.936538,0.997344,0.03383200,0,14.29052685
fixed,15,0.5,2,0.279507,2.788957,0.946706,0.997411,0.02356569,0,14.29052685
fixed,15,0.6,2,0.193118,2.769711,0.956870,0.997450,0.01518493,0,14.29052685
fixed,15,0.7,2,0.193125,2.750427,0.967046,0.997494,0.00861815,0,14.29052685
fixed,15,0.8,2,0.242157,2.731313,0.977131,0.997414,0.00392859,0,14.29052685
fixed,15,0.9,2,0.178043,2.711913,0.987380,0.997534,0.00103895,0,14.29052685
fixed,15,1.0,2,0.283595,2.692633,0.997552,0.997552,0.00000762,0,14.29052685
fixed,15,0.0,3,0.128103,2.885000,0.894500,0.983075,0.09436975,0,6.88369755
fixed,15,0.1,3,0.023074,2.868210,0.903357,0.983070,0.07663452,0,6.88369755
fixed,15,0.2,3,0.002169,2.851233,0.912306,0.983529,0.06075620,0,6.88369755
fixed,15,0.3,3,0.000000,2.834136,0.921332,0.983941,0.04669574,0,6.88369755
fixed,15,0.4,3,0.000000,2.816841,0.930435,0.984337,0.03448185,0,6.88369755
fixed,15,0.5,3,0.000000,2.799439,0.939628,0.984757,0.02406538,0,6.88369755
fixed,15,0.6,3,0.000000,2.782435,0.948606,0.984676,0.01556620,0,6.88369755
fixed,15,0.7,3,0.000000,2.764682,0.957936,0.985122,0.00891330,0,6.88369755
fixed,15,0.8,3,0.012839,2.747386,0.967096,0.985246,0.00409332,0,6.88369755
fixed,15,0.9,3,0.000000,2.730186,0.976146,0.985217,0.00112946,0,6.88369755
fixed,15,1.0,3,0.000000,2.712903,0.985279,0.985279,0.00004703,182,6.88369755
fixed,15,0.0,4,0.485625,2.890000,0.902000,0.990971,0.08839600,0,19.23527370
fixed,15,0.1,4,0.380843,2.873078,0.911022,0.992216,0.07167137,0,19.23527370
fixed,15,0.2,4,0.236873,2.855778,0.920246,0.993229,0.05663993,0,19.23527370
fixed,15,0.3,4,0.180200,2.838201,0.929617,0.994055,0.04342173,0,19.23527370
fixed,15,0.4,4,0.102351,2.820895,0.938835,0.994088,0.03197301,0,19.23527370
fixed,15,0.5,4,0.116874,2.803189,0.948284,0.994567,0.02216159,0,19.23527370
fixed,15,0.6,4,0.126017,2.785601,0.957638,0.994730,0.01419864,0,19.23527370
fixed,15,0.7,4,0.122047,2.767898,0.967077,0.994967,0.00803621,0,19.23527370
fixed,15,0.8,4,0.085322,2.750233,0.976502,0.995128,0.00358317,0,19.23527370
fixed,15,0.9,4,0.121802,2.732769,0.985807,0.995119,0.00092277,0,19.23527370
fixed,15,1.0,4,0.156499,2.715177,0.995180,0.995180,0.00001292,184,19.23527370
fixed,15,0.0,5,0.648004,2.878500,0.888500,0.988739,0.09906775,0,11.15099119
fixed,15,0.1,5,0.440444,2.859210,0.898585,0.989350,0.08044613,0,11.15099119
fixed,15,0.2,5,0.409564,2.839656,0.908822,0.990111,0.06367535,0,11.15099119
fixed,15,0.3,5,0.288411,2.820119,0.919043,0.990310,0.04892231,0,11.15099119
fixed,15,0.4,5,0.243401,2.800397,0.929346,0.990615,0.03611590,0,11.15099119
fixed,15,0.5,5,0.300559,2.780561,0.939720,0.990940,0.02522312,0,11.15099119
fixed,15,0.6,5,0.181898,2.760448,0.950246,0.991411,0.01621359,0,11.15099119
fixed,15,0.7,5,0.257665,2.740510,0.960681,0.991616,0.00923173,0,11.15099119
fixed,15,0.8,5,0.307052,2.720831,0.970969,0.991587,0.00424716,0,11.15099119
fixed,15,0.9,5,0.277195,2.700780,0.981450,0.991778,0.00114003,0,11.15099119
fixed,15,1.0,5,0.211297,2.680517,0.992079,0.992079,0.00002538,153,11.15099119
fixed,15,0.0,6,0.671683,2.897000,0.905000,0.992180,0.08597500,0,15.93881848
fixed,15,0.1,6,0.513525,2.880088,0.913822,0.993219,0.06976346,0,15.93881848
fixed,15,0.2,6,0.405686,2.862878,0.922808,0.994039,0.05523927,0,15.93881848
fixed,15,0.3,6,0.330987,2.845533,0.931857,0.994524,0.04236041,0,15.93881848
fixed,15,0.4,6,0.158624,2.828178,0.940911,0.994777,0.03120768,0,15.93881848
fixed,15,0.5,6,0.075223,2.810794,0.949990,0.994979,0.02180294,0,15.93881848
fixed,15,0.6,6,0.056386,2.793409,0.959057,0.995095,0.01403513,0,15.93881848
fixed,15,0.7,6,0.044510,2.776107,0.968081,0.995115,0.00797070,0,15.93881848
fixed,15,0.8,6,0.021312,2.758509,0.977293,0.995366,0.00359089,0,15.93881848
fixed,15,0.9,6,0.005716,2.741070,0.986385,0.995428,0.00095564,0,15.93881848
fixed,15,1.0,6,0.045370,2.723773,0.995416,0.995416,0.00001277,83,15.93881848
fixed,15,0.0,7,0.417627,2.897500,0.905500,0.996264,0.08556975,0,15.09771248
fixed,15,0.1,7,0.398283,2.880083,0.914593,0.996434,0.06944730,0,15.09771248
fixed,15,0.2,7,0.420922,2.862565,0.923736,0.996681,0.05499149,0,15.09771248
fixed,15,0.3,7,0.346416,2.845072,0.932873,0.996744,0.04222493,0,15.09771248
fixed,15,0.4,7,0.320320,2.827521,0.942029,0.996823,0.03110242,0,15.09771248
fixed,15,0.5,7,0.362791,2.810131,0.951105,0.996710,0.02175042,0,15.09771248
fixed,15,0.6,7,0.422098,2.792451,0.960338,0.996897,0.01401190,0,15.09771248
fixed,15,0.7,7,0.393613,2.775092,0.969402,0.996789,0.00798676,0,15.09771248
fixed,15,0.8,7,0.424773,2.757531,0.978577,0.996846,0.00363670,0,15.09771248
fixed,15,0.9,7,0.478920,2.739896,0.987776,0.996918,0.00097464,0,15.09771248
fixed,15,1.0,7,0.367341,2.722414,0.996910,0.996910,0.00001032,0,15.09771248
fixed,15,0.0,8,0.712637,2.900500,0.907000,0.952928,0.08435100,0,5.67083722
fixed,15,0.1,8,0.578904,2.890840,0.911932,0.956323,0.06845235,0,5.67083722
fixed,15,0.2,8,0.454164,2.880520,0.917217,0.958086,0.05423338,0,5.67083722
fixed,15,0.3,8,0.404673,2.869096,0.923137,0.960791,0.04154342,0,5.67083722
fixed,15,0.4,8,0.276833,2.857768,0.928973,0.961932,0.03069783,0,5.67083722
fixed,15,0.5,8,0.216617,2.846918,0.934511,0.962023,0.02149601,0,5.67083722
fixed,15,0.6,8,0.157867,2.834629,0.940871,0.963451,0.01386427,0,5.67083722
fixed,15,0.7,8,0.090290,2.822498,0.947143,0.964348,0.00789126,0,5.67083722
fixed,15,0.8,8,0.172755,2.811199,0.952969,0.964461,0.00370743,0,5.67083722
fixed,15,0.9,8,0.145754,2.798617,0.959371,0.965190,0.00107649,0,5.67083722
fixed,15,1.0,8,0.147315,2.786083,0.965887,0.965887,0.00015634,199,5.67083722
fixed,15,0.0,9,0.874668,2.881500,0.891500,0.996355,0.09672775,0,19.58779292
fixed,15,0.1,9,0.861633,2.861437,0.902015,0.996647,0.07875480,0,19.58779292
fixed,15,0.2,9,0.870074,2.841351,0.912540,0.996700,0.06261200,0,19.58779292
fixed,15,0.3,9,0.935866,2.821187,0.923110,0.996867,0.04827326,0,19.58779292
fixed,15,0.4,9,0.852812,2.800827,0.933789,0.997221,0.03567145,0,19.58779292
fixed,15,0.5,9,0.806554,2.780926,0.944194,0.996888,0.02522483,0,19.58779292
fixed,15,0.6,9,0.863805,2.760721,0.954813,0.997021,0.01643765,0,19.58779292
fixed,15,0.7,9,0.907676,2.740735,0.965254,0.996863,0.00962303,0,19.58779292
fixed,15,0.8,9,0.926719,2.720630,0.975762,0.996827,0.00459867,0,19.58779292
fixed,15,0.9,9,0.830424,2.700397,0.986447,0.996997,0.00138581,0,19.58779292
fixed,15,1.0,9,0.844788,2.679913,0.997162,0.997162,0.00005901,0,19.58779292
fixed,15,0.0,10,0.964453,2.872500,0.887500,0.936058,0.09984375,0,8.94133856
fixed,15,0.1,10,0.783894,2.863000,0.892651,0.939005,0.08234426,0,8.94133856
fixed,15,0.2,10,0.721922,2.852998,0.898053,0.940266,0.06675363,0,8.94133856
fixed,15,0.3,10,0.584035,2.841603,0.904136,0.942954,0.05237542,0,8.94133856
fixed,15,0.4,10,0.573328,2.830716,0.910119,0.944048,0.04002095,0,8.94133856
fixed,15,0.5,10,0.478522,2.819863,0.915984,0.944469,0.02953535,0,8.94133856
fixed,15,0.6,10,0.445712,2.808789,0.921973,0.944955,0.02008362,0,8.94133856
fixed,15,0.7,10,0.488441,2.796567,0.928465,0.946021,0.01309358,0,8.94133856
fixed,15,0.8,10,0.468916,2.785409,0.934632,0.946416,0.00728767,0,8.94133856
fixed,15,0.9,10,0.486698,2.774093,0.940581,0.946479,0.00357745,0,8.94133856
fixed,15,1.0,10,0.538026,2.765231,0.945366,0.945366,0.00136707,200,8.94133856
fixed,15,0.0,11,1.004284,2.879000,0.890000,0.950559,0.09790000,0,12.53457948
fixed,15,0.1,11,0.808710,2.867391,0.896099,0.950990,0.08001734,0,12.53457948
fixed,15,0.2,11,0.872884,2.855869,0.902133,0.950667,0.06383806,0,12.53457948
fixed,15,0.3,11,0.678341,2.843671,0.908599,0.951996,0.04947991,0,12.53457948
fixed,15,0.4,11,0.621669,2.830434,0.915521,0.953802,0.03674482,0,12.53457948
fixed,15,0.5,11,0.605886,2.818304,0.921845,0.953689,0.02628602,0,12.53457948
fixed,15,0.6,11,0.582967,2.805547,0.928497,0.954161,0.01726367,0,12.53457948
fixed,15,0.7,11,0.597698,2.792558,0.935342,0.954774,0.01030862,0,12.53457948
fixed,15,0.8,11,0.614982,2.781173,0.941366,0.954208,0.00533446,0,12.53457948
fixed,15,0.9,11,0.641517,2.766929,0.948929,0.955477,0.00209731,0,12.53457948
fixed,15,1.0,11,0.639625,2.755419,0.954798,0.954798,0.00071545,200,12.53457948
fixed,15,0.0,12,0.215468,2.893500,0.901000,0.949051,0.08919900,0,12.70544382
fixed,15,0.1,12,0.135719,2.883828,0.905971,0.950710,0.07220370,0,12.70544382
fixed,15,0.2,12,0.130216,2.873203,0.911451,0.953254,0.05695538,0,12.70544382
fixed,15,0.3,12,0.036800,2.862931,0.916694,0.953314,0.04359840,0,12.70544382
fixed,15,0.4,12,0.091682,2.851687,0.922518,0.954795,0.03216277,0,12.70544382
fixed,15,0.5,12,0.045932,2.840896,0.928124,0.955247,0.02236320,0,12.70544382
fixed,15,0.6,12,0.028758,2.829133,0.934130,0.956217,0.01444136,0,12.70544382
fixed,15,0.7,12,0.056288,2.818890,0.939433,0.955904,0.00815782,0,12.70544382
fixed,15,0.8,12,0.093861,2.807402,0.945310,0.956387,0.00382086,0,12.70544382
fixed,15,0.9,12,0.053463,2.795926,0.951319,0.956910,0.00127587,0,12.70544382
fixed,15,1.0,12,0.078764,2.787512,0.955490,0.955490,0.00059519,200,12.70544382
fixed,15,0.0,13,0.367688,2.894000,0.906500,0.976143,0.08475775,0,4.86853315
fixed,15,0.1,13,0.317403,2.881000,0.913510,0.976602,0.06901768,0,4.86853315
fixed,15,0.2,13,0.254858,2.867852,0.920597,0.976984,0.05487378,0,4.86853315
fixed,15,0.3,13,0.179769,2.854790,0.927654,0.977012,0.04237980,0,4.86853315
fixed,15,0.4,13,0.110977,2.841415,0.934872,0.977430,0.03137762,0,4.86853315
fixed,15,0.5,13,0.056388,2.827685,0.942237,0.977973,0.02208006,0,4.86853315
fixed,15,0.6,13,0.063895,2.814372,0.949411,0.978019,0.01435148,0,4.86853315
fixed,15,0.7,13,0.099192,2.801261,0.956536,0.977981,0.00825199,0,4.86853315
fixed,15,0.8,13,0.105715,2.787963,0.963682,0.977977,0.00389292,0,4.86853315
fixed,15,0.9,13,0.113973,2.774178,0.971055,0.978228,0.00118493,0,4.86853315
fixed,15,1.0,13,0.114590,2.760728,0.978340,0.978340,0.00008195,196,4.86853315
fixed,15,0.0,14,0.261169,2.895500,0.903000,0.987904,0.08759100,0,13.56747380
fixed,15,0.1,14,0.192108,2.879064,0.911539,0.988389,0.07102768,0,13.56747380
fixed,15,0.2,14,0.130986,2.862293,0.920256,0.989278,0.05620125,0,13.56747380
fixed,15,0.3,14,0.000000,2.845462,0.928994,0.989646,0.04306259,0,13.56747380
fixed,15,0.4,14,0.000000,2.828836,0.937644,0.989610,0.03175039,0,13.56747380
fixed,15,0.5,14,0.000000,2.811750,0.946505,0.990009,0.02209165,0,13.56747380
fixed,15,0.6,14,0.000000,2.794876,0.955280,0.990134,0.01418258,0,13.56747380
fixed,15,0.7,14,0.000000,2.777642,0.964231,0.990473,0.00807143,0,13.56747380
fixed,15,0.8,14,0.000000,2.760717,0.973026,0.990532,0.00362304,0,13.56747380
fixed,15,0.9,14,0.000000,2.744203,0.981593,0.990325,0.00098664,0,13.56747380
fixed,15,1.0,14,0.000000,2.726925,0.990604,0.990604,0.00003189,186,13.56747380
fixed,15,0.0,15,0.215640,2.884500,0.897000,0.970884,0.09239100,0,11.41807993
fixed,15,0.1,15,0.105757,2.870546,0.904374,0.970740,0.07521054,0,11.41807993
fixed,15,0.2,15,0.178920,2.856398,0.911847,0.971234,0.05986851,0,11.41807993
fixed,15,0.3,15,0.137307,2.841622,0.919659,0.972531,0.04616789,0,11.41807993
fixed,15,0.4,15,0.127061,2.827197,0.927282,0.972704,0.03435167,0,11.41807993
fixed,15,0.5,15,0.063095,2.813282,0.934622,0.972245,0.02429115,0,11.41807993
fixed,15,0.6,15,0.120753,2.797972,0.942702,0.973170,0.01570331,0,11.41807993
fixed,15,0.7,15,0.120046,2.783003,0.950636,0.973623,0.00922367,0,11.41807993
fixed,15,0.8,15,0.107981,2.769625,0.957774,0.972967,0.00456442,0,11.41807993
fixed,15,0.9,15,0.089746,2.754403,0.965805,0.973450,0.00143071,0,11.41807993
fixed,15,1.0,15,0.077792,2.738808,0.974044,0.974044,0.00023944,199,11.41807993
fixed,15,0.0,16,0.808181,2.887500,0.897500,0.992637,0.09199375,0,12.29831858
fixed,15,0.1,16,0.731887,2.869384,0.907018,0.992680,0.07484060,0,12.29831858
fixed,15,0.2,16,0.629380,2.851190,0.916585,0.992927,0.05940064,0,12.29831858
fixed,15,0.3,16,0.433692,2.832838,0.926216,0.993221,0.04574112,0,12.29831858
fixed,15,0.4,16,0.366677,2.814523,0.935854,0.993386,0.03382111,0,12.29831858
fixed,15,0.5,16,0.188816,2.796358,0.945410,0.993319,0.02379105,0,12.29831858
fixed,15,0.6,16,0.234645,2.777856,0.955118,0.993529,0.01541710,0,12.29831858
fixed,15,0.7,16,0.208995,2.759453,0.964806,0.993651,0.00883465,0,12.29831858
fixed,15,0.8,16,0.240338,2.741225,0.974383,0.993604,0.00412566,0,12.29831858
fixed,15,0.9,16,0.203444,2.722713,0.984106,0.993729,0.00119187,0,12.29831858
fixed,15,1.0,16,0.166709,2.704011,0.993934,0.993934,0.00003486,0,12.29831858
fixed,15,0.0,17,0.134235,2.885000,0.897000,0.984811,0.09239100,0,12.37076379
fixed,15,0.1,17,0.168457,2.868430,0.905805,0.985053,0.07512245,0,12.37076379
fixed,15,0.2,17,0.117336,2.851776,0.914653,0.985265,0.05968019,0,12.37076379
fixed,15,0.3,17,0.105017,2.835404,0.923365,0.984883,0.04592680,0,12.37076379
fixed,15,0.4,17,0.063078,2.818534,0.932306,0.985264,0.03404920,0,12.37076379
fixed,15,0.5,17,0.134463,2.801819,0.941216,0.985431,0.02383470,0,12.37076379
fixed,15,0.6,17,0.120472,2.785239,0.950051,0.985418,0.01557408,0,12.37076379
fixed,15,0.7,17,0.065946,2.768495,0.958930,0.985472,0.00889328,0,12.37076379
fixed,15,0.8,17,0.183094,2.751629,0.967864,0.985580,0.00429412,0,12.37076379
fixed,15,0.9,17,0.124391,2.735983,0.976159,0.984955,0.00130993,0,12.37076379
fixed,15,1.0,17,0.121504,2.717965,0.985712,0.985712,0.00008067,178,12.37076379
fixed,15,0.0,18,0.315528,2.891500,0.904000,0.880591,0.08678400,0,3.90257929
fixed,15,0.1,18,0.243398,2.895951,0.901830,0.882297,0.07188207,0,3.90257929
fixed,15,0.2,18,0.289272,2.900729,0.899464,0.881321,0.05867255,0,3.90257929
fixed,15,0.3,18,0.210445,2.904115,0.897839,0.883464,0.04628917,0,3.90257929
fixed,15,0.4,18,0.184136,2.908425,0.895792,0.883479,0.03605827,0,3.90257929
fixed,15,0.5,18,0.263405,2.910857,0.894726,0.885451,0.02633888,0,3.90257929
fixed,15,0.6,18,0.193747,2.916269,0.892002,0.884004,0.01878122,0,3.90257929
fixed,15,0.7,18,0.194195,2.918967,0.890689,0.884984,0.01229489,0,3.90257929
fixed,15,0.8,18,0.198718,2.921465,0.889355,0.885693,0.00755085,0,3.90257929
fixed,15,0.9,18,0.233466,2.925886,0.887387,0.885541,0.00392958,0,3.90257929
fixed,15,1.0,18,0.150055,2.928992,0.885969,0.885969,0.00176561,200,3.90257929
fixed,15,0.0,19,0.198583,2.886000,0.898000,0.995805,0.09159600,0,10.22938946
fixed,15,0.1,19,0.202941,2.867484,0.907839,0.996387,0.07430631,0,10.22938946
fixed,15,0.2,19,0.165904,2.848888,0.917723,0.996617,0.05880775,0,10.22938946
fixed,15,0.3,19,0.094680,2.830134,0.927688,0.996959,0.04508934,0,10.22938946
fixed,15,0.4,19,0.113370,2.811450,0.937613,0.997033,0.03319598,0,10.22938946
fixed,15,0.5,19,0.106635,2.792670,0.947593,0.997186,0.02310809,0,10.22938946
fixed,15,0.6,19,0.079318,2.773945,0.957546,0.997243,0.01486039,0,10.22938946
fixed,15,0.7,19,0.124549,2.755158,0.967517,0.997310,0.00841770,0,10.22938946
fixed,15,0.8,19,0.087922,2.736298,0.977541,0.997426,0.00377122,0,10.22938946
fixed,15,0.9,19,0.065367,2.717540,0.987507,0.997453,0.00098024,0,10.22938946
fixed,15,1.0,19,0.079198,2.698858,0.997436,0.997436,0.00000351,0,10.22938946
fixed,20,0.0,0,0.319173,2.874000,0.887000,0.967746,0.10023100,0,3.62505536
fixed,20,0.1,0,0.205426,2.858509,0.895139,0.968390,0.08141382,0,3.62505536
fixed,20,0.2,0,0.173999,2.842885,0.903351,0.968753,0.06461841,0,3.62505536
fixed,20,0.3,0,0.182591,2.827128,0.911641,0.969136,0.04961370,0,3.62505536
fixed,20,0.4,0,0.185484,2.811046,0.920124,0.969811,0.03668221,0,3.62505536
fixed,20,0.5,0,0.162170,2.795017,0.928516,0.970032,0.02566657,0,3.62505536
fixed,20,0.6,0,0.227611,2.779104,0.936905,0.970176,0.01664275,0,3.62505536
fixed,20,0.7,0,0.133529,2.763026,0.945333,0.970333,0.00952736,0,3.62505536
fixed,20,0.8,0,0.127227,2.746407,0.954049,0.970811,0.00441388,0,3.62505536
fixed,20,0.9,0,0.142878,2.730109,0.962673,0.971082,0.00123889,0,3.62505536
fixed,20,1.0,0,0.202962,2.714365,0.970971,0.970971,0.00008291,200,3.62505536
fixed,20,0.0,1,0.258105,2.882500,0.894500,0.991129,0.09436975,0,9.19970230
fixed,20,0.1,1,0.128344,2.864196,0.904207,0.991567,0.07662342,0,9.19970230
fixed,20,0.2,1,0.127365,2.845904,0.913913,0.991566,0.06073511,0,9.19970230
fixed,20,0.3,1,0.000000,2.827507,0.923667,0.991722,0.04662579,0,9.19970230
fixed,20,0.4,1,0.026049,2.808899,0.933536,0.992089,0.03439856,0,9.19970230
fixed,20,0.5,1,0.015752,2.790479,0.943303,0.992105,0.02404349,0,9.19970230
fixed,20,0.6,1,0.000000,2.771905,0.953160,0.992267,0.01553476,0,9.19970230
fixed,20,0.7,1,0.049080,2.753611,0.962842,0.992132,0.00887233,0,9.19970230
fixed,20,0.8,1,0.049998,2.734840,0.972828,0.992410,0.00404703,0,9.19970230
fixed,20,0.9,1,0.029603,2.716420,0.982581,0.992368,0.00110972,0,9.19970230
fixed,20,1.0,1,0.058686,2.698028,0.992328,0.992328,0.00002142,158,9.19970230
fixed,20,0.0,2,0.832689,2.886000,0.897000,0.980900,0.09239100,0,6.33060775
fixed,20,0.1,2,0.787066,2.870077,0.905412,0.981117,0.07553349,0,6.33060775
fixed,20,0.2,2,0.796792,2.854130,0.913840,0.981202,0.06037934,0,6.33060775
fixed,20,0.3,2,0.599100,2.837950,0.922382,0.981607,0.04680404,0,6.33060775
fixed,20,0.4,2,0.658773,2.821734,0.930950,0.981875,0.03496007,0,6.33060775
fixed,20,0.5,2,0.536850,2.805315,0.939614,0.982227,0.02476238,0,6.33060775
fixed,20,0.6,2,0.545290,2.789015,0.948228,0.982380,0.01642243,0,6.33060775
fixed,20,0.7,2,0.563899,2.773092,0.956648,0.982211,0.00984588,0,6.33060775
fixed,20,0.8,2,0.555675,2.756423,0.965464,0.982580,0.00481962,0,6.33060775
fixed,20,0.9,2,0.615220,2.740495,0.973861,0.982401,0.00169180,0,6.33060775
fixed,20,1.0,2,0.659347,2.723951,0.982538,0.982538,0.00017628,198,6.33060775
fixed,20,0.0,3,0.316304,2.891000,0.898000,0.925862,0.09159600,0,3.52147335
fixed,20,0.1,3,0.177100,2.885332,0.900903,0.927030,0.07521207,0,3.52147335
fixed,20,0.2,3,0.238137,2.879799,0.903698,0.926489,0.06060744,0,3.52147335
fixed,20,0.3,3,0.265156,2.874524,0.906386,0.925954,0.04752800,0,3.52147335
fixed,20,0.4,3,0.268191,2.867882,0.909834,0.927585,0.03578506,0,3.52147335
fixed,20,0.5,3,0.208232,2.862030,0.912818,0.927635,0.02609452,0,3.52147335
fixed,20,0.6,3,0.185239,2.855744,0.916002,0.928004,0.01764012,0,3.52147335
fixed,20,0.7,3,0.115644,2.848555,0.919760,0.929085,0.01082247,0,3.52147335
fixed,20,0.8,3,0.168202,2.842997,0.922546,0.928683,0.00595132,0,3.52147335
fixed,20,0.9,3,0.129924,2.835795,0.926165,0.929294,0.00250896,0,3.52147335
fixed,20,1.0,3,0.186900,2.829834,0.929262,0.929262,0.00072047,197,3.52147335
fixed,20,0.0,4,0.488169,2.894000,0.903000,0.993154,0.08759100,0,9.52905008
fixed,20,0.1,4,0.377444,2.876760,0.912039,0.993392,0.07120238,0,9.52905008
fixed,20,0.2,4,0.325443,2.859461,0.921108,0.993538,0.05649566,0,9.52905008
fixed,20,0.3,4,0.272827,2.842263,0.930124,0.993413,0.04356850,0,9.52905008
fixed,20,0.4,4,0.189349,2.824927,0.939216,0.993539,0.03218921,0,9.52905008
fixed,20,0.5,4,0.205912,2.807637,0.948281,0.993562,0.02263655,0,9.52905008
fixed,20,0.6,4,0.163396,2.790393,0.957294,0.993489,0.01475139,0,9.52905008
fixed,20,0.7,4,0.217607,2.773046,0.966405,0.993578,0.00851557,0,9.52905008
fixed,20,0.8,4,0.214896,2.755532,0.975597,0.993746,0.00392726,0,9.52905008
fixed,20,0.9,4,0.314564,2.738047,0.984772,0.993858,0.00114505,0,9.52905008
fixed,20,1.0,4,0.253040,2.720597,0.993906,0.993906,0.00003176,80,9.52905008
fixed,20,0.0,5,0.618411,2.886000,0.899500,0.978154,0.09039975,0,5.08268524
fixed,20,0.1,5,0.494257,2.871186,0.907462,0.979122,0.07379656,0,5.08268524
fixed,20,0.2,5,0.471793,2.856056,0.915612,0.980058,0.05879357,0,5.08268524
fixed,20,0.3,5,0.289462,2.840851,0.923784,0.980448,0.04551913,0,5.08268524
fixed,20,0.4,5,0.287534,2.825278,0.932150,0.981124,0.03380154,0,5.08268524
fixed,20,0.5,5,0.242303,2.809955,0.940386,0.981273,0.02388671,0,5.08268524
fixed,20,0.6,5,0.246745,2.794001,0.948974,0.981957,0.01561942,0,5.08268524
fixed,20,0.7,5,0.300770,2.778296,0.957416,0.982238,0.00917831,0,5.08268524
fixed,20,0.8,5,0.217084,2.762566,0.965901,0.982501,0.00428409,0,5.08268524
fixed,20,0.9,5,0.258999,2.746752,0.974376,0.982695,0.00136659,0,5.08268524
fixed,20,1.0,5,0.228026,2.731040,0.982833,0.982833,0.00008416,181,5.08268524
fixed,20,0.0,6,1.100986,2.889000,0.895500,0.985823,0.09357975,0,10.13374642
fixed,20,0.1,6,0.927555,2.871218,0.904652,0.987024,0.07604131,0,10.13374642
fixed,20,0.2,6,0.701975,2.853262,0.913901,0.987505,0.06032405,0,10.13374642
fixed,20,0.3,6,0.681049,2.835200,0.923197,0.987824,0.04634256,0,10.13374642
fixed,20,0.4,6,0.546654,2.816919,0.932610,0.988275,0.03427883,0,10.13374642
fixed,20,0.5,6,0.471010,2.798370,0.942166,0.988831,0.02398525,0,10.13374642
fixed,20,0.6,6,0.461424,2.780002,0.951630,0.989050,0.01555121,0,10.13374642
fixed,20,0.7,6,0.480043,2.761008,0.961403,0.989647,0.00889084,0,10.13374642
fixed,20,0.8,6,0.419161,2.743311,0.970504,0.989255,0.00415755,0,10.13374642
fixed,20,0.9,6,0.428937,2.724515,0.980181,0.989590,0.00118441,0,10.13374642
fixed,20,1.0,6,0.536665,2.706489,0.989472,0.989472,0.00004412,164,10.13374642
fixed,20,0.0,7,1.332371,2.885500,0.893500,0.907422,0.09515775,0,4.55374186
fixed,20,0.1,7,1.172559,2.882726,0.894882,0.907323,0.08007698,0,4.55374186
fixed,20,0.2,7,1.011757,2.879743,0.896448,0.908240,0.06640807,0,4.55374186
fixed,20,0.3,7,0.980357,2.876372,0.898111,0.908869,0.05401762,0,4.55374186
fixed,20,0.4,7,0.847601,2.872500,0.900084,0.909960,0.04248801,0,4.55374186
fixed,20,0.5,7,0.820189,2.869688,0.901512,0.909523,0.03283770,0,4.55374186
fixed,20,0.6,7,0.856591,2.865424,0.903694,0.910489,0.02434630,0,4.55374186
fixed,20,0.7,7,0.828417,2.861833,0.905433,0.910548,0.01655008,0,4.55374186
fixed,20,0.8,7,0.825717,2.859500,0.906866,0.910207,0.01147873,0,4.55374186
fixed,20,0.9,7,0.729649,2.856327,0.908298,0.909942,0.00657896,0,4.55374186
fixed,20,1.0,7,0.803267,2.849764,0.911796,0.911796,0.00322983,195,4.55374186
fixed,20,0.0,8,1.064134,2.895000,0.904500,0.975967,0.08637975,0,2.97305017
fixed,20,0.1,8,0.939908,2.881382,0.911667,0.976170,0.07029112,0,2.97305017
fixed,20,0.2,8,0.764197,2.867590,0.918933,0.976663,0.05586038,0,2.97305017
fixed,20,0.3,8,0.643158,2.853536,0.926334,0.977281,0.04298322,0,2.97305017
fixed,20,0.4,8,0.629344,2.839461,0.933757,0.977643,0.03189609,0,2.97305017
fixed,20,0.5,8,0.637688,2.825121,0.941299,0.978098,0.02240482,0,2.97305017
fixed,20,0.6,8,0.458042,2.810798,0.948843,0.978406,0.01461846,0,2.97305017
fixed,20,0.7,8,0.547492,2.796289,0.956487,0.978767,0.00839999,0,2.97305017
fixed,20,0.8,8,0.515318,2.781933,0.964033,0.978917,0.00394854,0,2.97305017
fixed,20,0.9,8,0.549238,2.767747,0.971469,0.978910,0.00116593,0,2.97305017
fixed,20,1.0,8,0.604866,2.752841,0.979333,0.979333,0.00005530,187,2.97305017
fixed,20,0.0,9,1.257507,2.890000,0.900000,0.997260,0.09000000,0,11.68003734
fixed,20,0.1,9,1.130313,2.871522,0.909726,0.997261,0.07302454,0,11.68003734
fixed,20,0.2,9,0.928849,2.852947,0.919501,0.997507,0.05779163,0,11.68003734
fixed,20,0.3,9,0.703769,2.834396,0.929266,0.997555,0.04432761,0,11.68003734
fixed,20,0.4,9,0.654564,2.815834,0.939037,0.997593,0.03265998,0,11.68003734
fixed,20,0.5,9,0.542533,2.797206,0.948834,0.997669,0.02275546,0,11.68003734
fixed,20,0.6,9,0.387463,2.778598,0.958629,0.997714,0.01465724,0,11.68003734
fixed,20,0.7,9,0.444626,2.759976,0.968436,0.997766,0.00831173,0,11.68003734
fixed,20,0.8,9,0.475534,2.741320,0.978242,0.997802,0.00376164,0,11.68003734
fixed,20,0.9,9,0.453770,2.722780,0.988020,0.997800,0.00099044,0,11.68003734
fixed,20,1.0,9,0.454462,2.704087,0.997847,0.997847,0.00000450,0,11.68003734
fixed,20,0.0,10,0.983277,2.890500,0.902000,0.928392,0.08839600,0,2.93499630
fixed,20,0.1,10,0.853601,2.885335,0.904820,0.930204,0.07220891,0,2.93499630
fixed,20,0.2,10,0.727592,2.879749,0.907854,0.931269,0.05782547,0,2.93499630
fixed,20,0.3,10,0.560077,2.873738,0.911112,0.932374,0.04475982,0,2.93499630
fixed,20,0.4,10,0.445835,2.867816,0.914307,0.932767,0.03348982,0,2.93499630
fixed,20,0.5,10,0.371351,2.861871,0.917504,0.933008,0.02393067,0,2.93499630
fixed,20,0.6,10,0.378043,2.855018,0.921118,0.933864,0.01594683,0,2.93499630
fixed,20,0.7,10,0.319330,2.849512,0.924273,0.933819,0.00961003,0,2.93499630
fixed,20,0.8,10,0.409049,2.841066,0.928718,0.935397,0.00485751,0,2.93499630
fixed,20,0.9,10,0.305210,2.834964,0.932101,0.935446,0.00169814,0,2.93499630
fixed,20,1.0,10,0.304041,2.828401,0.935562,0.935562,0.00039244,200,2.93499630
fixed,20,0.0,11,0.600733,2.879000,0.891500,0.987837,0.09672775,0,7.71835666
fixed,20,0.1,11,0.470308,2.860748,0.901187,0.988373,0.07863260,0,7.71835666
fixed,20,0.2,11,0.379840,2.842373,0.910941,0.988707,0.06238577,0,7.71835666
fixed,20,0.3,11,0.237326,2.823865,0.920754,0.989013,0.04792470,0,7.71835666
fixed,20,0.4,11,0.154642,2.805146,0.930700,0.989499,0.03541276,0,7.71835666
fixed,20,0.5,11,0.177898,2.786481,0.940592,0.989684,0.02473277,0,7.71835666
fixed,20,0.6,11,0.142952,2.767945,0.950438,0.989730,0.01604053,0,7.71835666
fixed,20,0.7,11,0.156918,2.749191,0.960389,0.989913,0.00911826,0,7.71835666
fixed,20,0.8,11,0.160533,2.729930,0.970604,0.990380,0.00419296,0,7.71835666
fixed,20,0.9,11,0.163396,2.711621,0.980327,0.990196,0.00116279,0,7.71835666
fixed,20,1.0,11,0.156888,2.693037,0.990184,0.990184,0.00002869,147,7.71835666
fixed,20,0.0,12,1.376997,2.874000,0.887500,0.952963,0.09984375,0,5.11869326
fixed,20,0.1,12,1.194689,2.861508,0.894148,0.953982,0.08305987,0,5.11869326
fixed,20,0.2,12,1.169404,2.849032,0.900792,0.953960,0.06794504,0,5.11869326
fixed,20,0.3,12,1.102744,2.836640,0.907348,0.953659,0.05461224,0,5.11869326
fixed,20,0.4,12,1.066468,2.824080,0.914074,0.953935,0.04245852,0,5.11869326
fixed,20,0.5,12,1.007119,2.809990,0.921556,0.955612,0.03126119,0,5.11869326
fixed,20,0.6,12,0.966722,2.798189,0.927821,0.954702,0.02262183,0,5.11869326
fixed,20,0.7,12,0.847393,2.784040,0.935424,0.955962,0.01468773,0,5.11869326
fixed,20,0.8,12,0.934690,2.772320,0.941658,0.955198,0.00902979,0,5.11869326
fixed,20,0.9,12,0.949297,2.756865,0.949918,0.956853,0.00418428,0,5.11869326
fixed,20,1.0,12,0.968036,2.746213,0.955628,0.955628,0.00174801,199,5.11869326
fixed,20,0.0,13,0.486139,2.892500,0.899500,0.979926,0.09039975,0,6.59444673
fixed,20,0.1,13,0.391942,2.877124,0.907520,0.979701,0.07380992,0,6.59444673
fixed,20,0.2,13,0.260897,2.861139,0.915850,0.981249,0.05878157,0,6.59444673
fixed,20,0.3,13,0.248511,2.845396,0.924076,0.981420,0.04559059,0,6.59444673
fixed,20,0.4,13,0.199122,2.829203,0.932509,0.982023,0.03388394,0,6.59444673
fixed,20,0.5,13,0.163682,2.813002,0.940963,0.982426,0.02397310,0,6.59444673
fixed,20,0.6,13,0.153435,2.796331,0.949627,0.983045,0.01578758,0,6.59444673
fixed,20,0.7,13,0.170751,2.780503,0.957909,0.982941,0.00928872,0,6.59444673
fixed,20,0.8,13,0.185893,2.764032,0.966470,0.983212,0.00460228,0,6.59444673
fixed,20,0.9,13,0.208670,2.747406,0.975165,0.983572,0.00146684,0,6.59444673
fixed,20,1.0,13,0.187604,2.730771,0.983816,0.983816,0.00012933,194,6.59444673
fixed,20,0.0,14,1.528200,2.878000,0.891000,0.985285,0.09711900,0,5.97259328
fixed,20,0.1,14,1.253452,2.860042,0.900563,0.986627,0.07899429,0,5.97259328
fixed,20,0.2,14,1.056789,2.841839,0.910246,0.987230,0.06271300,0,5.97259328
fixed,20,0.3,14,0.951400,2.823260,0.920123,0.988075,0.04822521,0,5.97259328
fixed,20,0.4,14,0.827935,2.804779,0.929973,0.988433,0.03571001,0,5.97259328
fixed,20,0.5,14,0.801922,2.785788,0.940068,0.989135,0.02489884,0,5.97259328
fixed,20,0.6,14,0.712069,2.767048,0.950022,0.989370,0.01617480,0,5.97259328
fixed,20,0.7,14,0.660187,2.748074,0.960112,0.989731,0.00928212,0,5.97259328
fixed,20,0.8,14,0.768973,2.729567,0.969963,0.989704,0.00428940,0,5.97259328
fixed,20,0.9,14,0.778584,2.710769,0.979957,0.989842,0.00120669,0,5.97259328
fixed,20,1.0,14,0.658694,2.692122,0.989885,0.989885,0.00003587,0,5.97259328
fixed,20,0.0,15,0.538048,2.901500,0.910500,0.969783,0.08148975,0,7.27081004
fixed,20,0.1,15,0.569697,2.890013,0.916494,0.970439,0.06716032,0,7.27081004
fixed,20,0.2,15,0.444120,2.878394,0.922565,0.970825,0.05422203,0,7.27081004
fixed,20,0.3,15,0.493596,2.866403,0.928781,0.971435,0.04258253,0,7.27081004
fixed,20,0.4,15,0.332368,2.855169,0.934695,0.970987,0.03232683,0,7.27081004
fixed,20,0.5,15,0.364430,2.843119,0.940895,0.971290,0.02371569,0,7.27081004
fixed,20,0.6,15,0.381980,2.831773,0.946873,0.971121,0.01634757,0,7.27081004
fixed,20,0.7,15,0.327183,2.819870,0.953027,0.971252,0.01043233,0,7.27081004
fixed,20,0.8,15,0.401764,2.807800,0.959262,0.971453,0.00571918,0,7.27081004
fixed,20,0.9,15,0.386400,2.795837,0.965611,0.971734,0.00241876,0,7.27081004
fixed,20,1.0,15,0.411980,2.783113,0.972291,0.972291,0.00054157,199,7.27081004
fixed,20,0.0,16,1.025184,2.894000,0.904500,0.953179,0.08637975,0,3.99617486
fixed,20,0.1,16,0.926153,2.884669,0.909391,0.953412,0.07100816,0,3.99617486
fixed,20,0.2,16,0.774549,2.875128,0.914391,0.953955,0.05705712,0,3.99617486
fixed,20,0.3,16,0.589091,2.866043,0.919152,0.953340,0.04488684,0,3.99617486
fixed,20,0.4,16,0.571455,2.856164,0.924324,0.954060,0.03381812,0,3.99617486
fixed,20,0.5,16,0.422948,2.846964,0.929152,0.953805,0.02461368,0,3.99617486
fixed,20,0.6,16,0.474998,2.835418,0.935212,0.955686,0.01647962,0,3.99617486
fixed,20,0.7,16,0.524098,2.825726,0.940322,0.955675,0.01028999,0,3.99617486
fixed,20,0.8,16,0.620732,2.816472,0.945148,0.955310,0.00549412,0,3.99617486
fixed,20,0.9,16,0.491611,2.806036,0.950661,0.955790,0.00220533,0,3.99617486
fixed,20,1.0,16,0.520395,2.796424,0.955539,0.955539,0.00056719,194,3.99617486
fixed,20,0.0,17,0.500776,2.891000,0.900000,0.984408,0.09000000,0,8.22629563
fixed,20,0.1,17,0.484614,2.874890,0.908425,0.984252,0.07362186,0,8.22629563
fixed,20,0.2,17,0.453732,2.858774,0.916865,0.984324,0.05884802,0,8.22629563
fixed,20,0.3,17,0.443169,2.842524,0.925347,0.984489,0.04571255,0,8.22629563
fixed,20,0.4,17,0.543085,2.826231,0.933889,0.984723,0.03428008,0,8.22629563
fixed,20,0.5,17,0.417455,2.810012,0.942392,0.984784,0.02438818,0,8.22629563
fixed,20,0.6,17,0.476679,2.793543,0.950960,0.984933,0.01624216,0,8.22629563
fixed,20,0.7,17,0.465699,2.777501,0.959394,0.984848,0.00980990,0,8.22629563
fixed,20,0.8,17,0.605503,2.761662,0.967682,0.984603,0.00510732,0,8.22629563
fixed,20,0.9,17,0.482209,2.744185,0.976808,0.985342,0.00169577,0,8.22629563
fixed,20,1.0,17,0.495069,2.728655,0.984932,0.984932,0.00024787,199,8.22629563
fixed,20,0.0,18,0.499821,2.881500,0.895000,0.954474,0.09397500,0,3.23825260
fixed,20,0.1,18,0.341209,2.870083,0.901150,0.956505,0.07650994,0,3.23825260
fixed,20,0.2,18,0.215689,2.858225,0.907547,0.957736,0.06086844,0,3.23825260
fixed,20,0.3,18,0.109343,2.846133,0.914026,0.958422,0.04697822,0,3.23825260
fixed,20,0.4,18,0.072180,2.833697,0.920742,0.959354,0.03474527,0,3.23825260
fixed,20,0.5,18,0.041711,2.820945,0.927590,0.960179,0.02439294,0,3.23825260
fixed,20,0.6,18,0.018983,2.808447,0.934295,0.960492,0.01596260,0,3.23825260
fixed,20,0.7,18,0.015497,2.795809,0.941120,0.960885,0.00931517,0,3.23825260
fixed,20,0.8,18,0.053824,2.783153,0.947949,0.961186,0.00432737,0,3.23825260
fixed,20,0.9,18,0.091401,2.770759,0.954543,0.961159,0.00132408,0,3.23825260
fixed,20,1.0,18,0.026445,2.758457,0.961223,0.961223,0.00013732,200,3.23825260
fixed,20,0.0,19,0.906957,2.882000,0.894000,0.989803,0.09476400,0,10.72146603
fixed,20,0.1,19,0.772442,2.863917,0.903585,0.989849,0.07741644,0,10.72146603
fixed,20,0.2,19,0.727234,2.845816,0.913171,0.989856,0.06184945,0,10.72146603
fixed,20,0.3,19,0.660504,2.827420,0.922937,0.990456,0.04784986,0,10.72146603
fixed,20,0.4,19,0.506645,2.808904,0.932764,0.990910,0.03563692,0,10.72146603
fixed,20,0.5,19,0.510564,2.790869,0.942309,0.990617,0.02532880,0,10.72146603
fixed,20,0.6,19,0.491337,2.772585,0.952004,0.990673,0.01673662,0,10.72146603
fixed,20,0.7,19,0.538875,2.754170,0.961734,0.990763,0.01003101,0,10.72146603
fixed,20,0.8,19,0.505370,2.736721,0.971020,0.990275,0.00504668,0,10.72146603
fixed,20,0.9,19,0.518905,2.717413,0.981299,0.990999,0.00163541,0,10.72146603
fixed,20,1.0,19,0.597543,2.699823,0.990540,0.990540,0.00017420,174,10.72146603
fixed,30,0.0,0,1.109308,2.879500,0.892000,0.975344,0.09633600,0,3.50347314
fixed,30,0.1,0,0.719978,2.863541,0.900474,0.976736,0.07840800,0,3.50347314
fixed,30,0.2,0,0.527751,2.847351,0.909075,0.977374,0.06226568,0,3.50347314
fixed,30,0.3,0,0.295227,2.830828,0.917835,0.978118,0.04797703,0,3.50347314
fixed,30,0.4,0,0.088422,2.814236,0.926640,0.978601,0.03557344,0,3.50347314
fixed,30,0.5,0,0.079108,2.797581,0.935519,0.979038,0.02497428,0,3.50347314
fixed,30,0.6,0,0.113655,2.780821,0.944396,0.979326,0.01623608,0,3.50347314
fixed,30,0.7,0,0.198035,2.764093,0.953282,0.979545,0.00938611,0,3.50347314
fixed,30,0.8,0,0.082354,2.747372,0.962168,0.979710,0.00444367,0,3.50347314
fixed,30,0.9,0,0.189312,2.730272,0.971271,0.980079,0.00128400,0,3.50347314
fixed,30,1.0,0,0.083665,2.713390,0.980207,0.980207,0.00005847,196,3.50347314
fixed,30,0.0,1,1.901686,2.900500,0.909000,0.995180,0.08271900,0,3.86490829
fixed,30,0.1,1,1.823154,2.884225,0.917614,0.995137,0.06720027,0,3.86490829
fixed,30,0.2,1,1.416923,2.867881,0.926268,0.995338,0.05326349,0,3.86490829
fixed,30,0.3,1,1.349167,2.851465,0.934954,0.995512,0.04093159,0,3.86490829
fixed,30,0.4,1,1.203048,2.835153,0.943586,0.995464,0.03025612,0,3.86490829
fixed,30,0.5,1,0.972970,2.818685,0.952298,0.995596,0.02114676,0,3.86490829
fixed,30,0.6,1,0.924221,2.802342,0.960953,0.995589,0.01370606,0,3.86490829
fixed,30,0.7,1,0.910930,2.785891,0.969661,0.995658,0.00783437,0,3.86490829
fixed,30,0.8,1,0.952299,2.769450,0.978359,0.995699,0.00361642,0,3.86490829
fixed,30,0.9,1,0.964406,2.752989,0.987072,0.995747,0.00099401,0,3.86490829
fixed,30,1.0,1,1.002234,2.736544,0.995782,0.995782,0.00001179,0,3.86490829
fixed,30,0.0,2,0.916873,2.895500,0.904500,0.988960,0.08637975,0,4.79878544
fixed,30,0.1,2,0.726277,2.879264,0.913020,0.989700,0.07017026,0,4.79878544
fixed,30,0.2,2,0.525457,2.862791,0.921668,0.990339,0.05557896,0,4.79878544
fixed,30,0.3,2,0.459276,2.846261,0.930338,0.990627,0.04271931,0,4.79878544
fixed,30,0.4,2,0.465134,2.829562,0.939098,0.990996,0.03154055,0,4.79878544
fixed,30,0.5,2,0.431167,2.813017,0.947781,0.991063,0.02201806,0,4.79878544
fixed,30,0.6,2,0.365567,2.796266,0.956584,0.991307,0.01421648,0,4.79878544
fixed,30,0.7,2,0.351509,2.779570,0.965337,0.991409,0.00809608,0,4.79878544
fixed,30,0.8,2,0.398621,2.762775,0.974144,0.991555,0.00368215,0,4.79878544
fixed,30,0.9,2,0.479121,2.746309,0.982794,0.991493,0.00100875,0,4.79878544
fixed,30,1.0,2,0.413619,2.729426,0.991641,0.991641,0.00001570,20,4.79878544
fixed,30,0.0,3,1.103488,2.891500,0.904500,0.955368,0.08637975,0,3.87701746
fixed,30,0.1,3,1.117698,2.882010,0.909680,0.956295,0.07085163,0,3.87701746
fixed,30,0.2,3,0.895496,2.872423,0.914917,0.956587,0.05688315,0,3.87701746
fixed,30,0.3,3,0.843462,2.862642,0.920269,0.957063,0.04437581,0,3.87701746
fixed,30,0.4,3,0.673852,2.852630,0.925710,0.957526,0.03331251,0,3.87701746
fixed,30,0.5,3,0.619068,2.842280,0.931361,0.958221,0.02405476,0,3.87701746
fixed,30,0.6,3,0.636690,2.832086,0.936858,0.958429,0.01603410,0,3.87701746
fixed,30,0.7,3,0.648391,2.822423,0.942129,0.958256,0.00990859,0,3.87701746
fixed,30,0.8,3,0.701108,2.812402,0.947578,0.958347,0.00507824,0,3.87701746
fixed,30,0.9,3,0.612121,2.800119,0.954269,0.959799,0.00176509,0,3.87701746
fixed,30,1.0,3,0.606755,2.789641,0.959985,0.959985,0.00032490,196,3.87701746
fixed,30,0.0,4,1.287615,2.901500,0.908500,0.961364,0.08312775,0,2.07682762
fixed,30,0.1,4,1.059089,2.891002,0.913938,0.962881,0.06757505,0,2.07682762
fixed,30,0.2,4,0.793769,2.880044,0.919619,0.964095,0.05365577,0,2.07682762
fixed,30,0.3,4,0.587137,2.868707,0.925489,0.965129,0.04122649,0,2.07682762
fixed,30,0.4,4,0.264627,2.857203,0.931452,0.965881,0.03054772,0,2.07682762
fixed,30,0.5,4,0.217836,2.845375,0.937579,0.966658,0.02142822,0,2.07682762
fixed,30,0.6,4,0.210948,2.833929,0.943489,0.966815,0.01393340,0,2.07682762
fixed,30,0.7,4,0.186576,2.821449,0.949948,0.967711,0.00802284,0,2.07682762
fixed,30,0.8,4,0.166033,2.809863,0.955978,0.967847,0.00372013,0,2.07682762
fixed,30,0.9,4,0.171751,2.797833,0.962208,0.968175,0.00111023,0,2.07682762
fixed,30,1.0,4,0.170015,2.785505,0.968586,0.968586,0.00005940,199,2.07682762
fixed,30,0.0,5,1.493388,2.885000,0.895500,0.967643,0.09357975,0,3.16790323
fixed,30,0.1,5,1.381751,2.871143,0.902789,0.968386,0.07618441,0,3.16790323
fixed,30,0.2,5,1.173674,2.856910,0.910273,0.969365,0.06059837,0,3.16790323
fixed,30,0.3,5,1.075814,2.842512,0.917848,0.969993,0.04674336,0,3.16790323
fixed,30,0.4,5,0.880918,2.827807,0.925591,0.970726,0.03466343,0,3.16790323
fixed,30,0.5,5,0.761293,2.813332,0.933228,0.970955,0.02442937,0,3.16790323
fixed,30,0.6,5,0.835996,2.798009,0.941250,0.971750,0.01594090,0,3.16790323
fixed,30,0.7,5,0.746622,2.783341,0.948994,0.971920,0.00925965,0,3.16790323
fixed,30,0.8,5,0.903250,2.768700,0.956660,0.971949,0.00446381,0,3.16790323
fixed,30,0.9,5,0.761339,2.753453,0.964687,0.972374,0.00137997,0,3.16790323
fixed,30,1.0,5,0.881044,2.739341,0.972150,0.972150,0.00010471,200,3.16790323
fixed,30,0.0,6,1.668404,2.888500,0.897000,0.994532,0.09239100,0,4.78950146
fixed,30,0.1,6,1.333853,2.869765,0.906764,0.994642,0.07493174,0,4.78950146
fixed,30,0.2,6,1.261431,2.850974,0.916559,0.994793,0.05929076,0,4.78950146
fixed,30,0.3,6,1.198513,2.832167,0.926361,0.994871,0.04548760,0,4.78950146
fixed,30,0.4,6,0.960419,2.813300,0.936198,0.994996,0.03350582,0,4.78950146
fixed,30,0.5,6,0.942528,2.794388,0.946058,0.995116,0.02332309,0,4.78950146
fixed,30,0.6,6,0.863743,2.775541,0.955881,0.995136,0.01500098,0,4.78950146
fixed,30,0.7,6,0.853562,2.756682,0.965714,0.995163,0.00850906,0,4.78950146
fixed,30,0.8,6,0.847260,2.737703,0.975601,0.995251,0.00383455,0,4.78950146
fixed,30,0.9,6,0.861562,2.718800,0.985463,0.995292,0.00100460,0,4.78950146
fixed,30,1.0,6,0.942057,2.699739,0.995405,0.995405,0.00000431,0,4.78950146
fixed,30,0.0,7,1.112316,2.893500,0.900000,0.964912,0.09000000,0,3.41748050
fixed,30,0.1,7,0.779948,2.880756,0.906527,0.965268,0.07327654,0,3.41748050
fixed,30,0.2,7,0.601248,2.867631,0.913259,0.966295,0.05823843,0,3.41748050
fixed,30,0.3,7,0.458861,2.854514,0.919986,0.966619,0.04486562,0,3.41748050
fixed,30,0.4,7,0.430310,2.841599,0.926621,0.966552,0.03333336,0,3.41748050
fixed,30,0.5,7,0.472518,2.828162,0.933497,0.966993,0.02351599,0,3.41748050
fixed,30,0.6,7,0.365011,2.814565,0.940466,0.967444,0.01531784,0,3.41748050
fixed,30,0.7,7,0.296432,2.801623,0.947108,0.967297,0.00894452,0,3.41748050
fixed,30,0.8,7,0.423885,2.788099,0.954012,0.967514,0.00426494,0,3.41748050
fixed,30,0.9,7,0.367022,2.774468,0.961030,0.967811,0.00134138,0,3.41748050
fixed,30,1.0,7,0.410790,2.760326,0.968319,0.968319,0.00010914,197,3.41748050
fixed,30,0.0,8,1.845925,2.898500,0.904500,0.844037,0.08637975,0,3.99489061
fixed,30,0.1,8,1.629440,2.909818,0.898433,0.843829,0.07301500,0,3.99489061
fixed,30,0.2,8,1.523826,2.920573,0.892666,0.845332,0.06084405,0,3.99489061
fixed,30,0.3,8,1.355685,2.931549,0.886734,0.845279,0.04990021,0,3.99489061
fixed,30,0.4,8,1.157075,2.942245,0.881145,0.846112,0.03996362,0,3.99489061
fixed,30,0.5,8,1.039587,2.952200,0.875630,0.846760,0.03114633,0,3.99489061
fixed,30,0.6,8,0.932050,2.962895,0.869928,0.846881,0.02371300,0,3.99489061
fixed,30,0.7,8,0.977819,2.974199,0.863825,0.846392,0.01754380,0,3.99489061
fixed,30,0.8,8,0.835615,2.985223,0.857817,0.846146,0.01208063,0,3.99489061
fixed,30,0.9,8,0.846983,2.996800,0.851686,0.845818,0.00784050,0,3.99489061
fixed,30,1.0,8,0.787855,3.009599,0.844862,0.844862,0.00504722,200,3.99489061
fixed,30,0.0,9,1.335989,2.894000,0.902000,0.964875,0.08839600,0,3.54783547
fixed,30,0.1,9,1.107003,2.881912,0.908276,0.964762,0.07291708,0,3.54783547
fixed,30,0.2,9,0.960447,2.869602,0.914665,0.965323,0.05885443,0,3.54783547
fixed,30,0.3,9,0.842512,2.857209,0.921108,0.965694,0.04636215,0,3.54783547
fixed,30,0.4,9,0.714642,2.844960,0.927492,0.965729,0.03534389,0,3.54783547
fixed,30,0.5,9,0.819765,2.831640,0.934414,0.966829,0.02561964,0,3.54783547
fixed,30,0.6,9,0.718356,2.819403,0.940751,0.966584,0.01765828,0,3.54783547
fixed,30,0.7,9,0.711401,2.806852,0.947305,0.966721,0.01106067,0,3.54783547
fixed,30,0.8,9,0.713058,2.793740,0.954063,0.967079,0.00602473,0,3.54783547
fixed,30,0.9,9,0.745577,2.781550,0.960403,0.966892,0.00264954,0,3.54783547
fixed,30,1.0,9,0.741855,2.768563,0.967235,0.967235,0.00062554,199,3.54783547
fixed,30,0.0,10,1.612530,2.893500,0.905000,0.989479,0.08597500,0,3.75165128
fixed,30,0.1,10,1.483506,2.877607,0.913470,0.989696,0.06989749,0,3.75165128
fixed,30,0.2,10,1.421184,2.861559,0.922026,0.990130,0.05545159,0,3.75165128
fixed,30,0.3,10,1.056327,2.845350,0.930657,0.990523,0.04264095,0,3.75165128
fixed,30,0.4,10,0.936609,2.829210,0.939258,0.990644,0.03155744,0,3.75165128
fixed,30,0.5,10,0.986089,2.812971,0.947912,0.990823,0.02211099,0,3.75165128
fixed,30,0.6,10,0.834006,2.796747,0.956563,0.990939,0.01431247,0,3.75165128
fixed,30,0.7,10,0.775934,2.780433,0.965247,0.991067,0.00825382,0,3.75165128
fixed,30,0.8,10,0.774563,2.764071,0.973973,0.991216,0.00379779,0,3.75165128
fixed,30,0.9,10,0.856392,2.747857,0.982626,0.991251,0.00107325,0,3.75165128
fixed,30,1.0,10,0.913678,2.731589,0.991287,0.991287,0.00002171,0,3.75165128
fixed,30,0.0,11,1.163338,2.896000,0.902500,0.979992,0.08799375,0,5.43929253
fixed,30,0.1,11,0.940186,2.880829,0.910327,0.980774,0.07175600,0,5.43929253
fixed,30,0.2,11,0.913911,2.865481,0.918240,0.981201,0.05713249,0,5.43929253
fixed,30,0.3,11,0.885315,2.849984,0.926233,0.981610,0.04412061,0,5.43929253
fixed,30,0.4,11,0.940609,2.834373,0.934291,0.981977,0.03283616,0,5.43929253
fixed,30,0.5,11,0.942177,2.818786,0.942347,0.982194,0.02311601,0,5.43929253
fixed,30,0.6,11,0.895435,2.803391,0.950264,0.982107,0.01523214,0,5.43929253
fixed,30,0.7,11,0.878743,2.787437,0.958479,0.982470,0.00898166,0,5.43929253
fixed,30,0.8,11,0.879420,2.771730,0.966608,0.982635,0.00427210,0,5.43929253
fixed,30,0.9,11,0.779871,2.756079,0.974693,0.982714,0.00134952,0,5.43929253
fixed,30,1.0,11,0.842935,2.740468,0.982739,0.982739,0.00011884,192,5.43929253
fixed,30,0.0,12,1.180546,2.894000,0.899500,0.972064,0.09039975,0,3.39936956
fixed,30,0.1,12,1.051495,2.879805,0.906808,0.972581,0.07353424,0,3.39936956
fixed,30,0.2,12,0.803254,2.865335,0.914264,0.973319,0.05846183,0,3.39936956
fixed,30,0.3,12,0.575106,2.850829,0.921743,0.973644,0.04501864,0,3.39936956
fixed,30,0.4,12,0.604818,2.835970,0.929423,0.974307,0.03332609,0,3.39936956
fixed,30,0.5,12,0.332353,2.821278,0.936992,0.974485,0.02342284,0,3.39936956
fixed,30,0.6,12,0.229815,2.806043,0.944802,0.975004,0.01523030,0,3.39936956
fixed,30,0.7,12,0.202716,2.791429,0.952387,0.975052,0.00874802,0,3.39936956
fixed,30,0.8,12,0.182252,2.776554,0.960049,0.975186,0.00414311,0,3.39936956
fixed,30,0.9,12,0.249683,2.761115,0.968002,0.975613,0.00122436,0,3.39936956
fixed,30,1.0,12,0.311697,2.747007,0.975276,0.975276,0.00007627,200,3.39936956
fixed,30,0.0,13,0.582038,2.885500,0.896000,0.924351,0.09318400,0,4.39547776
fixed,30,0.1,13,0.366495,2.879922,0.898905,0.925054,0.07582973,0,4.39547776
fixed,30,0.2,13,0.256159,2.873455,0.902277,0.927387,0.06021551,0,4.39547776
fixed,30,0.3,13,0.060139,2.866564,0.905973,0.929242,0.04641067,0,4.39547776
fixed,30,0.4,13,0.054058,2.859228,0.909708,0.930271,0.03437728,0,4.39547776
fixed,30,0.5,13,0.000000,2.852949,0.913073,0.930146,0.02421274,0,4.39547776
fixed,30,0.6,13,0.000000,2.846155,0.916623,0.930372,0.01579073,0,4.39547776
fixed,30,0.7,13,0.095555,2.838143,0.920860,0.931515,0.00912048,0,4.39547776
fixed,30,0.8,13,0.097571,2.830695,0.924782,0.931978,0.00443178,0,4.39547776
fixed,30,0.9,13,0.038811,2.823351,0.928598,0.932220,0.00153615,0,4.39547776
fixed,30,1.0,13,0.018789,2.816371,0.932314,0.932314,0.00045270,198,4.39547776
fixed,30,0.0,14,0.688917,2.886500,0.901000,0.953314,0.08919900,0,3.24486760
fixed,30,0.1,14,0.558942,2.876910,0.906272,0.953719,0.07302886,0,3.24486760
fixed,30,0.2,14,0.523699,2.866817,0.911817,0.955083,0.05834907,0,3.24486760
fixed,30,0.3,14,0.331766,2.856530,0.917456,0.955854,0.04528940,0,3.24486760
fixed,30,0.4,14,0.306331,2.846146,0.923152,0.956380,0.03385027,0,3.24486760
fixed,30,0.5,14,0.275246,2.835131,0.929222,0.957443,0.02403104,0,3.24486760
fixed,30,0.6,14,0.165240,2.824612,0.934998,0.957663,0.01588767,0,3.24486760
fixed,30,0.7,14,0.412188,2.813531,0.941026,0.958180,0.00943695,0,3.24486760
fixed,30,0.8,14,0.335493,2.804380,0.946100,0.957375,0.00478131,0,3.24486760
fixed,30,0.9,14,0.314997,2.793316,0.952181,0.957868,0.00171246,0,3.24486760
fixed,30,1.0,14,0.405261,2.782073,0.958321,0.958321,0.00021002,198,3.24486760
fixed,30,0.0,15,0.678437,2.887000,0.898000,0.966383,0.09159600,0,2.19824898
fixed,30,0.1,15,0.463524,2.873977,0.904891,0.966912,0.07461982,0,2.19824898
fixed,30,0.2,15,0.382321,2.860880,0.911815,0.967074,0.05937599,0,2.19824898
fixed,30,0.3,15,0.231283,2.847651,0.918830,0.967433,0.04581721,0,2.19824898
fixed,30,0.4,15,0.195784,2.833845,0.926146,0.968365,0.03397789,0,2.19824898
fixed,30,0.5,15,0.302221,2.820824,0.933028,0.968057,0.02395680,0,2.19824898
fixed,30,0.6,15,0.297511,2.806736,0.940484,0.968806,0.01569759,0,2.19824898
fixed,30,0.7,15,0.276142,2.793749,0.947338,0.968483,0.00915552,0,2.19824898
fixed,30,0.8,15,0.430870,2.780032,0.954614,0.968767,0.00436262,0,2.19824898
fixed,30,0.9,15,0.279160,2.766029,0.962043,0.969159,0.00133325,0,2.19824898
fixed,30,1.0,15,0.310300,2.752224,0.969283,0.969283,0.00009066,199,2.19824898
fixed,30,0.0,16,1.878771,2.892500,0.900500,0.957190,0.08959975,0,4.04642452
fixed,30,0.1,16,1.699300,2.881302,0.906310,0.958602,0.07403073,0,4.04642452
fixed,30,0.2,16,1.600720,2.870149,0.912078,0.958388,0.06013778,0,4.04642452
fixed,30,0.3,16,1.324692,2.858402,0.918175,0.959416,0.04745827,0,4.04642452
fixed,30,0.4,16,1.214081,2.846165,0.924529,0.960571,0.03617088,0,4.04642452
fixed,30,0.5,16,1.136307,2.834592,0.930495,0.960489,0.02673845,0,4.04642452
fixed,30,0.6,16,1.034580,2.822208,0.936960,0.961267,0.01834359,0,4.04642452
fixed,30,0.7,16,0.956944,2.810301,0.943164,0.961449,0.01166870,0,4.04642452
fixed,30,0.8,16,1.104709,2.798769,0.949121,0.961276,0.00672314,0,4.04642452
fixed,30,0.9,16,0.994238,2.786627,0.955391,0.961491,0.00310471,0,4.04642452
fixed,30,1.0,16,1.031115,2.773257,0.962296,0.962296,0.00084181,198,4.04642452
fixed,30,0.0,17,1.367260,2.909000,0.916500,0.972692,0.07652775,0,3.94899057
fixed,30,0.1,17,1.180407,2.898182,0.922087,0.972375,0.06253516,0,3.94899057
fixed,30,0.2,17,1.001347,2.887288,0.927723,0.972616,0.04994494,0,3.94899057
fixed,30,0.3,17,0.914132,2.876160,0.933477,0.973089,0.03869610,0,3.94899057
fixed,30,0.4,17,0.876062,2.865426,0.939021,0.972803,0.02901236,0,3.94899057
fixed,30,0.5,17,0.819802,2.854435,0.944728,0.972957,0.02049943,0,3.94899057
fixed,30,0.6,17,0.762194,2.843391,0.950445,0.973075,0.01364714,0,3.94899057
fixed,30,0.7,17,0.758023,2.832255,0.956185,0.973193,0.00807656,0,3.94899057
fixed,30,0.8,17,0.699651,2.821444,0.961762,0.973078,0.00405818,0,3.94899057
fixed,30,0.9,17,0.790916,2.810361,0.967468,0.973131,0.00138645,0,3.94899057
fixed,30,1.0,17,0.668895,2.799339,0.973237,0.973237,0.00016443,184,3.94899057
fixed,30,0.0,18,0.805175,2.895500,0.903000,0.980346,0.08759100,0,4.73980087
fixed,30,0.1,18,0.804923,2.880303,0.910880,0.981798,0.07107062,0,4.73980087
fixed,30,0.2,18,0.542465,2.864549,0.919065,0.983324,0.05627529,0,4.73980087
fixed,30,0.3,18,0.272195,2.848618,0.927339,0.984130,0.04318795,0,4.73980087
fixed,30,0.4,18,0.215046,2.832416,0.935758,0.984896,0.03182262,0,4.73980087
fixed,30,0.5,18,0.285645,2.816374,0.944074,0.985149,0.02213040,0,4.73980087
fixed,30,0.6,18,0.161393,2.800043,0.952553,0.985588,0.01426730,0,4.73980087
fixed,30,0.7,18,0.121972,2.783526,0.961155,0.986079,0.00808944,0,4.73980087
fixed,30,0.8,18,0.100528,2.767693,0.969379,0.985974,0.00365894,0,4.73980087
fixed,30,0.9,18,0.142490,2.751530,0.977743,0.986048,0.00099401,0,4.73980087
fixed,30,1.0,18,0.056452,2.734904,0.986389,0.986389,0.00002208,198,4.73980087
fixed,30,0.0,19,0.542388,2.897500,0.907000,0.953048,0.08435100,0,2.97639381
fixed,30,0.1,19,0.511764,2.888574,0.911731,0.954306,0.06901306,0,2.97639381
fixed,30,0.2,19,0.357516,2.879563,0.916494,0.954471,0.05519937,0,2.97639381
fixed,30,0.3,19,0.188930,2.870083,0.921512,0.955375,0.04284461,0,2.97639381
fixed,30,0.4,19,0.250874,2.860709,0.926460,0.955649,0.03217169,0,2.97639381
fixed,30,0.5,19,0.210193,2.851197,0.931495,0.955989,0.02293050,0,2.97639381
fixed,30,0.6,19,0.233621,2.841358,0.936697,0.956494,0.01525968,0,2.97639381
fixed,30,0.7,19,0.259147,2.831877,0.941734,0.956620,0.00916457,0,2.97639381
fixed,30,0.8,19,0.311237,2.822167,0.946782,0.956727,0.00459737,0,2.97639381
fixed,30,0.9,19,0.282019,2.811849,0.952326,0.957362,0.00156070,0,2.97639381
fixed,30,1.0,19,0.258535,2.801995,0.957459,0.957459,0.00022869,199,2.97639381
fixed,50,0.0,0,2.698566,2.893500,0.906000,0.958999,0.08516400,0,3.96298306
fixed,50,0.1,0,2.255231,2.883464,0.911470,0.960702,0.06947411,0,3.96298306
fixed,50,0.2,0,1.926853,2.872874,0.917208,0.962039,0.05531126,0,3.96298306
fixed,50,0.3,0,1.662526,2.862199,0.922999,0.962664,0.04288339,0,3.96298306
fixed,50,0.4,0,1.421867,2.851669,0.928713,0.962781,0.03183422,0,3.96298306
fixed,50,0.5,0,1.274916,2.840419,0.934796,0.963591,0.02251364,0,3.96298306
fixed,50,0.6,0,1.039666,2.829236,0.940853,0.964089,0.01466702,0,3.96298306
fixed,50,0.7,0,0.945968,2.818326,0.946772,0.964246,0.00853154,0,3.96298306
fixed,50,0.8,0,0.961140,2.805988,0.953459,0.965324,0.00406594,0,3.96298306
fixed,50,0.9,0,1.096845,2.795163,0.959356,0.965285,0.00130744,0,3.96298306
fixed,50,1.0,0,0.987694,2.784101,0.965330,0.965330,0.00014044,198,3.96298306
fixed,50,0.0,1,2.761874,2.895000,0.903500,0.982630,0.08718775,0,2.15265011
fixed,50,0.1,1,2.512798,2.879769,0.911461,0.983110,0.07092341,0,2.15265011
fixed,50,0.2,1,2.119503,2.864397,0.919494,0.983472,0.05633523,0,2.15265011
fixed,50,0.3,1,1.963474,2.848802,0.927655,0.984017,0.04338929,0,2.15265011
fixed,50,0.4,1,1.840253,2.833193,0.935796,0.984241,0.03216140,0,2.15265011
fixed,50,0.5,1,1.555835,2.817435,0.944043,0.984585,0.02251871,0,2.15265011
fixed,50,0.6,1,1.464575,2.801707,0.952267,0.984778,0.01467828,0,2.15265011
fixed,50,0.7,1,1.378182,2.786031,0.960465,0.984878,0.00849294,0,2.15265011
fixed,50,0.8,1,1.374413,2.770049,0.968808,0.985135,0.00396726,0,2.15265011
fixed,50,0.9,1,1.420858,2.754148,0.977150,0.985333,0.00114259,0,2.15265011
fixed,50,1.0,1,1.434514,2.738424,0.985342,0.985342,0.00003545,0,2.15265011
fixed,50,0.0,2,1.453969,2.881000,0.894500,0.970409,0.09436975,0,3.06978100
fixed,50,0.1,2,1.132516,2.866762,0.902132,0.970823,0.07686065,0,3.06978100
fixed,50,0.2,2,0.653839,2.852127,0.909984,0.971920,0.06106262,0,3.06978100
fixed,50,0.3,2,0.682979,2.837331,0.917912,0.972539,0.04708369,0,3.06978100
fixed,50,0.4,2,0.498869,2.822425,0.925885,0.972963,0.03489794,0,3.06978100
fixed,50,0.5,2,0.321156,2.807432,0.933938,0.973376,0.02452911,0,3.06978100
fixed,50,0.6,2,0.376078,2.792159,0.942133,0.973888,0.01593644,0,3.06978100
fixed,50,0.7,2,0.352762,2.776842,0.950339,0.974270,0.00920595,0,3.06978100
fixed,50,0.8,2,0.280527,2.761737,0.958427,0.974409,0.00433159,0,3.06978100
fixed,50,0.9,2,0.459931,2.747022,0.966336,0.974318,0.00129579,0,3.06978100
fixed,50,1.0,2,0.378957,2.731466,0.974656,0.974656,0.00007308,196,3.06978100
fixed,50,0.0,3,2.122424,2.886000,0.898500,0.965517,0.09119775,0,2.81551363
fixed,50,0.1,3,1.906568,2.873341,0.905283,0.966325,0.07469106,0,2.81551363
fixed,50,0.2,3,1.473912,2.860607,0.912107,0.966537,0.05985630,0,2.81551363
fixed,50,0.3,3,1.430351,2.847560,0.919069,0.967063,0.04656681,0,2.81551363
fixed,50,0.4,3,1.360961,2.834444,0.926125,0.967562,0.03485966,0,2.81551363
fixed,50,0.5,3,1.206588,2.820885,0.933348,0.968196,0.02483619,0,2.81551363
fixed,50,0.6,3,1.135870,2.807506,0.940513,0.968522,0.01656254,0,2.81551363
fixed,50,0.7,3,1.265639,2.794151,0.947683,0.968762,0.00997755,0,2.81551363
fixed,50,0.8,3,1.185795,2.781168,0.954613,0.968641,0.00513724,0,2.81551363
fixed,50,0.9,3,1.330864,2.767794,0.961761,0.968790,0.00181915,0,2.81551363
fixed,50,1.0,3,1.308912,2.753528,0.969391,0.969391,0.00022820,193,2.81551363
fixed,50,0.0,4,2.181011,2.870500,0.882500,0.979026,0.10369375,0,2.45997918
fixed,50,0.1,4,1.890517,2.852064,0.892203,0.979525,0.08453938,0,2.45997918
fixed,50,0.2,4,1.495949,2.833515,0.901967,0.979835,0.06730094,0,2.45997918
fixed,50,0.3,4,1.312915,2.814833,0.911790,0.980132,0.05202446,0,2.45997918
fixed,50,0.4,4,1.378640,2.796030,0.921698,0.980495,0.03864180,0,2.45997918
fixed,50,0.5,4,1.157365,2.777479,0.931453,0.980406,0.02734794,0,2.45997918
fixed,50,0.6,4,1.212622,2.758273,0.941551,0.980919,0.01788217,0,2.45997918
fixed,50,0.7,4,1.314251,2.739721,0.951317,0.980809,0.01052367,0,2.45997918
fixed,50,0.8,4,1.215391,2.720435,0.961473,0.981217,0.00503082,0,2.45997918
fixed,50,0.9,4,1.325790,2.702332,0.971001,0.980834,0.00160945,0,2.45997918
fixed,50,1.0,4,1.374367,2.683135,0.981101,0.981101,0.00008779,189,2.45997918
fixed,50,0.0,5,2.503018,2.889500,0.902000,0.970026,0.08839600,0,2.77645246
fixed,50,0.1,5,2.087769,2.876559,0.908956,0.971556,0.07208953,0,2.77645246
fixed,50,0.2,5,1.720611,2.863606,0.915919,0.971594,0.05741252,0,2.77645246
fixed,50,0.3,5,1.665855,2.849945,0.923247,0.972825,0.04430445,0,2.77645246
fixed,50,0.4,5,1.426284,2.836396,0.930524,0.973309,0.03285916,0,2.77645246
fixed,50,0.5,5,1.233596,2.822289,0.938103,0.974206,0.02309881,0,2.77645246
fixed,50,0.6,5,1.194013,2.808834,0.945302,0.974170,0.01511716,0,2.77645246
fixed,50,0.7,5,1.106243,2.794301,0.953075,0.974964,0.00881722,0,2.77645246
fixed,50,0.8,5,1.262803,2.780643,0.960405,0.975006,0.00418393,0,2.77645246
fixed,50,0.9,5,1.228184,2.766637,0.967958,0.975286,0.00127520,0,2.77645246
fixed,50,1.0,5,1.116972,2.752643,0.975490,0.975490,0.00007321,195,2.77645246
fixed,50,0.0,6,2.172225,2.892000,0.905500,0.980425,0.08556975,0,2.37196464
fixed,50,0.1,6,1.846656,2.878013,0.913078,0.981278,0.06960511,0,2.37196464
fixed,50,0.2,6,1.426798,2.863867,0.920747,0.981733,0.05527275,0,2.37196464
fixed,50,0.3,6,1.022078,2.849539,0.928494,0.982145,0.04258454,0,2.37196464
fixed,50,0.4,6,0.772636,2.834917,0.936420,0.982800,0.03144068,0,2.37196464
fixed,50,0.5,6,0.679646,2.820350,0.944286,0.983072,0.02206774,0,2.37196464
fixed,50,0.6,6,0.543931,2.805861,0.952124,0.983207,0.01433253,0,2.37196464
fixed,50,0.7,6,0.471481,2.791035,0.960127,0.983538,0.00822969,0,2.37196464
fixed,50,0.8,6,0.571647,2.776891,0.967804,0.983380,0.00383618,0,2.37196464
fixed,50,0.9,6,0.554418,2.761852,0.975914,0.983737,0.00112002,0,2.37196464
fixed,50,1.0,6,0.565537,2.747064,0.983941,0.983941,0.00003151,0,2.37196464
fixed,50,0.0,7,1.660972,2.888500,0.898500,0.986155,0.09119775,0,2.28286884
fixed,50,0.1,7,1.153260,2.871716,0.907331,0.986808,0.07407148,0,2.28286884
fixed,50,0.2,7,0.935363,2.854643,0.916304,0.987519,0.05871610,0,2.28286884
fixed,50,0.3,7,0.665658,2.837553,0.925295,0.987815,0.04512041,0,2.28286884
fixed,50,0.4,7,0.441118,2.820328,0.934353,0.988133,0.03330940,0,2.28286884
fixed,50,0.5,7,0.415401,2.802885,0.943527,0.988554,0.02327313,0,2.28286884
fixed,50,0.6,7,0.347125,2.785490,0.952667,0.988778,0.01501769,0,2.28286884
fixed,50,0.7,7,0.270674,2.768035,0.961850,0.988999,0.00858331,0,2.28286884
fixed,50,0.8,7,0.372065,2.750950,0.970829,0.988911,0.00395783,0,2.28286884
fixed,50,0.9,7,0.337985,2.733196,0.980166,0.989240,0.00107820,0,2.28286884
fixed,50,1.0,7,0.352211,2.715932,0.989239,0.989239,0.00001462,0,2.28286884
fixed,50,0.0,8,1.145392,2.890500,0.902000,0.979713,0.08839600,0,2.64473919
fixed,50,0.1,8,0.780078,2.875842,0.909806,0.980056,0.07188999,0,2.64473919
fixed,50,0.2,8,0.678204,2.860972,0.917719,0.980596,0.05705194,0,2.64473919
fixed,50,0.3,8,0.376116,2.845938,0.925724,0.981078,0.04391366,0,2.64473919
fixed,50,0.4,8,0.334711,2.831012,0.933668,0.981171,0.03251622,0,2.64473919
fixed,50,0.5,8,0.284239,2.815676,0.941837,0.981675,0.02279475,0,2.64473919
fixed,50,0.6,8,0.317745,2.800674,0.949812,0.981686,0.01479450,0,2.64473919
fixed,50,0.7,8,0.375963,2.785161,0.958069,0.982098,0.00846209,0,2.64473919
fixed,50,0.8,8,0.401330,2.770278,0.965993,0.981992,0.00398159,0,2.64473919
fixed,50,0.9,8,0.256215,2.754680,0.974278,0.982309,0.00114636,0,2.64473919
fixed,50,1.0,8,0.500006,2.739642,0.982305,0.982305,0.00003756,165,2.64473919
fixed,50,0.0,9,3.077442,2.882500,0.891000,0.959625,0.09711900,0,1.61123365
fixed,50,0.1,9,2.435992,2.869083,0.897928,0.960278,0.07923688,0,1.61123365
fixed,50,0.2,9,2.398905,2.855570,0.904905,0.960527,0.06321972,0,1.61123365
fixed,50,0.3,9,1.637567,2.841495,0.912169,0.961563,0.04883086,0,1.61123365
fixed,50,0.4,9,1.627063,2.827711,0.919289,0.961723,0.03641325,0,1.61123365
fixed,50,0.5,9,1.378296,2.813579,0.926593,0.962186,0.02586523,0,1.61123365
fixed,50,0.6,9,1.113207,2.799253,0.934015,0.962692,0.01694507,0,1.61123365
fixed,50,0.7,9,1.270055,2.785054,0.941315,0.962879,0.01004940,0,1.61123365
fixed,50,0.8,9,1.106515,2.771196,0.948492,0.962865,0.00490355,0,1.61123365
fixed,50,0.9,9,1.160221,2.756945,0.955881,0.963091,0.00159866,0,1.61123365
fixed,50,1.0,9,1.190935,2.742358,0.963381,0.963381,0.00013312,174,1.61123365
fixed,50,0.0,10,3.727766,2.890500,0.904000,0.975029,0.08678400,0,2.33179857
fixed,50,0.1,10,3.413176,2.877192,0.911213,0.976129,0.07079050,0,2.33179857
fixed,50,0.2,10,3.150002,2.863484,0.918633,0.977166,0.05636813,0,2.33179857
fixed,50,0.3,10,2.620649,2.849816,0.926038,0.977461,0.04351772,0,2.33179857
fixed,50,0.4,10,2.286071,2.835635,0.933704,0.978260,0.03241165,0,2.33179857
fixed,50,0.5,10,1.929412,2.821411,0.941393,0.978786,0.02282857,0,2.33179857
fixed,50,0.6,10,1.708328,2.807027,0.949170,0.979283,0.01491225,0,2.33179857
fixed,50,0.7,10,1.673526,2.792884,0.956787,0.979410,0.00873036,0,2.33179857
fixed,50,0.8,10,1.365566,2.777934,0.964842,0.980052,0.00413019,0,2.33179857
fixed,50,0.9,10,1.435180,2.763727,0.972581,0.980201,0.00126136,0,2.33179857
fixed,50,1.0,10,1.554009,2.749689,0.980128,0.980128,0.00006814,196,2.33179857
fixed,50,0.0,11,1.851561,2.888500,0.899000,0.972174,0.09079900,0,2.33769710
fixed,50,0.1,11,1.324005,2.874438,0.906420,0.973203,0.07386197,0,2.33769710
fixed,50,0.2,11,1.416866,2.860085,0.913995,0.973975,0.05865410,0,2.33769710
fixed,50,0.3,11,1.011126,2.845847,0.921512,0.974041,0.04525995,0,2.33769710
fixed,50,0.4,11,0.839237,2.831186,0.929236,0.974590,0.03352154,0,2.33769710
fixed,50,0.5,11,0.615723,2.816102,0.937199,0.975398,0.02349908,0,2.33769710
fixed,50,0.6,11,0.654489,2.801260,0.945044,0.975739,0.01523935,0,2.33769710
fixed,50,0.7,11,0.677270,2.786485,0.952818,0.975883,0.00882819,0,2.33769710
fixed,50,0.8,11,0.683426,2.771229,0.960899,0.976374,0.00412871,0,2.33769710
fixed,50,0.9,11,0.689199,2.756244,0.968793,0.976548,0.00120179,0,2.33769710
fixed,50,1.0,11,0.739095,2.741297,0.976664,0.976664,0.00005044,129,2.33769710
fixed,50,0.0,12,3.322539,2.890000,0.901000,0.951073,0.08919900,0,1.37057677
fixed,50,0.1,12,2.908665,2.880423,0.906097,0.951972,0.07333363,0,1.37057677
fixed,50,0.2,12,2.579285,2.870528,0.911369,0.952846,0.05900574,0,1.37057677
fixed,50,0.3,12,2.288007,2.860296,0.916805,0.953683,0.04605398,0,1.37057677
fixed,50,0.4,12,2.051336,2.849795,0.922373,0.954433,0.03480708,0,1.37057677
fixed,50,0.5,12,1.862860,2.839948,0.927641,0.954283,0.02514587,0,1.37057677
fixed,50,0.6,12,1.593841,2.829776,0.933031,0.954385,0.01707507,0,1.37057677
fixed,50,0.7,12,1.500149,2.818875,0.938827,0.955038,0.01041295,0,1.37057677
fixed,50,0.8,12,1.676072,2.808546,0.944296,0.955120,0.00551190,0,1.37057677
fixed,50,0.9,12,1.534391,2.796886,0.950505,0.956005,0.00211418,0,1.37057677
fixed,50,1.0,12,1.653449,2.786549,0.955967,0.955967,0.00034234,188,1.37057677
fixed,50,0.0,13,3.063047,2.891500,0.902000,0.970018,0.08839600,0,1.72702295
fixed,50,0.1,13,2.865128,2.878501,0.908881,0.970806,0.07237462,0,1.72702295
fixed,50,0.2,13,2.449452,2.865402,0.915814,0.971068,0.05795762,0,1.72702295
fixed,50,0.3,13,2.002426,2.851906,0.922962,0.971874,0.04502414,0,1.72702295
fixed,50,0.4,13,1.798337,2.838405,0.930103,0.972257,0.03375474,0,1.72702295
fixed,50,0.5,13,1.703170,2.824914,0.937249,0.972497,0.02402497,0,1.72702295
fixed,50,0.6,13,1.788551,2.811252,0.944457,0.972761,0.01610318,0,1.72702295
fixed,50,0.7,13,1.689678,2.798002,0.951474,0.972677,0.00969182,0,1.72702295
fixed,50,0.8,13,1.779213,2.784093,0.958821,0.973026,0.00490608,0,1.72702295
fixed,50,0.9,13,1.705615,2.770593,0.965993,0.973103,0.00172709,0,1.72702295
fixed,50,1.0,13,1.824250,2.757323,0.972982,0.972982,0.00020689,196,1.72702295
fixed,50,0.0,14,3.221860,2.892500,0.904500,0.980420,0.08637975,0,2.87637666
fixed,50,0.1,14,2.766393,2.877972,0.912186,0.981356,0.07043314,0,2.87637666
fixed,50,0.2,14,2.487850,2.863182,0.920021,0.982104,0.05598814,0,2.87637666
fixed,50,0.3,14,2.018332,2.848070,0.928021,0.982904,0.04314708,0,2.87637666
fixed,50,0.4,14,1.722550,2.833163,0.935931,0.983079,0.03198209,0,2.87637666
fixed,50,0.5,14,1.529357,2.817850,0.944049,0.983598,0.02242939,0,2.87637666
fixed,50,0.6,14,1.396827,2.802512,0.952174,0.983957,0.01459671,0,2.87637666
fixed,50,0.7,14,1.266449,2.787309,0.960201,0.984073,0.00850059,0,2.87637666
fixed,50,0.8,14,1.207317,2.772136,0.968236,0.984170,0.00397646,0,2.87637666
fixed,50,0.9,14,1.345774,2.756924,0.976319,0.984299,0.00118792,0,2.87637666
fixed,50,1.0,14,1.320935,2.741488,0.984529,0.984529,0.00004433,92,2.87637666
fixed,50,0.0,15,3.671726,2.887500,0.895500,0.981076,0.09357975,0,1.89977568
fixed,50,0.1,15,3.184674,2.870829,0.904140,0.981903,0.07611247,0,1.89977568
fixed,50,0.2,15,2.768379,2.853854,0.912947,0.982736,0.06041227,0,1.89977568
fixed,50,0.3,15,2.523924,2.836784,0.921793,0.983142,0.04653365,0,1.89977568
fixed,50,0.4,15,2.307418,2.819695,0.930650,0.983376,0.03443683,0,1.89977568
fixed,50,0.5,15,2.058185,2.802191,0.939739,0.983977,0.02412903,0,1.89977568
fixed,50,0.6,15,1.834716,2.784690,0.948803,0.984339,0.01570705,0,1.89977568
fixed,50,0.7,15,1.878265,2.767296,0.957860,0.984586,0.00905018,0,1.89977568
fixed,50,0.8,15,1.695485,2.749757,0.966947,0.984808,0.00420731,0,1.89977568
fixed,50,0.9,15,1.926237,2.732506,0.975900,0.984833,0.00122074,0,1.89977568
fixed,50,1.0,15,1.989377,2.714644,0.985160,0.985160,0.00003019,88,1.89977568
fixed,50,0.0,16,2.436751,2.888000,0.898000,0.981143,0.09159600,0,2.66782909
fixed,50,0.1,16,1.733408,2.872091,0.906363,0.981631,0.07464556,0,2.66782909
fixed,50,0.2,16,1.521911,2.856074,0.914784,0.981918,0.05942878,0,2.66782909
fixed,50,0.3,16,1.286288,2.839918,0.923265,0.982215,0.04592467,0,2.66782909
fixed,50,0.4,16,0.984881,2.823572,0.931859,0.982648,0.03411530,0,2.66782909
fixed,50,0.5,16,0.723700,2.807406,0.940358,0.982717,0.02406166,0,2.66782909
fixed,50,0.6,16,0.471866,2.791159,0.948906,0.982844,0.01578019,0,2.66782909
fixed,50,0.7,16,0.597623,2.774865,0.957456,0.982937,0.00920654,0,2.66782909
fixed,50,0.8,16,0.679708,2.758602,0.966021,0.983026,0.00447603,0,2.66782909
fixed,50,0.9,16,0.720693,2.741913,0.974805,0.983339,0.00136906,0,2.66782909
fixed,50,1.0,16,0.741692,2.725917,0.983216,0.983216,0.00007541,198,2.66782909
fixed,50,0.0,17,2.824983,2.884000,0.895000,0.990385,0.09397500,0,2.64538909
fixed,50,0.1,17,2.547966,2.865809,0.904590,0.990899,0.07640955,0,2.64538909
fixed,50,0.2,17,2.316371,2.847480,0.914255,0.991277,0.06062702,0,2.64538909
fixed,50,0.3,17,1.992197,2.829012,0.923995,0.991649,0.04667739,0,2.64538909
fixed,50,0.4,17,1.655065,2.810344,0.933852,0.992129,0.03447575,0,2.64538909
fixed,50,0.5,17,1.518662,2.791769,0.943650,0.992300,0.02414046,0,2.64538909
fixed,50,0.6,17,1.337702,2.773014,0.953561,0.992601,0.01562364,0,2.64538909
fixed,50,0.7,17,1.445402,2.754545,0.963294,0.992563,0.00898628,0,2.64538909
fixed,50,0.8,17,1.214679,2.735644,0.973263,0.992829,0.00413468,0,2.64538909
fixed,50,0.9,17,1.298181,2.716968,0.983122,0.992914,0.00116516,0,2.64538909
fixed,50,1.0,17,1.257538,2.698272,0.992993,0.992993,0.00001831,0,2.64538909
fixed,50,0.0,18,2.099906,2.895500,0.905000,0.974026,0.08597500,0,3.48712688
fixed,50,0.1,18,1.767783,2.882077,0.912067,0.975674,0.06987626,0,3.48712688
fixed,50,0.2,18,1.395451,2.868225,0.919363,0.976816,0.05539625,0,3.48712688
fixed,50,0.3,18,1.365523,2.854125,0.926774,0.977581,0.04263579,0,3.48712688
fixed,50,0.4,18,0.857748,2.839994,0.934228,0.978071,0.03150222,0,3.48712688
fixed,50,0.5,18,0.718720,2.825203,0.942018,0.979037,0.02202545,0,3.48712688
fixed,50,0.6,18,0.480763,2.810903,0.949558,0.979263,0.01425910,0,3.48712688
fixed,50,0.7,18,0.469331,2.796168,0.957320,0.979743,0.00816787,0,3.48712688
fixed,50,0.8,18,0.375857,2.781668,0.964973,0.979966,0.00379818,0,3.48712688
fixed,50,0.9,18,0.657213,2.766984,0.972700,0.980223,0.00106523,0,3.48712688
fixed,50,1.0,18,0.580367,2.752735,0.980194,0.980194,0.00004327,188,3.48712688
fixed,50,0.0,19,2.573205,2.879000,0.893000,0.988024,0.09555100,0,2.25952947
fixed,50,0.1,19,2.368025,2.860978,0.902573,0.988728,0.07763096,0,2.25952947
fixed,50,0.2,19,1.789498,2.842764,0.912247,0.989237,0.06150574,0,2.25952947
fixed,50,0.3,19,1.360972,2.824480,0.921956,0.989519,0.04729260,0,2.25952947
fixed,50,0.4,19,1.182299,2.805972,0.931793,0.989982,0.03488132,0,2.25952947
fixed,50,0.5,19,0.859486,2.787581,0.941563,0.990126,0.02437077,0,2.25952947
fixed,50,0.6,19,0.754430,2.769095,0.951380,0.990300,0.01573553,0,2.25952947
fixed,50,0.7,19,0.704430,2.750511,0.961244,0.990492,0.00899148,0,2.25952947
fixed,50,0.8,19,0.677992,2.732105,0.971030,0.990537,0.00412402,0,2.25952947
fixed,50,0.9,19,0.613512,2.713523,0.980905,0.990672,0.00112324,0,2.25952947
fixed,50,1.0,19,0.785622,2.694731,0.990885,0.990885,0.00001172,0,2.25952947
fixed,75,0.0,0,3.615117,2.888000,0.900000,0.978849,0.09000000,0,1.74901312
fixed,75,0.1,0,3.161261,2.872992,0.907999,0.979993,0.07304562,0,1.74901312
fixed,75,0.2,0,2.697711,2.857557,0.916228,0.981141,0.05779417,0,1.74901312
fixed,75,0.3,0,2.096940,2.841930,0.924569,0.981896,0.04434279,0,1.74901312
fixed,75,0.4,0,1.920945,2.826098,0.932997,0.982493,0.03266152,0,1.74901312
fixed,75,0.5,0,1.890503,2.810296,0.941420,0.982840,0.02274221,0,1.74901312
fixed,75,0.6,0,1.563553,2.794258,0.949969,0.983282,0.01458154,0,1.74901312
fixed,75,0.7,0,1.754982,2.778288,0.958480,0.983543,0.00830011,0,1.74901312
fixed,75,0.8,0,1.640749,2.762540,0.966880,0.983600,0.00374692,0,1.74901312
fixed,75,0.9,0,1.695299,2.746348,0.975497,0.983886,0.00097153,0,1.74901312
fixed,75,1.0,0,1.782854,2.730320,0.984050,0.984050,0.00001171,13,1.74901312
fixed,75,0.0,1,3.137963,2.897000,0.905500,0.978897,0.08556975,0,1.82501503
fixed,75,0.1,1,2.524182,2.882817,0.912920,0.979702,0.06960279,0,1.82501503
fixed,75,0.2,1,2.165625,2.868426,0.920447,0.980235,0.05527151,0,1.82501503
fixed,75,0.3,1,2.000460,2.853865,0.928072,0.980740,0.04255912,0,1.82501503
fixed,75,0.4,1,1.751159,2.839351,0.935665,0.980911,0.03151398,0,1.82501503
fixed,75,0.5,1,1.590502,2.824624,0.943375,0.981250,0.02211783,0,1.82501503
fixed,75,0.6,1,1.295525,2.809846,0.951100,0.981500,0.01437693,0,1.82501503
fixed,75,0.7,1,1.444519,2.795145,0.958800,0.981643,0.00829072,0,1.82501503
fixed,75,0.8,1,1.348165,2.780121,0.966658,0.981948,0.00387942,0,1.82501503
fixed,75,0.9,1,1.478666,2.765757,0.974159,0.981788,0.00115186,0,1.82501503
fixed,75,1.0,1,1.394987,2.750561,0.982150,0.982150,0.00003479,91,1.82501503
fixed,75,0.0,2,3.906258,2.883000,0.895000,0.958526,0.09397500,0,1.69904263
fixed,75,0.1,2,3.369725,2.870833,0.901476,0.959761,0.07639130,0,1.69904263
fixed,75,0.2,2,2.803069,2.858398,0.908098,0.960492,0.06060953,0,1.69904263
fixed,75,0.3,2,2.629176,2.845757,0.914830,0.961099,0.04658332,0,1.69904263
fixed,75,0.4,2,2.251148,2.832730,0.921764,0.961911,0.03446407,0,1.69904263
fixed,75,0.5,2,2.152213,2.819749,0.928630,0.962260,0.02411347,0,1.69904263
fixed,75,0.6,2,1.984939,2.807164,0.935333,0.962221,0.01563309,0,1.69904263
fixed,75,0.7,2,2.011777,2.793427,0.942642,0.963060,0.00899661,0,1.69904263
fixed,75,0.8,2,2.102346,2.779927,0.949838,0.963547,0.00410761,0,1.69904263
fixed,75,0.9,2,2.133254,2.767249,0.956540,0.963377,0.00117343,0,1.69904263
fixed,75,1.0,2,2.178463,2.754271,0.963409,0.963409,0.00006344,186,1.69904263
fixed,75,0.0,3,2.786559,2.906000,0.911000,0.985211,0.08107900,0,1.68004977
fixed,75,0.1,3,2.112488,2.891448,0.918467,0.985668,0.06581186,0,1.68004977
fixed,75,0.2,3,1.852798,2.876677,0.926046,0.986232,0.05211520,0,1.68004977
fixed,75,0.3,3,1.496349,2.861764,0.933699,0.986663,0.04003161,0,1.68004977
fixed,75,0.4,3,1.219605,2.846875,0.941338,0.986844,0.02953654,0,1.68004977
fixed,75,0.5,3,0.847221,2.831785,0.949082,0.987165,0.02059272,0,1.68004977
fixed,75,0.6,3,0.859244,2.816725,0.956810,0.987350,0.01329124,0,1.68004977
fixed,75,0.7,3,0.994697,2.801728,0.964505,0.987436,0.00758863,0,1.68004977
fixed,75,0.8,3,0.911679,2.786423,0.972368,0.987710,0.00346149,0,1.68004977
fixed,75,0.9,3,0.847551,2.771549,0.979996,0.987662,0.00094349,0,1.68004977
fixed,75,1.0,3,0.651428,2.756212,0.987867,0.987867,0.00001057,0,1.68004977
fixed,75,0.0,4,2.564954,2.877000,0.892000,0.936862,0.09633600,0,1.44374541
fixed,75,0.1,4,2.268792,2.868674,0.896561,0.937611,0.07886676,0,1.44374541
fixed,75,0.2,4,1.885791,2.859820,0.901413,0.939063,0.06300734,0,1.44374541
fixed,75,0.3,4,1.714054,2.850897,0.906291,0.939638,0.04904257,0,1.44374541
fixed,75,0.4,4,1.257223,2.841352,0.911500,0.940750,0.03651739,0,1.44374541
fixed,75,0.5,4,1.194936,2.832425,0.916380,0.940761,0.02604161,0,1.44374541
fixed,75,0.6,4,0.822674,2.822202,0.921985,0.941975,0.01712666,0,1.44374541
fixed,75,0.7,4,1.000286,2.812167,0.927458,0.942654,0.01014411,0,1.44374541
fixed,75,0.8,4,0.811374,2.803105,0.932414,0.942518,0.00501596,0,1.44374541
fixed,75,0.9,4,0.985253,2.793697,0.937606,0.942673,0.00173850,0,1.44374541
fixed,75,1.0,4,1.065934,2.782754,0.943532,0.943532,0.00018508,198,1.44374541
fixed,75,0.0,5,4.722525,2.877500,0.893500,0.987392,0.09515775,0,2.47365510
fixed,75,0.1,5,4.013781,2.860023,0.902971,0.988213,0.07736584,0,2.47365510
fixed,75,0.2,5,3.565349,2.842369,0.912536,0.988681,0.06137744,0,2.47365510
fixed,75,0.3,5,3.205055,2.824496,0.922213,0.989211,0.04724452,0,2.47365510
fixed,75,0.4,5,2.808688,2.806727,0.931834,0.989336,0.03492110,0,2.47365510
fixed,75,0.5,5,2.301821,2.788500,0.941718,0.989936,0.02439885,0,2.47365510
fixed,75,0.6,5,2.299489,2.770706,0.951354,0.989923,0.01579671,0,2.47365510
fixed,75,0.7,5,2.227157,2.752576,0.961176,0.990179,0.00906337,0,2.47365510
fixed,75,0.8,5,2.353934,2.734540,0.970935,0.990294,0.00418670,0,2.47365510
fixed,75,0.9,5,2.422225,2.716684,0.980624,0.990304,0.00118075,0,2.47365510
fixed,75,1.0,5,2.632640,2.698438,0.990493,0.990493,0.00002020,0,2.47365510
fixed,75,0.0,6,4.036301,2.900000,0.908000,0.968692,0.08353600,0,1.28995753
fixed,75,0.1,6,3.437916,2.888181,0.914166,0.969657,0.06837446,0,1.28995753
fixed,75,0.2,6,3.056295,2.876152,0.920438,0.970188,0.05464249,0,1.28995753
fixed,75,0.3,6,2.661410,2.863965,0.926801,0.970669,0.04241629,0,1.28995753
fixed,75,0.4,6,2.600494,2.851870,0.933115,0.970788,0.03183018,0,1.28995753
fixed,75,0.5,6,2.503775,2.839440,0.939596,0.971192,0.02265232,0,1.28995753
fixed,75,0.6,6,2.309345,2.827210,0.945992,0.971319,0.01508793,0,1.28995753
fixed,75,0.7,6,2.536474,2.814940,0.952384,0.971405,0.00903193,0,1.28995753
fixed,75,0.8,6,2.168059,2.802412,0.958963,0.971704,0.00450232,0,1.28995753
fixed,75,0.9,6,2.291006,2.790255,0.965316,0.971685,0.00157098,0,1.28995753
fixed,75,1.0,6,2.464499,2.777533,0.971932,0.971932,0.00015464,63,1.28995753
fixed,75,0.0,7,3.621151,2.888000,0.900500,0.984522,0.08959975,0,1.64241490
fixed,75,0.1,7,3.038143,2.872082,0.908932,0.984824,0.07287769,0,1.64241490
fixed,75,0.2,7,2.827315,2.856065,0.917422,0.985109,0.05783946,0,1.64241490
fixed,75,0.3,7,2.086801,2.839913,0.925973,0.985411,0.04451329,0,1.64241490
fixed,75,0.4,7,1.998772,2.823614,0.934601,0.985754,0.03295318,0,1.64241490
fixed,75,0.5,7,1.808114,2.807486,0.943149,0.985797,0.02310150,0,1.64241490
fixed,75,0.6,7,1.411898,2.791216,0.951758,0.985930,0.01498377,0,1.64241490
fixed,75,0.7,7,1.579823,2.774870,0.960425,0.986108,0.00864515,0,1.64241490
fixed,75,0.8,7,1.638083,2.758646,0.969043,0.986178,0.00400868,0,1.64241490
fixed,75,0.9,7,1.496078,2.742167,0.977769,0.986355,0.00114535,0,1.64241490
fixed,75,1.0,7,1.480717,2.725639,0.986489,0.986489,0.00002269,0,1.64241490
fixed,75,0.0,8,4.075105,2.894000,0.900500,0.989676,0.08959975,0,1.98615118
fixed,75,0.1,8,3.560355,2.876576,0.909489,0.990391,0.07266742,0,1.98615118
fixed,75,0.2,8,3.132912,2.858966,0.918578,0.990888,0.05751202,0,1.98615118
fixed,75,0.3,8,2.297116,2.841171,0.927765,0.991383,0.04412703,0,1.98615118
fixed,75,0.4,8,1.672180,2.823328,0.936970,0.991675,0.03248470,0,1.98615118
fixed,75,0.5,8,1.516158,2.805505,0.946170,0.991840,0.02265360,0,1.98615118
fixed,75,0.6,8,1.449840,2.787575,0.955427,0.992044,0.01457070,0,1.98615118
fixed,75,0.7,8,1.138947,2.769590,0.964714,0.992235,0.00826364,0,1.98615118
fixed,75,0.8,8,1.249356,2.751760,0.973923,0.992278,0.00374437,0,1.98615118
fixed,75,0.9,8,1.049856,2.733782,0.983201,0.992390,0.00098330,0,1.98615118
fixed,75,1.0,8,1.310657,2.715969,0.992398,0.992398,0.00000551,0,1.98615118
fixed,75,0.0,9,4.747460,2.889000,0.898500,0.986003,0.09119775,0,1.78685643
fixed,75,0.1,9,4.194151,2.872207,0.907302,0.986523,0.07419445,0,1.78685643
fixed,75,0.2,9,4.063825,2.855242,0.916201,0.987003,0.05893939,0,1.78685643
fixed,75,0.3,9,3.513783,2.838299,0.925087,0.987122,0.04540894,0,1.78685643
fixed,75,0.4,9,3.251550,2.821085,0.934097,0.987492,0.03363174,0,1.78685643
fixed,75,0.5,9,3.147996,2.803949,0.943081,0.987663,0.02363640,0,1.78685643
fixed,75,0.6,9,2.939729,2.786669,0.952150,0.987916,0.01535977,0,1.78685643
fixed,75,0.7,9,2.800105,2.769657,0.961057,0.987867,0.00889996,0,1.78685643
fixed,75,0.8,9,2.863388,2.752309,0.970162,0.988077,0.00416882,0,1.78685643
fixed,75,0.9,9,2.812188,2.734919,0.979296,0.988273,0.00121175,0,1.78685643
fixed,75,1.0,9,3.065899,2.717616,0.988340,0.988340,0.00003164,0,1.78685643
fixed,75,0.0,10,3.702677,2.896000,0.906000,0.973642,0.08516400,0,1.29877248
fixed,75,0.1,10,3.201170,2.883066,0.912848,0.974477,0.06946985,0,1.29877248
fixed,75,0.2,10,2.722874,2.869867,0.919837,0.975187,0.05535665,0,1.29877248
fixed,75,0.3,10,2.176811,2.856498,0.926904,0.975680,0.04282152,0,1.29877248
fixed,75,0.4,10,1.949398,2.842913,0.934095,0.976236,0.03181698,0,1.29877248
fixed,75,0.5,10,1.461344,2.829241,0.941330,0.976659,0.02248592,0,1.29877248
fixed,75,0.6,10,1.548331,2.815671,0.948513,0.976855,0.01475712,0,1.29877248
fixed,75,0.7,10,1.344651,2.801458,0.956016,0.977451,0.00866303,0,1.29877248
fixed,75,0.8,10,1.409937,2.787989,0.963135,0.977418,0.00416565,0,1.29877248
fixed,75,0.9,10,1.489119,2.774134,0.970476,0.977640,0.00132316,0,1.29877248
fixed,75,1.0,10,1.341524,2.760027,0.977964,0.977964,0.00006930,125,1.29877248
fixed,75,0.0,11,4.001006,2.900000,0.905500,0.984594,0.08556975,0,2.04259170
fixed,75,0.1,11,3.537745,2.884435,0.913490,0.985398,0.06948324,0,2.04259170
fixed,75,0.2,11,2.850345,2.868681,0.921582,0.985910,0.05505204,0,2.04259170
fixed,75,0.3,11,2.326949,2.852718,0.929779,0.986430,0.04230234,0,2.04259170
fixed,75,0.4,11,2.214504,2.836616,0.938052,0.986879,0.03122041,0,2.04259170
fixed,75,0.5,11,1.903910,2.820535,0.946317,0.987135,0.02183865,0,2.04259170
fixed,75,0.6,11,1.636436,2.804443,0.954583,0.987305,0.01413790,0,2.04259170
fixed,75,0.7,11,1.845989,2.788211,0.962916,0.987523,0.00805820,0,2.04259170
fixed,75,0.8,11,2.044850,2.772147,0.971187,0.987609,0.00369336,0,2.04259170
fixed,75,0.9,11,1.865208,2.755768,0.979599,0.987833,0.00102341,0,2.04259170
fixed,75,1.0,11,2.139975,2.739823,0.987784,0.987784,0.00001489,0,2.04259170
fixed,75,0.0,12,3.891240,2.894500,0.901500,0.980199,0.08879775,0,2.29577977
fixed,75,0.1,12,3.308997,2.879198,0.909410,0.980602,0.07255220,0,2.29577977
fixed,75,0.2,12,2.773559,2.863670,0.917435,0.981175,0.05786615,0,2.29577977
fixed,75,0.3,12,2.710349,2.848041,0.925521,0.981570,0.04486304,0,2.29577977
fixed,75,0.4,12,2.362368,2.832466,0.933571,0.981676,0.03355497,0,2.29577977
fixed,75,0.5,12,2.189157,2.816730,0.941722,0.981944,0.02378996,0,2.29577977
fixed,75,0.6,12,2.202067,2.800865,0.949915,0.982191,0.01573124,0,2.29577977
fixed,75,0.7,12,2.143537,2.784921,0.958178,0.982469,0.00932591,0,2.29577977
fixed,75,0.8,12,2.072153,2.769025,0.966396,0.982619,0.00459881,0,2.29577977
fixed,75,0.9,12,2.157069,2.753369,0.974493,0.982604,0.00150550,0,2.29577977
fixed,75,1.0,12,2.018464,2.737391,0.982739,0.982739,0.00012286,133,2.29577977
fixed,75,0.0,13,5.397880,2.877500,0.889500,0.976533,0.09828975,0,1.75575623
fixed,75,0.1,13,4.905079,2.861023,0.898306,0.977564,0.07994030,0,1.75575623
fixed,75,0.2,13,4.345138,2.844133,0.907316,0.978582,0.06349200,0,1.75575623
fixed,75,0.3,13,3.550780,2.826928,0.916498,0.979492,0.04884739,0,1.75575623
fixed,75,0.4,13,3.001275,2.809720,0.925667,0.979917,0.03615793,0,1.75575623
fixed,75,0.5,13,2.544191,2.791990,0.935119,0.980737,0.02529958,0,1.75575623
fixed,75,0.6,13,2.155226,2.774717,0.944335,0.980891,0.01641393,0,1.75575623
fixed,75,0.7,13,2.060195,2.757071,0.953743,0.981276,0.00943532,0,1.75575623
fixed,75,0.8,13,1.972416,2.739405,0.963156,0.981570,0.00437269,0,1.75575623
fixed,75,0.9,13,2.068773,2.721678,0.972597,0.981830,0.00125142,0,1.75575623
fixed,75,1.0,13,2.121864,2.704107,0.981960,0.981960,0.00003200,112,1.75575623
fixed,75,0.0,14,5.143956,2.877000,0.889500,0.965150,0.09828975,0,1.40023438
fixed,75,0.1,14,4.526017,2.862487,0.897203,0.966533,0.07992471,0,1.40023438
fixed,75,0.2,14,3.850601,2.847433,0.905184,0.967921,0.06345074,0,1.40023438
fixed,75,0.3,14,3.186222,2.831957,0.913401,0.969169,0.04883826,0,1.40023438
fixed,75,0.4,14,2.519439,2.816308,0.921701,0.970002,0.03614777,0,1.40023438
fixed,75,0.5,14,2.063114,2.800387,0.930125,0.970749,0.02534771,0,1.40023438
fixed,75,0.6,14,1.636000,2.784556,0.938529,0.971215,0.01643193,0,1.40023438
fixed,75,0.7,14,1.594979,2.768468,0.947035,0.971692,0.00951527,0,1.40023438
fixed,75,0.8,14,1.511798,2.752467,0.955558,0.972072,0.00440572,0,1.40023438
fixed,75,0.9,14,1.503243,2.736485,0.964014,0.972294,0.00127266,0,1.40023438
fixed,75,1.0,14,1.507560,2.720710,0.972359,0.972359,0.00004572,185,1.40023438
fixed,75,0.0,15,5.423653,2.882500,0.894000,0.980399,0.09476400,0,1.44403084
fixed,75,0.1,15,4.945830,2.866008,0.902725,0.981248,0.07712060,0,1.44403084
fixed,75,0.2,15,4.481358,2.849357,0.911533,0.981663,0.06129295,0,1.44403084
fixed,75,0.3,15,4.049656,2.832516,0.920441,0.982136,0.04722050,0,1.44403084
fixed,75,0.4,15,3.748025,2.815752,0.929304,0.982259,0.03502288,0,1.44403084
fixed,75,0.5,15,3.259993,2.798775,0.938283,0.982565,0.02461492,0,1.44403084
fixed,75,0.6,15,2.932949,2.781543,0.947394,0.982990,0.01601669,0,1.44403084
fixed,75,0.7,15,2.910826,2.764525,0.956403,0.983147,0.00927036,0,1.44403084
fixed,75,0.8,15,2.755583,2.747412,0.965446,0.983308,0.00434040,0,1.44403084
fixed,75,0.9,15,3.086806,2.730485,0.974394,0.983326,0.00126501,0,1.44403084
fixed,75,1.0,15,2.992356,2.713255,0.983492,0.983492,0.00003999,0,1.44403084
fixed,75,0.0,16,4.963387,2.899000,0.905500,0.988415,0.08556975,0,2.23409391
fixed,75,0.1,16,4.267010,2.882863,0.913844,0.988944,0.06944163,0,2.23409391
fixed,75,0.2,16,3.922513,2.866579,0.922264,0.989320,0.05497937,0,2.23409391
fixed,75,0.3,16,3.348638,2.850263,0.930699,0.989498,0.04222858,0,2.23409391
fixed,75,0.4,16,2.986248,2.833865,0.939177,0.989693,0.03115448,0,2.23409391
fixed,75,0.5,16,2.442639,2.817239,0.947777,0.990053,0.02171326,0,2.23409391
fixed,75,0.6,16,2.512393,2.800830,0.956262,0.990104,0.01403324,0,2.23409391
fixed,75,0.7,16,2.173129,2.784291,0.964816,0.990237,0.00800097,0,2.23409391
fixed,75,0.8,16,1.905176,2.767483,0.973503,0.990504,0.00363399,0,2.23409391
fixed,75,0.9,16,1.842522,2.751094,0.981973,0.990470,0.00097913,0,2.23409391
fixed,75,1.0,16,1.983039,2.734115,0.990768,0.990768,0.00000811,0,2.23409391
fixed,75,0.0,17,4.761516,2.881000,0.892500,0.977648,0.09594375,0,1.59511637
fixed,75,0.1,17,4.411094,2.864831,0.901038,0.977879,0.07821661,0,1.59511637
fixed,75,0.2,17,3.864678,2.848468,0.909681,0.978405,0.06228055,0,1.59511637
fixed,75,0.3,17,3.103608,2.831989,0.918380,0.978768,0.04812125,0,1.59511637
fixed,75,0.4,17,2.883764,2.815460,0.927107,0.979017,0.03577534,0,1.59511637
fixed,75,0.5,17,2.530808,2.798924,0.935831,0.979161,0.02532197,0,1.59511637
fixed,75,0.6,17,2.373818,2.782376,0.944600,0.979333,0.01657680,0,1.59511637
fixed,75,0.7,17,2.266560,2.765431,0.953527,0.979681,0.00969656,0,1.59511637
fixed,75,0.8,17,2.383116,2.748616,0.962407,0.979884,0.00465951,0,1.59511637
fixed,75,0.9,17,2.270147,2.732134,0.971135,0.979872,0.00144663,0,1.59511637
fixed,75,1.0,17,2.326883,2.715609,0.979853,0.979853,0.00007792,0,1.59511637
fixed,75,0.0,18,5.057202,2.872500,0.884500,0.959215,0.10215975,0,1.55957010
fixed,75,0.1,18,4.369417,2.858143,0.892118,0.960675,0.08339093,0,1.55957010
fixed,75,0.2,18,3.952657,2.843343,0.899967,0.961837,0.06647124,0,1.55957010
fixed,75,0.3,18,3.404302,2.828100,0.908073,0.963077,0.05130439,0,1.55957010
fixed,75,0.4,18,2.909859,2.812780,0.916201,0.963753,0.03822992,0,1.55957010
fixed,75,0.5,18,2.791925,2.797640,0.924244,0.963988,0.02699236,0,1.55957010
fixed,75,0.6,18,2.380461,2.781812,0.932648,0.964746,0.01764828,0,1.55957010
fixed,75,0.7,18,2.793389,2.765742,0.941206,0.965508,0.01030935,0,1.55957010
fixed,75,0.8,18,2.326547,2.750041,0.949578,0.965847,0.00495656,0,1.55957010
fixed,75,0.9,18,2.388825,2.733915,0.958095,0.966272,0.00152769,0,1.55957010
fixed,75,1.0,18,2.617621,2.718737,0.966171,0.966171,0.00009913,131,1.55957010
fixed,75,0.0,19,2.286133,2.895500,0.905000,0.971056,0.08597500,0,1.61943100
fixed,75,0.1,19,1.669922,2.882895,0.911644,0.971445,0.06999923,0,1.61943100
fixed,75,0.2,19,1.480166,2.869886,0.918501,0.972506,0.05564429,0,1.61943100
fixed,75,0.3,19,0.810930,2.856861,0.925356,0.972852,0.04291534,0,1.61943100
fixed,75,0.4,19,1.059433,2.843611,0.932344,0.973360,0.03180863,0,1.61943100
fixed,75,0.5,19,0.876544,2.830292,0.939366,0.973731,0.02237121,0,1.61943100
fixed,75,0.6,19,0.740888,2.816731,0.946495,0.974159,0.01459502,0,1.61943100
fixed,75,0.7,19,0.807140,2.803512,0.953476,0.974252,0.00845769,0,1.61943100
fixed,75,0.8,19,0.753427,2.790228,0.960465,0.974331,0.00399503,0,1.61943100
fixed,75,0.9,19,0.670136,2.776451,0.967706,0.974673,0.00119177,0,1.61943100
fixed,75,1.0,19,0.654234,2.763148,0.974723,0.974723,0.00005335,115,1.61943100
fixed,100,0.0,0,4.786912,2.888500,0.898500,0.982966,0.09119775,0,1.19979570
fixed,100,0.1,0,4.290038,2.872297,0.907022,0.983718,0.07407488,0,1.19979570
fixed,100,0.2,0,3.763381,2.856012,0.915588,0.983940,0.05873531,0,1.19979570
fixed,100,0.3,0,3.319199,2.839577,0.924233,0.984277,0.04513959,0,1.19979570
fixed,100,0.4,0,2.837032,2.823019,0.932939,0.984597,0.03331904,0,1.19979570
fixed,100,0.5,0,2.705195,2.806367,0.941686,0.984872,0.02332450,0,1.19979570
fixed,100,0.6,0,2.802590,2.789863,0.950367,0.984945,0.01508909,0,1.19979570
fixed,100,0.7,0,2.617886,2.773089,0.959192,0.985203,0.00864541,0,1.19979570
fixed,100,0.8,0,2.620627,2.756501,0.967913,0.985266,0.00397446,0,1.19979570
fixed,100,0.9,0,2.893919,2.739727,0.976730,0.985422,0.00109086,0,1.19979570
fixed,100,1.0,0,2.771265,2.723116,0.985462,0.985462,0.00001571,0,1.19979570
fixed,100,0.0,1,7.285659,2.883500,0.896000,0.964965,0.09318400,0,1.11237276
fixed,100,0.1,1,6.324077,2.870195,0.903090,0.966897,0.07604402,0,1.11237276
fixed,100,0.2,1,5.574384,2.856159,0.910569,0.968844,0.06052485,0,1.11237276
fixed,100,0.3,1,4.885374,2.841619,0.918320,0.970402,0.04666672,0,1.11237276
fixed,100,0.4,1,4.413180,2.827017,0.926103,0.971257,0.03465108,0,1.11237276
fixed,100,0.5,1,3.856107,2.812265,0.933969,0.971939,0.02437196,0,1.11237276
fixed,100,0.6,1,3.108044,2.797369,0.941932,0.972553,0.01586834,0,1.11237276
fixed,100,0.7,1,3.129056,2.782585,0.949803,0.972861,0.00922499,0,1.11237276
fixed,100,0.8,1,2.812168,2.767403,0.957933,0.973416,0.00432238,0,1.11237276
fixed,100,0.9,1,3.044210,2.751840,0.966223,0.974026,0.00127187,0,1.11237276
fixed,100,1.0,1,3.119585,2.737131,0.974059,0.974059,0.00004746,12,1.11237276
fixed,100,0.0,2,5.607856,2.885500,0.898500,0.982944,0.09119775,0,1.17793125
fixed,100,0.1,2,5.023079,2.869592,0.907017,0.983668,0.07422918,0,1.17793125
fixed,100,0.2,2,4.336108,2.853417,0.915680,0.984399,0.05893678,0,1.17793125
fixed,100,0.3,2,3.892878,2.837064,0.924431,0.984936,0.04538078,0,1.17793125
fixed,100,0.4,2,3.013872,2.820484,0.933306,0.985514,0.03355708,0,1.17793125
fixed,100,0.5,2,2.651674,2.804065,0.942101,0.985701,0.02355385,0,1.17793125
fixed,100,0.6,2,2.277547,2.787507,0.950958,0.985930,0.01529244,0,1.17793125
fixed,100,0.7,2,2.009781,2.770842,0.959876,0.986180,0.00877023,0,1.17793125
fixed,100,0.8,2,2.192493,2.754339,0.968707,0.986259,0.00409372,0,1.17793125
fixed,100,0.9,2,1.960426,2.737592,0.977657,0.986452,0.00116575,0,1.17793125
fixed,100,1.0,2,2.250993,2.720992,0.986553,0.986553,0.00002247,0,1.17793125
fixed,100,0.0,3,5.010098,2.895500,0.908500,0.988743,0.08312775,0,1.58427897
fixed,100,0.1,3,4.216172,2.880577,0.916559,0.989088,0.06755704,0,1.58427897
fixed,100,0.2,3,3.853178,2.865500,0.924700,0.989499,0.05355423,0,1.58427897
fixed,100,0.3,3,3.357826,2.850344,0.932880,0.989765,0.04119132,0,1.58427897
fixed,100,0.4,3,2.785971,2.835091,0.941113,0.990033,0.03040872,0,1.58427897
fixed,100,0.5,3,2.310444,2.819857,0.949336,0.990172,0.02127754,0,1.58427897
fixed,100,0.6,3,2.125372,2.804542,0.957600,0.990334,0.01374768,0,1.58427897
fixed,100,0.7,3,2.222325,2.789210,0.965872,0.990460,0.00785337,0,1.58427897
fixed,100,0.8,3,2.463968,2.773989,0.974089,0.990486,0.00362666,0,1.58427897
fixed,100,0.9,3,2.200953,2.758743,0.982335,0.990538,0.00100427,0,1.58427897
fixed,100,1.0,3,2.439318,2.743092,0.990742,0.990742,0.00001262,0,1.58427897
fixed,100,0.0,4,4.960518,2.888500,0.898500,0.959007,0.09119775,0,1.41232885
fixed,100,0.1,4,4.128355,2.876662,0.904710,0.960599,0.07417965,0,1.41232885
fixed,100,0.2,4,3.467346,2.864413,0.911151,0.961754,0.05890942,0,1.41232885
fixed,100,0.3,4,2.904904,2.851731,0.917788,0.962792,0.04536899,0,1.41232885
fixed,100,0.4,4,2.426894,2.839283,0.924343,0.963107,0.03368258,0,1.41232885
fixed,100,0.5,4,2.084678,2.826057,0.931308,0.964115,0.02358446,0,1.41232885
fixed,100,0.6,4,1.684376,2.812937,0.938197,0.964661,0.01533147,0,1.41232885
fixed,100,0.7,4,1.803634,2.800255,0.944861,0.964730,0.00889329,0,1.41232885
fixed,100,0.8,4,1.943238,2.787044,0.951843,0.965179,0.00417586,0,1.41232885
fixed,100,0.9,4,1.687518,2.773514,0.958933,0.965648,0.00121289,0,1.41232885
fixed,100,1.0,4,1.849073,2.760809,0.965625,0.965625,0.00005290,198,1.41232885
fixed,100,0.0,5,5.032967,2.877000,0.889500,0.985394,0.09828975,0,1.63252173
fixed,100,0.1,5,4.649862,2.858814,0.899138,0.985882,0.08000396,0,1.63252173
fixed,100,0.2,5,4.036859,2.840502,0.908847,0.986233,0.06358227,0,1.63252173
fixed,100,0.3,5,3.290860,2.822120,0.918593,0.986478,0.04899247,0,1.63252173
fixed,100,0.4,5,2.829349,2.803523,0.928446,0.986865,0.03629534,0,1.63252173
fixed,100,0.5,5,2.709843,2.785176,0.938167,0.986834,0.02552711,0,1.63252173
fixed,100,0.6,5,2.452963,2.766429,0.948095,0.987158,0.01660632,0,1.63252173
fixed,100,0.7,5,2.331444,2.748056,0.957845,0.987135,0.00963733,0,1.63252173
fixed,100,0.8,5,2.569402,2.729379,0.967725,0.987281,0.00453358,0,1.63252173
fixed,100,0.9,5,2.355587,2.710816,0.977586,0.987374,0.00133528,0,1.63252173
fixed,100,1.0,5,2.575411,2.692222,0.987446,0.987446,0.00003843,0,1.63252173
fixed,100,0.0,6,3.752633,2.896000,0.904500,0.967631,0.08637975,0,1.13659404
fixed,100,0.1,6,3.179751,2.883732,0.910915,0.968645,0.07035771,0,1.13659404
fixed,100,0.2,6,2.644470,2.871244,0.917436,0.969181,0.05592245,0,1.13659404
fixed,100,0.3,6,2.314722,2.858682,0.924002,0.969506,0.04316283,0,1.13659404
fixed,100,0.4,6,1.650351,2.845792,0.930741,0.970103,0.03202090,0,1.13659404
fixed,100,0.5,6,1.159529,2.833068,0.937383,0.970267,0.02253088,0,1.13659404
fixed,100,0.6,6,1.198037,2.819725,0.944360,0.970934,0.01470113,0,1.13659404
fixed,100,0.7,6,1.112128,2.807197,0.950921,0.970815,0.00857426,0,1.13659404
fixed,100,0.8,6,1.107546,2.793756,0.957924,0.971280,0.00407640,0,1.13659404
fixed,100,0.9,6,1.274324,2.780484,0.964863,0.971570,0.00123333,0,1.13659404
fixed,100,1.0,6,1.075075,2.767503,0.971628,0.971628,0.00005724,171,1.13659404
fixed,100,0.0,7,6.969473,2.887000,0.896000,0.977991,0.09318400,0,1.23819386
fixed,100,0.1,7,6.076537,2.871243,0.904294,0.978937,0.07580183,0,1.23819386
fixed,100,0.2,7,5.709458,2.855231,0.912730,0.979650,0.06018014,0,1.23819386
fixed,100,0.3,7,4.989897,2.839071,0.921236,0.980121,0.04632270,0,1.23819386
fixed,100,0.4,7,4.252902,2.822644,0.929871,0.980676,0.03430970,0,1.23819386
fixed,100,0.5,7,3.554411,2.806320,0.938490,0.980981,0.02406226,0,1.23819386
fixed,100,0.6,7,3.439329,2.789688,0.947248,0.981414,0.01562110,0,1.23819386
fixed,100,0.7,7,2.962081,2.773163,0.955930,0.981614,0.00900107,0,1.23819386
fixed,100,0.8,7,3.096984,2.756547,0.964682,0.981853,0.00416759,0,1.23819386
fixed,100,0.9,7,2.939963,2.739948,0.973421,0.982024,0.00121520,0,1.23819386
fixed,100,1.0,7,2.688163,2.723388,0.982164,0.982164,0.00002943,0,1.23819386
fixed,100,0.0,8,5.849665,2.887000,0.899000,0.961686,0.09079900,0,1.19204318
fixed,100,0.1,8,5.581975,2.875043,0.905377,0.962765,0.07443643,0,1.19204318
fixed,100,0.2,8,5.019905,2.862817,0.911903,0.963514,0.05965755,0,1.19204318
fixed,100,0.3,8,4.475063,2.850430,0.918524,0.964081,0.04643429,0,1.19204318
fixed,100,0.4,8,3.920916,2.837788,0.925256,0.964641,0.03484871,0,1.19204318
fixed,100,0.5,8,3.367685,2.825041,0.932065,0.965131,0.02491754,0,1.19204318
fixed,100,0.6,8,3.242842,2.812210,0.938913,0.965522,0.01664651,0,1.19204318
fixed,100,0.7,8,3.001743,2.799535,0.945660,0.965657,0.00999172,0,1.19204318
fixed,100,0.8,8,2.936793,2.786800,0.952472,0.965840,0.00514556,0,1.19204318
fixed,100,0.9,8,3.275203,2.773725,0.959463,0.966181,0.00184270,0,1.19204318
fixed,100,1.0,8,2.975146,2.760735,0.966446,0.966446,0.00022578,167,1.19204318
fixed,100,0.0,9,5.210653,2.880500,0.894000,0.967960,0.09476400,0,0.88754167
fixed,100,0.1,9,4.358994,2.866461,0.901532,0.969322,0.07713231,0,0.88754167
fixed,100,0.2,9,3.757474,2.852045,0.909266,0.970328,0.06125954,0,0.88754167
fixed,100,0.3,9,2.907314,2.837438,0.917106,0.971019,0.04719136,0,0.88754167
fixed,100,0.4,9,2.394757,2.822455,0.925129,0.971823,0.03489921,0,0.88754167
fixed,100,0.5,9,2.102180,2.807706,0.933026,0.972053,0.02449673,0,0.88754167
fixed,100,0.6,9,1.753288,2.792553,0.941145,0.972574,0.01588635,0,0.88754167
fixed,100,0.7,9,1.716400,2.777399,0.949252,0.972932,0.00916706,0,0.88754167
fixed,100,0.8,9,1.832798,2.762438,0.957284,0.973105,0.00427254,0,0.88754167
fixed,100,0.9,9,1.698930,2.747384,0.965353,0.973281,0.00121843,0,0.88754167
fixed,100,1.0,9,1.886339,2.732059,0.973550,0.973550,0.00003305,0,0.88754167
fixed,100,0.0,10,5.260315,2.885500,0.897000,0.982266,0.09239100,0,1.25120976
fixed,100,0.1,10,4.584224,2.869329,0.905572,0.982715,0.07525368,0,1.25120976
fixed,100,0.2,10,4.086570,2.852998,0.914229,0.983143,0.05984505,0,1.25120976
fixed,100,0.3,10,3.486023,2.836579,0.922930,0.983434,0.04616409,0,1.25120976
fixed,100,0.4,10,3.028695,2.820119,0.931648,0.983619,0.03428317,0,1.25120976
fixed,100,0.5,10,2.665131,2.803482,0.940469,0.983937,0.02416621,0,1.25120976
fixed,100,0.6,10,2.752769,2.786858,0.949280,0.984134,0.01579207,0,1.25120976
fixed,100,0.7,10,2.666743,2.770229,0.958077,0.984253,0.00919904,0,1.25120976
fixed,100,0.8,10,2.345302,2.753607,0.966889,0.984361,0.00436657,0,1.25120976
fixed,100,0.9,10,2.499230,2.736893,0.975739,0.984488,0.00131708,0,1.25120976
fixed,100,1.0,10,2.578183,2.720427,0.984480,0.984480,0.00005182,0,1.25120976
fixed,100,0.0,11,6.572723,2.888000,0.899000,0.965917,0.09079900,0,0.98405010
fixed,100,0.1,11,5.916921,2.875256,0.905754,0.966538,0.07415380,0,0.98405010
fixed,100,0.2,11,5.429017,2.862319,0.912607,0.967034,0.05910520,0,0.98405010
fixed,100,0.3,11,4.986025,2.849326,0.919482,0.967273,0.04577355,0,0.98405010
fixed,100,0.4,11,4.152406,2.836074,0.926510,0.967774,0.03409565,0,0.98405010
fixed,100,0.5,11,3.645849,2.822794,0.933531,0.968061,0.02419001,0,0.98405010
fixed,100,0.6,11,3.370494,2.809513,0.940579,0.968298,0.01590311,0,0.98405010
fixed,100,0.7,11,3.188818,2.796152,0.947644,0.968491,0.00936259,0,0.98405010
fixed,100,0.8,11,3.072990,2.783271,0.954481,0.968351,0.00461905,0,0.98405010
fixed,100,0.9,11,3.477716,2.769691,0.961644,0.968605,0.00147859,0,0.98405010
fixed,100,1.0,11,3.135420,2.756181,0.968817,0.968817,0.00010232,187,0.98405010
fixed,100,0.0,12,5.407483,2.899000,0.908000,0.977449,0.08353600,0,1.14783970
fixed,100,0.1,12,4.676429,2.885567,0.915077,0.978766,0.06791326,0,1.14783970
fixed,100,0.2,12,4.170027,2.871785,0.922335,0.979673,0.05389762,0,1.14783970
fixed,100,0.3,12,3.504903,2.857813,0.929687,0.980289,0.04145455,0,1.14783970
fixed,100,0.4,12,3.269575,2.843720,0.937093,0.980731,0.03066306,0,1.14783970
fixed,100,0.5,12,2.845817,2.829561,0.944537,0.981074,0.02149269,0,1.14783970
fixed,100,0.6,12,2.409192,2.815337,0.952035,0.981392,0.01392117,0,1.14783970
fixed,100,0.7,12,2.477071,2.800842,0.959649,0.981785,0.00798957,0,1.14783970
fixed,100,0.8,12,2.577530,2.786656,0.967108,0.981885,0.00369642,0,1.14783970
fixed,100,0.9,12,2.638557,2.772121,0.974754,0.982171,0.00103732,0,1.14783970
fixed,100,1.0,12,2.756349,2.758019,0.982186,0.982186,0.00002287,0,1.14783970
fixed,100,0.0,13,5.845760,2.899500,0.907500,0.977699,0.08394375,0,1.08929954
fixed,100,0.1,13,4.861217,2.885876,0.914615,0.978653,0.06836263,0,1.08929954
fixed,100,0.2,13,4.299303,2.872063,0.921828,0.979140,0.05436080,0,1.08929954
fixed,100,0.3,13,3.692661,2.858012,0.929165,0.979717,0.04194958,0,1.08929954
fixed,100,0.4,13,3.266280,2.843838,0.936574,0.980186,0.03111028,0,1.08929954
fixed,100,0.5,13,2.862328,2.829725,0.943941,0.980383,0.02184946,0,1.08929954
fixed,100,0.6,13,2.645863,2.815619,0.951293,0.980488,0.01430235,0,1.08929954
fixed,100,0.7,13,2.580470,2.801180,0.958850,0.980857,0.00826164,0,1.08929954
fixed,100,0.8,13,2.219205,2.786813,0.966346,0.981057,0.00391639,0,1.08929954
fixed,100,0.9,13,2.359231,2.772559,0.973800,0.981167,0.00115745,0,1.08929954
fixed,100,1.0,13,2.181934,2.758117,0.981330,0.981330,0.00004045,0,1.08929954
fixed,100,0.0,14,5.864508,2.894500,0.908000,0.988491,0.08353600,0,1.24271396
fixed,100,0.1,14,5.402918,2.879547,0.916094,0.988937,0.06794576,0,1.24271396
fixed,100,0.2,14,4.560511,2.864459,0.924266,0.989329,0.05393260,0,1.24271396
fixed,100,0.3,14,4.109807,2.849211,0.932510,0.989699,0.04151348,0,1.24271396
fixed,100,0.4,14,3.848337,2.833965,0.940767,0.989917,0.03071011,0,1.24271396
fixed,100,0.5,14,3.362340,2.818644,0.949058,0.990117,0.02154727,0,1.24271396
fixed,100,0.6,14,2.883443,2.803169,0.957434,0.990390,0.01394903,0,1.24271396
fixed,100,0.7,14,2.827890,2.787920,0.965686,0.990408,0.00802466,0,1.24271396
fixed,100,0.8,14,3.136212,2.772485,0.974027,0.990534,0.00372854,0,1.24271396
fixed,100,0.9,14,3.138664,2.757106,0.982352,0.990613,0.00106477,0,1.24271396
fixed,100,1.0,14,3.241042,2.741900,0.990567,0.990567,0.00002060,0,1.24271396
fixed,100,0.0,15,5.097859,2.876000,0.888500,0.980163,0.09906775,0,1.34056116
fixed,100,0.1,15,4.382605,2.858511,0.897764,0.981138,0.08058712,0,1.34056116
fixed,100,0.2,15,3.787165,2.840833,0.907126,0.981631,0.06399017,0,1.34056116
fixed,100,0.3,15,3.352177,2.822837,0.916657,0.982358,0.04926438,0,1.34056116
fixed,100,0.4,15,2.860055,2.804766,0.926235,0.982837,0.03646103,0,1.34056116
fixed,100,0.5,15,2.367330,2.786702,0.935798,0.983096,0.02562604,0,1.34056116
fixed,100,0.6,15,2.283743,2.768470,0.945467,0.983444,0.01660170,0,1.34056116
fixed,100,0.7,15,1.918263,2.750022,0.955240,0.983843,0.00955064,0,1.34056116
fixed,100,0.8,15,2.078604,2.731874,0.964857,0.983947,0.00446701,0,1.34056116
fixed,100,0.9,15,2.186289,2.713604,0.974530,0.984089,0.00129624,0,1.34056116
fixed,100,1.0,15,1.985585,2.694975,0.984382,0.984382,0.00002924,0,1.34056116
fixed,100,0.0,16,6.349808,2.886000,0.895000,0.974965,0.09397500,0,1.12427069
fixed,100,0.1,16,5.688831,2.870495,0.903080,0.975800,0.07648446,0,1.12427069
fixed,100,0.2,16,5.288271,2.854801,0.911263,0.976315,0.06079606,0,1.12427069
fixed,100,0.3,16,4.143300,2.838900,0.919546,0.976819,0.04683871,0,1.12427069
fixed,100,0.4,16,3.728472,2.822846,0.927909,0.977271,0.03474814,0,1.12427069
fixed,100,0.5,16,3.358300,2.806793,0.936278,0.977556,0.02443292,0,1.12427069
fixed,100,0.6,16,2.919333,2.790189,0.944939,0.978231,0.01588365,0,1.12427069
fixed,100,0.7,16,2.750348,2.774009,0.953365,0.978379,0.00920103,0,1.12427069
fixed,100,0.8,16,2.630568,2.757781,0.961830,0.978538,0.00430615,0,1.12427069
fixed,100,0.9,16,2.867775,2.741732,0.970198,0.978554,0.00127681,0,1.12427069
fixed,100,1.0,16,2.626885,2.725142,0.978824,0.978824,0.00004071,158,1.12427069
fixed,100,0.0,17,5.604064,2.889000,0.898000,0.958792,0.09159600,0,1.17407006
fixed,100,0.1,17,5.003889,2.877130,0.904185,0.959850,0.07458627,0,1.17407006
fixed,100,0.2,17,4.050548,2.864897,0.910561,0.960803,0.05927667,0,1.17407006
fixed,100,0.3,17,3.257664,2.852266,0.917150,0.961832,0.04574018,0,1.17407006
fixed,100,0.4,17,2.546054,2.839528,0.923776,0.962439,0.03395195,0,1.17407006
fixed,100,0.5,17,2.017682,2.826453,0.930593,0.963187,0.02390948,0,1.17407006
fixed,100,0.6,17,1.678351,2.813443,0.937377,0.963629,0.01562089,0,1.17407006
fixed,100,0.7,17,1.314709,2.800248,0.944262,0.964089,0.00909445,0,1.17407006
fixed,100,0.8,17,1.480097,2.787255,0.951047,0.964308,0.00429962,0,1.17407006
fixed,100,0.9,17,1.261679,2.774136,0.957872,0.964525,0.00128631,0,1.17407006
fixed,100,1.0,17,1.435961,2.761089,0.964680,0.964680,0.00006959,194,1.17407006
fixed,100,0.0,18,4.349244,2.897500,0.906000,0.984389,0.08516400,0,1.40274993
fixed,100,0.1,18,3.842367,2.882436,0.913886,0.984862,0.06927338,0,1.40274993
fixed,100,0.2,18,3.313804,2.867195,0.921868,0.985338,0.05499693,0,1.40274993
fixed,100,0.3,18,2.785088,2.851802,0.929924,0.985748,0.04235981,0,1.40274993
fixed,100,0.4,18,2.500056,2.836476,0.937944,0.985861,0.03135974,0,1.40274993
fixed,100,0.5,18,2.193177,2.820908,0.946095,0.986190,0.02200165,0,1.40274993
fixed,100,0.6,18,2.191164,2.805285,0.954280,0.986466,0.01428411,0,1.40274993
fixed,100,0.7,18,2.047655,2.789993,0.962288,0.986411,0.00822410,0,1.40274993
fixed,100,0.8,18,2.059437,2.774350,0.970472,0.986590,0.00383973,0,1.40274993
fixed,100,0.9,18,2.118817,2.758748,0.978631,0.986702,0.00112058,0,1.40274993
fixed,100,1.0,18,2.063822,2.742976,0.986879,0.986879,0.00002578,0,1.40274993
fixed,100,0.0,19,4.828588,2.880500,0.890500,0.958672,0.09750975,0,1.11840545
fixed,100,0.1,19,3.874201,2.867092,0.897412,0.959618,0.07976779,0,1.11840545
fixed,100,0.2,19,3.880315,2.853445,0.904455,0.960277,0.06378429,0,1.11840545
fixed,100,0.3,19,3.271252,2.839333,0.911718,0.961226,0.04954980,0,1.11840545
fixed,100,0.4,19,2.735563,2.825485,0.918875,0.961438,0.03715728,0,1.11840545
fixed,100,0.5,19,2.494203,2.811233,0.926244,0.961988,0.02646865,0,1.11840545
fixed,100,0.6,19,2.330532,2.797295,0.933449,0.962081,0.01763185,0,1.11840545
fixed,100,0.7,19,1.984429,2.782741,0.940958,0.962584,0.01052680,0,1.11840545
fixed,100,0.8,19,1.964649,2.768175,0.948473,0.962967,0.00527045,0,1.11840545
fixed,100,0.9,19,2.079928,2.754605,0.955469,0.962688,0.00185617,0,1.11840545
fixed,100,1.0,19,2.528376,2.739582,0.963236,0.963236,0.00020666,193,1.11840545
