experiment,alpha,seed,t,body_output,action,state_norm
coupled,0.00,0,0,0.971576,1.000000,4.435433
coupled,0.00,0,1,0.977654,1.000000,4.636584
coupled,0.00,0,2,0.975922,1.000000,4.673845
coupled,0.00,0,3,0.982928,1.000000,4.857817
coupled,0.00,0,4,0.987675,1.000000,4.881513
coupled,0.00,0,5,0.984728,1.000000,4.758202
coupled,0.00,0,6,0.977132,1.000000,4.496521
coupled,0.00,0,7,0.979582,1.000000,4.495061
coupled,0.00,0,8,0.982358,1.000000,4.868949
coupled,0.00,0,9,0.983137,1.000000,4.766769
coupled,0.00,0,10,0.983169,1.000000,4.771851
coupled,0.00,0,11,0.984801,1.000000,4.890202
coupled,0.00,0,12,0.988969,1.000000,4.836014
coupled,0.00,0,13,0.987388,1.000000,4.674532
coupled,0.00,0,14,0.980998,1.000000,4.766720
coupled,0.00,0,15,0.981829,1.000000,4.998018
coupled,0.00,0,16,0.990003,1.000000,4.717286
coupled,0.00,0,17,0.987375,1.000000,4.626445
coupled,0.00,0,18,0.979276,1.000000,4.762703
coupled,0.00,0,19,0.987889,1.000000,4.533109
coupled,0.00,0,20,0.981364,1.000000,4.730529
coupled,0.00,0,21,0.988338,1.000000,4.645554
coupled,0.00,0,22,0.987756,1.000000,4.798703
coupled,0.00,0,23,0.981353,1.000000,4.679231
coupled,0.00,0,24,0.989531,1.000000,4.676970
coupled,0.00,0,25,0.978689,1.000000,4.661985
coupled,0.00,0,26,0.976666,1.000000,4.730365
coupled,0.00,0,27,0.986670,1.000000,4.734017
coupled,0.00,0,28,0.983449,1.000000,4.934358
coupled,0.00,0,29,0.989385,1.000000,4.869543
coupled,0.00,0,30,0.990160,1.000000,4.678101
coupled,0.00,0,31,0.973137,1.000000,4.576750
coupled,0.00,0,32,0.974109,1.000000,4.674229
coupled,0.00,0,33,0.972280,1.000000,4.621024
coupled,0.00,0,34,0.978955,1.000000,4.664960
coupled,0.00,0,35,0.980191,1.000000,4.804357
coupled,0.00,0,36,0.974533,1.000000,4.728202
coupled,0.00,0,37,0.981595,1.000000,4.814470
coupled,0.00,0,38,0.986307,1.000000,4.630289
coupled,0.00,0,39,0.971400,1.000000,4.669469
coupled,0.00,0,40,0.985719,1.000000,4.919384
coupled,0.00,0,41,0.984761,1.000000,5.143829
coupled,0.00,0,42,0.992640,1.000000,4.956329
coupled,0.00,0,43,0.986183,1.000000,4.675381
coupled,0.00,0,44,0.978810,1.000000,4.620351
coupled,0.00,0,45,0.980594,1.000000,4.601494
coupled,0.00,0,46,0.977226,1.000000,4.616607
coupled,0.00,0,47,0.983156,1.000000,4.527241
coupled,0.00,0,48,0.981539,1.000000,4.901873
coupled,0.00,0,49,0.981761,1.000000,4.522572
coupled,0.00,0,50,0.965790,1.000000,4.556746
coupled,0.00,0,51,0.981373,1.000000,4.660942
coupled,0.00,0,52,0.985823,1.000000,4.713100
coupled,0.00,0,53,0.986191,1.000000,4.896136
coupled,0.00,0,54,0.989708,1.000000,4.490397
coupled,0.00,0,55,0.979755,1.000000,4.545084
coupled,0.00,0,56,0.972600,1.000000,4.838431
coupled,0.00,0,57,0.982246,1.000000,4.736716
coupled,0.00,0,58,0.985829,1.000000,4.961123
coupled,0.00,0,59,0.988469,1.000000,4.917622
coupled,0.00,0,60,0.981856,1.000000,4.955303
coupled,0.00,0,61,0.983039,1.000000,4.764104
coupled,0.00,0,62,0.984549,1.000000,4.633339
coupled,0.00,0,63,0.980571,1.000000,4.721710
coupled,0.00,0,64,0.988215,1.000000,4.777172
coupled,0.00,0,65,0.984485,1.000000,4.792107
coupled,0.00,0,66,0.984788,1.000000,4.314495
coupled,0.00,0,67,0.973963,1.000000,4.812394
coupled,0.00,0,68,0.981279,1.000000,4.691743
coupled,0.00,0,69,0.983564,1.000000,4.767881
coupled,0.00,0,70,0.976593,1.000000,4.706209
coupled,0.00,0,71,0.985402,1.000000,4.808059
coupled,0.00,0,72,0.986632,1.000000,4.549311
coupled,0.00,0,73,0.985193,1.000000,4.679081
coupled,0.00,0,74,0.985837,1.000000,5.132263
coupled,0.00,0,75,0.990008,1.000000,4.758165
coupled,0.00,0,76,0.983911,1.000000,4.624841
coupled,0.00,0,77,0.984122,1.000000,4.334004
coupled,0.00,0,78,0.971798,1.000000,4.370165
coupled,0.00,0,79,0.971042,1.000000,4.637651
coupled,0.00,0,80,0.981004,1.000000,4.549584
coupled,0.00,0,81,0.980909,1.000000,4.999826
coupled,0.00,0,82,0.988231,1.000000,4.790614
coupled,0.00,0,83,0.981422,1.000000,4.777546
coupled,0.00,0,84,0.977494,1.000000,4.828073
coupled,0.00,0,85,0.983776,1.000000,4.551250
coupled,0.00,0,86,0.979172,1.000000,4.777371
coupled,0.00,0,87,0.986090,1.000000,4.982530
coupled,0.00,0,88,0.983785,1.000000,4.855778
coupled,0.00,0,89,0.981174,1.000000,4.876669
coupled,0.00,0,90,0.987752,1.000000,4.603077
coupled,0.00,0,91,0.979910,1.000000,4.762691
coupled,0.00,0,92,0.973110,1.000000,4.989923
coupled,0.00,0,93,0.986032,1.000000,4.872991
coupled,0.00,0,94,0.990146,1.000000,4.587909
coupled,0.00,0,95,0.974800,1.000000,4.711728
coupled,0.00,0,96,0.987486,1.000000,4.608757
coupled,0.00,0,97,0.971453,1.000000,4.891453
coupled,0.00,0,98,0.991917,1.000000,4.917470
coupled,0.00,0,99,0.970030,1.000000,4.589766
coupled,0.00,0,100,0.971097,1.000000,4.716689
coupled,0.00,0,101,0.977709,1.000000,4.845144
coupled,0.00,0,102,0.984819,1.000000,4.522259
coupled,0.00,0,103,0.977820,1.000000,4.493066
coupled,0.00,0,104,0.965159,1.000000,4.723594
coupled,0.00,0,105,0.983867,1.000000,4.851918
coupled,0.00,0,106,0.978623,1.000000,4.772801
coupled,0.00,0,107,0.985236,1.000000,4.602613
coupled,0.00,0,108,0.981815,1.000000,4.500520
coupled,0.00,0,109,0.972818,1.000000,4.561937
coupled,0.00,0,110,0.976655,1.000000,4.921470
coupled,0.00,0,111,0.987852,1.000000,4.963063
coupled,0.00,0,112,0.988285,1.000000,4.708737
coupled,0.00,0,113,0.984382,1.000000,4.758471
coupled,0.00,0,114,0.981096,1.000000,4.703585
coupled,0.00,0,115,0.979945,1.000000,4.809358
coupled,0.00,0,116,0.983083,1.000000,4.710921
coupled,0.00,0,117,0.986850,1.000000,4.705077
coupled,0.00,0,118,0.973440,1.000000,4.802415
coupled,0.00,0,119,0.976346,1.000000,4.707824
coupled,0.00,0,120,0.973261,1.000000,4.757421
coupled,0.00,0,121,0.983723,1.000000,4.868892
coupled,0.00,0,122,0.990638,1.000000,4.851099
coupled,0.00,0,123,0.982980,1.000000,4.772501
coupled,0.00,0,124,0.985281,1.000000,5.048542
coupled,0.00,0,125,0.988173,1.000000,4.833564
coupled,0.00,0,126,0.984948,1.000000,4.857433
coupled,0.00,0,127,0.985815,1.000000,5.077156
coupled,0.00,0,128,0.990530,1.000000,4.810175
coupled,0.00,0,129,0.983182,1.000000,4.581925
coupled,0.00,0,130,0.978544,1.000000,4.533976
coupled,0.00,0,131,0.976275,1.000000,5.040911
coupled,0.00,0,132,0.985419,1.000000,4.779520
coupled,0.00,0,133,0.985704,1.000000,4.839102
coupled,0.00,0,134,0.986772,1.000000,4.734454
coupled,0.00,0,135,0.983023,1.000000,4.670277
coupled,0.00,0,136,0.979629,1.000000,4.486491
coupled,0.00,0,137,0.966738,1.000000,4.620755
coupled,0.00,0,138,0.985399,1.000000,4.664380
coupled,0.00,0,139,0.980611,1.000000,4.652284
coupled,0.00,0,140,0.979785,1.000000,4.619352
coupled,0.00,0,141,0.982447,1.000000,4.575774
coupled,0.00,0,142,0.969572,1.000000,4.789019
coupled,0.00,0,143,0.986316,1.000000,4.433894
coupled,0.00,0,144,0.971609,1.000000,4.592604
coupled,0.00,0,145,0.983523,1.000000,4.722120
coupled,0.00,0,146,0.971620,1.000000,4.445440
coupled,0.00,0,147,0.977706,1.000000,4.651146
coupled,0.00,0,148,0.983171,1.000000,5.078641
coupled,0.00,0,149,0.988077,1.000000,4.793825
coupled,0.00,0,150,0.982416,1.000000,4.531021
coupled,0.00,0,151,0.972618,1.000000,4.426142
coupled,0.00,0,152,0.963107,1.000000,4.804750
coupled,0.00,0,153,0.976609,1.000000,4.579899
coupled,0.00,0,154,0.979355,1.000000,4.671210
coupled,0.00,0,155,0.978203,1.000000,4.783563
coupled,0.00,0,156,0.986260,1.000000,4.886034
coupled,0.00,0,157,0.982908,1.000000,4.673151
coupled,0.00,0,158,0.978989,1.000000,4.692659
coupled,0.00,0,159,0.980888,1.000000,4.776340
coupled,0.00,0,160,0.984061,1.000000,4.897963
coupled,0.00,0,161,0.980038,1.000000,5.008282
coupled,0.00,0,162,0.990999,1.000000,4.660462
coupled,0.00,0,163,0.978709,1.000000,4.811590
coupled,0.00,0,164,0.981208,1.000000,4.646401
coupled,0.00,0,165,0.973021,1.000000,4.564329
coupled,0.00,0,166,0.973159,1.000000,4.708785
coupled,0.00,0,167,0.981739,1.000000,4.849941
coupled,0.00,0,168,0.984299,1.000000,4.616090
coupled,0.00,0,169,0.980703,1.000000,4.701932
coupled,0.00,0,170,0.979267,1.000000,4.687055
coupled,0.00,0,171,0.990149,1.000000,4.761364
coupled,0.00,0,172,0.982877,1.000000,4.968138
coupled,0.00,0,173,0.992063,1.000000,4.748671
coupled,0.00,0,174,0.983216,1.000000,4.746704
coupled,0.00,0,175,0.980704,1.000000,4.693821
coupled,0.00,0,176,0.975001,1.000000,4.595076
coupled,0.00,0,177,0.981091,1.000000,4.824869
coupled,0.00,0,178,0.985469,1.000000,4.612998
coupled,0.00,0,179,0.964441,1.000000,4.666041
coupled,0.00,0,180,0.981885,1.000000,4.578519
coupled,0.00,0,181,0.980136,1.000000,4.545691
coupled,0.00,0,182,0.978083,1.000000,4.466885
coupled,0.00,0,183,0.975315,1.000000,4.708078
coupled,0.00,0,184,0.987229,1.000000,4.963154
coupled,0.00,0,185,0.990617,1.000000,4.846487
coupled,0.00,0,186,0.987981,1.000000,4.490322
coupled,0.00,0,187,0.972552,1.000000,4.834376
coupled,0.00,0,188,0.991108,1.000000,4.906723
coupled,0.00,0,189,0.981863,1.000000,4.606657
coupled,0.00,0,190,0.970659,1.000000,4.803824
coupled,0.00,0,191,0.984909,1.000000,4.970013
coupled,0.00,0,192,0.986528,1.000000,4.731173
coupled,0.00,0,193,0.980330,1.000000,4.669640
coupled,0.00,0,194,0.976462,1.000000,4.797452
coupled,0.00,0,195,0.979514,1.000000,4.737304
coupled,0.00,0,196,0.977253,1.000000,4.822578
coupled,0.00,0,197,0.980412,1.000000,4.701457
coupled,0.00,0,198,0.976536,1.000000,4.401573
coupled,0.00,0,199,0.977647,1.000000,4.524788
coupled,0.00,0,200,0.975806,1.000000,4.698867
coupled,0.00,0,201,0.978135,1.000000,4.624215
coupled,0.00,0,202,0.985106,1.000000,4.679757
coupled,0.00,0,203,0.984235,1.000000,4.904342
coupled,0.00,0,204,0.985413,1.000000,4.703784
coupled,0.00,0,205,0.985213,1.000000,4.636989
coupled,0.00,0,206,0.978971,1.000000,4.724346
coupled,0.00,0,207,0.976903,1.000000,4.602863
coupled,0.00,0,208,0.984746,1.000000,4.533595
coupled,0.00,0,209,0.979907,1.000000,4.717436
coupled,0.00,0,210,0.985798,1.000000,4.685517
coupled,0.00,0,211,0.981817,1.000000,4.749609
coupled,0.00,0,212,0.973984,1.000000,4.600085
coupled,0.00,0,213,0.980564,1.000000,4.729662
coupled,0.00,0,214,0.971667,1.000000,4.781371
coupled,0.00,0,215,0.971396,1.000000,4.732502
coupled,0.00,0,216,0.982527,1.000000,4.935720
coupled,0.00,0,217,0.984041,1.000000,5.009596
coupled,0.00,0,218,0.983415,1.000000,4.771698
coupled,0.00,0,219,0.988052,1.000000,4.580656
coupled,0.00,0,220,0.976771,1.000000,4.646273
coupled,0.00,0,221,0.988122,1.000000,4.741574
coupled,0.00,0,222,0.985908,1.000000,4.585083
coupled,0.00,0,223,0.982977,1.000000,4.578745
coupled,0.00,0,224,0.982557,1.000000,4.789343
coupled,0.00,0,225,0.987721,1.000000,4.719962
coupled,0.00,0,226,0.987632,1.000000,4.656551
coupled,0.00,0,227,0.977949,1.000000,4.734028
coupled,0.00,0,228,0.982733,1.000000,4.563106
coupled,0.00,0,229,0.975488,1.000000,4.634646
coupled,0.00,0,230,0.984652,1.000000,4.744232
coupled,0.00,0,231,0.979972,1.000000,4.621299
coupled,0.00,0,232,0.978297,1.000000,4.803033
coupled,0.00,0,233,0.979483,1.000000,4.798799
coupled,0.00,0,234,0.984402,1.000000,4.880444
coupled,0.00,0,235,0.985303,1.000000,4.834378
coupled,0.00,0,236,0.984976,1.000000,4.864485
coupled,0.00,0,237,0.986475,1.000000,4.939522
coupled,0.00,0,238,0.988673,1.000000,4.620200
coupled,0.00,0,239,0.968189,1.000000,4.627592
coupled,0.00,0,240,0.980730,1.000000,4.649089
coupled,0.00,0,241,0.980599,1.000000,4.891800
coupled,0.00,0,242,0.989244,1.000000,4.641189
coupled,0.00,0,243,0.965684,1.000000,4.604929
coupled,0.00,0,244,0.961036,1.000000,4.989632
coupled,0.00,0,245,0.986368,1.000000,4.285112
coupled,0.00,0,246,0.970634,1.000000,4.785888
coupled,0.00,0,247,0.981023,1.000000,4.846781
coupled,0.00,0,248,0.986797,1.000000,4.717132
coupled,0.00,0,249,0.981995,1.000000,4.734795
coupled,0.00,0,250,0.977994,1.000000,4.632629
coupled,0.00,0,251,0.976251,1.000000,4.814051
coupled,0.00,0,252,0.980600,1.000000,4.821256
coupled,0.00,0,253,0.983802,1.000000,4.966755
coupled,0.00,0,254,0.981858,1.000000,4.712119
coupled,0.00,0,255,0.978723,1.000000,4.873266
coupled,0.00,0,256,0.978495,1.000000,4.985036
coupled,0.00,0,257,0.987079,1.000000,4.653882
coupled,0.00,0,258,0.972827,1.000000,4.864816
coupled,0.00,0,259,0.989187,1.000000,4.707271
coupled,0.00,0,260,0.982262,1.000000,4.825992
coupled,0.00,0,261,0.987163,1.000000,4.800611
coupled,0.00,0,262,0.978249,1.000000,4.957784
coupled,0.00,0,263,0.985839,1.000000,4.872624
coupled,0.00,0,264,0.983630,1.000000,4.596396
coupled,0.00,0,265,0.980131,1.000000,4.547209
coupled,0.00,0,266,0.983335,1.000000,4.632966
coupled,0.00,0,267,0.986493,1.000000,4.879108
coupled,0.00,0,268,0.986725,1.000000,4.749813
coupled,0.00,0,269,0.982590,1.000000,4.584123
coupled,0.00,0,270,0.977397,1.000000,4.386442
coupled,0.00,0,271,0.972747,1.000000,4.484747
coupled,0.00,0,272,0.971203,1.000000,4.844722
coupled,0.00,0,273,0.986621,1.000000,4.712632
coupled,0.00,0,274,0.984367,1.000000,4.594559
coupled,0.00,0,275,0.970949,1.000000,4.642502
coupled,0.00,0,276,0.975905,1.000000,4.400939
coupled,0.00,0,277,0.975897,1.000000,4.859940
coupled,0.00,0,278,0.979273,1.000000,4.955813
coupled,0.00,0,279,0.987903,1.000000,4.924883
coupled,0.00,0,280,0.989447,1.000000,4.543898
coupled,0.00,0,281,0.978396,1.000000,4.569274
coupled,0.00,0,282,0.981388,1.000000,4.614703
coupled,0.00,0,283,0.973185,1.000000,4.576702
coupled,0.00,0,284,0.979796,1.000000,4.653166
coupled,0.00,0,285,0.984160,1.000000,4.845292
coupled,0.00,0,286,0.988267,1.000000,4.546222
coupled,0.00,0,287,0.963666,1.000000,4.538907
coupled,0.00,0,288,0.979328,1.000000,4.696687
coupled,0.00,0,289,0.981421,1.000000,4.748992
coupled,0.00,0,290,0.987069,1.000000,4.842920
coupled,0.00,0,291,0.987625,1.000000,4.695270
coupled,0.00,0,292,0.971883,1.000000,4.821617
coupled,0.00,0,293,0.988774,1.000000,4.561935
coupled,0.00,0,294,0.979511,1.000000,4.411633
coupled,0.00,0,295,0.960361,1.000000,4.285753
coupled,0.00,0,296,0.975728,1.000000,4.757920
coupled,0.00,0,297,0.982693,1.000000,4.482591
coupled,0.00,0,298,0.973576,1.000000,4.395972
coupled,0.00,0,299,0.962795,1.000000,4.369812
coupled,0.00,0,300,0.975874,1.000000,4.681266
coupled,0.00,0,301,0.980275,1.000000,4.416784
coupled,0.00,0,302,0.975651,1.000000,4.703229
coupled,0.00,0,303,0.981477,1.000000,4.644657
coupled,0.00,0,304,0.977155,1.000000,5.025219
coupled,0.00,0,305,0.985386,1.000000,4.509461
coupled,0.00,0,306,0.982796,1.000000,4.731155
coupled,0.00,0,307,0.988583,1.000000,4.841790
coupled,0.00,0,308,0.982739,1.000000,4.768215
coupled,0.00,0,309,0.981198,1.000000,4.670121
coupled,0.00,0,310,0.971458,1.000000,4.778497
coupled,0.00,0,311,0.981383,1.000000,4.489210
coupled,0.00,0,312,0.982361,1.000000,4.736633
coupled,0.00,0,313,0.981931,1.000000,4.843842
coupled,0.00,0,314,0.978651,1.000000,4.771714
coupled,0.00,0,315,0.990415,1.000000,4.691350
coupled,0.00,0,316,0.977917,1.000000,4.855646
coupled,0.00,0,317,0.983898,1.000000,4.875596
coupled,0.00,0,318,0.985653,1.000000,4.666071
coupled,0.00,0,319,0.976498,1.000000,4.780829
coupled,0.00,0,320,0.985328,1.000000,4.538232
coupled,0.00,0,321,0.982132,1.000000,4.629061
coupled,0.00,0,322,0.976265,1.000000,4.819448
coupled,0.00,0,323,0.971765,1.000000,4.767683
coupled,0.00,0,324,0.987940,1.000000,4.563018
coupled,0.00,0,325,0.975626,1.000000,4.526415
coupled,0.00,0,326,0.978572,1.000000,4.889189
coupled,0.00,0,327,0.989573,1.000000,4.544038
coupled,0.00,0,328,0.978846,1.000000,4.568408
coupled,0.00,0,329,0.984494,1.000000,4.467294
coupled,0.00,0,330,0.974012,1.000000,4.732539
coupled,0.00,0,331,0.977741,1.000000,4.729565
coupled,0.00,0,332,0.980557,1.000000,4.970444
coupled,0.00,0,333,0.989525,1.000000,5.044121
coupled,0.00,0,334,0.991961,1.000000,4.689519
coupled,0.00,0,335,0.981885,1.000000,4.641914
coupled,0.00,0,336,0.977364,1.000000,4.867028
coupled,0.00,0,337,0.984806,1.000000,4.889033
coupled,0.00,0,338,0.981479,1.000000,4.521687
coupled,0.00,0,339,0.978517,1.000000,4.760357
coupled,0.00,0,340,0.985657,1.000000,4.617979
coupled,0.00,0,341,0.983552,1.000000,4.601309
coupled,0.00,0,342,0.984585,1.000000,4.650770
coupled,0.00,0,343,0.973807,1.000000,4.714633
coupled,0.00,0,344,0.981839,1.000000,4.530031
coupled,0.00,0,345,0.978987,1.000000,4.778633
coupled,0.00,0,346,0.984440,1.000000,5.011814
coupled,0.00,0,347,0.985664,1.000000,4.651533
coupled,0.00,0,348,0.983377,1.000000,4.706955
coupled,0.00,0,349,0.975579,1.000000,4.682924
coupled,0.00,0,350,0.982286,1.000000,4.652877
coupled,0.00,0,351,0.986124,1.000000,4.685877
coupled,0.00,0,352,0.980322,1.000000,4.766993
coupled,0.00,0,353,0.985857,1.000000,4.423155
coupled,0.00,0,354,0.958031,1.000000,4.296136
coupled,0.00,0,355,0.971889,1.000000,4.484255
coupled,0.00,0,356,0.974053,1.000000,4.330416
coupled,0.00,0,357,0.973497,1.000000,4.300367
coupled,0.00,0,358,0.961374,1.000000,4.728438
coupled,0.00,0,359,0.971017,1.000000,4.659670
coupled,0.00,0,360,0.967080,1.000000,4.607384
coupled,0.00,0,361,0.981976,1.000000,4.907469
coupled,0.00,0,362,0.987831,1.000000,4.805327
coupled,0.00,0,363,0.983085,1.000000,4.684548
coupled,0.00,0,364,0.970791,1.000000,4.928703
coupled,0.00,0,365,0.984724,1.000000,4.991624
coupled,0.00,0,366,0.985698,1.000000,4.880904
coupled,0.00,0,367,0.983573,1.000000,4.723147
coupled,0.00,0,368,0.974447,1.000000,4.920481
coupled,0.00,0,369,0.989786,1.000000,4.643089
coupled,0.00,0,370,0.979158,1.000000,4.393952
coupled,0.00,0,371,0.972411,1.000000,4.573557
coupled,0.00,0,372,0.969733,1.000000,4.743823
coupled,0.00,0,373,0.980639,1.000000,4.908456
coupled,0.00,0,374,0.992484,1.000000,4.646734
coupled,0.00,0,375,0.981885,1.000000,4.786652
coupled,0.00,0,376,0.979139,1.000000,4.750785
coupled,0.00,0,377,0.979526,1.000000,4.704766
coupled,0.00,0,378,0.975613,1.000000,4.910874
coupled,0.00,0,379,0.987049,1.000000,4.801220
coupled,0.00,0,380,0.981142,1.000000,4.692993
coupled,0.00,0,381,0.986621,1.000000,4.807839
coupled,0.00,0,382,0.985088,1.000000,4.602065
coupled,0.00,0,383,0.977161,1.000000,4.498562
coupled,0.00,0,384,0.986171,1.000000,4.659067
coupled,0.00,0,385,0.984080,1.000000,4.740801
coupled,0.00,0,386,0.986407,1.000000,4.758744
coupled,0.00,0,387,0.980156,1.000000,4.568289
coupled,0.00,0,388,0.973560,1.000000,4.631496
coupled,0.00,0,389,0.979794,1.000000,4.960966
coupled,0.00,0,390,0.982573,1.000000,4.972076
coupled,0.00,0,391,0.990357,1.000000,4.626290
coupled,0.00,0,392,0.981582,1.000000,4.779117
coupled,0.00,0,393,0.982245,1.000000,4.809195
coupled,0.00,0,394,0.981459,1.000000,4.611260
coupled,0.00,0,395,0.985198,1.000000,4.431756
coupled,0.00,0,396,0.966590,1.000000,4.396321
coupled,0.00,0,397,0.971841,1.000000,4.425054
coupled,0.00,0,398,0.972533,1.000000,4.618886
coupled,0.00,0,399,0.978204,1.000000,4.679981
coupled,0.00,0,400,0.981840,1.000000,4.494852
coupled,0.00,0,401,0.977369,1.000000,4.730879
coupled,0.00,0,402,0.987415,1.000000,4.620319
coupled,0.00,0,403,0.969178,1.000000,4.796808
coupled,0.00,0,404,0.982652,1.000000,4.711690
coupled,0.00,0,405,0.978192,1.000000,4.868442
coupled,0.00,0,406,0.981307,1.000000,4.662292
coupled,0.00,0,407,0.976084,1.000000,4.693762
coupled,0.00,0,408,0.982243,1.000000,4.659952
coupled,0.00,0,409,0.981314,1.000000,4.555930
coupled,0.00,0,410,0.980062,1.000000,4.655728
coupled,0.00,0,411,0.985070,1.000000,4.753336
coupled,0.00,0,412,0.970398,1.000000,4.497381
coupled,0.00,0,413,0.977678,1.000000,4.592081
coupled,0.00,0,414,0.976829,1.000000,4.858727
coupled,0.00,0,415,0.984559,1.000000,4.686584
coupled,0.00,0,416,0.983493,1.000000,4.377685
coupled,0.00,0,417,0.980710,1.000000,4.643103
coupled,0.00,0,418,0.971565,1.000000,4.448869
coupled,0.00,0,419,0.975790,1.000000,4.771260
coupled,0.00,0,420,0.983486,1.000000,5.017461
coupled,0.00,0,421,0.988052,1.000000,4.696470
coupled,0.00,0,422,0.985131,1.000000,4.752414
coupled,0.00,0,423,0.987094,1.000000,5.222609
coupled,0.00,0,424,0.988394,1.000000,4.629056
coupled,0.00,0,425,0.986006,1.000000,4.575170
coupled,0.00,0,426,0.969469,1.000000,4.737699
coupled,0.00,0,427,0.982384,1.000000,4.784283
coupled,0.00,0,428,0.986578,1.000000,4.676989
coupled,0.00,0,429,0.984775,1.000000,4.369204
coupled,0.00,0,430,0.980552,1.000000,4.541013
coupled,0.00,0,431,0.978641,1.000000,4.698792
coupled,0.00,0,432,0.966658,1.000000,4.967556
coupled,0.00,0,433,0.986140,1.000000,4.876169
coupled,0.00,0,434,0.990084,1.000000,4.785030
coupled,0.00,0,435,0.979726,1.000000,4.572194
coupled,0.00,0,436,0.976187,1.000000,4.710004
coupled,0.00,0,437,0.982180,1.000000,4.767293
coupled,0.00,0,438,0.983938,1.000000,4.470459
coupled,0.00,0,439,0.981359,1.000000,4.531445
coupled,0.00,0,440,0.981531,1.000000,4.642696
coupled,0.00,0,441,0.983459,1.000000,4.566045
coupled,0.00,0,442,0.976664,1.000000,4.471281
coupled,0.00,0,443,0.980119,1.000000,4.642589
coupled,0.00,0,444,0.981607,1.000000,4.619884
coupled,0.00,0,445,0.976737,1.000000,4.620052
coupled,0.00,0,446,0.979567,1.000000,4.447181
coupled,0.00,0,447,0.976026,1.000000,4.558637
coupled,0.00,0,448,0.978776,1.000000,4.944142
coupled,0.00,0,449,0.984369,1.000000,4.775383
coupled,0.00,0,450,0.985283,1.000000,4.817203
coupled,0.00,0,451,0.986896,1.000000,4.605094
coupled,0.00,0,452,0.979578,1.000000,4.526512
coupled,0.00,0,453,0.976001,1.000000,4.645875
coupled,0.00,0,454,0.980637,1.000000,5.054374
coupled,0.00,0,455,0.983701,1.000000,4.698265
coupled,0.00,0,456,0.977090,1.000000,4.686541
coupled,0.00,0,457,0.981128,1.000000,4.613856
coupled,0.00,0,458,0.981272,1.000000,4.823356
coupled,0.00,0,459,0.988451,1.000000,4.510911
coupled,0.00,0,460,0.978155,1.000000,4.464333
coupled,0.00,0,461,0.979713,1.000000,4.496901
coupled,0.00,0,462,0.973104,1.000000,4.608603
coupled,0.00,0,463,0.979440,1.000000,4.693941
coupled,0.00,0,464,0.987549,1.000000,4.632717
coupled,0.00,0,465,0.983336,1.000000,4.632697
coupled,0.00,0,466,0.985400,1.000000,4.541116
coupled,0.00,0,467,0.983325,1.000000,4.468700
coupled,0.00,0,468,0.982458,1.000000,4.703705
coupled,0.00,0,469,0.980916,1.000000,4.652035
coupled,0.00,0,470,0.985866,1.000000,4.862548
coupled,0.00,0,471,0.985893,1.000000,4.707627
coupled,0.00,0,472,0.980421,1.000000,4.579203
coupled,0.00,0,473,0.976954,1.000000,4.923950
coupled,0.00,0,474,0.990103,1.000000,4.712014
coupled,0.00,0,475,0.983966,1.000000,4.795006
coupled,0.00,0,476,0.984160,1.000000,4.539240
coupled,0.00,0,477,0.977886,1.000000,4.383467
coupled,0.00,0,478,0.978987,1.000000,5.064289
coupled,0.00,0,479,0.994364,1.000000,4.919999
coupled,0.00,0,480,0.985734,1.000000,5.025760
coupled,0.00,0,481,0.992158,1.000000,4.864047
coupled,0.00,0,482,0.987790,1.000000,4.659214
coupled,0.00,0,483,0.967713,1.000000,4.631593
coupled,0.00,0,484,0.979378,1.000000,4.652581
coupled,0.00,0,485,0.988175,1.000000,4.715124
coupled,0.00,0,486,0.968895,1.000000,4.722170
coupled,0.00,0,487,0.979168,1.000000,4.714459
coupled,0.00,0,488,0.978329,1.000000,4.616314
coupled,0.00,0,489,0.975056,1.000000,4.508188
coupled,0.00,0,490,0.980979,1.000000,4.973617
coupled,0.00,0,491,0.989797,1.000000,4.932701
coupled,0.00,0,492,0.989412,1.000000,4.517091
coupled,0.00,0,493,0.975092,1.000000,4.840135
coupled,0.00,0,494,0.985586,1.000000,4.598461
coupled,0.00,0,495,0.978369,1.000000,4.650161
coupled,0.00,0,496,0.980759,1.000000,4.963096
coupled,0.00,0,497,0.981681,1.000000,4.851157
coupled,0.00,0,498,0.988009,1.000000,4.730062
coupled,0.00,0,499,0.984859,1.000000,5.215502
coupled,0.50,0,0,0.973568,0.986784,4.642737
coupled,0.50,0,1,0.982476,0.991238,4.915159
coupled,0.50,0,2,0.986542,0.993271,4.799083
coupled,0.50,0,3,0.984800,0.992400,4.751251
coupled,0.50,0,4,0.986477,0.993238,4.623464
coupled,0.50,0,5,0.981431,0.990715,4.818853
coupled,0.50,0,6,0.986350,0.993175,4.582488
coupled,0.50,0,7,0.982561,0.991280,4.539077
coupled,0.50,0,8,0.976694,0.988347,4.719310
coupled,0.50,0,9,0.978632,0.989316,4.495044
coupled,0.50,0,10,0.970047,0.985024,4.598295
coupled,0.50,0,11,0.980044,0.990022,4.645013
coupled,0.50,0,12,0.972190,0.986095,4.653932
coupled,0.50,0,13,0.978591,0.989296,4.634144
coupled,0.50,0,14,0.972868,0.986434,4.615594
coupled,0.50,0,15,0.974762,0.987381,4.708558
coupled,0.50,0,16,0.983796,0.991898,4.538498
coupled,0.50,0,17,0.980993,0.990497,4.823705
coupled,0.50,0,18,0.984222,0.992111,4.948335
coupled,0.50,0,19,0.991835,0.995918,4.837281
coupled,0.50,0,20,0.984573,0.992287,4.820970
coupled,0.50,0,21,0.984557,0.992278,4.708061
coupled,0.50,0,22,0.986603,0.993301,4.526617
coupled,0.50,0,23,0.976901,0.988451,4.693894
coupled,0.50,0,24,0.977682,0.988841,4.661339
coupled,0.50,0,25,0.983977,0.991989,4.673274
coupled,0.50,0,26,0.988990,0.994495,4.867834
coupled,0.50,0,27,0.987326,0.993663,4.787671
coupled,0.50,0,28,0.969803,0.984901,4.551804
coupled,0.50,0,29,0.983694,0.991847,4.587422
coupled,0.50,0,30,0.981824,0.990912,4.391299
coupled,0.50,0,31,0.969022,0.984511,4.732158
coupled,0.50,0,32,0.981566,0.990783,4.637089
coupled,0.50,0,33,0.980069,0.990034,4.847233
coupled,0.50,0,34,0.986065,0.993033,4.882536
coupled,0.50,0,35,0.987877,0.993938,4.609300
coupled,0.50,0,36,0.987055,0.993527,4.668930
coupled,0.50,0,37,0.980618,0.990309,4.707151
coupled,0.50,0,38,0.983064,0.991532,4.527432
coupled,0.50,0,39,0.977009,0.988504,4.872178
coupled,0.50,0,40,0.982600,0.991300,4.672819
coupled,0.50,0,41,0.976201,0.988100,4.761116
coupled,0.50,0,42,0.984934,0.992467,4.955183
coupled,0.50,0,43,0.984436,0.992218,4.705363
coupled,0.50,0,44,0.987537,0.993769,4.927854
coupled,0.50,0,45,0.987301,0.993650,4.739773
coupled,0.50,0,46,0.985526,0.992763,4.668901
coupled,0.50,0,47,0.983049,0.991525,4.813233
coupled,0.50,0,48,0.984405,0.992202,4.933061
coupled,0.50,0,49,0.983346,0.991673,4.840659
coupled,0.50,0,50,0.987404,0.993702,4.717755
coupled,0.50,0,51,0.989187,0.994593,4.839760
coupled,0.50,0,52,0.983276,0.991638,4.812430
coupled,0.50,0,53,0.983964,0.991982,4.734392
coupled,0.50,0,54,0.977604,0.988802,4.820471
coupled,0.50,0,55,0.975940,0.987970,4.745837
coupled,0.50,0,56,0.988400,0.994200,4.662747
coupled,0.50,0,57,0.986249,0.993125,4.470220
coupled,0.50,0,58,0.977746,0.988873,4.930077
coupled,0.50,0,59,0.986162,0.993081,4.817881
coupled,0.50,0,60,0.987409,0.993704,4.810205
coupled,0.50,0,61,0.985227,0.992614,4.594940
coupled,0.50,0,62,0.978924,0.989462,4.540129
coupled,0.50,0,63,0.978230,0.989115,4.514898
coupled,0.50,0,64,0.973444,0.986722,4.715535
coupled,0.50,0,65,0.985314,0.992657,4.863264
coupled,0.50,0,66,0.985370,0.992685,4.669403
coupled,0.50,0,67,0.979442,0.989721,4.786021
coupled,0.50,0,68,0.968183,0.984091,4.683576
coupled,0.50,0,69,0.983519,0.991760,4.622535
coupled,0.50,0,70,0.979873,0.989937,4.377200
coupled,0.50,0,71,0.976002,0.988001,4.703757
coupled,0.50,0,72,0.986482,0.993241,4.846010
coupled,0.50,0,73,0.984246,0.992123,4.598888
coupled,0.50,0,74,0.981211,0.990605,4.475089
coupled,0.50,0,75,0.970189,0.985094,4.566634
coupled,0.50,0,76,0.983579,0.991790,4.611360
coupled,0.50,0,77,0.971394,0.985697,4.357962
coupled,0.50,0,78,0.959076,0.979538,4.506987
coupled,0.50,0,79,0.973874,0.986937,4.658831
coupled,0.50,0,80,0.977608,0.988804,4.545330
coupled,0.50,0,81,0.978236,0.989118,4.529039
coupled,0.50,0,82,0.982970,0.991485,4.530506
coupled,0.50,0,83,0.982477,0.991239,4.521461
coupled,0.50,0,84,0.979656,0.989828,4.587768
coupled,0.50,0,85,0.983941,0.991970,4.934133
coupled,0.50,0,86,0.980637,0.990318,4.792274
coupled,0.50,0,87,0.974665,0.987332,4.793239
coupled,0.50,0,88,0.985429,0.992714,4.568423
coupled,0.50,0,89,0.986538,0.993269,4.540626
coupled,0.50,0,90,0.967061,0.983530,4.796031
coupled,0.50,0,91,0.978667,0.989334,4.586330
coupled,0.50,0,92,0.977497,0.988748,4.869078
coupled,0.50,0,93,0.985969,0.992985,4.703914
coupled,0.50,0,94,0.982330,0.991165,4.500594
coupled,0.50,0,95,0.972222,0.986111,4.389195
coupled,0.50,0,96,0.956887,0.978444,4.683410
coupled,0.50,0,97,0.987130,0.993565,4.775848
coupled,0.50,0,98,0.974686,0.987343,4.724914
coupled,0.50,0,99,0.984660,0.992330,4.691593
coupled,0.50,0,100,0.984641,0.992320,4.817574
coupled,0.50,0,101,0.984187,0.992093,4.633439
coupled,0.50,0,102,0.982675,0.991337,4.741435
coupled,0.50,0,103,0.979370,0.989685,4.747363
coupled,0.50,0,104,0.983840,0.991920,4.679961
coupled,0.50,0,105,0.981747,0.990874,4.687251
coupled,0.50,0,106,0.985103,0.992552,4.723773
coupled,0.50,0,107,0.978599,0.989300,4.697179
coupled,0.50,0,108,0.982244,0.991122,4.600125
coupled,0.50,0,109,0.981597,0.990798,4.698643
coupled,0.50,0,110,0.986657,0.993328,4.740651
coupled,0.50,0,111,0.984071,0.992036,4.435504
coupled,0.50,0,112,0.978739,0.989370,4.636524
coupled,0.50,0,113,0.982141,0.991070,4.578856
coupled,0.50,0,114,0.970020,0.985010,4.782996
coupled,0.50,0,115,0.986226,0.993113,4.569832
coupled,0.50,0,116,0.977918,0.988959,4.721078
coupled,0.50,0,117,0.980070,0.990035,4.760747
coupled,0.50,0,118,0.985854,0.992927,4.832317
coupled,0.50,0,119,0.989409,0.994704,4.684387
coupled,0.50,0,120,0.980536,0.990268,4.883969
coupled,0.50,0,121,0.984175,0.992087,4.639926
coupled,0.50,0,122,0.981471,0.990735,4.601552
coupled,0.50,0,123,0.982227,0.991113,4.561028
coupled,0.50,0,124,0.976307,0.988154,4.900105
coupled,0.50,0,125,0.988707,0.994353,4.600354
coupled,0.50,0,126,0.976188,0.988094,4.649407
coupled,0.50,0,127,0.980986,0.990493,4.707925
coupled,0.50,0,128,0.975796,0.987898,4.439623
coupled,0.50,0,129,0.973723,0.986862,4.803778
coupled,0.50,0,130,0.983898,0.991949,4.432651
coupled,0.50,0,131,0.978945,0.989472,4.626163
coupled,0.50,0,132,0.977765,0.988882,4.778805
coupled,0.50,0,133,0.978000,0.989000,5.034539
coupled,0.50,0,134,0.990695,0.995347,4.877972
coupled,0.50,0,135,0.986076,0.993038,4.388795
coupled,0.50,0,136,0.981519,0.990759,4.846703
coupled,0.50,0,137,0.986565,0.993283,4.967999
coupled,0.50,0,138,0.980311,0.990156,4.899152
coupled,0.50,0,139,0.983174,0.991587,4.864647
coupled,0.50,0,140,0.984752,0.992376,4.594724
coupled,0.50,0,141,0.978926,0.989463,4.848774
coupled,0.50,0,142,0.984308,0.992154,4.756788
coupled,0.50,0,143,0.984827,0.992414,4.755756
coupled,0.50,0,144,0.986054,0.993027,4.521040
coupled,0.50,0,145,0.981154,0.990577,4.641004
coupled,0.50,0,146,0.979167,0.989584,4.578707
coupled,0.50,0,147,0.986204,0.993102,4.579051
coupled,0.50,0,148,0.966513,0.983256,4.478837
coupled,0.50,0,149,0.975923,0.987962,4.811351
coupled,0.50,0,150,0.980745,0.990372,5.025896
coupled,0.50,0,151,0.987558,0.993779,4.917949
coupled,0.50,0,152,0.985373,0.992687,4.608838
coupled,0.50,0,153,0.971973,0.985987,4.682357
coupled,0.50,0,154,0.981367,0.990684,4.712783
coupled,0.50,0,155,0.979429,0.989715,4.824025
coupled,0.50,0,156,0.976806,0.988403,4.874653
coupled,0.50,0,157,0.984322,0.992161,4.690151
coupled,0.50,0,158,0.982044,0.991022,4.698117
coupled,0.50,0,159,0.974496,0.987248,4.804470
coupled,0.50,0,160,0.976292,0.988146,4.752127
coupled,0.50,0,161,0.969596,0.984798,4.557393
coupled,0.50,0,162,0.979193,0.989596,4.536046
coupled,0.50,0,163,0.980220,0.990110,4.644562
coupled,0.50,0,164,0.981860,0.990930,4.766747
coupled,0.50,0,165,0.973325,0.986663,4.612764
coupled,0.50,0,166,0.985010,0.992505,4.807740
coupled,0.50,0,167,0.986180,0.993090,4.562478
coupled,0.50,0,168,0.974852,0.987426,4.586160
coupled,0.50,0,169,0.984089,0.992044,4.757291
coupled,0.50,0,170,0.980260,0.990130,4.889838
coupled,0.50,0,171,0.983876,0.991938,4.701698
coupled,0.50,0,172,0.980087,0.990044,4.804443
coupled,0.50,0,173,0.983602,0.991801,4.546263
coupled,0.50,0,174,0.972773,0.986386,4.777173
coupled,0.50,0,175,0.989743,0.994872,4.587959
coupled,0.50,0,176,0.973988,0.986994,4.787544
coupled,0.50,0,177,0.985488,0.992744,4.774220
coupled,0.50,0,178,0.980562,0.990281,4.595635
coupled,0.50,0,179,0.979659,0.989829,4.773738
coupled,0.50,0,180,0.983958,0.991979,4.783548
coupled,0.50,0,181,0.988972,0.994486,4.923634
coupled,0.50,0,182,0.985479,0.992739,4.979904
coupled,0.50,0,183,0.983639,0.991819,4.665935
coupled,0.50,0,184,0.987997,0.993998,4.775110
coupled,0.50,0,185,0.980860,0.990430,4.608882
coupled,0.50,0,186,0.975216,0.987608,4.719923
coupled,0.50,0,187,0.978414,0.989207,4.563396
coupled,0.50,0,188,0.980849,0.990424,4.790269
coupled,0.50,0,189,0.989095,0.994547,4.597493
coupled,0.50,0,190,0.981091,0.990546,4.901751
coupled,0.50,0,191,0.981608,0.990804,4.731663
coupled,0.50,0,192,0.983559,0.991779,4.759390
coupled,0.50,0,193,0.974940,0.987470,4.696076
coupled,0.50,0,194,0.986984,0.993492,4.484695
coupled,0.50,0,195,0.980920,0.990460,4.734744
coupled,0.50,0,196,0.983958,0.991979,4.811948
coupled,0.50,0,197,0.985670,0.992835,4.745458
coupled,0.50,0,198,0.971878,0.985939,4.859409
coupled,0.50,0,199,0.985738,0.992869,4.557165
coupled,0.50,0,200,0.973542,0.986771,4.693520
coupled,0.50,0,201,0.986966,0.993483,4.456849
coupled,0.50,0,202,0.979097,0.989548,5.074396
coupled,0.50,0,203,0.986782,0.993391,4.629049
coupled,0.50,0,204,0.985466,0.992733,4.885029
coupled,0.50,0,205,0.976911,0.988456,4.887072
coupled,0.50,0,206,0.983301,0.991650,4.753829
coupled,0.50,0,207,0.984784,0.992392,4.785423
coupled,0.50,0,208,0.984084,0.992042,4.696122
coupled,0.50,0,209,0.986358,0.993179,5.014296
coupled,0.50,0,210,0.984169,0.992084,4.725001
coupled,0.50,0,211,0.976437,0.988219,4.763846
coupled,0.50,0,212,0.987202,0.993601,4.525408
coupled,0.50,0,213,0.980387,0.990194,4.578393
coupled,0.50,0,214,0.980030,0.990015,4.522386
coupled,0.50,0,215,0.972417,0.986209,4.867170
coupled,0.50,0,216,0.981987,0.990993,4.746595
coupled,0.50,0,217,0.985605,0.992802,4.715580
coupled,0.50,0,218,0.986299,0.993149,4.864341
coupled,0.50,0,219,0.977184,0.988592,4.888164
coupled,0.50,0,220,0.981997,0.990999,4.938404
coupled,0.50,0,221,0.989039,0.994520,4.773830
coupled,0.50,0,222,0.975061,0.987531,4.464848
coupled,0.50,0,223,0.976453,0.988226,4.821087
coupled,0.50,0,224,0.988499,0.994249,4.659889
coupled,0.50,0,225,0.984602,0.992301,4.802380
coupled,0.50,0,226,0.976278,0.988139,4.701530
coupled,0.50,0,227,0.976146,0.988073,4.798072
coupled,0.50,0,228,0.985943,0.992971,4.956496
coupled,0.50,0,229,0.985978,0.992989,4.849327
coupled,0.50,0,230,0.980673,0.990336,4.487378
coupled,0.50,0,231,0.970664,0.985332,4.663973
coupled,0.50,0,232,0.975950,0.987975,4.512653
coupled,0.50,0,233,0.973360,0.986680,4.511308
coupled,0.50,0,234,0.978849,0.989425,4.731548
coupled,0.50,0,235,0.987387,0.993693,4.565273
coupled,0.50,0,236,0.978216,0.989108,4.509971
coupled,0.50,0,237,0.975320,0.987660,4.762492
coupled,0.50,0,238,0.984061,0.992031,4.814176
coupled,0.50,0,239,0.976416,0.988208,4.694682
coupled,0.50,0,240,0.976646,0.988323,5.020270
coupled,0.50,0,241,0.980243,0.990122,4.466030
coupled,0.50,0,242,0.971232,0.985616,4.559256
coupled,0.50,0,243,0.978278,0.989139,4.852523
coupled,0.50,0,244,0.987839,0.993919,4.870457
coupled,0.50,0,245,0.984867,0.992433,4.764467
coupled,0.50,0,246,0.988609,0.994304,4.736163
coupled,0.50,0,247,0.988051,0.994026,4.828681
coupled,0.50,0,248,0.979291,0.989646,4.862640
coupled,0.50,0,249,0.988807,0.994403,4.797120
coupled,0.50,0,250,0.982392,0.991196,4.794106
coupled,0.50,0,251,0.983571,0.991785,4.850919
coupled,0.50,0,252,0.984331,0.992165,4.837449
coupled,0.50,0,253,0.982440,0.991220,4.528681
coupled,0.50,0,254,0.981439,0.990720,4.422048
coupled,0.50,0,255,0.980535,0.990268,4.444089
coupled,0.50,0,256,0.976066,0.988033,4.516214
coupled,0.50,0,257,0.984383,0.992191,4.640781
coupled,0.50,0,258,0.981296,0.990648,4.841358
coupled,0.50,0,259,0.985321,0.992661,4.556563
coupled,0.50,0,260,0.980766,0.990383,4.792670
coupled,0.50,0,261,0.983368,0.991684,4.676711
coupled,0.50,0,262,0.988588,0.994294,4.657044
coupled,0.50,0,263,0.986142,0.993071,4.563271
coupled,0.50,0,264,0.974636,0.987318,4.694182
coupled,0.50,0,265,0.985532,0.992766,4.743964
coupled,0.50,0,266,0.978897,0.989448,4.728716
coupled,0.50,0,267,0.984888,0.992444,4.768401
coupled,0.50,0,268,0.980329,0.990164,4.617550
coupled,0.50,0,269,0.970346,0.985173,4.567970
coupled,0.50,0,270,0.985136,0.992568,4.864217
coupled,0.50,0,271,0.986528,0.993264,4.689390
coupled,0.50,0,272,0.982269,0.991134,4.655119
coupled,0.50,0,273,0.968470,0.984235,4.770948
coupled,0.50,0,274,0.980747,0.990374,4.921641
coupled,0.50,0,275,0.984649,0.992324,4.747836
coupled,0.50,0,276,0.986199,0.993100,4.434773
coupled,0.50,0,277,0.966201,0.983101,4.770020
coupled,0.50,0,278,0.980058,0.990029,4.791109
coupled,0.50,0,279,0.986465,0.993232,4.852724
coupled,0.50,0,280,0.986779,0.993389,4.743009
coupled,0.50,0,281,0.975914,0.987957,4.722695
coupled,0.50,0,282,0.985687,0.992844,4.507467
coupled,0.50,0,283,0.969494,0.984747,4.861387
coupled,0.50,0,284,0.972973,0.986486,4.808299
coupled,0.50,0,285,0.977715,0.988858,4.783453
coupled,0.50,0,286,0.981043,0.990521,4.635803
coupled,0.50,0,287,0.973139,0.986570,4.282901
coupled,0.50,0,288,0.975379,0.987689,4.648801
coupled,0.50,0,289,0.982727,0.991363,4.505370
coupled,0.50,0,290,0.975982,0.987991,4.720354
coupled,0.50,0,291,0.981158,0.990579,4.491894
coupled,0.50,0,292,0.967685,0.983842,4.431253
coupled,0.50,0,293,0.980706,0.990353,4.739452
coupled,0.50,0,294,0.977413,0.988707,4.929651
coupled,0.50,0,295,0.983661,0.991830,4.925677
coupled,0.50,0,296,0.985389,0.992694,4.531038
coupled,0.50,0,297,0.979377,0.989689,4.554800
coupled,0.50,0,298,0.960892,0.980446,4.314696
coupled,0.50,0,299,0.971152,0.985576,4.609163
coupled,0.50,0,300,0.986828,0.993414,4.952044
coupled,0.50,0,301,0.984089,0.992045,4.672354
coupled,0.50,0,302,0.971783,0.985891,4.569893
coupled,0.50,0,303,0.982111,0.991056,4.618805
coupled,0.50,0,304,0.975560,0.987780,4.260864
coupled,0.50,0,305,0.969086,0.984543,4.721935
coupled,0.50,0,306,0.983306,0.991653,4.624076
coupled,0.50,0,307,0.986127,0.993064,4.755693
coupled,0.50,0,308,0.985624,0.992812,4.660111
coupled,0.50,0,309,0.981780,0.990890,4.806427
coupled,0.50,0,310,0.986756,0.993378,4.734730
coupled,0.50,0,311,0.986128,0.993064,4.629761
coupled,0.50,0,312,0.986058,0.993029,4.975976
coupled,0.50,0,313,0.986798,0.993399,4.893611
coupled,0.50,0,314,0.983888,0.991944,4.567282
coupled,0.50,0,315,0.971977,0.985988,4.649058
coupled,0.50,0,316,0.977846,0.988923,4.597610
coupled,0.50,0,317,0.985046,0.992523,4.634319
coupled,0.50,0,318,0.985304,0.992652,4.732827
coupled,0.50,0,319,0.984260,0.992130,4.602852
coupled,0.50,0,320,0.968507,0.984254,4.330421
coupled,0.50,0,321,0.973955,0.986978,4.566263
coupled,0.50,0,322,0.977200,0.988600,4.367713
coupled,0.50,0,323,0.969503,0.984752,4.773972
coupled,0.50,0,324,0.989320,0.994660,4.845954
coupled,0.50,0,325,0.977147,0.988573,4.804386
coupled,0.50,0,326,0.982906,0.991453,4.870837
coupled,0.50,0,327,0.988066,0.994033,4.523131
coupled,0.50,0,328,0.970028,0.985014,4.761143
coupled,0.50,0,329,0.976518,0.988259,5.014299
coupled,0.50,0,330,0.989012,0.994506,4.883634
coupled,0.50,0,331,0.987000,0.993500,4.752377
coupled,0.50,0,332,0.991644,0.995822,4.602902
coupled,0.50,0,333,0.977475,0.988738,4.510388
coupled,0.50,0,334,0.979870,0.989935,4.460962
coupled,0.50,0,335,0.969836,0.984918,4.523171
coupled,0.50,0,336,0.980525,0.990263,4.719563
coupled,0.50,0,337,0.980123,0.990061,4.822928
coupled,0.50,0,338,0.985261,0.992630,4.654447
coupled,0.50,0,339,0.981093,0.990547,4.799482
coupled,0.50,0,340,0.967387,0.983693,4.746264
coupled,0.50,0,341,0.983301,0.991651,4.640549
coupled,0.50,0,342,0.974196,0.987098,4.596445
coupled,0.50,0,343,0.978896,0.989448,4.597051
coupled,0.50,0,344,0.978195,0.989097,4.876466
coupled,0.50,0,345,0.984296,0.992148,4.801670
coupled,0.50,0,346,0.981534,0.990767,4.821430
coupled,0.50,0,347,0.987248,0.993624,4.678526
coupled,0.50,0,348,0.979968,0.989984,4.598776
coupled,0.50,0,349,0.982127,0.991063,4.367574
coupled,0.50,0,350,0.969054,0.984527,4.556836
coupled,0.50,0,351,0.986670,0.993335,4.843952
coupled,0.50,0,352,0.987136,0.993568,4.603665
coupled,0.50,0,353,0.979478,0.989739,4.458706
coupled,0.50,0,354,0.979863,0.989932,4.748926
coupled,0.50,0,355,0.982355,0.991177,4.712172
coupled,0.50,0,356,0.981889,0.990945,4.712496
coupled,0.50,0,357,0.985718,0.992859,4.777421
coupled,0.50,0,358,0.983375,0.991687,4.565619
coupled,0.50,0,359,0.980870,0.990435,4.660415
coupled,0.50,0,360,0.985431,0.992716,4.723802
coupled,0.50,0,361,0.984466,0.992233,4.821882
coupled,0.50,0,362,0.988010,0.994005,4.637221
coupled,0.50,0,363,0.978569,0.989285,4.774258
coupled,0.50,0,364,0.982629,0.991315,4.782341
coupled,0.50,0,365,0.978201,0.989101,4.845330
coupled,0.50,0,366,0.986779,0.993389,4.911797
coupled,0.50,0,367,0.988552,0.994276,4.907520
coupled,0.50,0,368,0.978066,0.989033,4.933883
coupled,0.50,0,369,0.989727,0.994864,4.940176
coupled,0.50,0,370,0.987324,0.993662,4.591652
coupled,0.50,0,371,0.977419,0.988709,4.695464
coupled,0.50,0,372,0.984459,0.992230,4.912354
coupled,0.50,0,373,0.985442,0.992721,4.764362
coupled,0.50,0,374,0.984668,0.992334,4.733601
coupled,0.50,0,375,0.971045,0.985523,4.910794
coupled,0.50,0,376,0.983035,0.991518,4.972603
coupled,0.50,0,377,0.984592,0.992296,4.685907
coupled,0.50,0,378,0.978348,0.989174,4.874597
coupled,0.50,0,379,0.986972,0.993486,4.804472
coupled,0.50,0,380,0.980916,0.990458,4.563743
coupled,0.50,0,381,0.984335,0.992168,4.495802
coupled,0.50,0,382,0.977749,0.988874,4.801803
coupled,0.50,0,383,0.984251,0.992126,4.916700
coupled,0.50,0,384,0.978673,0.989337,5.137079
coupled,0.50,0,385,0.989442,0.994721,4.946277
coupled,0.50,0,386,0.985040,0.992520,4.926808
coupled,0.50,0,387,0.984809,0.992405,4.863884
coupled,0.50,0,388,0.987646,0.993823,4.615553
coupled,0.50,0,389,0.984251,0.992126,4.576769
coupled,0.50,0,390,0.976912,0.988456,4.491657
coupled,0.50,0,391,0.980192,0.990096,4.664513
coupled,0.50,0,392,0.985658,0.992829,4.501483
coupled,0.50,0,393,0.976188,0.988094,4.604956
coupled,0.50,0,394,0.981576,0.990788,4.499452
coupled,0.50,0,395,0.981484,0.990742,4.817916
coupled,0.50,0,396,0.988290,0.994145,4.911679
coupled,0.50,0,397,0.991821,0.995911,4.892596
coupled,0.50,0,398,0.981402,0.990701,4.556400
coupled,0.50,0,399,0.981342,0.990671,4.677072
coupled,0.50,0,400,0.975953,0.987977,4.848872
coupled,0.50,0,401,0.990460,0.995230,4.665624
coupled,0.50,0,402,0.981115,0.990557,4.534750
coupled,0.50,0,403,0.979865,0.989933,4.791323
coupled,0.50,0,404,0.990163,0.995082,4.720912
coupled,0.50,0,405,0.979120,0.989560,4.548264
coupled,0.50,0,406,0.987276,0.993638,4.877496
coupled,0.50,0,407,0.982943,0.991472,4.679344
coupled,0.50,0,408,0.988163,0.994081,4.927704
coupled,0.50,0,409,0.991935,0.995968,4.681218
coupled,0.50,0,410,0.981731,0.990866,4.689081
coupled,0.50,0,411,0.984378,0.992189,4.724514
coupled,0.50,0,412,0.988511,0.994256,4.789715
coupled,0.50,0,413,0.988895,0.994447,4.838081
coupled,0.50,0,414,0.980708,0.990354,4.626841
coupled,0.50,0,415,0.981135,0.990568,4.746508
coupled,0.50,0,416,0.981433,0.990717,4.593712
coupled,0.50,0,417,0.974789,0.987394,4.654789
coupled,0.50,0,418,0.984214,0.992107,4.609928
coupled,0.50,0,419,0.980983,0.990492,4.796943
coupled,0.50,0,420,0.983183,0.991592,4.605008
coupled,0.50,0,421,0.979843,0.989922,4.580465
coupled,0.50,0,422,0.970567,0.985283,4.752115
coupled,0.50,0,423,0.981395,0.990698,4.945649
coupled,0.50,0,424,0.990713,0.995357,4.714574
coupled,0.50,0,425,0.974199,0.987100,5.016315
coupled,0.50,0,426,0.989993,0.994997,4.731458
coupled,0.50,0,427,0.988060,0.994030,4.526815
coupled,0.50,0,428,0.976038,0.988019,4.584409
coupled,0.50,0,429,0.983903,0.991952,4.663170
coupled,0.50,0,430,0.984842,0.992421,4.787156
coupled,0.50,0,431,0.983728,0.991864,4.640272
coupled,0.50,0,432,0.976621,0.988310,4.524132
coupled,0.50,0,433,0.987008,0.993504,4.779618
coupled,0.50,0,434,0.976119,0.988059,4.630356
coupled,0.50,0,435,0.981375,0.990688,4.852716
coupled,0.50,0,436,0.987828,0.993914,4.534483
coupled,0.50,0,437,0.973975,0.986988,4.736345
coupled,0.50,0,438,0.963878,0.981939,4.472207
coupled,0.50,0,439,0.976541,0.988270,4.571983
coupled,0.50,0,440,0.975172,0.987586,4.874649
coupled,0.50,0,441,0.983068,0.991534,4.574082
coupled,0.50,0,442,0.967499,0.983749,4.856569
coupled,0.50,0,443,0.986352,0.993176,4.784575
coupled,0.50,0,444,0.989120,0.994560,4.833026
coupled,0.50,0,445,0.979931,0.989966,4.694455
coupled,0.50,0,446,0.979515,0.989757,4.910157
coupled,0.50,0,447,0.988232,0.994116,4.737552
coupled,0.50,0,448,0.971315,0.985658,4.797964
coupled,0.50,0,449,0.974138,0.987069,4.769969
coupled,0.50,0,450,0.986937,0.993468,4.753975
coupled,0.50,0,451,0.987453,0.993726,4.526224
coupled,0.50,0,452,0.984468,0.992234,4.426708
coupled,0.50,0,453,0.982388,0.991194,4.716857
coupled,0.50,0,454,0.983613,0.991807,4.761597
coupled,0.50,0,455,0.989171,0.994586,4.667649
coupled,0.50,0,456,0.981611,0.990806,4.615566
coupled,0.50,0,457,0.970747,0.985373,4.658616
coupled,0.50,0,458,0.983253,0.991627,4.562323
coupled,0.50,0,459,0.978003,0.989002,4.799786
coupled,0.50,0,460,0.979302,0.989651,4.669400
coupled,0.50,0,461,0.982537,0.991269,4.815374
coupled,0.50,0,462,0.981543,0.990772,4.734745
coupled,0.50,0,463,0.983004,0.991502,4.643723
coupled,0.50,0,464,0.980041,0.990021,4.690568
coupled,0.50,0,465,0.982612,0.991306,4.706646
coupled,0.50,0,466,0.982114,0.991057,4.651833
coupled,0.50,0,467,0.973056,0.986528,4.866974
coupled,0.50,0,468,0.978102,0.989051,4.963596
coupled,0.50,0,469,0.987280,0.993640,4.849178
coupled,0.50,0,470,0.983791,0.991896,4.598345
coupled,0.50,0,471,0.984192,0.992096,4.459867
coupled,0.50,0,472,0.979242,0.989621,4.526487
coupled,0.50,0,473,0.972372,0.986186,4.585884
coupled,0.50,0,474,0.975446,0.987723,4.477308
coupled,0.50,0,475,0.982046,0.991023,4.844576
coupled,0.50,0,476,0.987145,0.993573,4.825984
coupled,0.50,0,477,0.981124,0.990562,4.834675
coupled,0.50,0,478,0.980142,0.990071,4.603708
coupled,0.50,0,479,0.975765,0.987882,4.586030
coupled,0.50,0,480,0.983672,0.991836,4.739947
coupled,0.50,0,481,0.988238,0.994119,4.516264
coupled,0.50,0,482,0.981380,0.990690,4.788691
coupled,0.50,0,483,0.987438,0.993719,4.783917
coupled,0.50,0,484,0.988267,0.994133,4.737213
coupled,0.50,0,485,0.980247,0.990123,4.627355
coupled,0.50,0,486,0.978512,0.989256,4.772791
coupled,0.50,0,487,0.975684,0.987842,4.901114
coupled,0.50,0,488,0.989107,0.994553,4.713168
coupled,0.50,0,489,0.973186,0.986593,4.525551
coupled,0.50,0,490,0.978765,0.989382,4.737141
coupled,0.50,0,491,0.985143,0.992571,4.445242
coupled,0.50,0,492,0.969344,0.984672,4.748005
coupled,0.50,0,493,0.984745,0.992373,4.911607
coupled,0.50,0,494,0.989980,0.994990,4.517207
coupled,0.50,0,495,0.986768,0.993384,4.625604
coupled,0.50,0,496,0.982027,0.991014,4.659604
coupled,0.50,0,497,0.967090,0.983545,4.746261
coupled,0.50,0,498,0.986857,0.993428,4.592829
coupled,0.50,0,499,0.982028,0.991014,4.597825
coupled,1.00,0,0,0.976003,0.976003,4.531442
coupled,1.00,0,1,0.972855,0.972855,4.764505
coupled,1.00,0,2,0.983271,0.983271,4.728657
coupled,1.00,0,3,0.983580,0.983580,5.048576
coupled,1.00,0,4,0.988428,0.988428,5.015608
coupled,1.00,0,5,0.987866,0.987866,4.850324
coupled,1.00,0,6,0.984982,0.984982,4.732151
coupled,1.00,0,7,0.975402,0.975402,4.666102
coupled,1.00,0,8,0.972620,0.972620,4.586036
coupled,1.00,0,9,0.975088,0.975088,4.562593
coupled,1.00,0,10,0.970038,0.970038,4.620590
coupled,1.00,0,11,0.977036,0.977036,4.538873
coupled,1.00,0,12,0.977838,0.977838,4.623697
coupled,1.00,0,13,0.981885,0.981885,4.721576
coupled,1.00,0,14,0.981314,0.981314,4.843395
coupled,1.00,0,15,0.981671,0.981671,4.708141
coupled,1.00,0,16,0.979274,0.979274,4.720692
coupled,1.00,0,17,0.985381,0.985381,4.914892
coupled,1.00,0,18,0.990921,0.990921,4.579754
coupled,1.00,0,19,0.973563,0.973563,4.700592
coupled,1.00,0,20,0.980428,0.980428,4.600206
coupled,1.00,0,21,0.979063,0.979063,4.906103
coupled,1.00,0,22,0.989525,0.989525,4.926875
coupled,1.00,0,23,0.989563,0.989563,4.713347
coupled,1.00,0,24,0.982698,0.982698,4.756980
coupled,1.00,0,25,0.978805,0.978805,4.594776
coupled,1.00,0,26,0.984817,0.984817,4.716715
coupled,1.00,0,27,0.984958,0.984958,4.770999
coupled,1.00,0,28,0.979436,0.979436,4.575726
coupled,1.00,0,29,0.975911,0.975911,4.903067
coupled,1.00,0,30,0.987234,0.987234,4.681052
coupled,1.00,0,31,0.970062,0.970062,4.795909
coupled,1.00,0,32,0.986180,0.986180,4.868940
coupled,1.00,0,33,0.985753,0.985753,4.906941
coupled,1.00,0,34,0.989786,0.989786,4.677024
coupled,1.00,0,35,0.984170,0.984170,4.397006
coupled,1.00,0,36,0.977188,0.977188,4.592631
coupled,1.00,0,37,0.975463,0.975463,4.585495
coupled,1.00,0,38,0.974147,0.974147,4.433603
coupled,1.00,0,39,0.978483,0.978483,4.722979
coupled,1.00,0,40,0.984306,0.984306,4.644478
coupled,1.00,0,41,0.978279,0.978279,4.329179
coupled,1.00,0,42,0.967385,0.967385,4.571048
coupled,1.00,0,43,0.974488,0.974488,4.752614
coupled,1.00,0,44,0.984358,0.984358,4.799237
coupled,1.00,0,45,0.977226,0.977226,4.786240
coupled,1.00,0,46,0.989255,0.989255,4.832845
coupled,1.00,0,47,0.980816,0.980816,4.819716
coupled,1.00,0,48,0.981517,0.981517,4.702617
coupled,1.00,0,49,0.983334,0.983334,4.539792
coupled,1.00,0,50,0.975037,0.975037,4.550771
coupled,1.00,0,51,0.972799,0.972799,4.729116
coupled,1.00,0,52,0.982329,0.982329,4.766694
coupled,1.00,0,53,0.982006,0.982006,4.605722
coupled,1.00,0,54,0.981285,0.981285,4.609105
coupled,1.00,0,55,0.975354,0.975354,4.672834
coupled,1.00,0,56,0.983487,0.983487,4.798872
coupled,1.00,0,57,0.986624,0.986624,4.747917
coupled,1.00,0,58,0.983146,0.983146,4.779628
coupled,1.00,0,59,0.981820,0.981820,4.630673
coupled,1.00,0,60,0.986798,0.986798,4.645632
coupled,1.00,0,61,0.981607,0.981607,4.789127
coupled,1.00,0,62,0.989529,0.989529,4.629280
coupled,1.00,0,63,0.968400,0.968400,4.775970
coupled,1.00,0,64,0.973044,0.973044,4.475895
coupled,1.00,0,65,0.977202,0.977202,4.635932
coupled,1.00,0,66,0.984115,0.984115,4.933092
coupled,1.00,0,67,0.988477,0.988477,4.567199
coupled,1.00,0,68,0.971398,0.971398,4.808722
coupled,1.00,0,69,0.984393,0.984393,4.547260
coupled,1.00,0,70,0.970589,0.970589,4.482813
coupled,1.00,0,71,0.969637,0.969637,4.604321
coupled,1.00,0,72,0.974409,0.974409,4.768506
coupled,1.00,0,73,0.986357,0.986357,4.927987
coupled,1.00,0,74,0.988789,0.988789,5.073035
coupled,1.00,0,75,0.991818,0.991818,4.910265
coupled,1.00,0,76,0.973906,0.973906,4.811705
coupled,1.00,0,77,0.985480,0.985480,4.538285
coupled,1.00,0,78,0.982147,0.982147,4.641121
coupled,1.00,0,79,0.985211,0.985211,4.621892
coupled,1.00,0,80,0.978641,0.978641,5.061029
coupled,1.00,0,81,0.991590,0.991590,4.895905
coupled,1.00,0,82,0.987294,0.987294,4.301670
coupled,1.00,0,83,0.967652,0.967652,4.677944
coupled,1.00,0,84,0.987031,0.987031,4.459334
coupled,1.00,0,85,0.973192,0.973192,4.708182
coupled,1.00,0,86,0.980303,0.980303,4.890242
coupled,1.00,0,87,0.983250,0.983250,4.853522
coupled,1.00,0,88,0.982698,0.982698,4.710880
coupled,1.00,0,89,0.983703,0.983703,4.562687
coupled,1.00,0,90,0.972965,0.972965,4.634738
coupled,1.00,0,91,0.981703,0.981703,4.496766
coupled,1.00,0,92,0.974542,0.974542,4.791345
coupled,1.00,0,93,0.983789,0.983789,4.645106
coupled,1.00,0,94,0.971749,0.971749,4.458990
coupled,1.00,0,95,0.978002,0.978002,4.791397
coupled,1.00,0,96,0.985323,0.985323,4.768397
coupled,1.00,0,97,0.980778,0.980778,4.699707
coupled,1.00,0,98,0.978474,0.978474,4.751778
coupled,1.00,0,99,0.973625,0.973625,4.504622
coupled,1.00,0,100,0.980453,0.980453,4.694998
coupled,1.00,0,101,0.982955,0.982955,4.724750
coupled,1.00,0,102,0.982308,0.982308,4.757205
coupled,1.00,0,103,0.985641,0.985641,4.590987
coupled,1.00,0,104,0.969417,0.969417,4.861813
coupled,1.00,0,105,0.978399,0.978399,4.688055
coupled,1.00,0,106,0.984691,0.984691,4.625474
coupled,1.00,0,107,0.976170,0.976170,4.677411
coupled,1.00,0,108,0.981351,0.981351,4.831647
coupled,1.00,0,109,0.974188,0.974188,4.547215
coupled,1.00,0,110,0.981437,0.981437,4.853642
coupled,1.00,0,111,0.977387,0.977387,4.665229
coupled,1.00,0,112,0.976349,0.976349,4.675362
coupled,1.00,0,113,0.984421,0.984421,4.384791
coupled,1.00,0,114,0.978141,0.978141,4.489900
coupled,1.00,0,115,0.976772,0.976772,4.763325
coupled,1.00,0,116,0.985413,0.985413,4.922036
coupled,1.00,0,117,0.989951,0.989951,4.759256
coupled,1.00,0,118,0.984626,0.984626,4.797738
coupled,1.00,0,119,0.973780,0.973780,4.697887
coupled,1.00,0,120,0.979156,0.979156,4.835551
coupled,1.00,0,121,0.972528,0.972528,4.828045
coupled,1.00,0,122,0.983368,0.983368,5.046032
coupled,1.00,0,123,0.991759,0.991759,4.698534
coupled,1.00,0,124,0.976193,0.976193,4.959810
coupled,1.00,0,125,0.984812,0.984812,5.094386
coupled,1.00,0,126,0.987483,0.987483,4.649014
coupled,1.00,0,127,0.983339,0.983339,4.899942
coupled,1.00,0,128,0.985756,0.985756,4.828969
coupled,1.00,0,129,0.988633,0.988633,4.886420
coupled,1.00,0,130,0.985814,0.985814,4.597916
coupled,1.00,0,131,0.984636,0.984636,4.805160
coupled,1.00,0,132,0.985869,0.985869,4.313842
coupled,1.00,0,133,0.972038,0.972038,4.528673
coupled,1.00,0,134,0.981144,0.981144,4.623865
coupled,1.00,0,135,0.973204,0.973204,4.629000
coupled,1.00,0,136,0.981311,0.981311,4.673141
coupled,1.00,0,137,0.983045,0.983045,4.762142
coupled,1.00,0,138,0.983066,0.983066,4.774060
coupled,1.00,0,139,0.984212,0.984212,4.758176
coupled,1.00,0,140,0.986335,0.986335,4.852032
coupled,1.00,0,141,0.979016,0.979016,4.647225
coupled,1.00,0,142,0.974991,0.974991,4.496935
coupled,1.00,0,143,0.972761,0.972761,4.759112
coupled,1.00,0,144,0.985220,0.985220,4.594563
coupled,1.00,0,145,0.980628,0.980628,4.728385
coupled,1.00,0,146,0.989256,0.989256,4.897054
coupled,1.00,0,147,0.986303,0.986303,4.616584
coupled,1.00,0,148,0.979844,0.979844,4.455218
coupled,1.00,0,149,0.976040,0.976040,4.697735
coupled,1.00,0,150,0.986162,0.986162,4.765566
coupled,1.00,0,151,0.982825,0.982825,4.773793
coupled,1.00,0,152,0.984536,0.984536,4.800861
coupled,1.00,0,153,0.986079,0.986079,4.556514
coupled,1.00,0,154,0.977082,0.977082,4.862672
coupled,1.00,0,155,0.985354,0.985354,4.413293
coupled,1.00,0,156,0.969767,0.969767,4.375273
coupled,1.00,0,157,0.963673,0.963673,4.597596
coupled,1.00,0,158,0.979079,0.979079,5.040134
coupled,1.00,0,159,0.980439,0.980439,4.682040
coupled,1.00,0,160,0.981537,0.981537,4.684938
coupled,1.00,0,161,0.985157,0.985157,4.486430
coupled,1.00,0,162,0.981581,0.981581,4.652092
coupled,1.00,0,163,0.980377,0.980377,4.762537
coupled,1.00,0,164,0.970351,0.970351,4.767277
coupled,1.00,0,165,0.967298,0.967298,4.505356
coupled,1.00,0,166,0.963720,0.963720,4.694063
coupled,1.00,0,167,0.980553,0.980553,4.635009
coupled,1.00,0,168,0.977470,0.977470,4.763660
coupled,1.00,0,169,0.978624,0.978624,4.490604
coupled,1.00,0,170,0.981580,0.981580,4.582793
coupled,1.00,0,171,0.984746,0.984746,4.721751
coupled,1.00,0,172,0.977346,0.977346,4.690997
coupled,1.00,0,173,0.983472,0.983472,4.635217
coupled,1.00,0,174,0.982152,0.982152,4.629466
coupled,1.00,0,175,0.982881,0.982881,4.635304
coupled,1.00,0,176,0.986663,0.986663,4.793228
coupled,1.00,0,177,0.986951,0.986951,4.873802
coupled,1.00,0,178,0.980095,0.980095,5.037693
coupled,1.00,0,179,0.988512,0.988512,4.779631
coupled,1.00,0,180,0.985122,0.985122,4.442785
coupled,1.00,0,181,0.950860,0.950860,4.477480
coupled,1.00,0,182,0.958341,0.958341,4.774693
coupled,1.00,0,183,0.987769,0.987769,4.519416
coupled,1.00,0,184,0.974226,0.974226,4.795283
coupled,1.00,0,185,0.976394,0.976394,4.837292
coupled,1.00,0,186,0.982784,0.982784,4.623122
coupled,1.00,0,187,0.986717,0.986717,4.549093
coupled,1.00,0,188,0.982264,0.982264,5.097470
coupled,1.00,0,189,0.990713,0.990713,4.647826
coupled,1.00,0,190,0.981098,0.981098,4.798765
coupled,1.00,0,191,0.979643,0.979643,4.906150
coupled,1.00,0,192,0.987526,0.987526,4.936984
coupled,1.00,0,193,0.986560,0.986560,5.011456
coupled,1.00,0,194,0.983370,0.983370,4.571543
coupled,1.00,0,195,0.970861,0.970861,4.572057
coupled,1.00,0,196,0.978470,0.978470,4.768802
coupled,1.00,0,197,0.988049,0.988049,4.768816
coupled,1.00,0,198,0.983851,0.983851,4.621726
coupled,1.00,0,199,0.985843,0.985843,4.731158
coupled,1.00,0,200,0.982433,0.982433,4.824544
coupled,1.00,0,201,0.980188,0.980188,4.837360
coupled,1.00,0,202,0.988310,0.988310,4.922468
coupled,1.00,0,203,0.983607,0.983607,4.525850
coupled,1.00,0,204,0.971321,0.971321,4.699058
coupled,1.00,0,205,0.985672,0.985672,4.599305
coupled,1.00,0,206,0.987094,0.987094,4.693300
coupled,1.00,0,207,0.983791,0.983791,4.650946
coupled,1.00,0,208,0.979365,0.979365,4.789887
coupled,1.00,0,209,0.974327,0.974327,4.886031
coupled,1.00,0,210,0.984002,0.984002,4.722494
coupled,1.00,0,211,0.969542,0.969542,4.843434
coupled,1.00,0,212,0.979668,0.979668,4.668808
coupled,1.00,0,213,0.975020,0.975020,4.510558
coupled,1.00,0,214,0.984192,0.984192,4.638926
coupled,1.00,0,215,0.985312,0.985312,4.781368
coupled,1.00,0,216,0.985229,0.985229,4.747086
coupled,1.00,0,217,0.984494,0.984494,4.768370
coupled,1.00,0,218,0.984619,0.984619,4.841789
coupled,1.00,0,219,0.978658,0.978658,4.929240
coupled,1.00,0,220,0.988254,0.988254,4.739322
coupled,1.00,0,221,0.978551,0.978551,4.587270
coupled,1.00,0,222,0.978691,0.978691,4.451547
coupled,1.00,0,223,0.981463,0.981463,4.840558
coupled,1.00,0,224,0.986364,0.986364,4.780322
coupled,1.00,0,225,0.990652,0.990652,4.881344
coupled,1.00,0,226,0.987339,0.987339,4.787744
coupled,1.00,0,227,0.978671,0.978671,4.608954
coupled,1.00,0,228,0.984288,0.984288,4.430980
coupled,1.00,0,229,0.972691,0.972691,4.608488
coupled,1.00,0,230,0.982349,0.982349,4.751310
coupled,1.00,0,231,0.987843,0.987843,4.671364
coupled,1.00,0,232,0.984873,0.984873,4.737334
coupled,1.00,0,233,0.986761,0.986761,4.474093
coupled,1.00,0,234,0.982937,0.982937,4.476749
coupled,1.00,0,235,0.982661,0.982661,4.484972
coupled,1.00,0,236,0.974745,0.974745,4.714810
coupled,1.00,0,237,0.989952,0.989952,4.520161
coupled,1.00,0,238,0.971235,0.971235,4.906253
coupled,1.00,0,239,0.975790,0.975790,4.713747
coupled,1.00,0,240,0.986615,0.986615,4.665432
coupled,1.00,0,241,0.980630,0.980630,4.667531
coupled,1.00,0,242,0.986182,0.986182,4.705129
coupled,1.00,0,243,0.983890,0.983890,5.025710
coupled,1.00,0,244,0.990098,0.990098,4.858281
coupled,1.00,0,245,0.983332,0.983332,4.764657
coupled,1.00,0,246,0.983748,0.983748,4.743125
coupled,1.00,0,247,0.977949,0.977949,5.000507
coupled,1.00,0,248,0.988160,0.988160,4.805925
coupled,1.00,0,249,0.978788,0.978788,4.792799
coupled,1.00,0,250,0.981098,0.981098,4.643649
coupled,1.00,0,251,0.981253,0.981253,4.361295
coupled,1.00,0,252,0.979229,0.979229,4.542509
coupled,1.00,0,253,0.980774,0.980774,4.881217
coupled,1.00,0,254,0.980850,0.980850,4.548184
coupled,1.00,0,255,0.966981,0.966981,4.920134
coupled,1.00,0,256,0.989977,0.989977,4.746467
coupled,1.00,0,257,0.973007,0.973007,4.763212
coupled,1.00,0,258,0.979801,0.979801,4.733838
coupled,1.00,0,259,0.985906,0.985906,4.744004
coupled,1.00,0,260,0.980903,0.980903,4.697515
coupled,1.00,0,261,0.974453,0.974453,4.974236
coupled,1.00,0,262,0.982661,0.982661,4.627085
coupled,1.00,0,263,0.984700,0.984700,4.836714
coupled,1.00,0,264,0.980439,0.980439,4.520026
coupled,1.00,0,265,0.982010,0.982010,4.764634
coupled,1.00,0,266,0.972355,0.972355,4.439200
coupled,1.00,0,267,0.975200,0.975200,4.322249
coupled,1.00,0,268,0.976448,0.976448,4.606268
coupled,1.00,0,269,0.983601,0.983601,4.606398
coupled,1.00,0,270,0.981523,0.981523,4.662285
coupled,1.00,0,271,0.982969,0.982969,4.867843
coupled,1.00,0,272,0.982550,0.982550,5.004786
coupled,1.00,0,273,0.990175,0.990175,4.751498
coupled,1.00,0,274,0.982749,0.982749,4.726771
coupled,1.00,0,275,0.982296,0.982296,4.857904
coupled,1.00,0,276,0.987085,0.987085,4.653676
coupled,1.00,0,277,0.983828,0.983828,4.512862
coupled,1.00,0,278,0.974582,0.974582,4.824703
coupled,1.00,0,279,0.987727,0.987727,4.641556
coupled,1.00,0,280,0.976944,0.976944,4.564520
coupled,1.00,0,281,0.966328,0.966328,4.414611
coupled,1.00,0,282,0.957622,0.957622,4.486665
coupled,1.00,0,283,0.980659,0.980659,4.910520
coupled,1.00,0,284,0.987158,0.987158,4.917739
coupled,1.00,0,285,0.991262,0.991262,4.826312
coupled,1.00,0,286,0.980601,0.980601,4.635276
coupled,1.00,0,287,0.964354,0.964354,4.739473
coupled,1.00,0,288,0.989441,0.989441,4.715334
coupled,1.00,0,289,0.979784,0.979784,4.929454
coupled,1.00,0,290,0.975911,0.975911,4.883194
coupled,1.00,0,291,0.979254,0.979254,4.920558
coupled,1.00,0,292,0.981424,0.981424,4.656474
coupled,1.00,0,293,0.978772,0.978772,4.699997
coupled,1.00,0,294,0.978650,0.978650,4.688829
coupled,1.00,0,295,0.979566,0.979566,4.768286
coupled,1.00,0,296,0.987133,0.987133,4.519824
coupled,1.00,0,297,0.978416,0.978416,4.789674
coupled,1.00,0,298,0.986143,0.986143,5.011733
coupled,1.00,0,299,0.991030,0.991030,4.740924
coupled,1.00,0,300,0.988019,0.988019,4.694656
coupled,1.00,0,301,0.980114,0.980114,4.954626
coupled,1.00,0,302,0.980420,0.980420,4.558953
coupled,1.00,0,303,0.976571,0.976571,4.651479
coupled,1.00,0,304,0.974555,0.974555,4.766876
coupled,1.00,0,305,0.984647,0.984647,4.701455
coupled,1.00,0,306,0.983001,0.983001,4.670227
coupled,1.00,0,307,0.986728,0.986728,4.903634
coupled,1.00,0,308,0.972911,0.972911,4.827349
coupled,1.00,0,309,0.974357,0.974357,4.594547
coupled,1.00,0,310,0.972189,0.972189,4.630578
coupled,1.00,0,311,0.979071,0.979071,4.572858
coupled,1.00,0,312,0.983512,0.983512,4.794354
coupled,1.00,0,313,0.980274,0.980274,4.730618
coupled,1.00,0,314,0.989034,0.989034,4.684862
coupled,1.00,0,315,0.978060,0.978060,4.705542
coupled,1.00,0,316,0.981533,0.981533,4.625265
coupled,1.00,0,317,0.973667,0.973667,4.921704
coupled,1.00,0,318,0.981876,0.981876,4.923692
coupled,1.00,0,319,0.987522,0.987522,4.684787
coupled,1.00,0,320,0.987119,0.987119,4.735654
coupled,1.00,0,321,0.984495,0.984495,4.613755
coupled,1.00,0,322,0.975334,0.975334,4.506165
coupled,1.00,0,323,0.962519,0.962519,4.302807
coupled,1.00,0,324,0.973660,0.973660,4.702498
coupled,1.00,0,325,0.977822,0.977822,4.511303
coupled,1.00,0,326,0.981733,0.981733,4.780922
coupled,1.00,0,327,0.983356,0.983356,4.638533
coupled,1.00,0,328,0.981589,0.981589,4.924675
coupled,1.00,0,329,0.983739,0.983739,4.571269
coupled,1.00,0,330,0.965504,0.965504,4.581974
coupled,1.00,0,331,0.984155,0.984155,4.775761
coupled,1.00,0,332,0.979121,0.979121,4.869668
coupled,1.00,0,333,0.979238,0.979238,4.538382
coupled,1.00,0,334,0.967629,0.967629,4.656850
coupled,1.00,0,335,0.973778,0.973778,4.684823
coupled,1.00,0,336,0.971882,0.971882,4.710727
coupled,1.00,0,337,0.988598,0.988598,4.676458
coupled,1.00,0,338,0.980243,0.980243,4.797563
coupled,1.00,0,339,0.977886,0.977886,4.805126
coupled,1.00,0,340,0.986269,0.986269,4.651898
coupled,1.00,0,341,0.982963,0.982963,4.625231
coupled,1.00,0,342,0.977736,0.977736,4.841709
coupled,1.00,0,343,0.982855,0.982855,4.775904
coupled,1.00,0,344,0.984003,0.984003,4.820593
coupled,1.00,0,345,0.972258,0.972258,4.836983
coupled,1.00,0,346,0.985531,0.985531,4.788059
coupled,1.00,0,347,0.969051,0.969051,4.578546
coupled,1.00,0,348,0.976468,0.976468,4.792844
coupled,1.00,0,349,0.985508,0.985508,4.675221
coupled,1.00,0,350,0.985617,0.985617,4.635740
coupled,1.00,0,351,0.982292,0.982292,4.890125
coupled,1.00,0,352,0.988371,0.988371,4.945383
coupled,1.00,0,353,0.982412,0.982412,4.831114
coupled,1.00,0,354,0.984158,0.984158,4.859215
coupled,1.00,0,355,0.984505,0.984505,4.727431
coupled,1.00,0,356,0.980176,0.980176,4.461128
coupled,1.00,0,357,0.978697,0.978697,4.645657
coupled,1.00,0,358,0.986249,0.986249,4.666370
coupled,1.00,0,359,0.983527,0.983527,4.439879
coupled,1.00,0,360,0.979329,0.979329,4.641844
coupled,1.00,0,361,0.981867,0.981867,4.728284
coupled,1.00,0,362,0.981504,0.981504,4.855534
coupled,1.00,0,363,0.988311,0.988311,4.885002
coupled,1.00,0,364,0.990551,0.990551,4.883798
coupled,1.00,0,365,0.985627,0.985627,4.613244
coupled,1.00,0,366,0.970454,0.970454,4.797392
coupled,1.00,0,367,0.983270,0.983270,4.703878
coupled,1.00,0,368,0.981257,0.981257,4.818017
coupled,1.00,0,369,0.986565,0.986565,4.845758
coupled,1.00,0,370,0.978275,0.978275,4.833495
coupled,1.00,0,371,0.983097,0.983097,4.724723
coupled,1.00,0,372,0.982482,0.982482,4.760847
coupled,1.00,0,373,0.982663,0.982663,4.563452
coupled,1.00,0,374,0.979872,0.979872,4.692511
coupled,1.00,0,375,0.973586,0.973586,4.541249
coupled,1.00,0,376,0.977526,0.977526,4.564713
coupled,1.00,0,377,0.981446,0.981446,4.730868
coupled,1.00,0,378,0.969345,0.969345,4.655586
coupled,1.00,0,379,0.984147,0.984147,4.653211
coupled,1.00,0,380,0.976768,0.976768,4.763036
coupled,1.00,0,381,0.983605,0.983605,4.753999
coupled,1.00,0,382,0.989183,0.989183,4.874378
coupled,1.00,0,383,0.982313,0.982313,4.615974
coupled,1.00,0,384,0.975021,0.975021,4.615508
coupled,1.00,0,385,0.982581,0.982581,4.541406
coupled,1.00,0,386,0.980061,0.980061,4.539030
coupled,1.00,0,387,0.979701,0.979701,4.729747
coupled,1.00,0,388,0.985368,0.985368,4.806289
coupled,1.00,0,389,0.980998,0.980998,4.508488
coupled,1.00,0,390,0.977620,0.977620,4.533368
coupled,1.00,0,391,0.974780,0.974780,4.879888
coupled,1.00,0,392,0.974308,0.974308,4.725282
coupled,1.00,0,393,0.982314,0.982314,4.610397
coupled,1.00,0,394,0.976804,0.976804,4.587452
coupled,1.00,0,395,0.977319,0.977319,4.789024
coupled,1.00,0,396,0.988259,0.988259,4.892107
coupled,1.00,0,397,0.973927,0.973927,4.696109
coupled,1.00,0,398,0.987202,0.987202,4.865417
coupled,1.00,0,399,0.984165,0.984165,4.939182
coupled,1.00,0,400,0.984517,0.984517,4.677989
coupled,1.00,0,401,0.990256,0.990256,4.458105
coupled,1.00,0,402,0.970911,0.970911,4.619813
coupled,1.00,0,403,0.977773,0.977773,4.523296
coupled,1.00,0,404,0.978503,0.978503,4.725649
coupled,1.00,0,405,0.977228,0.977228,4.672974
coupled,1.00,0,406,0.980653,0.980653,4.625476
coupled,1.00,0,407,0.973262,0.973262,4.570426
coupled,1.00,0,408,0.967321,0.967321,4.715504
coupled,1.00,0,409,0.984985,0.984985,4.738113
coupled,1.00,0,410,0.985467,0.985467,4.641637
coupled,1.00,0,411,0.974307,0.974307,4.945907
coupled,1.00,0,412,0.976216,0.976216,4.640884
coupled,1.00,0,413,0.985032,0.985032,4.502226
coupled,1.00,0,414,0.967208,0.967208,4.603801
coupled,1.00,0,415,0.983317,0.983317,4.629588
coupled,1.00,0,416,0.974006,0.974006,4.812806
coupled,1.00,0,417,0.984773,0.984773,4.689182
coupled,1.00,0,418,0.981752,0.981752,4.726599
coupled,1.00,0,419,0.970633,0.970633,4.668060
coupled,1.00,0,420,0.979709,0.979709,4.880950
coupled,1.00,0,421,0.987131,0.987131,4.835100
coupled,1.00,0,422,0.980769,0.980769,4.627614
coupled,1.00,0,423,0.972882,0.972882,4.775083
coupled,1.00,0,424,0.981635,0.981635,4.860069
coupled,1.00,0,425,0.987191,0.987191,4.317081
coupled,1.00,0,426,0.969600,0.969600,4.744995
coupled,1.00,0,427,0.978014,0.978014,4.768613
coupled,1.00,0,428,0.988162,0.988162,4.928817
coupled,1.00,0,429,0.992348,0.992348,4.869864
coupled,1.00,0,430,0.984845,0.984845,4.733280
coupled,1.00,0,431,0.976197,0.976197,4.866848
coupled,1.00,0,432,0.987995,0.987995,4.740663
coupled,1.00,0,433,0.982781,0.982781,4.564657
coupled,1.00,0,434,0.977391,0.977391,4.826999
coupled,1.00,0,435,0.985465,0.985465,4.514654
coupled,1.00,0,436,0.960719,0.960719,4.784483
coupled,1.00,0,437,0.986392,0.986392,4.752560
coupled,1.00,0,438,0.983305,0.983305,4.636031
coupled,1.00,0,439,0.983807,0.983807,4.685834
coupled,1.00,0,440,0.980668,0.980668,4.622634
coupled,1.00,0,441,0.981166,0.981166,4.572459
coupled,1.00,0,442,0.978510,0.978510,4.923306
coupled,1.00,0,443,0.983447,0.983447,4.749748
coupled,1.00,0,444,0.985512,0.985512,4.591247
coupled,1.00,0,445,0.979373,0.979373,4.611009
coupled,1.00,0,446,0.981578,0.981578,4.567879
coupled,1.00,0,447,0.976879,0.976879,4.487608
coupled,1.00,0,448,0.969288,0.969288,4.513746
coupled,1.00,0,449,0.983450,0.983450,4.711688
coupled,1.00,0,450,0.980476,0.980476,4.825671
coupled,1.00,0,451,0.992033,0.992033,4.897697
coupled,1.00,0,452,0.985445,0.985445,4.926615
coupled,1.00,0,453,0.988820,0.988820,4.646169
coupled,1.00,0,454,0.975452,0.975452,4.521427
coupled,1.00,0,455,0.980302,0.980302,5.020699
coupled,1.00,0,456,0.983185,0.983185,4.814382
coupled,1.00,0,457,0.987781,0.987781,4.532272
coupled,1.00,0,458,0.980330,0.980330,4.606725
coupled,1.00,0,459,0.971291,0.971291,4.832843
coupled,1.00,0,460,0.987766,0.987766,4.580154
coupled,1.00,0,461,0.986472,0.986472,4.956211
coupled,1.00,0,462,0.989636,0.989636,4.752819
coupled,1.00,0,463,0.984320,0.984320,4.911103
coupled,1.00,0,464,0.991680,0.991680,4.741052
coupled,1.00,0,465,0.980418,0.980418,4.802830
coupled,1.00,0,466,0.988616,0.988616,4.548812
coupled,1.00,0,467,0.972543,0.972543,4.657081
coupled,1.00,0,468,0.986550,0.986550,4.466710
coupled,1.00,0,469,0.969677,0.969677,4.764910
coupled,1.00,0,470,0.984965,0.984965,4.820453
coupled,1.00,0,471,0.986501,0.986501,4.897002
coupled,1.00,0,472,0.983772,0.983772,4.930912
coupled,1.00,0,473,0.989252,0.989252,4.662398
coupled,1.00,0,474,0.975418,0.975418,4.976137
coupled,1.00,0,475,0.984003,0.984003,4.772790
coupled,1.00,0,476,0.980254,0.980254,4.801908
coupled,1.00,0,477,0.983832,0.983832,4.659350
coupled,1.00,0,478,0.981502,0.981502,4.489856
coupled,1.00,0,479,0.975651,0.975651,4.837120
coupled,1.00,0,480,0.987842,0.987842,4.503850
coupled,1.00,0,481,0.976695,0.976695,4.707561
coupled,1.00,0,482,0.979491,0.979491,4.688068
coupled,1.00,0,483,0.980218,0.980218,4.806483
coupled,1.00,0,484,0.981836,0.981836,4.661907
coupled,1.00,0,485,0.977116,0.977116,4.688832
coupled,1.00,0,486,0.987065,0.987065,4.790393
coupled,1.00,0,487,0.990922,0.990922,4.586547
coupled,1.00,0,488,0.971958,0.971958,4.656028
coupled,1.00,0,489,0.983494,0.983494,4.714532
coupled,1.00,0,490,0.982134,0.982134,4.784316
coupled,1.00,0,491,0.988709,0.988709,4.863534
coupled,1.00,0,492,0.987018,0.987018,4.834700
coupled,1.00,0,493,0.983991,0.983991,4.736903
coupled,1.00,0,494,0.987798,0.987798,4.629718
coupled,1.00,0,495,0.988214,0.988214,4.644662
coupled,1.00,0,496,0.984599,0.984599,4.756012
coupled,1.00,0,497,0.982359,0.982359,4.916693
coupled,1.00,0,498,0.980235,0.980235,4.696387
coupled,1.00,0,499,0.980602,0.980602,4.628791
allc,1.00,0,0,0.988381,1.000000,4.843594
allc,1.00,0,1,0.981854,1.000000,4.722038
allc,1.00,0,2,0.977139,1.000000,4.562008
allc,1.00,0,3,0.977476,1.000000,4.750940
allc,1.00,0,4,0.991397,1.000000,4.913619
allc,1.00,0,5,0.986970,1.000000,4.921319
allc,1.00,0,6,0.981460,1.000000,4.736374
allc,1.00,0,7,0.976900,1.000000,4.747077
allc,1.00,0,8,0.981180,1.000000,4.566245
allc,1.00,0,9,0.980388,1.000000,4.462875
allc,1.00,0,10,0.972125,1.000000,4.606611
allc,1.00,0,11,0.977793,1.000000,4.639385
allc,1.00,0,12,0.980422,1.000000,4.588935
allc,1.00,0,13,0.983707,1.000000,4.597479
allc,1.00,0,14,0.978223,1.000000,4.664140
allc,1.00,0,15,0.985402,1.000000,4.960107
allc,1.00,0,16,0.983800,1.000000,4.686244
allc,1.00,0,17,0.986189,1.000000,4.653906
allc,1.00,0,18,0.975918,1.000000,4.474117
allc,1.00,0,19,0.975810,1.000000,4.650268
allc,1.00,0,20,0.989849,1.000000,4.953366
allc,1.00,0,21,0.983709,1.000000,4.676420
allc,1.00,0,22,0.979100,1.000000,4.716043
allc,1.00,0,23,0.981725,1.000000,4.381623
allc,1.00,0,24,0.972163,1.000000,4.432860
allc,1.00,0,25,0.981545,1.000000,4.498710
allc,1.00,0,26,0.985030,1.000000,4.811236
allc,1.00,0,27,0.977113,1.000000,4.791242
allc,1.00,0,28,0.980380,1.000000,4.548268
allc,1.00,0,29,0.983532,1.000000,4.963686
allc,1.00,0,30,0.987324,1.000000,4.883495
allc,1.00,0,31,0.986865,1.000000,5.083290
allc,1.00,0,32,0.983906,1.000000,4.929034
allc,1.00,0,33,0.977915,1.000000,4.778786
allc,1.00,0,34,0.971764,1.000000,4.598497
allc,1.00,0,35,0.979213,1.000000,4.581860
allc,1.00,0,36,0.984026,1.000000,4.957964
allc,1.00,0,37,0.983919,1.000000,4.953181
allc,1.00,0,38,0.976223,1.000000,4.680089
allc,1.00,0,39,0.990769,1.000000,5.034969
allc,1.00,0,40,0.978950,1.000000,4.802773
allc,1.00,0,41,0.987335,1.000000,4.681872
allc,1.00,0,42,0.957043,1.000000,4.535270
allc,1.00,0,43,0.972769,1.000000,4.756639
allc,1.00,0,44,0.980669,1.000000,4.623440
allc,1.00,0,45,0.981768,1.000000,4.495103
allc,1.00,0,46,0.986398,1.000000,4.815686
allc,1.00,0,47,0.977923,1.000000,4.490809
allc,1.00,0,48,0.980475,1.000000,4.792323
allc,1.00,0,49,0.987152,1.000000,4.828403
allc,1.00,0,50,0.974020,1.000000,4.654530
allc,1.00,0,51,0.985365,1.000000,4.554058
allc,1.00,0,52,0.981166,1.000000,4.656586
allc,1.00,0,53,0.981980,1.000000,4.856179
allc,1.00,0,54,0.984546,1.000000,4.750352
allc,1.00,0,55,0.976037,1.000000,4.469782
allc,1.00,0,56,0.985412,1.000000,4.733188
allc,1.00,0,57,0.982238,1.000000,4.903919
allc,1.00,0,58,0.987000,1.000000,4.898257
allc,1.00,0,59,0.985664,1.000000,4.880593
allc,1.00,0,60,0.980361,1.000000,4.637719
allc,1.00,0,61,0.977587,1.000000,4.770521
allc,1.00,0,62,0.975918,1.000000,4.524522
allc,1.00,0,63,0.970527,1.000000,4.948444
allc,1.00,0,64,0.983738,1.000000,4.978117
allc,1.00,0,65,0.990303,1.000000,5.023565
allc,1.00,0,66,0.980690,1.000000,4.624391
allc,1.00,0,67,0.977960,1.000000,4.760833
allc,1.00,0,68,0.985324,1.000000,4.750966
allc,1.00,0,69,0.985218,1.000000,4.977545
allc,1.00,0,70,0.983104,1.000000,4.555166
allc,1.00,0,71,0.984058,1.000000,4.435029
allc,1.00,0,72,0.985543,1.000000,4.676672
allc,1.00,0,73,0.975834,1.000000,4.701084
allc,1.00,0,74,0.986371,1.000000,4.823728
allc,1.00,0,75,0.981103,1.000000,4.758560
allc,1.00,0,76,0.985265,1.000000,4.890065
allc,1.00,0,77,0.984448,1.000000,5.001660
allc,1.00,0,78,0.974390,1.000000,4.868025
allc,1.00,0,79,0.987229,1.000000,4.897777
allc,1.00,0,80,0.983632,1.000000,4.710566
allc,1.00,0,81,0.978632,1.000000,4.515950
allc,1.00,0,82,0.980859,1.000000,4.470259
allc,1.00,0,83,0.978437,1.000000,4.471548
allc,1.00,0,84,0.985609,1.000000,4.670077
allc,1.00,0,85,0.983974,1.000000,4.811500
allc,1.00,0,86,0.983553,1.000000,4.811382
allc,1.00,0,87,0.987673,1.000000,4.826144
allc,1.00,0,88,0.973511,1.000000,4.778018
allc,1.00,0,89,0.979255,1.000000,4.596437
allc,1.00,0,90,0.975640,1.000000,4.553238
allc,1.00,0,91,0.975982,1.000000,4.644876
allc,1.00,0,92,0.972180,1.000000,4.493980
allc,1.00,0,93,0.970828,1.000000,4.553830
allc,1.00,0,94,0.982142,1.000000,4.558181
allc,1.00,0,95,0.983079,1.000000,4.548351
allc,1.00,0,96,0.969184,1.000000,4.322759
allc,1.00,0,97,0.986296,1.000000,4.559728
allc,1.00,0,98,0.979978,1.000000,4.660916
allc,1.00,0,99,0.973993,1.000000,4.584729
allc,1.00,0,100,0.976239,1.000000,4.510933
allc,1.00,0,101,0.973566,1.000000,4.628115
allc,1.00,0,102,0.978093,1.000000,4.606764
allc,1.00,0,103,0.984549,1.000000,4.683542
allc,1.00,0,104,0.977859,1.000000,4.558176
allc,1.00,0,105,0.981891,1.000000,4.661328
allc,1.00,0,106,0.976651,1.000000,4.711616
allc,1.00,0,107,0.986452,1.000000,4.617870
allc,1.00,0,108,0.987203,1.000000,4.774993
allc,1.00,0,109,0.983014,1.000000,4.769010
allc,1.00,0,110,0.980181,1.000000,4.767237
allc,1.00,0,111,0.979008,1.000000,4.697042
allc,1.00,0,112,0.979647,1.000000,4.809271
allc,1.00,0,113,0.983825,1.000000,4.735506
allc,1.00,0,114,0.980036,1.000000,4.602293
allc,1.00,0,115,0.979982,1.000000,4.731270
allc,1.00,0,116,0.984361,1.000000,4.651362
allc,1.00,0,117,0.978182,1.000000,4.728644
allc,1.00,0,118,0.988048,1.000000,4.616955
allc,1.00,0,119,0.976312,1.000000,4.669379
allc,1.00,0,120,0.981006,1.000000,4.753765
allc,1.00,0,121,0.974379,1.000000,4.736281
allc,1.00,0,122,0.987980,1.000000,4.931710
allc,1.00,0,123,0.985297,1.000000,4.864605
allc,1.00,0,124,0.988959,1.000000,4.855276
allc,1.00,0,125,0.980479,1.000000,4.472722
allc,1.00,0,126,0.982854,1.000000,4.516409
allc,1.00,0,127,0.987447,1.000000,4.880589
allc,1.00,0,128,0.979401,1.000000,4.723495
allc,1.00,0,129,0.972950,1.000000,4.719312
allc,1.00,0,130,0.988518,1.000000,5.131827
allc,1.00,0,131,0.986500,1.000000,4.657017
allc,1.00,0,132,0.982916,1.000000,4.600883
allc,1.00,0,133,0.986008,1.000000,4.801980
allc,1.00,0,134,0.979442,1.000000,4.549314
allc,1.00,0,135,0.974166,1.000000,4.369625
allc,1.00,0,136,0.975272,1.000000,4.646449
allc,1.00,0,137,0.991796,1.000000,4.932177
allc,1.00,0,138,0.973543,1.000000,4.563027
allc,1.00,0,139,0.978414,1.000000,4.525028
allc,1.00,0,140,0.988601,1.000000,4.771193
allc,1.00,0,141,0.985388,1.000000,4.870580
allc,1.00,0,142,0.975723,1.000000,4.674589
allc,1.00,0,143,0.994449,1.000000,4.966953
allc,1.00,0,144,0.983425,1.000000,4.495222
allc,1.00,0,145,0.976908,1.000000,4.626449
allc,1.00,0,146,0.973365,1.000000,4.609315
allc,1.00,0,147,0.986839,1.000000,5.024469
allc,1.00,0,148,0.982105,1.000000,4.461321
allc,1.00,0,149,0.976106,1.000000,4.666767
allc,1.00,0,150,0.972098,1.000000,4.468949
allc,1.00,0,151,0.983755,1.000000,4.553955
allc,1.00,0,152,0.973357,1.000000,4.658816
allc,1.00,0,153,0.990517,1.000000,4.863063
allc,1.00,0,154,0.984566,1.000000,4.737900
allc,1.00,0,155,0.987816,1.000000,4.800956
allc,1.00,0,156,0.986843,1.000000,4.900895
allc,1.00,0,157,0.963715,1.000000,4.543626
allc,1.00,0,158,0.986781,1.000000,4.819367
allc,1.00,0,159,0.987663,1.000000,4.809186
allc,1.00,0,160,0.983714,1.000000,4.675340
allc,1.00,0,161,0.985477,1.000000,4.672403
allc,1.00,0,162,0.983572,1.000000,4.735638
allc,1.00,0,163,0.988126,1.000000,4.816285
allc,1.00,0,164,0.988663,1.000000,4.923724
allc,1.00,0,165,0.970171,1.000000,4.601072
allc,1.00,0,166,0.990877,1.000000,4.798835
allc,1.00,0,167,0.989075,1.000000,4.953062
allc,1.00,0,168,0.982410,1.000000,4.815041
allc,1.00,0,169,0.975696,1.000000,4.593780
allc,1.00,0,170,0.977608,1.000000,4.449747
allc,1.00,0,171,0.978563,1.000000,4.499889
allc,1.00,0,172,0.984751,1.000000,4.763313
allc,1.00,0,173,0.981551,1.000000,4.747883
allc,1.00,0,174,0.985546,1.000000,4.610844
allc,1.00,0,175,0.987137,1.000000,4.768972
allc,1.00,0,176,0.984216,1.000000,4.833286
allc,1.00,0,177,0.974801,1.000000,4.712285
allc,1.00,0,178,0.986214,1.000000,4.664352
allc,1.00,0,179,0.977597,1.000000,4.597503
allc,1.00,0,180,0.980437,1.000000,4.592737
allc,1.00,0,181,0.985966,1.000000,4.806071
allc,1.00,0,182,0.980314,1.000000,4.741773
allc,1.00,0,183,0.975004,1.000000,4.392123
allc,1.00,0,184,0.977094,1.000000,4.645171
allc,1.00,0,185,0.986485,1.000000,4.677566
allc,1.00,0,186,0.983771,1.000000,4.573148
allc,1.00,0,187,0.982891,1.000000,4.706699
allc,1.00,0,188,0.977810,1.000000,4.780809
allc,1.00,0,189,0.972305,1.000000,4.403721
allc,1.00,0,190,0.982592,1.000000,4.695042
allc,1.00,0,191,0.982384,1.000000,4.609360
allc,1.00,0,192,0.974881,1.000000,4.703091
allc,1.00,0,193,0.979564,1.000000,4.785997
allc,1.00,0,194,0.986802,1.000000,4.963107
allc,1.00,0,195,0.977734,1.000000,4.535397
allc,1.00,0,196,0.981333,1.000000,4.853514
allc,1.00,0,197,0.979576,1.000000,4.709087
allc,1.00,0,198,0.976922,1.000000,4.773797
allc,1.00,0,199,0.990950,1.000000,4.818967
allc,1.00,0,200,0.989022,1.000000,4.905267
allc,1.00,0,201,0.986554,1.000000,4.746487
allc,1.00,0,202,0.979556,1.000000,4.757499
allc,1.00,0,203,0.977574,1.000000,4.437301
allc,1.00,0,204,0.983442,1.000000,4.694084
allc,1.00,0,205,0.980944,1.000000,4.592086
allc,1.00,0,206,0.974671,1.000000,4.610924
allc,1.00,0,207,0.987251,1.000000,4.775631
allc,1.00,0,208,0.979234,1.000000,4.848767
allc,1.00,0,209,0.977914,1.000000,4.605603
allc,1.00,0,210,0.978157,1.000000,4.585343
allc,1.00,0,211,0.983404,1.000000,4.801921
allc,1.00,0,212,0.981252,1.000000,4.624813
allc,1.00,0,213,0.978085,1.000000,4.641715
allc,1.00,0,214,0.971847,1.000000,4.499555
allc,1.00,0,215,0.991169,1.000000,4.645974
allc,1.00,0,216,0.979632,1.000000,4.593120
allc,1.00,0,217,0.980319,1.000000,4.530432
allc,1.00,0,218,0.968430,1.000000,4.608570
allc,1.00,0,219,0.982198,1.000000,4.845764
allc,1.00,0,220,0.963826,1.000000,4.577636
allc,1.00,0,221,0.980017,1.000000,4.709626
allc,1.00,0,222,0.971719,1.000000,4.564052
allc,1.00,0,223,0.978647,1.000000,4.679044
allc,1.00,0,224,0.986840,1.000000,4.751271
allc,1.00,0,225,0.983338,1.000000,4.528959
allc,1.00,0,226,0.977978,1.000000,4.632482
allc,1.00,0,227,0.979884,1.000000,4.748289
allc,1.00,0,228,0.984738,1.000000,4.928062
allc,1.00,0,229,0.978782,1.000000,4.756760
allc,1.00,0,230,0.983455,1.000000,4.687057
allc,1.00,0,231,0.985036,1.000000,4.634680
allc,1.00,0,232,0.987126,1.000000,4.795790
allc,1.00,0,233,0.973540,1.000000,4.537262
allc,1.00,0,234,0.974801,1.000000,4.621273
allc,1.00,0,235,0.980574,1.000000,4.695195
allc,1.00,0,236,0.987118,1.000000,4.868944
allc,1.00,0,237,0.973198,1.000000,4.725974
allc,1.00,0,238,0.980298,1.000000,4.759908
allc,1.00,0,239,0.989872,1.000000,4.892622
allc,1.00,0,240,0.976205,1.000000,4.868485
allc,1.00,0,241,0.986148,1.000000,4.716804
allc,1.00,0,242,0.987158,1.000000,4.917638
allc,1.00,0,243,0.986254,1.000000,4.616961
allc,1.00,0,244,0.983039,1.000000,4.642575
allc,1.00,0,245,0.987741,1.000000,4.951091
allc,1.00,0,246,0.978062,1.000000,4.937832
allc,1.00,0,247,0.984623,1.000000,4.799916
allc,1.00,0,248,0.972695,1.000000,4.541884
allc,1.00,0,249,0.978726,1.000000,4.682284
allc,1.00,0,250,0.983062,1.000000,4.761344
allc,1.00,0,251,0.987067,1.000000,4.812710
allc,1.00,0,252,0.974233,1.000000,4.390688
allc,1.00,0,253,0.968428,1.000000,4.720977
allc,1.00,0,254,0.978151,1.000000,4.691856
allc,1.00,0,255,0.979100,1.000000,4.694193
allc,1.00,0,256,0.986620,1.000000,4.747884
allc,1.00,0,257,0.983621,1.000000,4.741237
allc,1.00,0,258,0.989497,1.000000,4.749003
allc,1.00,0,259,0.989552,1.000000,5.085664
allc,1.00,0,260,0.976143,1.000000,4.727740
allc,1.00,0,261,0.981515,1.000000,4.769830
allc,1.00,0,262,0.986190,1.000000,4.848312
allc,1.00,0,263,0.990850,1.000000,5.010414
allc,1.00,0,264,0.983618,1.000000,4.866857
allc,1.00,0,265,0.986415,1.000000,4.658949
allc,1.00,0,266,0.977190,1.000000,4.612594
allc,1.00,0,267,0.979860,1.000000,4.775349
allc,1.00,0,268,0.988292,1.000000,4.830068
allc,1.00,0,269,0.974038,1.000000,4.571461
allc,1.00,0,270,0.986159,1.000000,4.742457
allc,1.00,0,271,0.982962,1.000000,4.878098
allc,1.00,0,272,0.979447,1.000000,4.626589
allc,1.00,0,273,0.987862,1.000000,4.905120
allc,1.00,0,274,0.985942,1.000000,4.691030
allc,1.00,0,275,0.982625,1.000000,4.538741
allc,1.00,0,276,0.976739,1.000000,4.581406
allc,1.00,0,277,0.980658,1.000000,4.513825
allc,1.00,0,278,0.970467,1.000000,4.629534
allc,1.00,0,279,0.989777,1.000000,5.133332
allc,1.00,0,280,0.977058,1.000000,4.747316
allc,1.00,0,281,0.979298,1.000000,4.747714
allc,1.00,0,282,0.978869,1.000000,4.723989
allc,1.00,0,283,0.974273,1.000000,4.676960
allc,1.00,0,284,0.976200,1.000000,4.654415
allc,1.00,0,285,0.984788,1.000000,4.591311
allc,1.00,0,286,0.976083,1.000000,4.571358
allc,1.00,0,287,0.980540,1.000000,4.588214
allc,1.00,0,288,0.976165,1.000000,4.567634
allc,1.00,0,289,0.982799,1.000000,4.703826
allc,1.00,0,290,0.987954,1.000000,4.734890
allc,1.00,0,291,0.983053,1.000000,4.621536
allc,1.00,0,292,0.975674,1.000000,4.525938
allc,1.00,0,293,0.985184,1.000000,4.562884
allc,1.00,0,294,0.986079,1.000000,4.751333
allc,1.00,0,295,0.987096,1.000000,4.784204
allc,1.00,0,296,0.964305,1.000000,4.585413
allc,1.00,0,297,0.988372,1.000000,4.707807
allc,1.00,0,298,0.989328,1.000000,4.651579
allc,1.00,0,299,0.976934,1.000000,4.518149
allc,1.00,0,300,0.989752,1.000000,4.873019
allc,1.00,0,301,0.994232,1.000000,5.168191
allc,1.00,0,302,0.989914,1.000000,4.983185
allc,1.00,0,303,0.990375,1.000000,4.914609
allc,1.00,0,304,0.979391,1.000000,4.599371
allc,1.00,0,305,0.983960,1.000000,4.890675
allc,1.00,0,306,0.970063,1.000000,4.586663
allc,1.00,0,307,0.982835,1.000000,4.597591
allc,1.00,0,308,0.983594,1.000000,4.510064
allc,1.00,0,309,0.978707,1.000000,4.693101
allc,1.00,0,310,0.984851,1.000000,4.776234
allc,1.00,0,311,0.986020,1.000000,4.807192
allc,1.00,0,312,0.980792,1.000000,4.596204
allc,1.00,0,313,0.985144,1.000000,4.730242
allc,1.00,0,314,0.977889,1.000000,4.535160
allc,1.00,0,315,0.979406,1.000000,4.777258
allc,1.00,0,316,0.968368,1.000000,4.550368
allc,1.00,0,317,0.984454,1.000000,4.736193
allc,1.00,0,318,0.985274,1.000000,4.888095
allc,1.00,0,319,0.973081,1.000000,4.579319
allc,1.00,0,320,0.970465,1.000000,4.522875
allc,1.00,0,321,0.978405,1.000000,4.473700
allc,1.00,0,322,0.977903,1.000000,4.630399
allc,1.00,0,323,0.977427,1.000000,4.801462
allc,1.00,0,324,0.985973,1.000000,4.656789
allc,1.00,0,325,0.983069,1.000000,4.640743
allc,1.00,0,326,0.988891,1.000000,4.806014
allc,1.00,0,327,0.982220,1.000000,4.676041
allc,1.00,0,328,0.976359,1.000000,4.516188
allc,1.00,0,329,0.981172,1.000000,4.781294
allc,1.00,0,330,0.989468,1.000000,5.063910
allc,1.00,0,331,0.985812,1.000000,4.786298
allc,1.00,0,332,0.983736,1.000000,4.675325
allc,1.00,0,333,0.984529,1.000000,4.758631
allc,1.00,0,334,0.962551,1.000000,4.440449
allc,1.00,0,335,0.980140,1.000000,4.490122
allc,1.00,0,336,0.985929,1.000000,4.796977
allc,1.00,0,337,0.984763,1.000000,4.772135
allc,1.00,0,338,0.988476,1.000000,4.806441
allc,1.00,0,339,0.963836,1.000000,4.677542
allc,1.00,0,340,0.983725,1.000000,4.784161
allc,1.00,0,341,0.984621,1.000000,4.625662
allc,1.00,0,342,0.979037,1.000000,4.596927
allc,1.00,0,343,0.977430,1.000000,4.752731
allc,1.00,0,344,0.986164,1.000000,4.773847
allc,1.00,0,345,0.979180,1.000000,4.684425
allc,1.00,0,346,0.979321,1.000000,4.583126
allc,1.00,0,347,0.971393,1.000000,4.362378
allc,1.00,0,348,0.981575,1.000000,4.587550
allc,1.00,0,349,0.969831,1.000000,4.518903
allc,1.00,0,350,0.979907,1.000000,4.594280
allc,1.00,0,351,0.972810,1.000000,4.479554
allc,1.00,0,352,0.988441,1.000000,4.861767
allc,1.00,0,353,0.976220,1.000000,4.812043
allc,1.00,0,354,0.980376,1.000000,4.589652
allc,1.00,0,355,0.992270,1.000000,4.766557
allc,1.00,0,356,0.986705,1.000000,4.869907
allc,1.00,0,357,0.987285,1.000000,4.628061
allc,1.00,0,358,0.972451,1.000000,4.380875
allc,1.00,0,359,0.971413,1.000000,4.374490
allc,1.00,0,360,0.984917,1.000000,4.624603
allc,1.00,0,361,0.982288,1.000000,4.827848
allc,1.00,0,362,0.987594,1.000000,4.939202
allc,1.00,0,363,0.986281,1.000000,4.806638
allc,1.00,0,364,0.972453,1.000000,4.597709
allc,1.00,0,365,0.982232,1.000000,4.649874
allc,1.00,0,366,0.978574,1.000000,4.460846
allc,1.00,0,367,0.981532,1.000000,4.789325
allc,1.00,0,368,0.978057,1.000000,4.482988
allc,1.00,0,369,0.981694,1.000000,4.720701
allc,1.00,0,370,0.976011,1.000000,4.473921
allc,1.00,0,371,0.985708,1.000000,4.801945
allc,1.00,0,372,0.986922,1.000000,4.890453
allc,1.00,0,373,0.980061,1.000000,4.409054
allc,1.00,0,374,0.971988,1.000000,4.540843
allc,1.00,0,375,0.968292,1.000000,4.550795
allc,1.00,0,376,0.982909,1.000000,4.699452
allc,1.00,0,377,0.990048,1.000000,4.824725
allc,1.00,0,378,0.982204,1.000000,4.760150
allc,1.00,0,379,0.990265,1.000000,4.795209
allc,1.00,0,380,0.983692,1.000000,4.928026
allc,1.00,0,381,0.977557,1.000000,4.502989
allc,1.00,0,382,0.985426,1.000000,4.738180
allc,1.00,0,383,0.986567,1.000000,4.781465
allc,1.00,0,384,0.989577,1.000000,4.814053
allc,1.00,0,385,0.984105,1.000000,4.860823
allc,1.00,0,386,0.977080,1.000000,4.829756
allc,1.00,0,387,0.985414,1.000000,4.689014
allc,1.00,0,388,0.981665,1.000000,4.845076
allc,1.00,0,389,0.985645,1.000000,4.850927
allc,1.00,0,390,0.966670,1.000000,4.630530
allc,1.00,0,391,0.966706,1.000000,4.501981
allc,1.00,0,392,0.973853,1.000000,4.569636
allc,1.00,0,393,0.980557,1.000000,4.611544
allc,1.00,0,394,0.985846,1.000000,4.776144
allc,1.00,0,395,0.966957,1.000000,4.593264
allc,1.00,0,396,0.980296,1.000000,4.765791
allc,1.00,0,397,0.976849,1.000000,4.725116
allc,1.00,0,398,0.979488,1.000000,4.479625
allc,1.00,0,399,0.983996,1.000000,4.620784
allc,1.00,0,400,0.980168,1.000000,4.795788
allc,1.00,0,401,0.981766,1.000000,4.674081
allc,1.00,0,402,0.976846,1.000000,4.843203
allc,1.00,0,403,0.977940,1.000000,4.636297
allc,1.00,0,404,0.987007,1.000000,4.758775
allc,1.00,0,405,0.979245,1.000000,4.603884
allc,1.00,0,406,0.985951,1.000000,4.757549
allc,1.00,0,407,0.979927,1.000000,4.467300
allc,1.00,0,408,0.987082,1.000000,4.859729
allc,1.00,0,409,0.984512,1.000000,4.663040
allc,1.00,0,410,0.979620,1.000000,4.565268
allc,1.00,0,411,0.983797,1.000000,4.667025
allc,1.00,0,412,0.980054,1.000000,4.520625
allc,1.00,0,413,0.965855,1.000000,4.407903
allc,1.00,0,414,0.980917,1.000000,4.493048
allc,1.00,0,415,0.970043,1.000000,4.742157
allc,1.00,0,416,0.977490,1.000000,4.770864
allc,1.00,0,417,0.983183,1.000000,4.526307
allc,1.00,0,418,0.985932,1.000000,4.799678
allc,1.00,0,419,0.989378,1.000000,4.762641
allc,1.00,0,420,0.982557,1.000000,4.607480
allc,1.00,0,421,0.985275,1.000000,4.631553
allc,1.00,0,422,0.977431,1.000000,4.709917
allc,1.00,0,423,0.986648,1.000000,4.691410
allc,1.00,0,424,0.978450,1.000000,4.615668
allc,1.00,0,425,0.980932,1.000000,4.953267
allc,1.00,0,426,0.974509,1.000000,4.732618
allc,1.00,0,427,0.978759,1.000000,4.598300
allc,1.00,0,428,0.966682,1.000000,4.389200
allc,1.00,0,429,0.984930,1.000000,4.581829
allc,1.00,0,430,0.983532,1.000000,4.903941
allc,1.00,0,431,0.977865,1.000000,4.637675
allc,1.00,0,432,0.979744,1.000000,4.649961
allc,1.00,0,433,0.979899,1.000000,4.619642
allc,1.00,0,434,0.986801,1.000000,4.669555
allc,1.00,0,435,0.980060,1.000000,4.786982
allc,1.00,0,436,0.984836,1.000000,4.746270
allc,1.00,0,437,0.983801,1.000000,4.877753
allc,1.00,0,438,0.980976,1.000000,4.707967
allc,1.00,0,439,0.984095,1.000000,4.906839
allc,1.00,0,440,0.988105,1.000000,5.010493
allc,1.00,0,441,0.978474,1.000000,5.001975
allc,1.00,0,442,0.989862,1.000000,4.990332
allc,1.00,0,443,0.977984,1.000000,4.776704
allc,1.00,0,444,0.975738,1.000000,4.837839
allc,1.00,0,445,0.981966,1.000000,4.918638
allc,1.00,0,446,0.981959,1.000000,4.709829
allc,1.00,0,447,0.979621,1.000000,4.647486
allc,1.00,0,448,0.987980,1.000000,4.856104
allc,1.00,0,449,0.981705,1.000000,4.728953
allc,1.00,0,450,0.980549,1.000000,4.616971
allc,1.00,0,451,0.985072,1.000000,4.678679
allc,1.00,0,452,0.980929,1.000000,4.689826
allc,1.00,0,453,0.988430,1.000000,4.891875
allc,1.00,0,454,0.977185,1.000000,4.576516
allc,1.00,0,455,0.959132,1.000000,4.541812
allc,1.00,0,456,0.982120,1.000000,4.584926
allc,1.00,0,457,0.984085,1.000000,4.702541
allc,1.00,0,458,0.978837,1.000000,4.534465
allc,1.00,0,459,0.984444,1.000000,4.823351
allc,1.00,0,460,0.986814,1.000000,4.800965
allc,1.00,0,461,0.982404,1.000000,4.826892
allc,1.00,0,462,0.986827,1.000000,4.825465
allc,1.00,0,463,0.992712,1.000000,5.077450
allc,1.00,0,464,0.983111,1.000000,4.697711
allc,1.00,0,465,0.978498,1.000000,4.576373
allc,1.00,0,466,0.977693,1.000000,4.671661
allc,1.00,0,467,0.987980,1.000000,4.835846
allc,1.00,0,468,0.980614,1.000000,5.011422
allc,1.00,0,469,0.987393,1.000000,4.825108
allc,1.00,0,470,0.988982,1.000000,5.061357
allc,1.00,0,471,0.987865,1.000000,5.013846
allc,1.00,0,472,0.980622,1.000000,4.582800
allc,1.00,0,473,0.978575,1.000000,4.523428
allc,1.00,0,474,0.985996,1.000000,4.824385
allc,1.00,0,475,0.970928,1.000000,4.447533
allc,1.00,0,476,0.975933,1.000000,4.518383
allc,1.00,0,477,0.977657,1.000000,4.602662
allc,1.00,0,478,0.983893,1.000000,4.798909
allc,1.00,0,479,0.987941,1.000000,4.893700
allc,1.00,0,480,0.983189,1.000000,4.703692
allc,1.00,0,481,0.978923,1.000000,4.738451
allc,1.00,0,482,0.984284,1.000000,4.742841
allc,1.00,0,483,0.978714,1.000000,4.778950
allc,1.00,0,484,0.974353,1.000000,4.502957
allc,1.00,0,485,0.987974,1.000000,4.599583
allc,1.00,0,486,0.986599,1.000000,4.738473
allc,1.00,0,487,0.987348,1.000000,4.847933
allc,1.00,0,488,0.985660,1.000000,4.856944
allc,1.00,0,489,0.976939,1.000000,4.556620
allc,1.00,0,490,0.978054,1.000000,4.555063
allc,1.00,0,491,0.985620,1.000000,4.677880
allc,1.00,0,492,0.984428,1.000000,4.703366
allc,1.00,0,493,0.991112,1.000000,4.869614
allc,1.00,0,494,0.976907,1.000000,4.630831
allc,1.00,0,495,0.985868,1.000000,4.710763
allc,1.00,0,496,0.981158,1.000000,4.733767
allc,1.00,0,497,0.980734,1.000000,4.679226
allc,1.00,0,498,0.980886,1.000000,4.409987
allc,1.00,0,499,0.983725,1.000000,4.639998
coupled,0.00,1,0,0.990441,1.000000,4.802568
coupled,0.00,1,1,0.990693,1.000000,4.356564
coupled,0.00,1,2,0.978015,1.000000,4.798862
coupled,0.00,1,3,0.984800,1.000000,4.710450
coupled,0.00,1,4,0.987854,1.000000,4.662511
coupled,0.00,1,5,0.986648,1.000000,4.802940
coupled,0.00,1,6,0.987564,1.000000,4.644473
coupled,0.00,1,7,0.987475,1.000000,4.641322
coupled,0.00,1,8,0.984723,1.000000,4.709559
coupled,0.00,1,9,0.982716,1.000000,4.701267
coupled,0.00,1,10,0.986565,1.000000,4.495152
coupled,0.00,1,11,0.976887,1.000000,4.737358
coupled,0.00,1,12,0.988747,1.000000,4.738448
coupled,0.00,1,13,0.989429,1.000000,4.437429
coupled,0.00,1,14,0.980925,1.000000,4.626142
coupled,0.00,1,15,0.983114,1.000000,4.651236
coupled,0.00,1,16,0.981975,1.000000,4.648049
coupled,0.00,1,17,0.986425,1.000000,4.572982
coupled,0.00,1,18,0.987469,1.000000,4.450433
coupled,0.00,1,19,0.982830,1.000000,4.763745
coupled,0.00,1,20,0.991545,1.000000,4.671532
coupled,0.00,1,21,0.987487,1.000000,4.810859
coupled,0.00,1,22,0.986304,1.000000,4.631559
coupled,0.00,1,23,0.974705,1.000000,4.849367
coupled,0.00,1,24,0.986433,1.000000,4.781724
coupled,0.00,1,25,0.987315,1.000000,5.098271
coupled,0.00,1,26,0.992067,1.000000,4.975358
coupled,0.00,1,27,0.989882,1.000000,4.697344
coupled,0.00,1,28,0.986772,1.000000,4.799598
coupled,0.00,1,29,0.988904,1.000000,4.930502
coupled,0.00,1,30,0.991532,1.000000,4.994177
coupled,0.00,1,31,0.987779,1.000000,5.050087
coupled,0.00,1,32,0.990909,1.000000,4.705990
coupled,0.00,1,33,0.987001,1.000000,4.494336
coupled,0.00,1,34,0.981638,1.000000,4.562405
coupled,0.00,1,35,0.980543,1.000000,4.727340
coupled,0.00,1,36,0.989705,1.000000,4.640253
coupled,0.00,1,37,0.977257,1.000000,4.487250
coupled,0.00,1,38,0.975472,1.000000,4.669636
coupled,0.00,1,39,0.987259,1.000000,4.781078
coupled,0.00,1,40,0.989394,1.000000,4.807829
coupled,0.00,1,41,0.989857,1.000000,4.796732
coupled,0.00,1,42,0.988224,1.000000,4.569370
coupled,0.00,1,43,0.984858,1.000000,4.509235
coupled,0.00,1,44,0.984910,1.000000,4.596876
coupled,0.00,1,45,0.975175,1.000000,4.711567
coupled,0.00,1,46,0.988662,1.000000,4.760511
coupled,0.00,1,47,0.987040,1.000000,4.788330
coupled,0.00,1,48,0.981846,1.000000,4.573582
coupled,0.00,1,49,0.987789,1.000000,4.890326
coupled,0.00,1,50,0.984992,1.000000,4.756209
coupled,0.00,1,51,0.990110,1.000000,4.780092
coupled,0.00,1,52,0.989443,1.000000,4.756655
coupled,0.00,1,53,0.988200,1.000000,4.447338
coupled,0.00,1,54,0.978883,1.000000,4.887118
coupled,0.00,1,55,0.987938,1.000000,4.515234
coupled,0.00,1,56,0.981288,1.000000,4.878229
coupled,0.00,1,57,0.988432,1.000000,4.877775
coupled,0.00,1,58,0.989387,1.000000,4.779463
coupled,0.00,1,59,0.991392,1.000000,4.337533
coupled,0.00,1,60,0.975616,1.000000,4.663569
coupled,0.00,1,61,0.983095,1.000000,4.584703
coupled,0.00,1,62,0.980722,1.000000,4.845414
coupled,0.00,1,63,0.987919,1.000000,5.048536
coupled,0.00,1,64,0.992133,1.000000,4.672640
coupled,0.00,1,65,0.982965,1.000000,4.583156
coupled,0.00,1,66,0.980612,1.000000,4.446291
coupled,0.00,1,67,0.978443,1.000000,4.579614
coupled,0.00,1,68,0.981211,1.000000,4.813380
coupled,0.00,1,69,0.987088,1.000000,4.587660
coupled,0.00,1,70,0.982900,1.000000,4.589501
coupled,0.00,1,71,0.985205,1.000000,4.439673
coupled,0.00,1,72,0.979252,1.000000,4.633105
coupled,0.00,1,73,0.978732,1.000000,4.761784
coupled,0.00,1,74,0.988552,1.000000,4.446000
coupled,0.00,1,75,0.977272,1.000000,4.627142
coupled,0.00,1,76,0.987249,1.000000,4.964620
coupled,0.00,1,77,0.987229,1.000000,4.627688
coupled,0.00,1,78,0.982208,1.000000,4.517570
coupled,0.00,1,79,0.984264,1.000000,4.560819
coupled,0.00,1,80,0.985740,1.000000,4.577121
coupled,0.00,1,81,0.981767,1.000000,4.733876
coupled,0.00,1,82,0.988163,1.000000,4.437776
coupled,0.00,1,83,0.981601,1.000000,4.734963
coupled,0.00,1,84,0.983924,1.000000,4.961438
coupled,0.00,1,85,0.991946,1.000000,4.719858
coupled,0.00,1,86,0.987351,1.000000,4.870458
coupled,0.00,1,87,0.989581,1.000000,4.780991
coupled,0.00,1,88,0.989203,1.000000,4.520402
coupled,0.00,1,89,0.981495,1.000000,4.400991
coupled,0.00,1,90,0.983650,1.000000,4.533576
coupled,0.00,1,91,0.981215,1.000000,4.343989
coupled,0.00,1,92,0.977636,1.000000,4.560762
coupled,0.00,1,93,0.983574,1.000000,4.733988
coupled,0.00,1,94,0.989813,1.000000,4.851043
coupled,0.00,1,95,0.989026,1.000000,4.649449
coupled,0.00,1,96,0.984538,1.000000,4.550631
coupled,0.00,1,97,0.981382,1.000000,4.920671
coupled,0.00,1,98,0.991342,1.000000,4.726647
coupled,0.00,1,99,0.986348,1.000000,4.801420
coupled,0.00,1,100,0.989434,1.000000,4.675331
coupled,0.00,1,101,0.987261,1.000000,4.334554
coupled,0.00,1,102,0.968261,1.000000,4.667218
coupled,0.00,1,103,0.983745,1.000000,4.583487
coupled,0.00,1,104,0.980919,1.000000,4.531617
coupled,0.00,1,105,0.980155,1.000000,4.893859
coupled,0.00,1,106,0.987297,1.000000,4.570554
coupled,0.00,1,107,0.979453,1.000000,4.619561
coupled,0.00,1,108,0.979192,1.000000,4.634268
coupled,0.00,1,109,0.985294,1.000000,4.741198
coupled,0.00,1,110,0.984825,1.000000,4.696609
coupled,0.00,1,111,0.982066,1.000000,4.404573
coupled,0.00,1,112,0.973018,1.000000,4.534556
coupled,0.00,1,113,0.978779,1.000000,4.714046
coupled,0.00,1,114,0.985014,1.000000,4.934916
coupled,0.00,1,115,0.991015,1.000000,4.979293
coupled,0.00,1,116,0.990349,1.000000,4.707101
coupled,0.00,1,117,0.982854,1.000000,4.606203
coupled,0.00,1,118,0.985901,1.000000,4.666311
coupled,0.00,1,119,0.987198,1.000000,4.497533
coupled,0.00,1,120,0.982728,1.000000,4.643862
coupled,0.00,1,121,0.986948,1.000000,4.713756
coupled,0.00,1,122,0.984001,1.000000,4.854075
coupled,0.00,1,123,0.991607,1.000000,4.690145
coupled,0.00,1,124,0.982065,1.000000,4.733096
coupled,0.00,1,125,0.986803,1.000000,4.674787
coupled,0.00,1,126,0.987321,1.000000,4.778637
coupled,0.00,1,127,0.987264,1.000000,4.704949
coupled,0.00,1,128,0.985533,1.000000,4.974183
coupled,0.00,1,129,0.990728,1.000000,4.769357
coupled,0.00,1,130,0.988038,1.000000,4.772703
coupled,0.00,1,131,0.986278,1.000000,4.651257
coupled,0.00,1,132,0.983203,1.000000,4.814831
coupled,0.00,1,133,0.987880,1.000000,5.092584
coupled,0.00,1,134,0.993014,1.000000,4.967163
coupled,0.00,1,135,0.990217,1.000000,4.708853
coupled,0.00,1,136,0.979949,1.000000,4.828945
coupled,0.00,1,137,0.989359,1.000000,4.735869
coupled,0.00,1,138,0.979554,1.000000,4.664891
coupled,0.00,1,139,0.985489,1.000000,4.581701
coupled,0.00,1,140,0.982812,1.000000,4.761967
coupled,0.00,1,141,0.975002,1.000000,4.534438
coupled,0.00,1,142,0.982767,1.000000,4.678853
coupled,0.00,1,143,0.984677,1.000000,4.493141
coupled,0.00,1,144,0.985007,1.000000,4.622612
coupled,0.00,1,145,0.985899,1.000000,4.797993
coupled,0.00,1,146,0.988315,1.000000,5.092091
coupled,0.00,1,147,0.993585,1.000000,4.624489
coupled,0.00,1,148,0.984172,1.000000,4.630608
coupled,0.00,1,149,0.979580,1.000000,4.653960
coupled,0.00,1,150,0.988210,1.000000,4.691894
coupled,0.00,1,151,0.986335,1.000000,4.935421
coupled,0.00,1,152,0.989798,1.000000,4.662545
coupled,0.00,1,153,0.983088,1.000000,4.733694
coupled,0.00,1,154,0.985560,1.000000,4.882464
coupled,0.00,1,155,0.986663,1.000000,4.872126
coupled,0.00,1,156,0.989672,1.000000,4.511016
coupled,0.00,1,157,0.982237,1.000000,4.737058
coupled,0.00,1,158,0.987541,1.000000,4.921485
coupled,0.00,1,159,0.991717,1.000000,4.731163
coupled,0.00,1,160,0.987221,1.000000,4.617404
coupled,0.00,1,161,0.982957,1.000000,4.719712
coupled,0.00,1,162,0.983688,1.000000,4.780694
coupled,0.00,1,163,0.986013,1.000000,4.849473
coupled,0.00,1,164,0.988281,1.000000,4.672219
coupled,0.00,1,165,0.985235,1.000000,4.670825
coupled,0.00,1,166,0.983896,1.000000,4.756735
coupled,0.00,1,167,0.986609,1.000000,4.788657
coupled,0.00,1,168,0.988897,1.000000,4.880632
coupled,0.00,1,169,0.989920,1.000000,4.810805
coupled,0.00,1,170,0.983632,1.000000,4.707487
coupled,0.00,1,171,0.986005,1.000000,4.850305
coupled,0.00,1,172,0.989847,1.000000,5.057831
coupled,0.00,1,173,0.989542,1.000000,4.718431
coupled,0.00,1,174,0.981306,1.000000,4.787352
coupled,0.00,1,175,0.980908,1.000000,4.982614
coupled,0.00,1,176,0.991263,1.000000,4.665948
coupled,0.00,1,177,0.983199,1.000000,4.787182
coupled,0.00,1,178,0.984913,1.000000,4.742570
coupled,0.00,1,179,0.982519,1.000000,4.624892
coupled,0.00,1,180,0.980867,1.000000,4.619055
coupled,0.00,1,181,0.982331,1.000000,4.704563
coupled,0.00,1,182,0.986938,1.000000,4.788064
coupled,0.00,1,183,0.989765,1.000000,4.633187
coupled,0.00,1,184,0.985870,1.000000,4.610166
coupled,0.00,1,185,0.986047,1.000000,4.906312
coupled,0.00,1,186,0.990978,1.000000,4.662928
coupled,0.00,1,187,0.983611,1.000000,4.663608
coupled,0.00,1,188,0.987639,1.000000,4.737354
coupled,0.00,1,189,0.986895,1.000000,4.670952
coupled,0.00,1,190,0.985594,1.000000,4.663402
coupled,0.00,1,191,0.985654,1.000000,4.571004
coupled,0.00,1,192,0.987343,1.000000,4.527202
coupled,0.00,1,193,0.984902,1.000000,4.855458
coupled,0.00,1,194,0.989459,1.000000,4.698001
coupled,0.00,1,195,0.982377,1.000000,4.690681
coupled,0.00,1,196,0.989375,1.000000,4.717376
coupled,0.00,1,197,0.981905,1.000000,4.795771
coupled,0.00,1,198,0.987225,1.000000,4.781001
coupled,0.00,1,199,0.988366,1.000000,4.784666
coupled,0.00,1,200,0.988265,1.000000,4.792120
coupled,0.00,1,201,0.985866,1.000000,4.441305
coupled,0.00,1,202,0.982697,1.000000,4.729826
coupled,0.00,1,203,0.985447,1.000000,4.876347
coupled,0.00,1,204,0.989294,1.000000,4.660661
coupled,0.00,1,205,0.984973,1.000000,4.744882
coupled,0.00,1,206,0.987635,1.000000,4.689986
coupled,0.00,1,207,0.984303,1.000000,4.559508
coupled,0.00,1,208,0.987479,1.000000,4.730571
coupled,0.00,1,209,0.984560,1.000000,4.657501
coupled,0.00,1,210,0.987769,1.000000,4.710848
coupled,0.00,1,211,0.988573,1.000000,4.630729
coupled,0.00,1,212,0.982984,1.000000,4.725622
coupled,0.00,1,213,0.985686,1.000000,4.736000
coupled,0.00,1,214,0.988554,1.000000,4.888186
coupled,0.00,1,215,0.990687,1.000000,4.602183
coupled,0.00,1,216,0.984495,1.000000,4.719609
coupled,0.00,1,217,0.987678,1.000000,4.521081
coupled,0.00,1,218,0.983341,1.000000,4.736178
coupled,0.00,1,219,0.984911,1.000000,4.664141
coupled,0.00,1,220,0.987130,1.000000,4.447556
coupled,0.00,1,221,0.978823,1.000000,4.376262
coupled,0.00,1,222,0.978493,1.000000,4.560315
coupled,0.00,1,223,0.987272,1.000000,4.577701
coupled,0.00,1,224,0.980086,1.000000,4.607673
coupled,0.00,1,225,0.978204,1.000000,4.819659
coupled,0.00,1,226,0.987669,1.000000,4.803543
coupled,0.00,1,227,0.984219,1.000000,5.068623
coupled,0.00,1,228,0.990030,1.000000,4.664814
coupled,0.00,1,229,0.984844,1.000000,4.608781
coupled,0.00,1,230,0.986525,1.000000,4.639080
coupled,0.00,1,231,0.982218,1.000000,4.707257
coupled,0.00,1,232,0.984758,1.000000,4.875335
coupled,0.00,1,233,0.989133,1.000000,4.503560
coupled,0.00,1,234,0.981456,1.000000,4.684008
coupled,0.00,1,235,0.987723,1.000000,4.820150
coupled,0.00,1,236,0.982427,1.000000,4.843982
coupled,0.00,1,237,0.988206,1.000000,4.836625
coupled,0.00,1,238,0.989106,1.000000,4.725379
coupled,0.00,1,239,0.984413,1.000000,4.545057
coupled,0.00,1,240,0.986164,1.000000,4.629704
coupled,0.00,1,241,0.983670,1.000000,4.697595
coupled,0.00,1,242,0.986173,1.000000,4.610866
coupled,0.00,1,243,0.985835,1.000000,4.688596
coupled,0.00,1,244,0.989222,1.000000,4.768354
coupled,0.00,1,245,0.989830,1.000000,4.724861
coupled,0.00,1,246,0.985653,1.000000,4.589276
coupled,0.00,1,247,0.986709,1.000000,4.477522
coupled,0.00,1,248,0.972044,1.000000,4.582858
coupled,0.00,1,249,0.986112,1.000000,4.581428
coupled,0.00,1,250,0.980187,1.000000,4.729066
coupled,0.00,1,251,0.988274,1.000000,4.640531
coupled,0.00,1,252,0.983502,1.000000,4.573345
coupled,0.00,1,253,0.984003,1.000000,4.308659
coupled,0.00,1,254,0.975758,1.000000,4.597821
coupled,0.00,1,255,0.986820,1.000000,4.536254
coupled,0.00,1,256,0.983621,1.000000,4.679739
coupled,0.00,1,257,0.985778,1.000000,4.505263
coupled,0.00,1,258,0.978051,1.000000,4.798766
coupled,0.00,1,259,0.982146,1.000000,4.755474
coupled,0.00,1,260,0.985010,1.000000,4.709256
coupled,0.00,1,261,0.980968,1.000000,4.758572
coupled,0.00,1,262,0.982234,1.000000,4.856678
coupled,0.00,1,263,0.992180,1.000000,4.654621
coupled,0.00,1,264,0.986428,1.000000,4.561735
coupled,0.00,1,265,0.977365,1.000000,4.654109
coupled,0.00,1,266,0.984152,1.000000,4.846841
coupled,0.00,1,267,0.989546,1.000000,4.626804
coupled,0.00,1,268,0.982826,1.000000,4.514631
coupled,0.00,1,269,0.979680,1.000000,4.829307
coupled,0.00,1,270,0.988224,1.000000,4.744102
coupled,0.00,1,271,0.987762,1.000000,4.629359
coupled,0.00,1,272,0.984140,1.000000,4.747759
coupled,0.00,1,273,0.986689,1.000000,4.859552
coupled,0.00,1,274,0.988191,1.000000,4.542049
coupled,0.00,1,275,0.980589,1.000000,4.566811
coupled,0.00,1,276,0.980582,1.000000,4.701077
coupled,0.00,1,277,0.984135,1.000000,4.679187
coupled,0.00,1,278,0.987638,1.000000,4.784791
coupled,0.00,1,279,0.988116,1.000000,4.773510
coupled,0.00,1,280,0.988306,1.000000,4.324532
coupled,0.00,1,281,0.976799,1.000000,4.559736
coupled,0.00,1,282,0.983814,1.000000,4.734033
coupled,0.00,1,283,0.988308,1.000000,4.853039
coupled,0.00,1,284,0.988371,1.000000,4.673792
coupled,0.00,1,285,0.985345,1.000000,4.443698
coupled,0.00,1,286,0.972899,1.000000,4.550816
coupled,0.00,1,287,0.988342,1.000000,4.796154
coupled,0.00,1,288,0.987313,1.000000,4.769634
coupled,0.00,1,289,0.984265,1.000000,4.677463
coupled,0.00,1,290,0.986879,1.000000,4.758720
coupled,0.00,1,291,0.981196,1.000000,4.868293
coupled,0.00,1,292,0.989395,1.000000,4.704714
coupled,0.00,1,293,0.987008,1.000000,4.503695
coupled,0.00,1,294,0.985017,1.000000,4.625793
coupled,0.00,1,295,0.988092,1.000000,4.583194
coupled,0.00,1,296,0.975999,1.000000,4.552697
coupled,0.00,1,297,0.986768,1.000000,4.876694
coupled,0.00,1,298,0.987543,1.000000,4.684806
coupled,0.00,1,299,0.983906,1.000000,4.724635
coupled,0.00,1,300,0.982730,1.000000,4.706634
coupled,0.00,1,301,0.985875,1.000000,4.757941
coupled,0.00,1,302,0.985839,1.000000,4.715436
coupled,0.00,1,303,0.987382,1.000000,4.685564
coupled,0.00,1,304,0.979627,1.000000,4.531836
coupled,0.00,1,305,0.977540,1.000000,4.326598
coupled,0.00,1,306,0.974043,1.000000,4.516323
coupled,0.00,1,307,0.981668,1.000000,4.738468
coupled,0.00,1,308,0.987459,1.000000,4.704692
coupled,0.00,1,309,0.985221,1.000000,5.034332
coupled,0.00,1,310,0.992213,1.000000,4.588223
coupled,0.00,1,311,0.984329,1.000000,4.781562
coupled,0.00,1,312,0.985475,1.000000,4.673145
coupled,0.00,1,313,0.985341,1.000000,4.490632
coupled,0.00,1,314,0.981046,1.000000,4.733776
coupled,0.00,1,315,0.984828,1.000000,4.488179
coupled,0.00,1,316,0.985382,1.000000,4.702172
coupled,0.00,1,317,0.984202,1.000000,4.462063
coupled,0.00,1,318,0.972914,1.000000,4.640531
coupled,0.00,1,319,0.987715,1.000000,4.548325
coupled,0.00,1,320,0.983829,1.000000,4.550560
coupled,0.00,1,321,0.984080,1.000000,4.855574
coupled,0.00,1,322,0.988436,1.000000,4.637180
coupled,0.00,1,323,0.986718,1.000000,4.790110
coupled,0.00,1,324,0.987731,1.000000,4.645713
coupled,0.00,1,325,0.989304,1.000000,4.575832
coupled,0.00,1,326,0.982343,1.000000,4.472260
coupled,0.00,1,327,0.982478,1.000000,4.584948
coupled,0.00,1,328,0.984446,1.000000,4.818369
coupled,0.00,1,329,0.988111,1.000000,4.842235
coupled,0.00,1,330,0.991834,1.000000,4.599413
coupled,0.00,1,331,0.986173,1.000000,4.576509
coupled,0.00,1,332,0.984432,1.000000,4.620634
coupled,0.00,1,333,0.982753,1.000000,4.512729
coupled,0.00,1,334,0.984148,1.000000,4.513747
coupled,0.00,1,335,0.983547,1.000000,4.766913
coupled,0.00,1,336,0.988258,1.000000,4.767854
coupled,0.00,1,337,0.985852,1.000000,4.761824
coupled,0.00,1,338,0.988704,1.000000,4.710179
coupled,0.00,1,339,0.985241,1.000000,4.723209
coupled,0.00,1,340,0.988058,1.000000,4.571739
coupled,0.00,1,341,0.984653,1.000000,4.506466
coupled,0.00,1,342,0.979500,1.000000,4.684009
coupled,0.00,1,343,0.987898,1.000000,4.708901
coupled,0.00,1,344,0.987419,1.000000,4.742772
coupled,0.00,1,345,0.982340,1.000000,4.655790
coupled,0.00,1,346,0.980027,1.000000,4.740502
coupled,0.00,1,347,0.985942,1.000000,4.571890
coupled,0.00,1,348,0.980746,1.000000,4.717206
coupled,0.00,1,349,0.988787,1.000000,4.792293
coupled,0.00,1,350,0.988638,1.000000,4.565712
coupled,0.00,1,351,0.986472,1.000000,4.887115
coupled,0.00,1,352,0.987919,1.000000,4.982553
coupled,0.00,1,353,0.990204,1.000000,4.587954
coupled,0.00,1,354,0.982757,1.000000,4.837757
coupled,0.00,1,355,0.988803,1.000000,4.978400
coupled,0.00,1,356,0.992169,1.000000,4.902662
coupled,0.00,1,357,0.987547,1.000000,4.636243
coupled,0.00,1,358,0.977945,1.000000,4.693375
coupled,0.00,1,359,0.982260,1.000000,4.810603
coupled,0.00,1,360,0.988497,1.000000,4.729300
coupled,0.00,1,361,0.985289,1.000000,4.841902
coupled,0.00,1,362,0.986902,1.000000,5.068917
coupled,0.00,1,363,0.991920,1.000000,4.713169
coupled,0.00,1,364,0.978180,1.000000,4.876771
coupled,0.00,1,365,0.987396,1.000000,4.923983
coupled,0.00,1,366,0.987284,1.000000,4.825040
coupled,0.00,1,367,0.986602,1.000000,4.769614
coupled,0.00,1,368,0.984781,1.000000,4.562175
coupled,0.00,1,369,0.983315,1.000000,4.707919
coupled,0.00,1,370,0.981563,1.000000,4.630865
coupled,0.00,1,371,0.983060,1.000000,4.756963
coupled,0.00,1,372,0.983713,1.000000,4.716721
coupled,0.00,1,373,0.987651,1.000000,4.760721
coupled,0.00,1,374,0.990706,1.000000,4.619586
coupled,0.00,1,375,0.978850,1.000000,4.440994
coupled,0.00,1,376,0.977272,1.000000,4.622497
coupled,0.00,1,377,0.984449,1.000000,4.516194
coupled,0.00,1,378,0.982691,1.000000,4.641465
coupled,0.00,1,379,0.984525,1.000000,4.687177
coupled,0.00,1,380,0.985392,1.000000,4.561050
coupled,0.00,1,381,0.979568,1.000000,4.965708
coupled,0.00,1,382,0.989633,1.000000,5.024938
coupled,0.00,1,383,0.988397,1.000000,4.740154
coupled,0.00,1,384,0.983986,1.000000,4.480160
coupled,0.00,1,385,0.980334,1.000000,4.836794
coupled,0.00,1,386,0.987026,1.000000,4.659188
coupled,0.00,1,387,0.981581,1.000000,4.854745
coupled,0.00,1,388,0.984466,1.000000,4.761376
coupled,0.00,1,389,0.979499,1.000000,4.836959
coupled,0.00,1,390,0.982578,1.000000,4.634331
coupled,0.00,1,391,0.980042,1.000000,4.546602
coupled,0.00,1,392,0.981494,1.000000,4.462085
coupled,0.00,1,393,0.979121,1.000000,4.650336
coupled,0.00,1,394,0.986102,1.000000,4.722122
coupled,0.00,1,395,0.986259,1.000000,4.674582
coupled,0.00,1,396,0.981629,1.000000,4.677961
coupled,0.00,1,397,0.983841,1.000000,4.558192
coupled,0.00,1,398,0.979923,1.000000,4.661393
coupled,0.00,1,399,0.981953,1.000000,4.474648
coupled,0.00,1,400,0.984299,1.000000,4.523581
coupled,0.00,1,401,0.980330,1.000000,4.938623
coupled,0.00,1,402,0.985170,1.000000,4.936334
coupled,0.00,1,403,0.986498,1.000000,4.775292
coupled,0.00,1,404,0.989460,1.000000,4.566807
coupled,0.00,1,405,0.983176,1.000000,4.734312
coupled,0.00,1,406,0.985690,1.000000,4.471530
coupled,0.00,1,407,0.978799,1.000000,4.702634
coupled,0.00,1,408,0.986181,1.000000,4.597501
coupled,0.00,1,409,0.978420,1.000000,4.343115
coupled,0.00,1,410,0.978224,1.000000,4.739763
coupled,0.00,1,411,0.989322,1.000000,4.855169
coupled,0.00,1,412,0.988448,1.000000,4.734936
coupled,0.00,1,413,0.989706,1.000000,4.779630
coupled,0.00,1,414,0.988757,1.000000,4.709797
coupled,0.00,1,415,0.982410,1.000000,4.737644
coupled,0.00,1,416,0.983926,1.000000,4.789639
coupled,0.00,1,417,0.988528,1.000000,4.949283
coupled,0.00,1,418,0.988731,1.000000,4.810205
coupled,0.00,1,419,0.985770,1.000000,4.359104
coupled,0.00,1,420,0.973195,1.000000,4.693989
coupled,0.00,1,421,0.989431,1.000000,4.990946
coupled,0.00,1,422,0.991811,1.000000,4.739028
coupled,0.00,1,423,0.986134,1.000000,4.649393
coupled,0.00,1,424,0.980930,1.000000,4.340811
coupled,0.00,1,425,0.980010,1.000000,4.804723
coupled,0.00,1,426,0.987138,1.000000,4.746195
coupled,0.00,1,427,0.982500,1.000000,4.690014
coupled,0.00,1,428,0.984720,1.000000,4.503043
coupled,0.00,1,429,0.971891,1.000000,4.572427
coupled,0.00,1,430,0.980609,1.000000,4.562856
coupled,0.00,1,431,0.981643,1.000000,4.601717
coupled,0.00,1,432,0.984956,1.000000,4.667730
coupled,0.00,1,433,0.985288,1.000000,4.908425
coupled,0.00,1,434,0.988157,1.000000,4.887637
coupled,0.00,1,435,0.989178,1.000000,4.538450
coupled,0.00,1,436,0.976836,1.000000,4.631689
coupled,0.00,1,437,0.984863,1.000000,4.424161
coupled,0.00,1,438,0.976065,1.000000,4.763789
coupled,0.00,1,439,0.985800,1.000000,4.558229
coupled,0.00,1,440,0.986866,1.000000,4.639615
coupled,0.00,1,441,0.978963,1.000000,4.563380
coupled,0.00,1,442,0.985000,1.000000,4.481781
coupled,0.00,1,443,0.982182,1.000000,4.857711
coupled,0.00,1,444,0.990766,1.000000,4.743928
coupled,0.00,1,445,0.986812,1.000000,5.171204
coupled,0.00,1,446,0.994312,1.000000,4.714801
coupled,0.00,1,447,0.986758,1.000000,4.931712
coupled,0.00,1,448,0.988179,1.000000,4.596545
coupled,0.00,1,449,0.984536,1.000000,4.650789
coupled,0.00,1,450,0.979659,1.000000,4.597164
coupled,0.00,1,451,0.981504,1.000000,4.613288
coupled,0.00,1,452,0.980554,1.000000,4.904612
coupled,0.00,1,453,0.990196,1.000000,4.663989
coupled,0.00,1,454,0.983721,1.000000,4.663845
coupled,0.00,1,455,0.979126,1.000000,4.832831
coupled,0.00,1,456,0.987757,1.000000,4.581453
coupled,0.00,1,457,0.985001,1.000000,4.522491
coupled,0.00,1,458,0.973781,1.000000,4.529864
coupled,0.00,1,459,0.983350,1.000000,4.725188
coupled,0.00,1,460,0.986811,1.000000,4.808642
coupled,0.00,1,461,0.985696,1.000000,4.659570
coupled,0.00,1,462,0.987811,1.000000,5.005010
coupled,0.00,1,463,0.989570,1.000000,4.704753
coupled,0.00,1,464,0.987636,1.000000,4.548261
coupled,0.00,1,465,0.983429,1.000000,4.710713
coupled,0.00,1,466,0.988004,1.000000,4.506836
coupled,0.00,1,467,0.973623,1.000000,4.715921
coupled,0.00,1,468,0.990048,1.000000,4.873366
coupled,0.00,1,469,0.988176,1.000000,5.169163
coupled,0.00,1,470,0.992600,1.000000,4.685551
coupled,0.00,1,471,0.984983,1.000000,4.779998
coupled,0.00,1,472,0.989475,1.000000,4.461897
coupled,0.00,1,473,0.974715,1.000000,4.547362
coupled,0.00,1,474,0.987304,1.000000,4.586253
coupled,0.00,1,475,0.984083,1.000000,4.469038
coupled,0.00,1,476,0.983665,1.000000,4.589438
coupled,0.00,1,477,0.984994,1.000000,4.756315
coupled,0.00,1,478,0.988067,1.000000,4.910423
coupled,0.00,1,479,0.987750,1.000000,4.861669
coupled,0.00,1,480,0.987763,1.000000,4.669314
coupled,0.00,1,481,0.987484,1.000000,4.656750
coupled,0.00,1,482,0.982011,1.000000,4.690731
coupled,0.00,1,483,0.988480,1.000000,4.674855
coupled,0.00,1,484,0.984004,1.000000,4.919952
coupled,0.00,1,485,0.991237,1.000000,4.887690
coupled,0.00,1,486,0.990768,1.000000,4.653250
coupled,0.00,1,487,0.983035,1.000000,4.496032
coupled,0.00,1,488,0.981286,1.000000,4.726388
coupled,0.00,1,489,0.984903,1.000000,4.499304
coupled,0.00,1,490,0.981454,1.000000,4.832283
coupled,0.00,1,491,0.989618,1.000000,4.460779
coupled,0.00,1,492,0.982282,1.000000,4.584135
coupled,0.00,1,493,0.978719,1.000000,4.708840
coupled,0.00,1,494,0.986131,1.000000,4.624529
coupled,0.00,1,495,0.982547,1.000000,4.755645
coupled,0.00,1,496,0.987412,1.000000,4.619727
coupled,0.00,1,497,0.982584,1.000000,4.750527
coupled,0.00,1,498,0.986092,1.000000,4.776482
coupled,0.00,1,499,0.982343,1.000000,4.699109
coupled,0.50,1,0,0.980783,0.990392,4.765270
coupled,0.50,1,1,0.991575,0.995787,4.692329
coupled,0.50,1,2,0.980838,0.990419,4.846263
coupled,0.50,1,3,0.988038,0.994019,4.845382
coupled,0.50,1,4,0.986220,0.993110,4.647765
coupled,0.50,1,5,0.988784,0.994392,4.593169
coupled,0.50,1,6,0.981293,0.990647,4.671210
coupled,0.50,1,7,0.985583,0.992791,4.933906
coupled,0.50,1,8,0.991439,0.995719,4.758430
coupled,0.50,1,9,0.979515,0.989758,4.707600
coupled,0.50,1,10,0.987488,0.993744,4.401837
coupled,0.50,1,11,0.974903,0.987451,4.558105
coupled,0.50,1,12,0.985568,0.992784,4.864490
coupled,0.50,1,13,0.989518,0.994759,4.787853
coupled,0.50,1,14,0.988112,0.994056,4.758395
coupled,0.50,1,15,0.986020,0.993010,4.607559
coupled,0.50,1,16,0.984162,0.992081,4.695035
coupled,0.50,1,17,0.983121,0.991561,4.875440
coupled,0.50,1,18,0.988738,0.994369,4.554554
coupled,0.50,1,19,0.982531,0.991266,4.618680
coupled,0.50,1,20,0.985872,0.992936,4.820413
coupled,0.50,1,21,0.994125,0.997063,4.807768
coupled,0.50,1,22,0.989066,0.994533,4.910876
coupled,0.50,1,23,0.991038,0.995519,4.877658
coupled,0.50,1,24,0.989475,0.994737,4.776025
coupled,0.50,1,25,0.987006,0.993503,4.630411
coupled,0.50,1,26,0.986824,0.993412,4.910078
coupled,0.50,1,27,0.986995,0.993497,4.816824
coupled,0.50,1,28,0.986808,0.993404,4.770786
coupled,0.50,1,29,0.988250,0.994125,4.928280
coupled,0.50,1,30,0.990375,0.995188,4.853413
coupled,0.50,1,31,0.990906,0.995453,4.833764
coupled,0.50,1,32,0.987493,0.993746,4.856084
coupled,0.50,1,33,0.989689,0.994845,4.729122
coupled,0.50,1,34,0.986845,0.993422,4.694238
coupled,0.50,1,35,0.982606,0.991303,4.714301
coupled,0.50,1,36,0.989182,0.994591,4.581122
coupled,0.50,1,37,0.983973,0.991986,4.861657
coupled,0.50,1,38,0.984306,0.992153,4.653931
coupled,0.50,1,39,0.987946,0.993973,4.503675
coupled,0.50,1,40,0.978771,0.989386,4.781819
coupled,0.50,1,41,0.988195,0.994098,4.674078
coupled,0.50,1,42,0.983265,0.991632,5.043013
coupled,0.50,1,43,0.993127,0.996563,4.932690
coupled,0.50,1,44,0.986267,0.993134,4.631656
coupled,0.50,1,45,0.984309,0.992155,4.886690
coupled,0.50,1,46,0.987931,0.993966,4.772417
coupled,0.50,1,47,0.989155,0.994578,4.510313
coupled,0.50,1,48,0.984006,0.992003,4.554568
coupled,0.50,1,49,0.980717,0.990359,4.607769
coupled,0.50,1,50,0.984807,0.992404,4.638225
coupled,0.50,1,51,0.985968,0.992984,4.668891
coupled,0.50,1,52,0.989908,0.994954,4.806559
coupled,0.50,1,53,0.989479,0.994739,4.772134
coupled,0.50,1,54,0.990014,0.995007,4.808676
coupled,0.50,1,55,0.986000,0.993000,4.372059
coupled,0.50,1,56,0.977206,0.988603,4.463374
coupled,0.50,1,57,0.982001,0.991000,4.818432
coupled,0.50,1,58,0.986188,0.993094,4.596392
coupled,0.50,1,59,0.982761,0.991381,4.568523
coupled,0.50,1,60,0.980515,0.990258,4.419256
coupled,0.50,1,61,0.983409,0.991704,4.872929
coupled,0.50,1,62,0.984545,0.992272,4.623569
coupled,0.50,1,63,0.982273,0.991137,4.902817
coupled,0.50,1,64,0.992001,0.996001,4.945121
coupled,0.50,1,65,0.991197,0.995599,4.795291
coupled,0.50,1,66,0.988563,0.994281,5.065801
coupled,0.50,1,67,0.992740,0.996370,4.941483
coupled,0.50,1,68,0.986427,0.993213,4.741516
coupled,0.50,1,69,0.983845,0.991923,4.861407
coupled,0.50,1,70,0.986854,0.993427,4.755122
coupled,0.50,1,71,0.984388,0.992194,4.815877
coupled,0.50,1,72,0.988965,0.994483,4.687478
coupled,0.50,1,73,0.985113,0.992556,4.802533
coupled,0.50,1,74,0.989839,0.994920,4.394267
coupled,0.50,1,75,0.976641,0.988320,4.913586
coupled,0.50,1,76,0.988928,0.994464,4.608984
coupled,0.50,1,77,0.982147,0.991074,4.659205
coupled,0.50,1,78,0.980660,0.990330,4.508984
coupled,0.50,1,79,0.980278,0.990139,4.926362
coupled,0.50,1,80,0.990146,0.995073,4.543606
coupled,0.50,1,81,0.981269,0.990635,4.794197
coupled,0.50,1,82,0.986790,0.993395,5.092992
coupled,0.50,1,83,0.988744,0.994372,4.614711
coupled,0.50,1,84,0.981961,0.990981,4.758699
coupled,0.50,1,85,0.986954,0.993477,4.956898
coupled,0.50,1,86,0.990303,0.995151,4.724634
coupled,0.50,1,87,0.983516,0.991758,4.887468
coupled,0.50,1,88,0.990051,0.995025,4.778593
coupled,0.50,1,89,0.989426,0.994713,4.710386
coupled,0.50,1,90,0.983816,0.991908,4.516967
coupled,0.50,1,91,0.982070,0.991035,4.593146
coupled,0.50,1,92,0.983502,0.991751,4.796379
coupled,0.50,1,93,0.987954,0.993977,5.117758
coupled,0.50,1,94,0.992589,0.996295,4.618878
coupled,0.50,1,95,0.981080,0.990540,4.639171
coupled,0.50,1,96,0.984022,0.992011,4.745926
coupled,0.50,1,97,0.986717,0.993359,4.970366
coupled,0.50,1,98,0.990372,0.995186,4.859423
coupled,0.50,1,99,0.987038,0.993519,4.545335
coupled,0.50,1,100,0.979404,0.989702,4.708636
coupled,0.50,1,101,0.986329,0.993165,5.004901
coupled,0.50,1,102,0.991068,0.995534,4.525864
coupled,0.50,1,103,0.978914,0.989457,4.762574
coupled,0.50,1,104,0.986719,0.993359,4.785496
coupled,0.50,1,105,0.987571,0.993786,4.836580
coupled,0.50,1,106,0.990331,0.995166,4.568820
coupled,0.50,1,107,0.983327,0.991663,4.800336
coupled,0.50,1,108,0.988465,0.994233,4.641142
coupled,0.50,1,109,0.983649,0.991824,4.620013
coupled,0.50,1,110,0.982690,0.991345,4.706880
coupled,0.50,1,111,0.989037,0.994518,4.785618
coupled,0.50,1,112,0.984275,0.992138,4.894586
coupled,0.50,1,113,0.991123,0.995561,4.913669
coupled,0.50,1,114,0.988111,0.994056,4.871057
coupled,0.50,1,115,0.986727,0.993363,4.660546
coupled,0.50,1,116,0.987320,0.993660,4.625692
coupled,0.50,1,117,0.983405,0.991703,4.927193
coupled,0.50,1,118,0.988779,0.994389,4.799597
coupled,0.50,1,119,0.985763,0.992881,4.680636
coupled,0.50,1,120,0.982803,0.991401,4.577380
coupled,0.50,1,121,0.980497,0.990249,4.957531
coupled,0.50,1,122,0.987206,0.993603,4.850717
coupled,0.50,1,123,0.987494,0.993747,4.685359
coupled,0.50,1,124,0.986463,0.993232,4.745614
coupled,0.50,1,125,0.987000,0.993500,4.633191
coupled,0.50,1,126,0.985758,0.992879,4.917665
coupled,0.50,1,127,0.987147,0.993573,4.776616
coupled,0.50,1,128,0.982234,0.991117,4.855079
coupled,0.50,1,129,0.989210,0.994605,4.785911
coupled,0.50,1,130,0.986545,0.993273,4.814775
coupled,0.50,1,131,0.984184,0.992092,4.664004
coupled,0.50,1,132,0.981664,0.990832,4.631067
coupled,0.50,1,133,0.981447,0.990724,4.597044
coupled,0.50,1,134,0.980056,0.990028,4.790091
coupled,0.50,1,135,0.982941,0.991471,4.552430
coupled,0.50,1,136,0.982171,0.991086,4.862630
coupled,0.50,1,137,0.991090,0.995545,5.063069
coupled,0.50,1,138,0.991249,0.995624,4.835059
coupled,0.50,1,139,0.986299,0.993149,4.798763
coupled,0.50,1,140,0.984421,0.992210,4.538322
coupled,0.50,1,141,0.984336,0.992168,4.727737
coupled,0.50,1,142,0.988913,0.994457,4.733615
coupled,0.50,1,143,0.987047,0.993524,4.760152
coupled,0.50,1,144,0.988638,0.994319,4.775118
coupled,0.50,1,145,0.983436,0.991718,4.723734
coupled,0.50,1,146,0.987761,0.993881,4.628868
coupled,0.50,1,147,0.975431,0.987715,4.728633
coupled,0.50,1,148,0.990328,0.995164,4.545759
coupled,0.50,1,149,0.985371,0.992686,4.703228
coupled,0.50,1,150,0.985155,0.992577,4.956849
coupled,0.50,1,151,0.986016,0.993008,4.718111
coupled,0.50,1,152,0.991122,0.995561,4.462882
coupled,0.50,1,153,0.983252,0.991626,4.504828
coupled,0.50,1,154,0.981247,0.990624,4.748923
coupled,0.50,1,155,0.986844,0.993422,4.637599
coupled,0.50,1,156,0.983909,0.991954,4.814665
coupled,0.50,1,157,0.988672,0.994336,4.881895
coupled,0.50,1,158,0.990645,0.995323,4.748180
coupled,0.50,1,159,0.986226,0.993113,4.693233
coupled,0.50,1,160,0.989313,0.994656,4.939800
coupled,0.50,1,161,0.988846,0.994423,4.559191
coupled,0.50,1,162,0.983994,0.991997,4.797695
coupled,0.50,1,163,0.989046,0.994523,4.749993
coupled,0.50,1,164,0.984537,0.992268,4.554112
coupled,0.50,1,165,0.982520,0.991260,4.782091
coupled,0.50,1,166,0.988987,0.994493,4.768798
coupled,0.50,1,167,0.983308,0.991654,4.779020
coupled,0.50,1,168,0.987907,0.993953,4.814583
coupled,0.50,1,169,0.988726,0.994363,5.010633
coupled,0.50,1,170,0.988213,0.994107,4.989637
coupled,0.50,1,171,0.992022,0.996011,4.842585
coupled,0.50,1,172,0.990449,0.995224,4.911236
coupled,0.50,1,173,0.988329,0.994164,4.641692
coupled,0.50,1,174,0.982097,0.991049,4.686815
coupled,0.50,1,175,0.983800,0.991900,4.658043
coupled,0.50,1,176,0.989116,0.994558,4.589579
coupled,0.50,1,177,0.985110,0.992555,4.593003
coupled,0.50,1,178,0.981722,0.990861,4.786499
coupled,0.50,1,179,0.985814,0.992907,4.842432
coupled,0.50,1,180,0.985937,0.992969,4.639242
coupled,0.50,1,181,0.987492,0.993746,4.663497
coupled,0.50,1,182,0.989841,0.994920,4.565680
coupled,0.50,1,183,0.987925,0.993962,4.554240
coupled,0.50,1,184,0.981256,0.990628,4.836435
coupled,0.50,1,185,0.986108,0.993054,4.964762
coupled,0.50,1,186,0.990588,0.995294,4.606798
coupled,0.50,1,187,0.987716,0.993858,4.869269
coupled,0.50,1,188,0.986610,0.993305,4.378908
coupled,0.50,1,189,0.977512,0.988756,4.454947
coupled,0.50,1,190,0.981922,0.990961,4.634281
coupled,0.50,1,191,0.982145,0.991072,4.480817
coupled,0.50,1,192,0.984518,0.992259,4.757514
coupled,0.50,1,193,0.987696,0.993848,4.888170
coupled,0.50,1,194,0.986366,0.993183,4.916041
coupled,0.50,1,195,0.987269,0.993634,4.708292
coupled,0.50,1,196,0.987528,0.993764,4.748299
coupled,0.50,1,197,0.983359,0.991680,4.741611
coupled,0.50,1,198,0.986150,0.993075,4.837807
coupled,0.50,1,199,0.987372,0.993686,4.759065
coupled,0.50,1,200,0.979648,0.989824,4.691529
coupled,0.50,1,201,0.976268,0.988134,4.656877
coupled,0.50,1,202,0.981923,0.990961,4.896905
coupled,0.50,1,203,0.988167,0.994084,4.686986
coupled,0.50,1,204,0.989907,0.994953,4.846028
coupled,0.50,1,205,0.988729,0.994364,4.828800
coupled,0.50,1,206,0.985258,0.992629,4.853516
coupled,0.50,1,207,0.986373,0.993186,4.735562
coupled,0.50,1,208,0.983588,0.991794,4.897046
coupled,0.50,1,209,0.990309,0.995155,4.739068
coupled,0.50,1,210,0.987038,0.993519,4.612882
coupled,0.50,1,211,0.981715,0.990858,4.654261
coupled,0.50,1,212,0.983948,0.991974,4.712902
coupled,0.50,1,213,0.990764,0.995382,4.873651
coupled,0.50,1,214,0.991282,0.995641,4.884901
coupled,0.50,1,215,0.988846,0.994423,4.629646
coupled,0.50,1,216,0.986766,0.993383,4.971214
coupled,0.50,1,217,0.990219,0.995109,4.507881
coupled,0.50,1,218,0.983418,0.991709,4.681037
coupled,0.50,1,219,0.986395,0.993198,4.810706
coupled,0.50,1,220,0.984756,0.992378,4.703791
coupled,0.50,1,221,0.980517,0.990258,4.715752
coupled,0.50,1,222,0.985447,0.992723,4.390925
coupled,0.50,1,223,0.978284,0.989142,5.026966
coupled,0.50,1,224,0.988444,0.994222,4.785827
coupled,0.50,1,225,0.987090,0.993545,4.711138
coupled,0.50,1,226,0.985068,0.992534,4.637996
coupled,0.50,1,227,0.988005,0.994003,4.752193
coupled,0.50,1,228,0.981194,0.990597,4.675279
coupled,0.50,1,229,0.982586,0.991293,4.525472
coupled,0.50,1,230,0.985605,0.992803,4.778983
coupled,0.50,1,231,0.981069,0.990534,4.452023
coupled,0.50,1,232,0.979678,0.989839,4.421562
coupled,0.50,1,233,0.982773,0.991386,4.704950
coupled,0.50,1,234,0.990741,0.995370,5.012396
coupled,0.50,1,235,0.992152,0.996076,4.878009
coupled,0.50,1,236,0.986874,0.993437,4.754681
coupled,0.50,1,237,0.991472,0.995736,4.904898
coupled,0.50,1,238,0.988446,0.994223,4.610092
coupled,0.50,1,239,0.979773,0.989886,4.501523
coupled,0.50,1,240,0.982248,0.991124,4.823273
coupled,0.50,1,241,0.983861,0.991930,4.689016
coupled,0.50,1,242,0.987912,0.993956,4.570338
coupled,0.50,1,243,0.980941,0.990471,4.744010
coupled,0.50,1,244,0.985404,0.992702,4.937201
coupled,0.50,1,245,0.992687,0.996343,4.825043
coupled,0.50,1,246,0.989902,0.994951,4.840051
coupled,0.50,1,247,0.986456,0.993228,4.656021
coupled,0.50,1,248,0.986050,0.993025,4.628126
coupled,0.50,1,249,0.982837,0.991419,4.522710
coupled,0.50,1,250,0.987130,0.993565,4.805571
coupled,0.50,1,251,0.983065,0.991533,4.697619
coupled,0.50,1,252,0.985958,0.992979,4.668917
coupled,0.50,1,253,0.986406,0.993203,4.615998
coupled,0.50,1,254,0.988415,0.994207,4.801292
coupled,0.50,1,255,0.987916,0.993958,4.558757
coupled,0.50,1,256,0.984024,0.992012,4.974688
coupled,0.50,1,257,0.991179,0.995590,4.968295
coupled,0.50,1,258,0.991652,0.995826,4.858150
coupled,0.50,1,259,0.983877,0.991938,4.437565
coupled,0.50,1,260,0.982179,0.991089,4.794876
coupled,0.50,1,261,0.990043,0.995021,4.817521
coupled,0.50,1,262,0.982113,0.991056,4.736704
coupled,0.50,1,263,0.982887,0.991443,4.627302
coupled,0.50,1,264,0.982176,0.991088,4.802205
coupled,0.50,1,265,0.988591,0.994295,4.432976
coupled,0.50,1,266,0.982292,0.991146,4.525758
coupled,0.50,1,267,0.982073,0.991037,4.823536
coupled,0.50,1,268,0.989769,0.994885,4.689791
coupled,0.50,1,269,0.984281,0.992140,4.561836
coupled,0.50,1,270,0.983438,0.991719,4.527595
coupled,0.50,1,271,0.980154,0.990077,4.607923
coupled,0.50,1,272,0.976341,0.988171,4.917049
coupled,0.50,1,273,0.992808,0.996404,4.675347
coupled,0.50,1,274,0.986995,0.993498,4.708214
coupled,0.50,1,275,0.987493,0.993746,4.826890
coupled,0.50,1,276,0.987623,0.993811,4.704232
coupled,0.50,1,277,0.985129,0.992564,4.594578
coupled,0.50,1,278,0.988135,0.994068,4.625241
coupled,0.50,1,279,0.985262,0.992631,4.658577
coupled,0.50,1,280,0.975599,0.987800,4.724671
coupled,0.50,1,281,0.987110,0.993555,4.366890
coupled,0.50,1,282,0.975167,0.987584,4.610324
coupled,0.50,1,283,0.984432,0.992216,4.735765
coupled,0.50,1,284,0.987644,0.993822,4.648675
coupled,0.50,1,285,0.984543,0.992272,4.587994
coupled,0.50,1,286,0.986936,0.993468,4.644407
coupled,0.50,1,287,0.984766,0.992383,4.590018
coupled,0.50,1,288,0.983431,0.991716,4.713399
coupled,0.50,1,289,0.988717,0.994358,4.540986
coupled,0.50,1,290,0.987164,0.993582,4.601052
coupled,0.50,1,291,0.987414,0.993707,4.805104
coupled,0.50,1,292,0.984187,0.992094,4.799674
coupled,0.50,1,293,0.986041,0.993020,4.546558
coupled,0.50,1,294,0.976398,0.988199,4.638171
coupled,0.50,1,295,0.985742,0.992871,4.437428
coupled,0.50,1,296,0.976889,0.988445,4.610623
coupled,0.50,1,297,0.983072,0.991536,4.741975
coupled,0.50,1,298,0.986081,0.993041,4.612829
coupled,0.50,1,299,0.984775,0.992388,4.950485
coupled,0.50,1,300,0.991269,0.995635,4.882690
coupled,0.50,1,301,0.988322,0.994161,4.931667
coupled,0.50,1,302,0.984166,0.992083,4.886879
coupled,0.50,1,303,0.985914,0.992957,4.576744
coupled,0.50,1,304,0.986607,0.993303,5.013588
coupled,0.50,1,305,0.990097,0.995049,4.855594
coupled,0.50,1,306,0.992046,0.996023,4.875454
coupled,0.50,1,307,0.992656,0.996328,4.740092
coupled,0.50,1,308,0.986577,0.993288,4.925419
coupled,0.50,1,309,0.990009,0.995004,4.840975
coupled,0.50,1,310,0.982778,0.991389,4.852622
coupled,0.50,1,311,0.985934,0.992967,4.725499
coupled,0.50,1,312,0.987802,0.993901,4.717331
coupled,0.50,1,313,0.984225,0.992113,4.651932
coupled,0.50,1,314,0.988133,0.994066,4.685409
coupled,0.50,1,315,0.982576,0.991288,4.624580
coupled,0.50,1,316,0.985764,0.992882,4.741273
coupled,0.50,1,317,0.984786,0.992393,4.707931
coupled,0.50,1,318,0.989431,0.994716,4.645517
coupled,0.50,1,319,0.984411,0.992206,4.734738
coupled,0.50,1,320,0.987368,0.993684,4.826262
coupled,0.50,1,321,0.984889,0.992445,4.495019
coupled,0.50,1,322,0.974215,0.987108,4.682416
coupled,0.50,1,323,0.988708,0.994354,4.776084
coupled,0.50,1,324,0.987550,0.993775,4.475286
coupled,0.50,1,325,0.978884,0.989442,4.601836
coupled,0.50,1,326,0.984670,0.992335,4.854881
coupled,0.50,1,327,0.987968,0.993984,4.628643
coupled,0.50,1,328,0.985994,0.992997,4.711909
coupled,0.50,1,329,0.985384,0.992692,4.899021
coupled,0.50,1,330,0.987009,0.993505,4.970226
coupled,0.50,1,331,0.988816,0.994408,4.861235
coupled,0.50,1,332,0.986930,0.993465,4.953225
coupled,0.50,1,333,0.986906,0.993453,4.814590
coupled,0.50,1,334,0.986074,0.993037,4.675559
coupled,0.50,1,335,0.977297,0.988648,4.979030
coupled,0.50,1,336,0.988521,0.994261,4.564738
coupled,0.50,1,337,0.975322,0.987661,4.458676
coupled,0.50,1,338,0.985811,0.992906,4.534676
coupled,0.50,1,339,0.987570,0.993785,4.632196
coupled,0.50,1,340,0.977072,0.988536,4.886405
coupled,0.50,1,341,0.989587,0.994794,4.654578
coupled,0.50,1,342,0.985612,0.992806,4.652852
coupled,0.50,1,343,0.988017,0.994008,4.833411
coupled,0.50,1,344,0.990379,0.995189,4.802581
coupled,0.50,1,345,0.984839,0.992419,4.346282
coupled,0.50,1,346,0.981763,0.990881,4.584972
coupled,0.50,1,347,0.986739,0.993369,4.689507
coupled,0.50,1,348,0.983110,0.991555,4.445674
coupled,0.50,1,349,0.982115,0.991058,4.792971
coupled,0.50,1,350,0.986072,0.993036,4.893567
coupled,0.50,1,351,0.987220,0.993610,4.745957
coupled,0.50,1,352,0.987118,0.993559,4.645181
coupled,0.50,1,353,0.985694,0.992847,4.914444
coupled,0.50,1,354,0.987414,0.993707,4.911955
coupled,0.50,1,355,0.989349,0.994675,4.743018
coupled,0.50,1,356,0.987556,0.993778,4.841949
coupled,0.50,1,357,0.988962,0.994481,4.689229
coupled,0.50,1,358,0.989533,0.994767,4.449211
coupled,0.50,1,359,0.980128,0.990064,5.064241
coupled,0.50,1,360,0.993438,0.996719,4.691417
coupled,0.50,1,361,0.988113,0.994056,4.722399
coupled,0.50,1,362,0.986837,0.993419,4.683652
coupled,0.50,1,363,0.979257,0.989628,4.751149
coupled,0.50,1,364,0.986743,0.993371,4.587544
coupled,0.50,1,365,0.981671,0.990835,4.755710
coupled,0.50,1,366,0.990524,0.995262,5.021135
coupled,0.50,1,367,0.991436,0.995718,4.720377
coupled,0.50,1,368,0.988003,0.994001,4.696180
coupled,0.50,1,369,0.987136,0.993568,4.827821
coupled,0.50,1,370,0.987139,0.993570,4.419095
coupled,0.50,1,371,0.978642,0.989321,4.570338
coupled,0.50,1,372,0.981693,0.990846,4.811175
coupled,0.50,1,373,0.985969,0.992985,4.932570
coupled,0.50,1,374,0.985869,0.992934,4.929730
coupled,0.50,1,375,0.993458,0.996729,4.781686
coupled,0.50,1,376,0.986042,0.993021,4.775252
coupled,0.50,1,377,0.981703,0.990852,4.684122
coupled,0.50,1,378,0.984286,0.992143,4.332607
coupled,0.50,1,379,0.977784,0.988892,4.893613
coupled,0.50,1,380,0.990030,0.995015,4.722760
coupled,0.50,1,381,0.986899,0.993450,4.800557
coupled,0.50,1,382,0.989168,0.994584,4.778914
coupled,0.50,1,383,0.990369,0.995184,4.799216
coupled,0.50,1,384,0.990319,0.995159,4.394686
coupled,0.50,1,385,0.983982,0.991991,4.808152
coupled,0.50,1,386,0.986832,0.993416,4.931127
coupled,0.50,1,387,0.990908,0.995454,4.754479
coupled,0.50,1,388,0.982441,0.991220,4.897988
coupled,0.50,1,389,0.988060,0.994030,4.733928
coupled,0.50,1,390,0.990449,0.995225,4.885500
coupled,0.50,1,391,0.991938,0.995969,4.768146
coupled,0.50,1,392,0.989507,0.994753,4.926024
coupled,0.50,1,393,0.989632,0.994816,4.747457
coupled,0.50,1,394,0.985052,0.992526,4.545472
coupled,0.50,1,395,0.971917,0.985958,4.785069
coupled,0.50,1,396,0.984193,0.992097,4.790820
coupled,0.50,1,397,0.988250,0.994125,4.939529
coupled,0.50,1,398,0.992993,0.996496,4.818822
coupled,0.50,1,399,0.984944,0.992472,4.906638
coupled,0.50,1,400,0.990799,0.995400,4.881468
coupled,0.50,1,401,0.989434,0.994717,4.945447
coupled,0.50,1,402,0.989446,0.994723,4.812319
coupled,0.50,1,403,0.987686,0.993843,4.455196
coupled,0.50,1,404,0.984923,0.992462,4.748445
coupled,0.50,1,405,0.987093,0.993546,4.805888
coupled,0.50,1,406,0.985075,0.992538,4.807825
coupled,0.50,1,407,0.988824,0.994412,4.694448
coupled,0.50,1,408,0.983730,0.991865,4.656789
coupled,0.50,1,409,0.984907,0.992453,4.555507
coupled,0.50,1,410,0.985062,0.992531,4.725658
coupled,0.50,1,411,0.985185,0.992592,4.688102
coupled,0.50,1,412,0.982246,0.991123,4.768094
coupled,0.50,1,413,0.987391,0.993696,4.929837
coupled,0.50,1,414,0.989380,0.994690,4.782476
coupled,0.50,1,415,0.988243,0.994121,4.818875
coupled,0.50,1,416,0.990826,0.995413,4.531827
coupled,0.50,1,417,0.980821,0.990410,4.698044
coupled,0.50,1,418,0.985262,0.992631,4.834255
coupled,0.50,1,419,0.983268,0.991634,4.525160
coupled,0.50,1,420,0.980010,0.990005,4.583842
coupled,0.50,1,421,0.985063,0.992532,4.722485
coupled,0.50,1,422,0.981373,0.990686,4.649762
coupled,0.50,1,423,0.982476,0.991238,4.649077
coupled,0.50,1,424,0.980631,0.990316,4.640638
coupled,0.50,1,425,0.984100,0.992050,4.815363
coupled,0.50,1,426,0.986915,0.993457,4.747923
coupled,0.50,1,427,0.986031,0.993016,4.696486
coupled,0.50,1,428,0.987033,0.993516,4.571784
coupled,0.50,1,429,0.988674,0.994337,4.788954
coupled,0.50,1,430,0.987542,0.993771,4.873525
coupled,0.50,1,431,0.988220,0.994110,4.927362
coupled,0.50,1,432,0.989153,0.994577,4.631860
coupled,0.50,1,433,0.987984,0.993992,4.773380
coupled,0.50,1,434,0.987159,0.993580,4.950852
coupled,0.50,1,435,0.986469,0.993235,4.849387
coupled,0.50,1,436,0.985115,0.992558,4.796664
coupled,0.50,1,437,0.986236,0.993118,4.805367
coupled,0.50,1,438,0.983773,0.991887,4.635098
coupled,0.50,1,439,0.984422,0.992211,4.678447
coupled,0.50,1,440,0.981107,0.990554,4.639277
coupled,0.50,1,441,0.980597,0.990299,4.817289
coupled,0.50,1,442,0.986761,0.993380,4.642138
coupled,0.50,1,443,0.985352,0.992676,4.713373
coupled,0.50,1,444,0.984906,0.992453,4.694078
coupled,0.50,1,445,0.986759,0.993380,4.750952
coupled,0.50,1,446,0.975654,0.987827,4.846181
coupled,0.50,1,447,0.986399,0.993199,4.943056
coupled,0.50,1,448,0.990595,0.995298,4.755247
coupled,0.50,1,449,0.988583,0.994291,4.740072
coupled,0.50,1,450,0.989651,0.994826,4.809222
coupled,0.50,1,451,0.988819,0.994410,4.756522
coupled,0.50,1,452,0.987982,0.993991,4.770789
coupled,0.50,1,453,0.982925,0.991463,4.464503
coupled,0.50,1,454,0.983134,0.991567,4.600627
coupled,0.50,1,455,0.976871,0.988436,4.599485
coupled,0.50,1,456,0.987166,0.993583,4.709526
coupled,0.50,1,457,0.989209,0.994604,4.711933
coupled,0.50,1,458,0.986993,0.993497,5.083552
coupled,0.50,1,459,0.993771,0.996886,5.096169
coupled,0.50,1,460,0.992165,0.996082,4.961512
coupled,0.50,1,461,0.990183,0.995091,4.720356
coupled,0.50,1,462,0.987685,0.993842,4.734488
coupled,0.50,1,463,0.986243,0.993122,4.893968
coupled,0.50,1,464,0.987085,0.993543,4.625700
coupled,0.50,1,465,0.981303,0.990651,4.489308
coupled,0.50,1,466,0.986836,0.993418,4.505035
coupled,0.50,1,467,0.980398,0.990199,4.333487
coupled,0.50,1,468,0.969661,0.984830,4.552199
coupled,0.50,1,469,0.983778,0.991889,4.512460
coupled,0.50,1,470,0.982480,0.991240,4.577140
coupled,0.50,1,471,0.982795,0.991398,4.826633
coupled,0.50,1,472,0.991607,0.995803,4.707413
coupled,0.50,1,473,0.985708,0.992854,4.570851
coupled,0.50,1,474,0.985834,0.992917,4.732671
coupled,0.50,1,475,0.980589,0.990295,4.700286
coupled,0.50,1,476,0.986574,0.993287,4.892694
coupled,0.50,1,477,0.990046,0.995023,4.584072
coupled,0.50,1,478,0.984376,0.992188,4.591508
coupled,0.50,1,479,0.981656,0.990828,4.324180
coupled,0.50,1,480,0.972042,0.986021,4.386909
coupled,0.50,1,481,0.976714,0.988357,4.119465
coupled,0.50,1,482,0.971519,0.985759,4.586091
coupled,0.50,1,483,0.983984,0.991992,4.788463
coupled,0.50,1,484,0.989155,0.994577,4.516369
coupled,0.50,1,485,0.978692,0.989346,4.592806
coupled,0.50,1,486,0.983653,0.991827,4.635273
coupled,0.50,1,487,0.986106,0.993053,4.780432
coupled,0.50,1,488,0.987101,0.993551,4.509546
coupled,0.50,1,489,0.979833,0.989916,4.648543
coupled,0.50,1,490,0.986145,0.993073,4.665083
coupled,0.50,1,491,0.985692,0.992846,4.747021
coupled,0.50,1,492,0.984891,0.992445,4.655045
coupled,0.50,1,493,0.981692,0.990846,4.435720
coupled,0.50,1,494,0.982779,0.991390,4.808137
coupled,0.50,1,495,0.985807,0.992904,4.762665
coupled,0.50,1,496,0.990268,0.995134,4.950339
coupled,0.50,1,497,0.991048,0.995524,4.665178
coupled,0.50,1,498,0.982003,0.991002,4.437218
coupled,0.50,1,499,0.975063,0.987531,4.647046
coupled,1.00,1,0,0.987132,0.987132,4.861331
coupled,1.00,1,1,0.987393,0.987393,4.759319
coupled,1.00,1,2,0.983521,0.983521,4.895409
coupled,1.00,1,3,0.986949,0.986949,4.693121
coupled,1.00,1,4,0.986531,0.986531,4.822889
coupled,1.00,1,5,0.988702,0.988702,4.682818
coupled,1.00,1,6,0.976620,0.976620,4.628871
coupled,1.00,1,7,0.980024,0.980024,4.789684
coupled,1.00,1,8,0.987255,0.987255,4.812126
coupled,1.00,1,9,0.988090,0.988090,4.667370
coupled,1.00,1,10,0.984239,0.984239,4.591936
coupled,1.00,1,11,0.984461,0.984461,4.484848
coupled,1.00,1,12,0.983592,0.983592,4.436980
coupled,1.00,1,13,0.978397,0.978397,4.516847
coupled,1.00,1,14,0.982341,0.982341,4.549744
coupled,1.00,1,15,0.980116,0.980116,4.520623
coupled,1.00,1,16,0.980218,0.980218,4.620498
coupled,1.00,1,17,0.974760,0.974760,4.517652
coupled,1.00,1,18,0.980211,0.980211,4.783285
coupled,1.00,1,19,0.986451,0.986451,4.759364
coupled,1.00,1,20,0.987813,0.987813,4.803705
coupled,1.00,1,21,0.985313,0.985313,4.559431
coupled,1.00,1,22,0.981273,0.981273,4.647794
coupled,1.00,1,23,0.984067,0.984067,5.013403
coupled,1.00,1,24,0.992085,0.992085,4.595676
coupled,1.00,1,25,0.986319,0.986319,4.822863
coupled,1.00,1,26,0.984786,0.984786,4.691678
coupled,1.00,1,27,0.986653,0.986653,4.905872
coupled,1.00,1,28,0.986469,0.986469,4.998669
coupled,1.00,1,29,0.990762,0.990762,4.960691
coupled,1.00,1,30,0.991005,0.991005,4.699779
coupled,1.00,1,31,0.990959,0.990959,4.801729
coupled,1.00,1,32,0.987306,0.987306,4.942824
coupled,1.00,1,33,0.989353,0.989353,4.513674
coupled,1.00,1,34,0.980289,0.980289,4.907611
coupled,1.00,1,35,0.992353,0.992353,4.679211
coupled,1.00,1,36,0.987014,0.987014,4.776871
coupled,1.00,1,37,0.987415,0.987415,4.730975
coupled,1.00,1,38,0.985114,0.985114,4.858036
coupled,1.00,1,39,0.989589,0.989589,4.778971
coupled,1.00,1,40,0.988934,0.988934,4.543176
coupled,1.00,1,41,0.984800,0.984800,4.639570
coupled,1.00,1,42,0.985213,0.985213,4.703780
coupled,1.00,1,43,0.986938,0.986938,4.718855
coupled,1.00,1,44,0.984384,0.984384,4.698981
coupled,1.00,1,45,0.986131,0.986131,4.926905
coupled,1.00,1,46,0.988164,0.988164,4.685841
coupled,1.00,1,47,0.978881,0.978881,4.784789
coupled,1.00,1,48,0.987957,0.987957,4.472511
coupled,1.00,1,49,0.977601,0.977601,4.316785
coupled,1.00,1,50,0.976241,0.976241,4.421340
coupled,1.00,1,51,0.980228,0.980228,4.726390
coupled,1.00,1,52,0.987150,0.987150,4.551395
coupled,1.00,1,53,0.987797,0.987797,4.722293
coupled,1.00,1,54,0.985195,0.985195,4.598517
coupled,1.00,1,55,0.984928,0.984928,4.650456
coupled,1.00,1,56,0.987275,0.987275,4.904421
coupled,1.00,1,57,0.985227,0.985227,4.801570
coupled,1.00,1,58,0.987741,0.987741,4.672815
coupled,1.00,1,59,0.986510,0.986510,4.701406
coupled,1.00,1,60,0.980385,0.980385,4.766433
coupled,1.00,1,61,0.982728,0.982728,4.708996
coupled,1.00,1,62,0.984714,0.984714,4.715233
coupled,1.00,1,63,0.986487,0.986487,4.513867
coupled,1.00,1,64,0.982411,0.982411,4.921804
coupled,1.00,1,65,0.988721,0.988721,4.762614
coupled,1.00,1,66,0.986637,0.986637,4.787149
coupled,1.00,1,67,0.987505,0.987505,4.898740
coupled,1.00,1,68,0.990483,0.990483,4.725557
coupled,1.00,1,69,0.986522,0.986522,4.687725
coupled,1.00,1,70,0.982567,0.982567,5.048167
coupled,1.00,1,71,0.988310,0.988310,4.831891
coupled,1.00,1,72,0.988301,0.988301,4.862715
coupled,1.00,1,73,0.988641,0.988641,4.967958
coupled,1.00,1,74,0.993415,0.993415,4.601872
coupled,1.00,1,75,0.980870,0.980870,4.700774
coupled,1.00,1,76,0.982801,0.982801,4.880248
coupled,1.00,1,77,0.992294,0.992294,4.313644
coupled,1.00,1,78,0.975805,0.975805,4.762404
coupled,1.00,1,79,0.983450,0.983450,4.997419
coupled,1.00,1,80,0.991686,0.991686,4.720599
coupled,1.00,1,81,0.981568,0.981568,4.867387
coupled,1.00,1,82,0.988911,0.988911,4.615672
coupled,1.00,1,83,0.977387,0.977387,4.680068
coupled,1.00,1,84,0.986545,0.986545,4.479804
coupled,1.00,1,85,0.981817,0.981817,4.641134
coupled,1.00,1,86,0.986684,0.986684,4.831844
coupled,1.00,1,87,0.987320,0.987320,4.870518
coupled,1.00,1,88,0.990040,0.990040,4.602574
coupled,1.00,1,89,0.981362,0.981362,4.827983
coupled,1.00,1,90,0.988129,0.988129,4.706036
coupled,1.00,1,91,0.984369,0.984369,4.680494
coupled,1.00,1,92,0.987656,0.987656,4.947708
coupled,1.00,1,93,0.990091,0.990091,4.728030
coupled,1.00,1,94,0.985868,0.985868,4.354815
coupled,1.00,1,95,0.973914,0.973914,4.740767
coupled,1.00,1,96,0.987816,0.987816,4.591096
coupled,1.00,1,97,0.983354,0.983354,4.871351
coupled,1.00,1,98,0.987537,0.987537,4.795342
coupled,1.00,1,99,0.986628,0.986628,4.904667
coupled,1.00,1,100,0.991503,0.991503,4.696140
coupled,1.00,1,101,0.983233,0.983233,4.674792
coupled,1.00,1,102,0.984370,0.984370,4.658532
coupled,1.00,1,103,0.980882,0.980882,4.542594
coupled,1.00,1,104,0.984635,0.984635,4.824553
coupled,1.00,1,105,0.986013,0.986013,4.805193
coupled,1.00,1,106,0.990915,0.990915,4.713325
coupled,1.00,1,107,0.985434,0.985434,4.885819
coupled,1.00,1,108,0.988804,0.988804,4.926345
coupled,1.00,1,109,0.983788,0.983788,4.724004
coupled,1.00,1,110,0.984248,0.984248,4.752336
coupled,1.00,1,111,0.982299,0.982299,4.694256
coupled,1.00,1,112,0.986609,0.986609,4.598947
coupled,1.00,1,113,0.976847,0.976847,4.860488
coupled,1.00,1,114,0.991216,0.991216,4.934101
coupled,1.00,1,115,0.988247,0.988247,4.809249
coupled,1.00,1,116,0.988868,0.988868,4.911157
coupled,1.00,1,117,0.988665,0.988665,4.886407
coupled,1.00,1,118,0.988238,0.988238,4.562419
coupled,1.00,1,119,0.982264,0.982264,4.575180
coupled,1.00,1,120,0.982579,0.982579,4.420385
coupled,1.00,1,121,0.978016,0.978016,4.467758
coupled,1.00,1,122,0.981181,0.981181,4.584973
coupled,1.00,1,123,0.986331,0.986331,4.675438
coupled,1.00,1,124,0.986133,0.986133,4.711232
coupled,1.00,1,125,0.988919,0.988919,4.866086
coupled,1.00,1,126,0.990205,0.990205,4.919982
coupled,1.00,1,127,0.986977,0.986977,4.895081
coupled,1.00,1,128,0.989571,0.989571,4.588008
coupled,1.00,1,129,0.982793,0.982793,4.852155
coupled,1.00,1,130,0.987923,0.987923,4.663636
coupled,1.00,1,131,0.979154,0.979154,4.751164
coupled,1.00,1,132,0.985514,0.985514,4.805423
coupled,1.00,1,133,0.988273,0.988273,4.595614
coupled,1.00,1,134,0.983450,0.983450,4.682734
coupled,1.00,1,135,0.980787,0.980787,4.811716
coupled,1.00,1,136,0.987524,0.987524,4.677529
coupled,1.00,1,137,0.986707,0.986707,4.534492
coupled,1.00,1,138,0.982515,0.982515,4.641547
coupled,1.00,1,139,0.986223,0.986223,4.492025
coupled,1.00,1,140,0.977535,0.977535,4.642889
coupled,1.00,1,141,0.983256,0.983256,4.874547
coupled,1.00,1,142,0.987656,0.987656,4.726624
coupled,1.00,1,143,0.979440,0.979440,4.690488
coupled,1.00,1,144,0.980853,0.980853,4.592733
coupled,1.00,1,145,0.981315,0.981315,5.037164
coupled,1.00,1,146,0.990520,0.990520,4.782443
coupled,1.00,1,147,0.988872,0.988872,4.675006
coupled,1.00,1,148,0.986773,0.986773,4.924233
coupled,1.00,1,149,0.989327,0.989327,4.820449
coupled,1.00,1,150,0.986210,0.986210,4.827863
coupled,1.00,1,151,0.986893,0.986893,4.646798
coupled,1.00,1,152,0.981405,0.981405,4.642476
coupled,1.00,1,153,0.985986,0.985986,4.687437
coupled,1.00,1,154,0.985731,0.985731,4.829071
coupled,1.00,1,155,0.988724,0.988724,4.651044
coupled,1.00,1,156,0.983201,0.983201,4.977610
coupled,1.00,1,157,0.988755,0.988755,4.546406
coupled,1.00,1,158,0.981883,0.981883,5.021199
coupled,1.00,1,159,0.990403,0.990403,4.578790
coupled,1.00,1,160,0.987323,0.987323,4.728287
coupled,1.00,1,161,0.987748,0.987748,4.611658
coupled,1.00,1,162,0.986141,0.986141,4.734160
coupled,1.00,1,163,0.985504,0.985504,4.498856
coupled,1.00,1,164,0.978698,0.978698,4.618644
coupled,1.00,1,165,0.984213,0.984213,4.825849
coupled,1.00,1,166,0.990907,0.990907,4.665556
coupled,1.00,1,167,0.984589,0.984589,4.813946
coupled,1.00,1,168,0.990998,0.990998,4.899568
coupled,1.00,1,169,0.991183,0.991183,4.745183
coupled,1.00,1,170,0.990133,0.990133,4.872082
coupled,1.00,1,171,0.985519,0.985519,4.835562
coupled,1.00,1,172,0.985423,0.985423,4.700878
coupled,1.00,1,173,0.987411,0.987411,4.783485
coupled,1.00,1,174,0.982205,0.982205,4.724720
coupled,1.00,1,175,0.983253,0.983253,4.658494
coupled,1.00,1,176,0.984981,0.984981,4.779116
coupled,1.00,1,177,0.986327,0.986327,4.671246
coupled,1.00,1,178,0.989452,0.989452,4.788309
coupled,1.00,1,179,0.989366,0.989366,4.713783
coupled,1.00,1,180,0.981150,0.981150,4.698676
coupled,1.00,1,181,0.984895,0.984895,4.791917
coupled,1.00,1,182,0.987303,0.987303,4.767148
coupled,1.00,1,183,0.987576,0.987576,4.643865
coupled,1.00,1,184,0.979993,0.979993,4.866237
coupled,1.00,1,185,0.987051,0.987051,4.878753
coupled,1.00,1,186,0.988167,0.988167,4.711295
coupled,1.00,1,187,0.987106,0.987106,4.526115
coupled,1.00,1,188,0.986821,0.986821,4.654133
coupled,1.00,1,189,0.980221,0.980221,4.631169
coupled,1.00,1,190,0.982746,0.982746,4.479963
coupled,1.00,1,191,0.976119,0.976119,4.570862
coupled,1.00,1,192,0.980475,0.980475,4.771272
coupled,1.00,1,193,0.987389,0.987389,4.698687
coupled,1.00,1,194,0.976495,0.976495,4.611340
coupled,1.00,1,195,0.983993,0.983993,4.584607
coupled,1.00,1,196,0.981842,0.981842,4.659119
coupled,1.00,1,197,0.983049,0.983049,4.667372
coupled,1.00,1,198,0.984757,0.984757,4.504390
coupled,1.00,1,199,0.984332,0.984332,4.688597
coupled,1.00,1,200,0.984441,0.984441,4.538776
coupled,1.00,1,201,0.983325,0.983325,4.669124
coupled,1.00,1,202,0.988485,0.988485,4.902728
coupled,1.00,1,203,0.990613,0.990613,4.992789
coupled,1.00,1,204,0.989613,0.989613,4.563390
coupled,1.00,1,205,0.983296,0.983296,4.814244
coupled,1.00,1,206,0.987371,0.987371,4.529157
coupled,1.00,1,207,0.981214,0.981214,4.801362
coupled,1.00,1,208,0.985167,0.985167,4.788474
coupled,1.00,1,209,0.984127,0.984127,4.816928
coupled,1.00,1,210,0.991633,0.991633,4.728147
coupled,1.00,1,211,0.984843,0.984843,4.706098
coupled,1.00,1,212,0.983757,0.983757,4.626947
coupled,1.00,1,213,0.986733,0.986733,4.638087
coupled,1.00,1,214,0.986046,0.986046,4.841442
coupled,1.00,1,215,0.989305,0.989305,4.665852
coupled,1.00,1,216,0.985657,0.985657,4.570822
coupled,1.00,1,217,0.987427,0.987427,4.989399
coupled,1.00,1,218,0.987903,0.987903,4.567039
coupled,1.00,1,219,0.979409,0.979409,4.644113
coupled,1.00,1,220,0.979861,0.979861,4.345089
coupled,1.00,1,221,0.970337,0.970337,4.690869
coupled,1.00,1,222,0.987693,0.987693,4.792683
coupled,1.00,1,223,0.986050,0.986050,4.622917
coupled,1.00,1,224,0.986408,0.986408,4.398534
coupled,1.00,1,225,0.983669,0.983669,4.802441
coupled,1.00,1,226,0.987991,0.987991,4.685398
coupled,1.00,1,227,0.981568,0.981568,4.579562
coupled,1.00,1,228,0.984650,0.984650,4.577656
coupled,1.00,1,229,0.983914,0.983914,4.607637
coupled,1.00,1,230,0.983064,0.983064,4.544205
coupled,1.00,1,231,0.987658,0.987658,4.729538
coupled,1.00,1,232,0.988984,0.988984,4.744514
coupled,1.00,1,233,0.987947,0.987947,4.739521
coupled,1.00,1,234,0.990759,0.990759,4.497927
coupled,1.00,1,235,0.975801,0.975801,4.667795
coupled,1.00,1,236,0.981080,0.981080,4.530128
coupled,1.00,1,237,0.980732,0.980732,4.631764
coupled,1.00,1,238,0.979050,0.979050,4.506523
coupled,1.00,1,239,0.982572,0.982572,4.400164
coupled,1.00,1,240,0.981467,0.981467,4.739861
coupled,1.00,1,241,0.982621,0.982621,4.667364
coupled,1.00,1,242,0.983943,0.983943,4.534177
coupled,1.00,1,243,0.984665,0.984665,4.184640
coupled,1.00,1,244,0.968631,0.968631,4.547912
coupled,1.00,1,245,0.983766,0.983766,4.522965
coupled,1.00,1,246,0.977600,0.977600,4.743698
coupled,1.00,1,247,0.985431,0.985431,4.974305
coupled,1.00,1,248,0.990938,0.990938,4.856382
coupled,1.00,1,249,0.989865,0.989865,4.806838
coupled,1.00,1,250,0.991105,0.991105,4.764702
coupled,1.00,1,251,0.987427,0.987427,4.541138
coupled,1.00,1,252,0.973307,0.973307,4.702616
coupled,1.00,1,253,0.981563,0.981563,4.543561
coupled,1.00,1,254,0.989336,0.989336,4.662220
coupled,1.00,1,255,0.974354,0.974354,4.600487
coupled,1.00,1,256,0.984597,0.984597,4.796098
coupled,1.00,1,257,0.985893,0.985893,4.950844
coupled,1.00,1,258,0.989179,0.989179,4.928047
coupled,1.00,1,259,0.989182,0.989182,4.851130
coupled,1.00,1,260,0.984951,0.984951,4.889054
coupled,1.00,1,261,0.988602,0.988602,4.909406
coupled,1.00,1,262,0.992960,0.992960,4.803888
coupled,1.00,1,263,0.986427,0.986427,4.681923
coupled,1.00,1,264,0.986200,0.986200,4.545067
coupled,1.00,1,265,0.983375,0.983375,4.719299
coupled,1.00,1,266,0.984865,0.984865,4.757938
coupled,1.00,1,267,0.988640,0.988640,4.693453
coupled,1.00,1,268,0.982882,0.982882,5.163253
coupled,1.00,1,269,0.991387,0.991387,4.779279
coupled,1.00,1,270,0.983732,0.983732,4.629677
coupled,1.00,1,271,0.986552,0.986552,4.637098
coupled,1.00,1,272,0.986925,0.986925,4.393019
coupled,1.00,1,273,0.976848,0.976848,4.569941
coupled,1.00,1,274,0.977757,0.977757,4.552653
coupled,1.00,1,275,0.986079,0.986079,5.010766
coupled,1.00,1,276,0.990817,0.990817,4.633314
coupled,1.00,1,277,0.988501,0.988501,4.546611
coupled,1.00,1,278,0.983958,0.983958,4.641994
coupled,1.00,1,279,0.982063,0.982063,4.629733
coupled,1.00,1,280,0.975012,0.975012,4.463593
coupled,1.00,1,281,0.982952,0.982952,4.820523
coupled,1.00,1,282,0.985195,0.985195,5.016386
coupled,1.00,1,283,0.991547,0.991547,4.462070
coupled,1.00,1,284,0.975840,0.975840,4.440418
coupled,1.00,1,285,0.980609,0.980609,4.628697
coupled,1.00,1,286,0.985302,0.985302,5.020854
coupled,1.00,1,287,0.986398,0.986398,4.863993
coupled,1.00,1,288,0.988842,0.988842,4.734946
coupled,1.00,1,289,0.983603,0.983603,4.518957
coupled,1.00,1,290,0.986258,0.986258,4.414955
coupled,1.00,1,291,0.975418,0.975418,4.631693
coupled,1.00,1,292,0.978549,0.978549,4.830269
coupled,1.00,1,293,0.990121,0.990121,4.935463
coupled,1.00,1,294,0.990947,0.990947,4.776580
coupled,1.00,1,295,0.981575,0.981575,4.730694
coupled,1.00,1,296,0.985734,0.985734,4.907039
coupled,1.00,1,297,0.992682,0.992682,4.474441
coupled,1.00,1,298,0.978360,0.978360,4.662310
coupled,1.00,1,299,0.987117,0.987117,4.958717
coupled,1.00,1,300,0.988147,0.988147,4.598375
coupled,1.00,1,301,0.986733,0.986733,4.695776
coupled,1.00,1,302,0.988896,0.988896,4.789804
coupled,1.00,1,303,0.988919,0.988919,4.834932
coupled,1.00,1,304,0.988981,0.988981,4.394416
coupled,1.00,1,305,0.979786,0.979786,4.863751
coupled,1.00,1,306,0.988774,0.988774,4.844695
coupled,1.00,1,307,0.988127,0.988127,4.648926
coupled,1.00,1,308,0.987969,0.987969,4.559130
coupled,1.00,1,309,0.984914,0.984914,4.652573
coupled,1.00,1,310,0.983118,0.983118,4.826225
coupled,1.00,1,311,0.986133,0.986133,4.381024
coupled,1.00,1,312,0.975169,0.975169,4.620528
coupled,1.00,1,313,0.985829,0.985829,4.794917
coupled,1.00,1,314,0.989615,0.989615,4.513778
coupled,1.00,1,315,0.978237,0.978237,4.624554
coupled,1.00,1,316,0.982686,0.982686,4.951192
coupled,1.00,1,317,0.991786,0.991786,4.687972
coupled,1.00,1,318,0.985926,0.985926,4.427591
coupled,1.00,1,319,0.981953,0.981953,4.797696
coupled,1.00,1,320,0.987702,0.987702,4.905463
coupled,1.00,1,321,0.987297,0.987297,4.983294
coupled,1.00,1,322,0.988503,0.988503,4.938645
coupled,1.00,1,323,0.985436,0.985436,4.545008
coupled,1.00,1,324,0.985404,0.985404,4.722267
coupled,1.00,1,325,0.985047,0.985047,4.607265
coupled,1.00,1,326,0.987256,0.987256,4.715595
coupled,1.00,1,327,0.982232,0.982232,4.685271
coupled,1.00,1,328,0.986597,0.986597,4.578933
coupled,1.00,1,329,0.986399,0.986399,4.561990
coupled,1.00,1,330,0.983201,0.983201,4.659283
coupled,1.00,1,331,0.986612,0.986612,4.866431
coupled,1.00,1,332,0.985878,0.985878,4.925516
coupled,1.00,1,333,0.990969,0.990969,4.804470
coupled,1.00,1,334,0.988155,0.988155,4.672145
coupled,1.00,1,335,0.980440,0.980440,4.662145
coupled,1.00,1,336,0.986748,0.986748,4.600014
coupled,1.00,1,337,0.983897,0.983897,4.682753
coupled,1.00,1,338,0.987535,0.987535,4.348947
coupled,1.00,1,339,0.982646,0.982646,4.515645
coupled,1.00,1,340,0.983455,0.983455,4.605350
coupled,1.00,1,341,0.983152,0.983152,4.647676
coupled,1.00,1,342,0.989212,0.989212,4.632507
coupled,1.00,1,343,0.980110,0.980110,4.682704
coupled,1.00,1,344,0.988703,0.988703,4.791059
coupled,1.00,1,345,0.986428,0.986428,4.539920
coupled,1.00,1,346,0.984600,0.984600,4.845337
coupled,1.00,1,347,0.987925,0.987925,4.772605
coupled,1.00,1,348,0.988926,0.988926,4.860542
coupled,1.00,1,349,0.987638,0.987638,4.903703
coupled,1.00,1,350,0.989294,0.989294,4.711615
coupled,1.00,1,351,0.986657,0.986657,4.681548
coupled,1.00,1,352,0.982038,0.982038,4.989296
coupled,1.00,1,353,0.989949,0.989949,4.799677
coupled,1.00,1,354,0.986713,0.986713,4.856149
coupled,1.00,1,355,0.986488,0.986488,4.551736
coupled,1.00,1,356,0.982236,0.982236,4.585149
coupled,1.00,1,357,0.981672,0.981672,4.800880
coupled,1.00,1,358,0.986904,0.986904,4.666100
coupled,1.00,1,359,0.981521,0.981521,4.812799
coupled,1.00,1,360,0.989517,0.989517,4.766611
coupled,1.00,1,361,0.987422,0.987422,4.889956
coupled,1.00,1,362,0.987875,0.987875,4.664978
coupled,1.00,1,363,0.985576,0.985576,4.965396
coupled,1.00,1,364,0.986536,0.986536,4.614257
coupled,1.00,1,365,0.987700,0.987700,4.892210
coupled,1.00,1,366,0.988747,0.988747,4.703806
coupled,1.00,1,367,0.984714,0.984714,4.795175
coupled,1.00,1,368,0.984575,0.984575,4.635020
coupled,1.00,1,369,0.989018,0.989018,4.811524
coupled,1.00,1,370,0.982086,0.982086,4.673722
coupled,1.00,1,371,0.984132,0.984132,4.785274
coupled,1.00,1,372,0.979976,0.979976,4.669133
coupled,1.00,1,373,0.986702,0.986702,4.900409
coupled,1.00,1,374,0.990785,0.990785,4.500463
coupled,1.00,1,375,0.980096,0.980096,4.708500
coupled,1.00,1,376,0.983118,0.983118,4.549217
coupled,1.00,1,377,0.986223,0.986223,4.451372
coupled,1.00,1,378,0.981653,0.981653,4.648200
coupled,1.00,1,379,0.984624,0.984624,4.757328
coupled,1.00,1,380,0.987413,0.987413,4.448643
coupled,1.00,1,381,0.983499,0.983499,4.570159
coupled,1.00,1,382,0.986910,0.986910,4.700096
coupled,1.00,1,383,0.987767,0.987767,4.522546
coupled,1.00,1,384,0.983489,0.983489,4.803400
coupled,1.00,1,385,0.988719,0.988719,4.692088
coupled,1.00,1,386,0.983909,0.983909,4.486357
coupled,1.00,1,387,0.977521,0.977521,4.848149
coupled,1.00,1,388,0.985120,0.985120,4.901465
coupled,1.00,1,389,0.989386,0.989386,5.094370
coupled,1.00,1,390,0.990816,0.990816,4.802077
coupled,1.00,1,391,0.988611,0.988611,4.463336
coupled,1.00,1,392,0.984032,0.984032,4.462096
coupled,1.00,1,393,0.984955,0.984955,4.610287
coupled,1.00,1,394,0.981596,0.981596,4.569288
coupled,1.00,1,395,0.982023,0.982023,4.847420
coupled,1.00,1,396,0.988914,0.988914,4.874494
coupled,1.00,1,397,0.990995,0.990995,4.687936
coupled,1.00,1,398,0.984300,0.984300,4.644578
coupled,1.00,1,399,0.980460,0.980460,4.546207
coupled,1.00,1,400,0.980982,0.980982,4.582238
coupled,1.00,1,401,0.982487,0.982487,4.460849
coupled,1.00,1,402,0.980980,0.980980,4.555228
coupled,1.00,1,403,0.983307,0.983307,4.813908
coupled,1.00,1,404,0.986540,0.986540,4.872411
coupled,1.00,1,405,0.988462,0.988462,4.764889
coupled,1.00,1,406,0.987024,0.987024,4.753577
coupled,1.00,1,407,0.983735,0.983735,4.826257
coupled,1.00,1,408,0.986791,0.986791,4.862781
coupled,1.00,1,409,0.986350,0.986350,4.827500
coupled,1.00,1,410,0.987721,0.987721,4.593899
coupled,1.00,1,411,0.983498,0.983498,4.644245
coupled,1.00,1,412,0.987377,0.987377,4.826867
coupled,1.00,1,413,0.986457,0.986457,4.817397
coupled,1.00,1,414,0.986922,0.986922,4.780106
coupled,1.00,1,415,0.987642,0.987642,4.549122
coupled,1.00,1,416,0.984263,0.984263,4.733263
coupled,1.00,1,417,0.983192,0.983192,4.531588
coupled,1.00,1,418,0.977002,0.977002,4.792918
coupled,1.00,1,419,0.988462,0.988462,4.610592
coupled,1.00,1,420,0.977126,0.977126,4.554271
coupled,1.00,1,421,0.984809,0.984809,4.908751
coupled,1.00,1,422,0.990715,0.990715,4.729316
coupled,1.00,1,423,0.988031,0.988031,4.439526
coupled,1.00,1,424,0.970111,0.970111,4.527007
coupled,1.00,1,425,0.986655,0.986655,4.586855
coupled,1.00,1,426,0.985003,0.985003,4.924217
coupled,1.00,1,427,0.993979,0.993979,4.425953
coupled,1.00,1,428,0.980002,0.980002,4.482496
coupled,1.00,1,429,0.982737,0.982737,4.895516
coupled,1.00,1,430,0.985477,0.985477,4.717356
coupled,1.00,1,431,0.988647,0.988647,4.608077
coupled,1.00,1,432,0.983270,0.983270,4.365347
coupled,1.00,1,433,0.982594,0.982594,4.478851
coupled,1.00,1,434,0.979622,0.979622,4.768315
coupled,1.00,1,435,0.987309,0.987309,4.841273
coupled,1.00,1,436,0.991028,0.991028,4.678163
coupled,1.00,1,437,0.982647,0.982647,4.680245
coupled,1.00,1,438,0.985388,0.985388,4.852181
coupled,1.00,1,439,0.990565,0.990565,4.846572
coupled,1.00,1,440,0.988247,0.988247,4.882818
coupled,1.00,1,441,0.986574,0.986574,4.739113
coupled,1.00,1,442,0.982508,0.982508,4.878632
coupled,1.00,1,443,0.986542,0.986542,4.926398
coupled,1.00,1,444,0.991840,0.991840,4.874388
coupled,1.00,1,445,0.987491,0.987491,4.588127
coupled,1.00,1,446,0.981865,0.981865,4.919694
coupled,1.00,1,447,0.991666,0.991666,4.857240
coupled,1.00,1,448,0.989124,0.989124,4.662616
coupled,1.00,1,449,0.984156,0.984156,4.806508
coupled,1.00,1,450,0.991498,0.991498,4.702697
coupled,1.00,1,451,0.982297,0.982297,4.592754
coupled,1.00,1,452,0.982512,0.982512,4.647107
coupled,1.00,1,453,0.981205,0.981205,4.684034
coupled,1.00,1,454,0.983395,0.983395,4.811689
coupled,1.00,1,455,0.987619,0.987619,4.575937
coupled,1.00,1,456,0.985196,0.985196,4.590603
coupled,1.00,1,457,0.980344,0.980344,4.712958
coupled,1.00,1,458,0.984587,0.984587,4.742491
coupled,1.00,1,459,0.987541,0.987541,4.698091
coupled,1.00,1,460,0.984063,0.984063,4.576894
coupled,1.00,1,461,0.983359,0.983359,4.649189
coupled,1.00,1,462,0.988233,0.988233,4.400162
coupled,1.00,1,463,0.975733,0.975733,4.769430
coupled,1.00,1,464,0.983944,0.983944,4.879048
coupled,1.00,1,465,0.988962,0.988962,4.482538
coupled,1.00,1,466,0.979880,0.979880,4.601975
coupled,1.00,1,467,0.980945,0.980945,4.547791
coupled,1.00,1,468,0.985572,0.985572,4.400062
coupled,1.00,1,469,0.976707,0.976707,4.629170
coupled,1.00,1,470,0.989241,0.989241,4.816899
coupled,1.00,1,471,0.991460,0.991460,4.750680
coupled,1.00,1,472,0.985629,0.985629,4.753587
coupled,1.00,1,473,0.984258,0.984258,4.475692
coupled,1.00,1,474,0.983027,0.983027,4.722666
coupled,1.00,1,475,0.992946,0.992946,4.756676
coupled,1.00,1,476,0.985699,0.985699,4.879878
coupled,1.00,1,477,0.987956,0.987956,4.553336
coupled,1.00,1,478,0.981036,0.981036,4.813057
coupled,1.00,1,479,0.990320,0.990320,4.638021
coupled,1.00,1,480,0.983325,0.983325,4.764483
coupled,1.00,1,481,0.987603,0.987603,4.555672
coupled,1.00,1,482,0.978092,0.978092,4.588566
coupled,1.00,1,483,0.983446,0.983446,4.248795
coupled,1.00,1,484,0.973256,0.973256,4.599088
coupled,1.00,1,485,0.988080,0.988080,4.565479
coupled,1.00,1,486,0.987077,0.987077,4.440965
coupled,1.00,1,487,0.983786,0.983786,4.750133
coupled,1.00,1,488,0.987956,0.987956,4.715421
coupled,1.00,1,489,0.984586,0.984586,4.789759
coupled,1.00,1,490,0.989744,0.989744,4.613961
coupled,1.00,1,491,0.987067,0.987067,4.469965
coupled,1.00,1,492,0.979580,0.979580,4.591969
coupled,1.00,1,493,0.988045,0.988045,4.692839
coupled,1.00,1,494,0.983887,0.983887,4.829377
coupled,1.00,1,495,0.987345,0.987345,4.701524
coupled,1.00,1,496,0.986156,0.986156,4.588392
coupled,1.00,1,497,0.981545,0.981545,4.498196
coupled,1.00,1,498,0.980193,0.980193,4.576721
coupled,1.00,1,499,0.979477,0.979477,4.488342
allc,1.00,1,0,0.985879,1.000000,4.768728
allc,1.00,1,1,0.986288,1.000000,4.859417
allc,1.00,1,2,0.987311,1.000000,4.946701
allc,1.00,1,3,0.987359,1.000000,4.835573
allc,1.00,1,4,0.986796,1.000000,4.640763
allc,1.00,1,5,0.982900,1.000000,4.641457
allc,1.00,1,6,0.986856,1.000000,4.532699
allc,1.00,1,7,0.973034,1.000000,4.566695
allc,1.00,1,8,0.988622,1.000000,4.713072
allc,1.00,1,9,0.985889,1.000000,4.644338
allc,1.00,1,10,0.980130,1.000000,4.668776
allc,1.00,1,11,0.990904,1.000000,4.791406
allc,1.00,1,12,0.988197,1.000000,4.683709
allc,1.00,1,13,0.984228,1.000000,4.602221
allc,1.00,1,14,0.985472,1.000000,4.660324
allc,1.00,1,15,0.984920,1.000000,4.676320
allc,1.00,1,16,0.980594,1.000000,4.551470
allc,1.00,1,17,0.988642,1.000000,4.779596
allc,1.00,1,18,0.984717,1.000000,4.828941
allc,1.00,1,19,0.988906,1.000000,4.790735
allc,1.00,1,20,0.989251,1.000000,4.895546
allc,1.00,1,21,0.991445,1.000000,4.868617
allc,1.00,1,22,0.990365,1.000000,4.785418
allc,1.00,1,23,0.988961,1.000000,4.950478
allc,1.00,1,24,0.989808,1.000000,4.945016
allc,1.00,1,25,0.981920,1.000000,4.658785
allc,1.00,1,26,0.978306,1.000000,4.631535
allc,1.00,1,27,0.978187,1.000000,4.408229
allc,1.00,1,28,0.978282,1.000000,4.524229
allc,1.00,1,29,0.986782,1.000000,4.695167
allc,1.00,1,30,0.980978,1.000000,4.520577
allc,1.00,1,31,0.988838,1.000000,4.870700
allc,1.00,1,32,0.982689,1.000000,4.648934
allc,1.00,1,33,0.986843,1.000000,4.796934
allc,1.00,1,34,0.979118,1.000000,4.574023
allc,1.00,1,35,0.981389,1.000000,4.426322
allc,1.00,1,36,0.980593,1.000000,4.419341
allc,1.00,1,37,0.985201,1.000000,4.661674
allc,1.00,1,38,0.980956,1.000000,4.630574
allc,1.00,1,39,0.971590,1.000000,4.441184
allc,1.00,1,40,0.980530,1.000000,4.523810
allc,1.00,1,41,0.976692,1.000000,4.519366
allc,1.00,1,42,0.983657,1.000000,4.609050
allc,1.00,1,43,0.983728,1.000000,4.724000
allc,1.00,1,44,0.980207,1.000000,4.566809
allc,1.00,1,45,0.983148,1.000000,4.648277
allc,1.00,1,46,0.986239,1.000000,4.588608
allc,1.00,1,47,0.991175,1.000000,4.805299
allc,1.00,1,48,0.981773,1.000000,4.587794
allc,1.00,1,49,0.989642,1.000000,4.710375
allc,1.00,1,50,0.982481,1.000000,4.407164
allc,1.00,1,51,0.986377,1.000000,4.740191
allc,1.00,1,52,0.985837,1.000000,4.801530
allc,1.00,1,53,0.984905,1.000000,4.609566
allc,1.00,1,54,0.993469,1.000000,4.962351
allc,1.00,1,55,0.980824,1.000000,4.461450
allc,1.00,1,56,0.988787,1.000000,4.727335
allc,1.00,1,57,0.986394,1.000000,4.609619
allc,1.00,1,58,0.985879,1.000000,4.818477
allc,1.00,1,59,0.981973,1.000000,4.744094
allc,1.00,1,60,0.993814,1.000000,5.093896
allc,1.00,1,61,0.986145,1.000000,4.577815
allc,1.00,1,62,0.981186,1.000000,4.634811
allc,1.00,1,63,0.993502,1.000000,5.048974
allc,1.00,1,64,0.990194,1.000000,5.142690
allc,1.00,1,65,0.984201,1.000000,4.590739
allc,1.00,1,66,0.982598,1.000000,4.545563
allc,1.00,1,67,0.987223,1.000000,4.831960
allc,1.00,1,68,0.978566,1.000000,4.708485
allc,1.00,1,69,0.987293,1.000000,4.679555
allc,1.00,1,70,0.989293,1.000000,4.808501
allc,1.00,1,71,0.982602,1.000000,4.624713
allc,1.00,1,72,0.990344,1.000000,4.849094
allc,1.00,1,73,0.974239,1.000000,4.438549
allc,1.00,1,74,0.981328,1.000000,4.578898
allc,1.00,1,75,0.983005,1.000000,4.545742
allc,1.00,1,76,0.984233,1.000000,4.734889
allc,1.00,1,77,0.983885,1.000000,4.453954
allc,1.00,1,78,0.988436,1.000000,4.662657
allc,1.00,1,79,0.984702,1.000000,4.615990
allc,1.00,1,80,0.976020,1.000000,4.307060
allc,1.00,1,81,0.986968,1.000000,4.774454
allc,1.00,1,82,0.988652,1.000000,4.845354
allc,1.00,1,83,0.986545,1.000000,4.747259
allc,1.00,1,84,0.982100,1.000000,4.610713
allc,1.00,1,85,0.986279,1.000000,4.689674
allc,1.00,1,86,0.989111,1.000000,4.968523
allc,1.00,1,87,0.988956,1.000000,4.850691
allc,1.00,1,88,0.985224,1.000000,4.620222
allc,1.00,1,89,0.982244,1.000000,4.798706
allc,1.00,1,90,0.985671,1.000000,4.749683
allc,1.00,1,91,0.990538,1.000000,4.853949
allc,1.00,1,92,0.987441,1.000000,4.853303
allc,1.00,1,93,0.985501,1.000000,4.889087
allc,1.00,1,94,0.985111,1.000000,4.528720
allc,1.00,1,95,0.979924,1.000000,4.536303
allc,1.00,1,96,0.981715,1.000000,4.555355
allc,1.00,1,97,0.984416,1.000000,4.629860
allc,1.00,1,98,0.978027,1.000000,4.633060
allc,1.00,1,99,0.988073,1.000000,4.773241
allc,1.00,1,100,0.977635,1.000000,4.414824
allc,1.00,1,101,0.985667,1.000000,4.741935
allc,1.00,1,102,0.989046,1.000000,4.796993
allc,1.00,1,103,0.986085,1.000000,4.710524
allc,1.00,1,104,0.987070,1.000000,4.765848
allc,1.00,1,105,0.987970,1.000000,4.757183
allc,1.00,1,106,0.987222,1.000000,4.696256
allc,1.00,1,107,0.990513,1.000000,4.903977
allc,1.00,1,108,0.987700,1.000000,4.623239
allc,1.00,1,109,0.990891,1.000000,4.932209
allc,1.00,1,110,0.991185,1.000000,4.915835
allc,1.00,1,111,0.990351,1.000000,4.814784
allc,1.00,1,112,0.984463,1.000000,4.670926
allc,1.00,1,113,0.988878,1.000000,4.784424
allc,1.00,1,114,0.981343,1.000000,4.497632
allc,1.00,1,115,0.967862,1.000000,4.329342
allc,1.00,1,116,0.980828,1.000000,4.520957
allc,1.00,1,117,0.985210,1.000000,4.603499
allc,1.00,1,118,0.984734,1.000000,4.832327
allc,1.00,1,119,0.988206,1.000000,4.955199
allc,1.00,1,120,0.987462,1.000000,4.880702
allc,1.00,1,121,0.983735,1.000000,4.583433
allc,1.00,1,122,0.987399,1.000000,4.840662
allc,1.00,1,123,0.983017,1.000000,4.768718
allc,1.00,1,124,0.979985,1.000000,4.508156
allc,1.00,1,125,0.981443,1.000000,4.753860
allc,1.00,1,126,0.991684,1.000000,4.997719
allc,1.00,1,127,0.989910,1.000000,4.971686
allc,1.00,1,128,0.986133,1.000000,4.775697
allc,1.00,1,129,0.986677,1.000000,4.757234
allc,1.00,1,130,0.989437,1.000000,4.617434
allc,1.00,1,131,0.990788,1.000000,4.725897
allc,1.00,1,132,0.985691,1.000000,4.627870
allc,1.00,1,133,0.987074,1.000000,4.727541
allc,1.00,1,134,0.981688,1.000000,4.553335
allc,1.00,1,135,0.981813,1.000000,4.406241
allc,1.00,1,136,0.985769,1.000000,4.619403
allc,1.00,1,137,0.983424,1.000000,4.633333
allc,1.00,1,138,0.988330,1.000000,4.665788
allc,1.00,1,139,0.979742,1.000000,4.584694
allc,1.00,1,140,0.979572,1.000000,4.423832
allc,1.00,1,141,0.990112,1.000000,4.929250
allc,1.00,1,142,0.985927,1.000000,4.815290
allc,1.00,1,143,0.981274,1.000000,4.739963
allc,1.00,1,144,0.989233,1.000000,4.707860
allc,1.00,1,145,0.985363,1.000000,4.760722
allc,1.00,1,146,0.989491,1.000000,4.699193
allc,1.00,1,147,0.984235,1.000000,4.634210
allc,1.00,1,148,0.983366,1.000000,4.559800
allc,1.00,1,149,0.987264,1.000000,4.785042
allc,1.00,1,150,0.988598,1.000000,4.682372
allc,1.00,1,151,0.986660,1.000000,4.814354
allc,1.00,1,152,0.987140,1.000000,4.573249
allc,1.00,1,153,0.984033,1.000000,4.645043
allc,1.00,1,154,0.981395,1.000000,4.643803
allc,1.00,1,155,0.985774,1.000000,4.592931
allc,1.00,1,156,0.989313,1.000000,4.687208
allc,1.00,1,157,0.985179,1.000000,4.684528
allc,1.00,1,158,0.988174,1.000000,4.810839
allc,1.00,1,159,0.982121,1.000000,4.579220
allc,1.00,1,160,0.987482,1.000000,4.715726
allc,1.00,1,161,0.980733,1.000000,4.682453
allc,1.00,1,162,0.985943,1.000000,4.657551
allc,1.00,1,163,0.981594,1.000000,4.537920
allc,1.00,1,164,0.988326,1.000000,4.700359
allc,1.00,1,165,0.988456,1.000000,4.657878
allc,1.00,1,166,0.982936,1.000000,4.871377
allc,1.00,1,167,0.988026,1.000000,4.992638
allc,1.00,1,168,0.991153,1.000000,5.053280
allc,1.00,1,169,0.991499,1.000000,4.927087
allc,1.00,1,170,0.985621,1.000000,4.736283
allc,1.00,1,171,0.977708,1.000000,4.589741
allc,1.00,1,172,0.987096,1.000000,4.836019
allc,1.00,1,173,0.984911,1.000000,4.817903
allc,1.00,1,174,0.983697,1.000000,4.706334
allc,1.00,1,175,0.983933,1.000000,4.600073
allc,1.00,1,176,0.985903,1.000000,4.650719
allc,1.00,1,177,0.986213,1.000000,4.591709
allc,1.00,1,178,0.987022,1.000000,4.763253
allc,1.00,1,179,0.982008,1.000000,4.745773
allc,1.00,1,180,0.984432,1.000000,4.720073
allc,1.00,1,181,0.989115,1.000000,4.754698
allc,1.00,1,182,0.983985,1.000000,4.530276
allc,1.00,1,183,0.988020,1.000000,4.728459
allc,1.00,1,184,0.991810,1.000000,4.935066
allc,1.00,1,185,0.990356,1.000000,4.779731
allc,1.00,1,186,0.989564,1.000000,4.834365
allc,1.00,1,187,0.991487,1.000000,4.935926
allc,1.00,1,188,0.987972,1.000000,4.699738
allc,1.00,1,189,0.983765,1.000000,4.724537
allc,1.00,1,190,0.991697,1.000000,4.836588
allc,1.00,1,191,0.993483,1.000000,4.997240
allc,1.00,1,192,0.987603,1.000000,4.581960
allc,1.00,1,193,0.981171,1.000000,4.394751
allc,1.00,1,194,0.980854,1.000000,4.553548
allc,1.00,1,195,0.988245,1.000000,4.738208
allc,1.00,1,196,0.978216,1.000000,4.545859
allc,1.00,1,197,0.986094,1.000000,4.742703
allc,1.00,1,198,0.989354,1.000000,4.923156
allc,1.00,1,199,0.989297,1.000000,4.885063
allc,1.00,1,200,0.977703,1.000000,4.438341
allc,1.00,1,201,0.988558,1.000000,4.750826
allc,1.00,1,202,0.982450,1.000000,4.721482
allc,1.00,1,203,0.982833,1.000000,4.592195
allc,1.00,1,204,0.984285,1.000000,4.727713
allc,1.00,1,205,0.988625,1.000000,4.739214
allc,1.00,1,206,0.989745,1.000000,4.700260
allc,1.00,1,207,0.988288,1.000000,4.856589
allc,1.00,1,208,0.975131,1.000000,4.494153
allc,1.00,1,209,0.987280,1.000000,4.486727
allc,1.00,1,210,0.990371,1.000000,4.827502
allc,1.00,1,211,0.986625,1.000000,4.923853
allc,1.00,1,212,0.981573,1.000000,4.703332
allc,1.00,1,213,0.988659,1.000000,4.876989
allc,1.00,1,214,0.979263,1.000000,4.733738
allc,1.00,1,215,0.991929,1.000000,4.804808
allc,1.00,1,216,0.981402,1.000000,4.649454
allc,1.00,1,217,0.978305,1.000000,4.402110
allc,1.00,1,218,0.987425,1.000000,4.675691
allc,1.00,1,219,0.991340,1.000000,4.869937
allc,1.00,1,220,0.989408,1.000000,4.898160
allc,1.00,1,221,0.989174,1.000000,4.570003
allc,1.00,1,222,0.986595,1.000000,4.782119
allc,1.00,1,223,0.986488,1.000000,4.754236
allc,1.00,1,224,0.977220,1.000000,4.552279
allc,1.00,1,225,0.985530,1.000000,4.717848
allc,1.00,1,226,0.975597,1.000000,4.490738
allc,1.00,1,227,0.986847,1.000000,4.814602
allc,1.00,1,228,0.982976,1.000000,4.496216
allc,1.00,1,229,0.987348,1.000000,4.663725
allc,1.00,1,230,0.982856,1.000000,4.509655
allc,1.00,1,231,0.986873,1.000000,4.777896
allc,1.00,1,232,0.978911,1.000000,4.525170
allc,1.00,1,233,0.991321,1.000000,4.791022
allc,1.00,1,234,0.983974,1.000000,4.746577
allc,1.00,1,235,0.989471,1.000000,4.855122
allc,1.00,1,236,0.985861,1.000000,4.695573
allc,1.00,1,237,0.985657,1.000000,4.721116
allc,1.00,1,238,0.978052,1.000000,4.442372
allc,1.00,1,239,0.989259,1.000000,4.803016
allc,1.00,1,240,0.982443,1.000000,4.597042
allc,1.00,1,241,0.991319,1.000000,4.920654
allc,1.00,1,242,0.989939,1.000000,4.860967
allc,1.00,1,243,0.984345,1.000000,4.652493
allc,1.00,1,244,0.988582,1.000000,4.773995
allc,1.00,1,245,0.989128,1.000000,4.943876
allc,1.00,1,246,0.988048,1.000000,4.734784
allc,1.00,1,247,0.988278,1.000000,4.758790
allc,1.00,1,248,0.989551,1.000000,4.877368
allc,1.00,1,249,0.989541,1.000000,4.898300
allc,1.00,1,250,0.986729,1.000000,4.783932
allc,1.00,1,251,0.974508,1.000000,4.521034
allc,1.00,1,252,0.984358,1.000000,4.609191
allc,1.00,1,253,0.983657,1.000000,4.662224
allc,1.00,1,254,0.985991,1.000000,4.549366
allc,1.00,1,255,0.988286,1.000000,4.834706
allc,1.00,1,256,0.984571,1.000000,4.626193
allc,1.00,1,257,0.988940,1.000000,4.750889
allc,1.00,1,258,0.987612,1.000000,4.818452
allc,1.00,1,259,0.984032,1.000000,4.697495
allc,1.00,1,260,0.989487,1.000000,4.830537
allc,1.00,1,261,0.987847,1.000000,4.701200
allc,1.00,1,262,0.986237,1.000000,4.668647
allc,1.00,1,263,0.989037,1.000000,4.796528
allc,1.00,1,264,0.979191,1.000000,4.639602
allc,1.00,1,265,0.988908,1.000000,4.868427
allc,1.00,1,266,0.988319,1.000000,4.886073
allc,1.00,1,267,0.984571,1.000000,4.704295
allc,1.00,1,268,0.987989,1.000000,4.721374
allc,1.00,1,269,0.982862,1.000000,4.500541
allc,1.00,1,270,0.981977,1.000000,4.427075
allc,1.00,1,271,0.988192,1.000000,4.985797
allc,1.00,1,272,0.979160,1.000000,4.652384
allc,1.00,1,273,0.981973,1.000000,4.595026
allc,1.00,1,274,0.987425,1.000000,4.708745
allc,1.00,1,275,0.989179,1.000000,4.883648
allc,1.00,1,276,0.986166,1.000000,4.656487
allc,1.00,1,277,0.989858,1.000000,4.616649
allc,1.00,1,278,0.985860,1.000000,4.611984
allc,1.00,1,279,0.985427,1.000000,4.721622
allc,1.00,1,280,0.988371,1.000000,4.994612
allc,1.00,1,281,0.986987,1.000000,4.700981
allc,1.00,1,282,0.972215,1.000000,4.326134
allc,1.00,1,283,0.980586,1.000000,4.720880
allc,1.00,1,284,0.989910,1.000000,5.000673
allc,1.00,1,285,0.986545,1.000000,4.667265
allc,1.00,1,286,0.984573,1.000000,4.671548
allc,1.00,1,287,0.987092,1.000000,4.817522
allc,1.00,1,288,0.989197,1.000000,4.732527
allc,1.00,1,289,0.979531,1.000000,4.449509
allc,1.00,1,290,0.987016,1.000000,4.745540
allc,1.00,1,291,0.991637,1.000000,4.952735
allc,1.00,1,292,0.987741,1.000000,4.654850
allc,1.00,1,293,0.984488,1.000000,4.627314
allc,1.00,1,294,0.983749,1.000000,4.719610
allc,1.00,1,295,0.982909,1.000000,4.527906
allc,1.00,1,296,0.984868,1.000000,4.776470
allc,1.00,1,297,0.989078,1.000000,4.684087
allc,1.00,1,298,0.989948,1.000000,4.803656
allc,1.00,1,299,0.987515,1.000000,4.873209
allc,1.00,1,300,0.986173,1.000000,4.629969
allc,1.00,1,301,0.985244,1.000000,4.865650
allc,1.00,1,302,0.990243,1.000000,4.823989
allc,1.00,1,303,0.988573,1.000000,4.795765
allc,1.00,1,304,0.975980,1.000000,4.450938
allc,1.00,1,305,0.982991,1.000000,4.573525
allc,1.00,1,306,0.989371,1.000000,5.022446
allc,1.00,1,307,0.990707,1.000000,5.024660
allc,1.00,1,308,0.986174,1.000000,4.591402
allc,1.00,1,309,0.987411,1.000000,4.661788
allc,1.00,1,310,0.981235,1.000000,4.612908
allc,1.00,1,311,0.987291,1.000000,4.545624
allc,1.00,1,312,0.990250,1.000000,4.987045
allc,1.00,1,313,0.981996,1.000000,4.515140
allc,1.00,1,314,0.983307,1.000000,4.600054
allc,1.00,1,315,0.989018,1.000000,4.917627
allc,1.00,1,316,0.990342,1.000000,4.743963
allc,1.00,1,317,0.986110,1.000000,4.619324
allc,1.00,1,318,0.993206,1.000000,4.991547
allc,1.00,1,319,0.985335,1.000000,4.626756
allc,1.00,1,320,0.984933,1.000000,4.748933
allc,1.00,1,321,0.978632,1.000000,4.438426
allc,1.00,1,322,0.980826,1.000000,4.436233
allc,1.00,1,323,0.978338,1.000000,4.259726
allc,1.00,1,324,0.987301,1.000000,4.653942
allc,1.00,1,325,0.982445,1.000000,4.883103
allc,1.00,1,326,0.984981,1.000000,4.744259
allc,1.00,1,327,0.988687,1.000000,4.590873
allc,1.00,1,328,0.985635,1.000000,4.638431
allc,1.00,1,329,0.977492,1.000000,4.685569
allc,1.00,1,330,0.982862,1.000000,4.618531
allc,1.00,1,331,0.990302,1.000000,5.006399
allc,1.00,1,332,0.991653,1.000000,4.965023
allc,1.00,1,333,0.987841,1.000000,5.022092
allc,1.00,1,334,0.983947,1.000000,4.744266
allc,1.00,1,335,0.978333,1.000000,4.680975
allc,1.00,1,336,0.984344,1.000000,4.589151
allc,1.00,1,337,0.973621,1.000000,4.530652
allc,1.00,1,338,0.981524,1.000000,4.478316
allc,1.00,1,339,0.991323,1.000000,4.842818
allc,1.00,1,340,0.991871,1.000000,4.838176
allc,1.00,1,341,0.985162,1.000000,4.673532
allc,1.00,1,342,0.986063,1.000000,4.724323
allc,1.00,1,343,0.984247,1.000000,4.654258
allc,1.00,1,344,0.989747,1.000000,4.816018
allc,1.00,1,345,0.990232,1.000000,5.008837
allc,1.00,1,346,0.985092,1.000000,4.673689
allc,1.00,1,347,0.980746,1.000000,4.613501
allc,1.00,1,348,0.980836,1.000000,4.512658
allc,1.00,1,349,0.980367,1.000000,4.396455
allc,1.00,1,350,0.988298,1.000000,4.782977
allc,1.00,1,351,0.983847,1.000000,4.654558
allc,1.00,1,352,0.992374,1.000000,4.937781
allc,1.00,1,353,0.991736,1.000000,5.062567
allc,1.00,1,354,0.985093,1.000000,4.665277
allc,1.00,1,355,0.984822,1.000000,4.558688
allc,1.00,1,356,0.985400,1.000000,4.548828
allc,1.00,1,357,0.988905,1.000000,4.902061
allc,1.00,1,358,0.984895,1.000000,4.689901
allc,1.00,1,359,0.986801,1.000000,4.757619
allc,1.00,1,360,0.986375,1.000000,4.960878
allc,1.00,1,361,0.983248,1.000000,4.807974
allc,1.00,1,362,0.983674,1.000000,4.721688
allc,1.00,1,363,0.987542,1.000000,4.694276
allc,1.00,1,364,0.980802,1.000000,4.547334
allc,1.00,1,365,0.984593,1.000000,4.451464
allc,1.00,1,366,0.984766,1.000000,4.397760
allc,1.00,1,367,0.985087,1.000000,4.645472
allc,1.00,1,368,0.989420,1.000000,4.970037
allc,1.00,1,369,0.990253,1.000000,4.820000
allc,1.00,1,370,0.988775,1.000000,4.803855
allc,1.00,1,371,0.984323,1.000000,4.688114
allc,1.00,1,372,0.977941,1.000000,4.597215
allc,1.00,1,373,0.987757,1.000000,4.784582
allc,1.00,1,374,0.987719,1.000000,4.590515
allc,1.00,1,375,0.978245,1.000000,4.664391
allc,1.00,1,376,0.983289,1.000000,4.653033
allc,1.00,1,377,0.988454,1.000000,4.782375
allc,1.00,1,378,0.983122,1.000000,4.795857
allc,1.00,1,379,0.986326,1.000000,4.761385
allc,1.00,1,380,0.990591,1.000000,5.010529
allc,1.00,1,381,0.983243,1.000000,4.621149
allc,1.00,1,382,0.987337,1.000000,4.723383
allc,1.00,1,383,0.986630,1.000000,4.731937
allc,1.00,1,384,0.981947,1.000000,4.564769
allc,1.00,1,385,0.985810,1.000000,4.784337
allc,1.00,1,386,0.985006,1.000000,4.483474
allc,1.00,1,387,0.981111,1.000000,4.401697
allc,1.00,1,388,0.979512,1.000000,4.516454
allc,1.00,1,389,0.988561,1.000000,4.785825
allc,1.00,1,390,0.984490,1.000000,4.730148
allc,1.00,1,391,0.985016,1.000000,4.744844
allc,1.00,1,392,0.991192,1.000000,4.841898
allc,1.00,1,393,0.986226,1.000000,4.653465
allc,1.00,1,394,0.987075,1.000000,4.738635
allc,1.00,1,395,0.986128,1.000000,4.653512
allc,1.00,1,396,0.980524,1.000000,4.589330
allc,1.00,1,397,0.983093,1.000000,4.605389
allc,1.00,1,398,0.974106,1.000000,4.531888
allc,1.00,1,399,0.987600,1.000000,4.697514
allc,1.00,1,400,0.981275,1.000000,4.671258
allc,1.00,1,401,0.986595,1.000000,4.866678
allc,1.00,1,402,0.983801,1.000000,4.587352
allc,1.00,1,403,0.986320,1.000000,4.764199
allc,1.00,1,404,0.987079,1.000000,4.757051
allc,1.00,1,405,0.977325,1.000000,4.394988
allc,1.00,1,406,0.987912,1.000000,4.520175
allc,1.00,1,407,0.988139,1.000000,4.794991
allc,1.00,1,408,0.977561,1.000000,4.488469
allc,1.00,1,409,0.981162,1.000000,4.428834
allc,1.00,1,410,0.982964,1.000000,4.546080
allc,1.00,1,411,0.978384,1.000000,4.518688
allc,1.00,1,412,0.985691,1.000000,4.766617
allc,1.00,1,413,0.986354,1.000000,4.609316
allc,1.00,1,414,0.978506,1.000000,4.421711
allc,1.00,1,415,0.986602,1.000000,4.439439
allc,1.00,1,416,0.984888,1.000000,4.825060
allc,1.00,1,417,0.985489,1.000000,4.794916
allc,1.00,1,418,0.991065,1.000000,4.811439
allc,1.00,1,419,0.983499,1.000000,4.619399
allc,1.00,1,420,0.987530,1.000000,4.704622
allc,1.00,1,421,0.990642,1.000000,4.961699
allc,1.00,1,422,0.985169,1.000000,4.769910
allc,1.00,1,423,0.985283,1.000000,4.746759
allc,1.00,1,424,0.986874,1.000000,4.742787
allc,1.00,1,425,0.985369,1.000000,4.729335
allc,1.00,1,426,0.984307,1.000000,4.657488
allc,1.00,1,427,0.987238,1.000000,4.556987
allc,1.00,1,428,0.986812,1.000000,4.779966
allc,1.00,1,429,0.988656,1.000000,5.099910
allc,1.00,1,430,0.986474,1.000000,4.618631
allc,1.00,1,431,0.984942,1.000000,4.667230
allc,1.00,1,432,0.983314,1.000000,4.793136
allc,1.00,1,433,0.981251,1.000000,4.675413
allc,1.00,1,434,0.982176,1.000000,4.389249
allc,1.00,1,435,0.979702,1.000000,4.491746
allc,1.00,1,436,0.987268,1.000000,4.753025
allc,1.00,1,437,0.984897,1.000000,4.634856
allc,1.00,1,438,0.989450,1.000000,4.911757
allc,1.00,1,439,0.984983,1.000000,5.029213
allc,1.00,1,440,0.992885,1.000000,5.073914
allc,1.00,1,441,0.983776,1.000000,4.753385
allc,1.00,1,442,0.988041,1.000000,4.778201
allc,1.00,1,443,0.987388,1.000000,4.620540
allc,1.00,1,444,0.988937,1.000000,4.776214
allc,1.00,1,445,0.982360,1.000000,4.606078
allc,1.00,1,446,0.982323,1.000000,4.683111
allc,1.00,1,447,0.989267,1.000000,4.898850
allc,1.00,1,448,0.982985,1.000000,4.706908
allc,1.00,1,449,0.985378,1.000000,4.622170
allc,1.00,1,450,0.986868,1.000000,4.841733
allc,1.00,1,451,0.991216,1.000000,5.075029
allc,1.00,1,452,0.987501,1.000000,4.829681
allc,1.00,1,453,0.985083,1.000000,4.709326
allc,1.00,1,454,0.987294,1.000000,4.823752
allc,1.00,1,455,0.987470,1.000000,4.787630
allc,1.00,1,456,0.990297,1.000000,4.872351
allc,1.00,1,457,0.985682,1.000000,4.798082
allc,1.00,1,458,0.987951,1.000000,4.817771
allc,1.00,1,459,0.984465,1.000000,4.710671
allc,1.00,1,460,0.981970,1.000000,4.615465
allc,1.00,1,461,0.987267,1.000000,4.726198
allc,1.00,1,462,0.986201,1.000000,4.782372
allc,1.00,1,463,0.986667,1.000000,4.745658
allc,1.00,1,464,0.985835,1.000000,4.740994
allc,1.00,1,465,0.980480,1.000000,4.712927
allc,1.00,1,466,0.987801,1.000000,4.734133
allc,1.00,1,467,0.978652,1.000000,4.555174
allc,1.00,1,468,0.986278,1.000000,4.781794
allc,1.00,1,469,0.987146,1.000000,4.522997
allc,1.00,1,470,0.979628,1.000000,4.440202
allc,1.00,1,471,0.988462,1.000000,4.747130
allc,1.00,1,472,0.990222,1.000000,4.860393
allc,1.00,1,473,0.987509,1.000000,4.862659
allc,1.00,1,474,0.988825,1.000000,4.839270
allc,1.00,1,475,0.988186,1.000000,4.783898
allc,1.00,1,476,0.988952,1.000000,4.831893
allc,1.00,1,477,0.984830,1.000000,4.838040
allc,1.00,1,478,0.983366,1.000000,4.769594
allc,1.00,1,479,0.981761,1.000000,4.465241
allc,1.00,1,480,0.984229,1.000000,4.626923
allc,1.00,1,481,0.989142,1.000000,4.745806
allc,1.00,1,482,0.991260,1.000000,4.989745
allc,1.00,1,483,0.987901,1.000000,5.067787
allc,1.00,1,484,0.983816,1.000000,4.546426
allc,1.00,1,485,0.980436,1.000000,4.349035
allc,1.00,1,486,0.985556,1.000000,4.723457
allc,1.00,1,487,0.989844,1.000000,4.844719
allc,1.00,1,488,0.989236,1.000000,4.891144
allc,1.00,1,489,0.987287,1.000000,4.768390
allc,1.00,1,490,0.976552,1.000000,4.581266
allc,1.00,1,491,0.985845,1.000000,4.794305
allc,1.00,1,492,0.984327,1.000000,4.583785
allc,1.00,1,493,0.983163,1.000000,4.695805
allc,1.00,1,494,0.973360,1.000000,4.601582
allc,1.00,1,495,0.984500,1.000000,4.788856
allc,1.00,1,496,0.987333,1.000000,4.885633
allc,1.00,1,497,0.986321,1.000000,4.859734
allc,1.00,1,498,0.985396,1.000000,4.644100
allc,1.00,1,499,0.980000,1.000000,4.392594
coupled,0.00,2,0,0.986255,1.000000,4.643578
coupled,0.00,2,1,0.983869,1.000000,4.253501
coupled,0.00,2,2,0.975582,1.000000,4.707318
coupled,0.00,2,3,0.991746,1.000000,4.378728
coupled,0.00,2,4,0.985597,1.000000,4.449087
coupled,0.00,2,5,0.986836,1.000000,4.351139
coupled,0.00,2,6,0.975754,1.000000,4.338557
coupled,0.00,2,7,0.985346,1.000000,4.324153
coupled,0.00,2,8,0.983179,1.000000,4.534372
coupled,0.00,2,9,0.987484,1.000000,4.409917
coupled,0.00,2,10,0.983686,1.000000,4.467738
coupled,0.00,2,11,0.984252,1.000000,4.441177
coupled,0.00,2,12,0.987020,1.000000,4.688986
coupled,0.00,2,13,0.987205,1.000000,4.498542
coupled,0.00,2,14,0.985925,1.000000,4.259265
coupled,0.00,2,15,0.977858,1.000000,4.255122
coupled,0.00,2,16,0.981659,1.000000,4.628930
coupled,0.00,2,17,0.985193,1.000000,4.574674
coupled,0.00,2,18,0.983863,1.000000,4.513882
coupled,0.00,2,19,0.986256,1.000000,4.288915
coupled,0.00,2,20,0.982031,1.000000,4.539753
coupled,0.00,2,21,0.986508,1.000000,4.409937
coupled,0.00,2,22,0.984494,1.000000,4.427277
coupled,0.00,2,23,0.984935,1.000000,4.268423
coupled,0.00,2,24,0.981754,1.000000,4.399219
coupled,0.00,2,25,0.978666,1.000000,4.332815
coupled,0.00,2,26,0.977748,1.000000,4.352465
coupled,0.00,2,27,0.986262,1.000000,3.990365
coupled,0.00,2,28,0.973434,1.000000,4.050474
coupled,0.00,2,29,0.970961,1.000000,4.263667
coupled,0.00,2,30,0.976242,1.000000,4.418706
coupled,0.00,2,31,0.990722,1.000000,4.315140
coupled,0.00,2,32,0.985552,1.000000,4.304848
coupled,0.00,2,33,0.986812,1.000000,4.552628
coupled,0.00,2,34,0.987165,1.000000,4.457439
coupled,0.00,2,35,0.983584,1.000000,4.473331
coupled,0.00,2,36,0.978755,1.000000,4.460826
coupled,0.00,2,37,0.986133,1.000000,4.396311
coupled,0.00,2,38,0.981198,1.000000,4.486713
coupled,0.00,2,39,0.982768,1.000000,4.600506
coupled,0.00,2,40,0.991354,1.000000,4.323986
coupled,0.00,2,41,0.986881,1.000000,4.255957
coupled,0.00,2,42,0.978896,1.000000,4.554079
coupled,0.00,2,43,0.987905,1.000000,4.529963
coupled,0.00,2,44,0.986770,1.000000,4.513686
coupled,0.00,2,45,0.985105,1.000000,4.493972
coupled,0.00,2,46,0.981345,1.000000,4.279262
coupled,0.00,2,47,0.976927,1.000000,4.169199
coupled,0.00,2,48,0.982415,1.000000,4.333653
coupled,0.00,2,49,0.982912,1.000000,4.489114
coupled,0.00,2,50,0.983247,1.000000,4.562770
coupled,0.00,2,51,0.982993,1.000000,4.252827
coupled,0.00,2,52,0.980999,1.000000,4.096100
coupled,0.00,2,53,0.980397,1.000000,4.359638
coupled,0.00,2,54,0.986507,1.000000,4.404268
coupled,0.00,2,55,0.981129,1.000000,4.345883
coupled,0.00,2,56,0.985773,1.000000,4.543129
coupled,0.00,2,57,0.985067,1.000000,4.756634
coupled,0.00,2,58,0.985212,1.000000,4.592831
coupled,0.00,2,59,0.984180,1.000000,4.354107
coupled,0.00,2,60,0.987160,1.000000,4.297849
coupled,0.00,2,61,0.986277,1.000000,4.311159
coupled,0.00,2,62,0.983974,1.000000,4.409514
coupled,0.00,2,63,0.979405,1.000000,4.438812
coupled,0.00,2,64,0.982473,1.000000,4.210925
coupled,0.00,2,65,0.975834,1.000000,4.336191
coupled,0.00,2,66,0.979715,1.000000,4.236657
coupled,0.00,2,67,0.976732,1.000000,4.284391
coupled,0.00,2,68,0.979607,1.000000,4.202449
coupled,0.00,2,69,0.984972,1.000000,4.242898
coupled,0.00,2,70,0.983186,1.000000,4.228110
coupled,0.00,2,71,0.985559,1.000000,4.269725
coupled,0.00,2,72,0.985757,1.000000,4.461257
coupled,0.00,2,73,0.986677,1.000000,4.341442
coupled,0.00,2,74,0.979988,1.000000,4.375432
coupled,0.00,2,75,0.987464,1.000000,4.153379
coupled,0.00,2,76,0.980966,1.000000,4.495277
coupled,0.00,2,77,0.983470,1.000000,4.545825
coupled,0.00,2,78,0.986862,1.000000,4.062515
coupled,0.00,2,79,0.976419,1.000000,4.279524
coupled,0.00,2,80,0.974053,1.000000,4.300712
coupled,0.00,2,81,0.979903,1.000000,4.436770
coupled,0.00,2,82,0.986120,1.000000,4.274035
coupled,0.00,2,83,0.981206,1.000000,4.498158
coupled,0.00,2,84,0.989502,1.000000,4.203996
coupled,0.00,2,85,0.981742,1.000000,4.544576
coupled,0.00,2,86,0.988739,1.000000,4.288166
coupled,0.00,2,87,0.985797,1.000000,4.525648
coupled,0.00,2,88,0.987801,1.000000,4.268565
coupled,0.00,2,89,0.983860,1.000000,4.490944
coupled,0.00,2,90,0.987675,1.000000,4.464710
coupled,0.00,2,91,0.984113,1.000000,4.432596
coupled,0.00,2,92,0.983614,1.000000,4.354868
coupled,0.00,2,93,0.985707,1.000000,4.319390
coupled,0.00,2,94,0.975504,1.000000,4.401016
coupled,0.00,2,95,0.980556,1.000000,4.504193
coupled,0.00,2,96,0.983850,1.000000,4.325568
coupled,0.00,2,97,0.980633,1.000000,4.437685
coupled,0.00,2,98,0.984944,1.000000,4.495656
coupled,0.00,2,99,0.981672,1.000000,4.296964
coupled,0.00,2,100,0.976481,1.000000,4.725207
coupled,0.00,2,101,0.987051,1.000000,4.644002
coupled,0.00,2,102,0.990212,1.000000,4.596429
coupled,0.00,2,103,0.989029,1.000000,4.286818
coupled,0.00,2,104,0.983935,1.000000,4.294177
coupled,0.00,2,105,0.985374,1.000000,4.357677
coupled,0.00,2,106,0.978162,1.000000,4.172219
coupled,0.00,2,107,0.980909,1.000000,4.481723
coupled,0.00,2,108,0.988535,1.000000,4.529171
coupled,0.00,2,109,0.989238,1.000000,4.616879
coupled,0.00,2,110,0.991403,1.000000,4.424174
coupled,0.00,2,111,0.989655,1.000000,4.408774
coupled,0.00,2,112,0.984393,1.000000,4.331105
coupled,0.00,2,113,0.984232,1.000000,4.367031
coupled,0.00,2,114,0.981208,1.000000,4.139386
coupled,0.00,2,115,0.977147,1.000000,4.189574
coupled,0.00,2,116,0.980693,1.000000,4.321434
coupled,0.00,2,117,0.977189,1.000000,4.451385
coupled,0.00,2,118,0.988002,1.000000,4.323018
coupled,0.00,2,119,0.984267,1.000000,4.566159
coupled,0.00,2,120,0.990789,1.000000,4.210191
coupled,0.00,2,121,0.980545,1.000000,4.265862
coupled,0.00,2,122,0.984587,1.000000,4.102525
coupled,0.00,2,123,0.973757,1.000000,4.359800
coupled,0.00,2,124,0.976920,1.000000,4.046440
coupled,0.00,2,125,0.978000,1.000000,4.127969
coupled,0.00,2,126,0.976922,1.000000,4.540739
coupled,0.00,2,127,0.989667,1.000000,4.457921
coupled,0.00,2,128,0.986105,1.000000,4.430334
coupled,0.00,2,129,0.983891,1.000000,4.367091
coupled,0.00,2,130,0.983980,1.000000,4.376809
coupled,0.00,2,131,0.976567,1.000000,4.394338
coupled,0.00,2,132,0.986546,1.000000,4.159188
coupled,0.00,2,133,0.981935,1.000000,4.178571
coupled,0.00,2,134,0.981225,1.000000,4.357363
coupled,0.00,2,135,0.980714,1.000000,4.246545
coupled,0.00,2,136,0.981958,1.000000,4.463365
coupled,0.00,2,137,0.985077,1.000000,4.439077
coupled,0.00,2,138,0.981357,1.000000,4.336609
coupled,0.00,2,139,0.983905,1.000000,4.522884
coupled,0.00,2,140,0.981502,1.000000,4.445062
coupled,0.00,2,141,0.978445,1.000000,4.494193
coupled,0.00,2,142,0.988488,1.000000,4.247588
coupled,0.00,2,143,0.983177,1.000000,4.392109
coupled,0.00,2,144,0.984903,1.000000,4.622363
coupled,0.00,2,145,0.987771,1.000000,4.751365
coupled,0.00,2,146,0.990628,1.000000,4.554271
coupled,0.00,2,147,0.987073,1.000000,4.377135
coupled,0.00,2,148,0.982618,1.000000,3.972967
coupled,0.00,2,149,0.971142,1.000000,4.176675
coupled,0.00,2,150,0.981347,1.000000,4.186022
coupled,0.00,2,151,0.982996,1.000000,4.283907
coupled,0.00,2,152,0.980216,1.000000,4.034692
coupled,0.00,2,153,0.970879,1.000000,4.208765
coupled,0.00,2,154,0.982528,1.000000,4.013434
coupled,0.00,2,155,0.976241,1.000000,4.320721
coupled,0.00,2,156,0.979682,1.000000,4.189283
coupled,0.00,2,157,0.973080,1.000000,4.263027
coupled,0.00,2,158,0.984503,1.000000,4.231592
coupled,0.00,2,159,0.970749,1.000000,4.408435
coupled,0.00,2,160,0.983179,1.000000,4.555205
coupled,0.00,2,161,0.989882,1.000000,4.802007
coupled,0.00,2,162,0.990166,1.000000,4.549420
coupled,0.00,2,163,0.986466,1.000000,4.236245
coupled,0.00,2,164,0.980437,1.000000,4.357453
coupled,0.00,2,165,0.978398,1.000000,4.448407
coupled,0.00,2,166,0.987287,1.000000,4.126731
coupled,0.00,2,167,0.981408,1.000000,4.258347
coupled,0.00,2,168,0.980186,1.000000,4.294442
coupled,0.00,2,169,0.983230,1.000000,4.627249
coupled,0.00,2,170,0.988772,1.000000,4.403815
coupled,0.00,2,171,0.978530,1.000000,4.186699
coupled,0.00,2,172,0.975486,1.000000,4.166709
coupled,0.00,2,173,0.978076,1.000000,4.622112
coupled,0.00,2,174,0.988539,1.000000,4.429217
coupled,0.00,2,175,0.983098,1.000000,4.348389
coupled,0.00,2,176,0.985174,1.000000,4.362346
coupled,0.00,2,177,0.983346,1.000000,4.461967
coupled,0.00,2,178,0.984955,1.000000,4.722654
coupled,0.00,2,179,0.988331,1.000000,4.328054
coupled,0.00,2,180,0.982952,1.000000,4.308214
coupled,0.00,2,181,0.978197,1.000000,4.194982
coupled,0.00,2,182,0.974979,1.000000,4.280021
coupled,0.00,2,183,0.985659,1.000000,4.302707
coupled,0.00,2,184,0.988074,1.000000,4.443223
coupled,0.00,2,185,0.987723,1.000000,4.297565
coupled,0.00,2,186,0.984302,1.000000,4.422057
coupled,0.00,2,187,0.986193,1.000000,4.347199
coupled,0.00,2,188,0.981426,1.000000,4.319403
coupled,0.00,2,189,0.986890,1.000000,4.265275
coupled,0.00,2,190,0.983415,1.000000,4.334255
coupled,0.00,2,191,0.983603,1.000000,4.326241
coupled,0.00,2,192,0.983397,1.000000,4.292495
coupled,0.00,2,193,0.980977,1.000000,4.295226
coupled,0.00,2,194,0.975427,1.000000,4.211504
coupled,0.00,2,195,0.985673,1.000000,4.147713
coupled,0.00,2,196,0.972366,1.000000,4.529112
coupled,0.00,2,197,0.985759,1.000000,4.574997
coupled,0.00,2,198,0.988246,1.000000,4.458889
coupled,0.00,2,199,0.984052,1.000000,4.568207
coupled,0.00,2,200,0.987728,1.000000,4.469870
coupled,0.00,2,201,0.985963,1.000000,4.531423
coupled,0.00,2,202,0.988652,1.000000,4.504467
coupled,0.00,2,203,0.984733,1.000000,4.432933
coupled,0.00,2,204,0.977715,1.000000,4.299020
coupled,0.00,2,205,0.983882,1.000000,4.293854
coupled,0.00,2,206,0.984201,1.000000,4.146551
coupled,0.00,2,207,0.985622,1.000000,4.136021
coupled,0.00,2,208,0.986236,1.000000,4.520560
coupled,0.00,2,209,0.985825,1.000000,4.451009
coupled,0.00,2,210,0.982962,1.000000,4.326851
coupled,0.00,2,211,0.985794,1.000000,4.427134
coupled,0.00,2,212,0.980214,1.000000,4.594023
coupled,0.00,2,213,0.987675,1.000000,4.432962
coupled,0.00,2,214,0.984532,1.000000,4.215821
coupled,0.00,2,215,0.976922,1.000000,4.219310
coupled,0.00,2,216,0.982901,1.000000,4.483821
coupled,0.00,2,217,0.984109,1.000000,4.686541
coupled,0.00,2,218,0.993015,1.000000,4.316051
coupled,0.00,2,219,0.981178,1.000000,4.213162
coupled,0.00,2,220,0.983894,1.000000,4.416036
coupled,0.00,2,221,0.982515,1.000000,4.375815
coupled,0.00,2,222,0.982170,1.000000,4.394920
coupled,0.00,2,223,0.976262,1.000000,4.321434
coupled,0.00,2,224,0.985123,1.000000,4.440478
coupled,0.00,2,225,0.987873,1.000000,4.435301
coupled,0.00,2,226,0.985078,1.000000,4.340374
coupled,0.00,2,227,0.986382,1.000000,4.587408
coupled,0.00,2,228,0.987300,1.000000,4.624303
coupled,0.00,2,229,0.989447,1.000000,4.482178
coupled,0.00,2,230,0.983389,1.000000,4.451623
coupled,0.00,2,231,0.988450,1.000000,4.342921
coupled,0.00,2,232,0.980881,1.000000,4.425139
coupled,0.00,2,233,0.983506,1.000000,4.634835
coupled,0.00,2,234,0.989925,1.000000,4.349524
coupled,0.00,2,235,0.980661,1.000000,4.369032
coupled,0.00,2,236,0.985352,1.000000,4.306882
coupled,0.00,2,237,0.980206,1.000000,4.380167
coupled,0.00,2,238,0.982146,1.000000,4.552157
coupled,0.00,2,239,0.987361,1.000000,4.205623
coupled,0.00,2,240,0.978062,1.000000,4.397727
coupled,0.00,2,241,0.979007,1.000000,4.405150
coupled,0.00,2,242,0.986275,1.000000,4.216043
coupled,0.00,2,243,0.975176,1.000000,4.386384
coupled,0.00,2,244,0.983058,1.000000,4.448934
coupled,0.00,2,245,0.985227,1.000000,4.454115
coupled,0.00,2,246,0.984769,1.000000,4.600394
coupled,0.00,2,247,0.983932,1.000000,4.387547
coupled,0.00,2,248,0.983905,1.000000,4.275497
coupled,0.00,2,249,0.979908,1.000000,4.403502
coupled,0.00,2,250,0.980315,1.000000,4.458789
coupled,0.00,2,251,0.981940,1.000000,4.474228
coupled,0.00,2,252,0.985066,1.000000,4.486613
coupled,0.00,2,253,0.983348,1.000000,4.085629
coupled,0.00,2,254,0.961601,1.000000,4.274215
coupled,0.00,2,255,0.976712,1.000000,4.431026
coupled,0.00,2,256,0.983555,1.000000,4.428737
coupled,0.00,2,257,0.981959,1.000000,4.641846
coupled,0.00,2,258,0.989257,1.000000,4.713103
coupled,0.00,2,259,0.983105,1.000000,4.259652
coupled,0.00,2,260,0.980198,1.000000,4.353975
coupled,0.00,2,261,0.982565,1.000000,4.428696
coupled,0.00,2,262,0.985445,1.000000,4.460119
coupled,0.00,2,263,0.987970,1.000000,4.240235
coupled,0.00,2,264,0.980692,1.000000,4.243781
coupled,0.00,2,265,0.976085,1.000000,4.398514
coupled,0.00,2,266,0.982392,1.000000,4.457851
coupled,0.00,2,267,0.986633,1.000000,4.499190
coupled,0.00,2,268,0.983348,1.000000,4.560635
coupled,0.00,2,269,0.989400,1.000000,4.514179
coupled,0.00,2,270,0.980097,1.000000,4.399421
coupled,0.00,2,271,0.982453,1.000000,4.452654
coupled,0.00,2,272,0.983310,1.000000,4.520419
coupled,0.00,2,273,0.979340,1.000000,4.318599
coupled,0.00,2,274,0.978384,1.000000,4.451377
coupled,0.00,2,275,0.988828,1.000000,4.553399
coupled,0.00,2,276,0.976392,1.000000,4.544392
coupled,0.00,2,277,0.983033,1.000000,4.524749
coupled,0.00,2,278,0.986886,1.000000,4.554228
coupled,0.00,2,279,0.985510,1.000000,4.162081
coupled,0.00,2,280,0.978919,1.000000,4.151811
coupled,0.00,2,281,0.970604,1.000000,4.326970
coupled,0.00,2,282,0.977979,1.000000,4.219167
coupled,0.00,2,283,0.979331,1.000000,4.549464
coupled,0.00,2,284,0.984960,1.000000,4.608891
coupled,0.00,2,285,0.987973,1.000000,4.197692
coupled,0.00,2,286,0.975498,1.000000,3.942602
coupled,0.00,2,287,0.976675,1.000000,4.314105
coupled,0.00,2,288,0.980036,1.000000,4.310760
coupled,0.00,2,289,0.976186,1.000000,4.276588
coupled,0.00,2,290,0.981884,1.000000,4.606491
coupled,0.00,2,291,0.989087,1.000000,4.694048
coupled,0.00,2,292,0.986813,1.000000,4.479365
coupled,0.00,2,293,0.981314,1.000000,4.595546
coupled,0.00,2,294,0.988681,1.000000,4.422922
coupled,0.00,2,295,0.985194,1.000000,4.513887
coupled,0.00,2,296,0.981636,1.000000,4.608516
coupled,0.00,2,297,0.986086,1.000000,4.565911
coupled,0.00,2,298,0.978664,1.000000,4.223950
coupled,0.00,2,299,0.983421,1.000000,4.465844
coupled,0.00,2,300,0.985275,1.000000,4.387765
coupled,0.00,2,301,0.986981,1.000000,4.447273
coupled,0.00,2,302,0.987033,1.000000,4.420242
coupled,0.00,2,303,0.984988,1.000000,4.168607
coupled,0.00,2,304,0.974848,1.000000,4.239674
coupled,0.00,2,305,0.981013,1.000000,4.365058
coupled,0.00,2,306,0.981389,1.000000,4.343773
coupled,0.00,2,307,0.984429,1.000000,4.552907
coupled,0.00,2,308,0.984568,1.000000,4.413440
coupled,0.00,2,309,0.984499,1.000000,4.487124
coupled,0.00,2,310,0.988716,1.000000,4.460081
coupled,0.00,2,311,0.984427,1.000000,4.487718
coupled,0.00,2,312,0.982993,1.000000,4.266824
coupled,0.00,2,313,0.986484,1.000000,4.210016
coupled,0.00,2,314,0.978660,1.000000,4.278081
coupled,0.00,2,315,0.987145,1.000000,4.483486
coupled,0.00,2,316,0.988966,1.000000,4.378433
coupled,0.00,2,317,0.981948,1.000000,4.388766
coupled,0.00,2,318,0.978143,1.000000,4.737431
coupled,0.00,2,319,0.989508,1.000000,4.672783
coupled,0.00,2,320,0.987881,1.000000,4.319829
coupled,0.00,2,321,0.981886,1.000000,4.439565
coupled,0.00,2,322,0.976251,1.000000,4.447201
coupled,0.00,2,323,0.984607,1.000000,4.283595
coupled,0.00,2,324,0.983962,1.000000,4.181126
coupled,0.00,2,325,0.983118,1.000000,4.176005
coupled,0.00,2,326,0.980105,1.000000,4.351179
coupled,0.00,2,327,0.984729,1.000000,4.196487
coupled,0.00,2,328,0.978045,1.000000,4.244459
coupled,0.00,2,329,0.977216,1.000000,4.291621
coupled,0.00,2,330,0.975977,1.000000,4.812327
coupled,0.00,2,331,0.990361,1.000000,4.579663
coupled,0.00,2,332,0.985804,1.000000,4.428813
coupled,0.00,2,333,0.985831,1.000000,4.472864
coupled,0.00,2,334,0.989086,1.000000,4.729288
coupled,0.00,2,335,0.987943,1.000000,4.244689
coupled,0.00,2,336,0.982501,1.000000,4.052847
coupled,0.00,2,337,0.968072,1.000000,4.326600
coupled,0.00,2,338,0.983959,1.000000,4.515568
coupled,0.00,2,339,0.991102,1.000000,4.594960
coupled,0.00,2,340,0.988023,1.000000,4.445361
coupled,0.00,2,341,0.987003,1.000000,4.390830
coupled,0.00,2,342,0.986020,1.000000,4.673201
coupled,0.00,2,343,0.988077,1.000000,4.563331
coupled,0.00,2,344,0.987788,1.000000,4.656727
coupled,0.00,2,345,0.991628,1.000000,4.328427
coupled,0.00,2,346,0.986274,1.000000,4.367105
coupled,0.00,2,347,0.978260,1.000000,4.152231
coupled,0.00,2,348,0.978192,1.000000,4.119280
coupled,0.00,2,349,0.982405,1.000000,4.363295
coupled,0.00,2,350,0.983088,1.000000,4.656364
coupled,0.00,2,351,0.988787,1.000000,4.618869
coupled,0.00,2,352,0.990252,1.000000,4.470011
coupled,0.00,2,353,0.984033,1.000000,4.325598
coupled,0.00,2,354,0.982554,1.000000,4.649757
coupled,0.00,2,355,0.989563,1.000000,4.429624
coupled,0.00,2,356,0.988333,1.000000,4.315250
coupled,0.00,2,357,0.988588,1.000000,4.462757
coupled,0.00,2,358,0.981800,1.000000,4.271495
coupled,0.00,2,359,0.980184,1.000000,4.256431
coupled,0.00,2,360,0.977835,1.000000,4.347091
coupled,0.00,2,361,0.985907,1.000000,4.338754
coupled,0.00,2,362,0.984622,1.000000,4.670764
coupled,0.00,2,363,0.987551,1.000000,4.399883
coupled,0.00,2,364,0.979529,1.000000,4.410854
coupled,0.00,2,365,0.987209,1.000000,4.264108
coupled,0.00,2,366,0.979368,1.000000,4.482339
coupled,0.00,2,367,0.986912,1.000000,4.553774
coupled,0.00,2,368,0.983465,1.000000,4.487021
coupled,0.00,2,369,0.981846,1.000000,4.390298
coupled,0.00,2,370,0.985407,1.000000,4.192387
coupled,0.00,2,371,0.977600,1.000000,4.292189
coupled,0.00,2,372,0.976869,1.000000,4.184855
coupled,0.00,2,373,0.981034,1.000000,4.485313
coupled,0.00,2,374,0.979570,1.000000,4.487686
coupled,0.00,2,375,0.981619,1.000000,4.362477
coupled,0.00,2,376,0.986391,1.000000,4.145546
coupled,0.00,2,377,0.979805,1.000000,4.128826
coupled,0.00,2,378,0.980010,1.000000,4.293996
coupled,0.00,2,379,0.985314,1.000000,4.373104
coupled,0.00,2,380,0.983894,1.000000,4.301917
coupled,0.00,2,381,0.982786,1.000000,4.537504
coupled,0.00,2,382,0.988395,1.000000,4.840016
coupled,0.00,2,383,0.989508,1.000000,4.124838
coupled,0.00,2,384,0.973023,1.000000,4.439757
coupled,0.00,2,385,0.986970,1.000000,4.234880
coupled,0.00,2,386,0.974506,1.000000,4.264609
coupled,0.00,2,387,0.980441,1.000000,4.496040
coupled,0.00,2,388,0.989062,1.000000,4.454480
coupled,0.00,2,389,0.983025,1.000000,4.321250
coupled,0.00,2,390,0.982110,1.000000,4.320182
coupled,0.00,2,391,0.976843,1.000000,4.384976
coupled,0.00,2,392,0.983036,1.000000,4.404828
coupled,0.00,2,393,0.985800,1.000000,4.458751
coupled,0.00,2,394,0.986594,1.000000,4.455354
coupled,0.00,2,395,0.983433,1.000000,4.224181
coupled,0.00,2,396,0.979886,1.000000,4.479901
coupled,0.00,2,397,0.986402,1.000000,4.280276
coupled,0.00,2,398,0.978707,1.000000,4.321537
coupled,0.00,2,399,0.977803,1.000000,4.478563
coupled,0.00,2,400,0.977558,1.000000,4.480574
coupled,0.00,2,401,0.988144,1.000000,4.160102
coupled,0.00,2,402,0.975131,1.000000,4.279964
coupled,0.00,2,403,0.987065,1.000000,4.095294
coupled,0.00,2,404,0.976548,1.000000,4.362015
coupled,0.00,2,405,0.982552,1.000000,4.285816
coupled,0.00,2,406,0.981662,1.000000,4.257979
coupled,0.00,2,407,0.982251,1.000000,4.349793
coupled,0.00,2,408,0.983717,1.000000,4.439227
coupled,0.00,2,409,0.983360,1.000000,4.450652
coupled,0.00,2,410,0.988886,1.000000,4.438544
coupled,0.00,2,411,0.984344,1.000000,4.349149
coupled,0.00,2,412,0.988002,1.000000,4.142665
coupled,0.00,2,413,0.977845,1.000000,4.233191
coupled,0.00,2,414,0.985498,1.000000,4.420776
coupled,0.00,2,415,0.983370,1.000000,4.390344
coupled,0.00,2,416,0.978586,1.000000,4.478617
coupled,0.00,2,417,0.986285,1.000000,4.419663
coupled,0.00,2,418,0.983894,1.000000,4.161949
coupled,0.00,2,419,0.974288,1.000000,4.087239
coupled,0.00,2,420,0.979805,1.000000,4.204261
coupled,0.00,2,421,0.980904,1.000000,4.046508
coupled,0.00,2,422,0.972299,1.000000,4.263264
coupled,0.00,2,423,0.984353,1.000000,4.513309
coupled,0.00,2,424,0.984067,1.000000,4.180768
coupled,0.00,2,425,0.984974,1.000000,4.262890
coupled,0.00,2,426,0.976625,1.000000,4.099162
coupled,0.00,2,427,0.982840,1.000000,4.110421
coupled,0.00,2,428,0.980178,1.000000,4.496214
coupled,0.00,2,429,0.986300,1.000000,4.317859
coupled,0.00,2,430,0.983783,1.000000,4.296812
coupled,0.00,2,431,0.979946,1.000000,4.259891
coupled,0.00,2,432,0.983595,1.000000,4.257092
coupled,0.00,2,433,0.980204,1.000000,4.244283
coupled,0.00,2,434,0.982295,1.000000,4.226546
coupled,0.00,2,435,0.978036,1.000000,4.414700
coupled,0.00,2,436,0.979657,1.000000,4.157285
coupled,0.00,2,437,0.976251,1.000000,4.299570
coupled,0.00,2,438,0.983978,1.000000,4.279691
coupled,0.00,2,439,0.975314,1.000000,4.515384
coupled,0.00,2,440,0.986653,1.000000,4.397985
coupled,0.00,2,441,0.980764,1.000000,4.162211
coupled,0.00,2,442,0.979872,1.000000,4.161951
coupled,0.00,2,443,0.983022,1.000000,4.427065
coupled,0.00,2,444,0.980544,1.000000,4.305519
coupled,0.00,2,445,0.977848,1.000000,4.404671
coupled,0.00,2,446,0.984143,1.000000,4.379264
coupled,0.00,2,447,0.983276,1.000000,4.545697
coupled,0.00,2,448,0.986543,1.000000,4.455490
coupled,0.00,2,449,0.983794,1.000000,4.277431
coupled,0.00,2,450,0.984256,1.000000,4.162878
coupled,0.00,2,451,0.978678,1.000000,4.033953
coupled,0.00,2,452,0.978322,1.000000,4.077093
coupled,0.00,2,453,0.985406,1.000000,4.294242
coupled,0.00,2,454,0.981842,1.000000,4.613173
coupled,0.00,2,455,0.985553,1.000000,4.536852
coupled,0.00,2,456,0.983762,1.000000,4.268152
coupled,0.00,2,457,0.983467,1.000000,4.210198
coupled,0.00,2,458,0.982831,1.000000,4.209174
coupled,0.00,2,459,0.982558,1.000000,4.240366
coupled,0.00,2,460,0.974440,1.000000,4.482607
coupled,0.00,2,461,0.988291,1.000000,4.213213
coupled,0.00,2,462,0.980256,1.000000,4.390503
coupled,0.00,2,463,0.980856,1.000000,4.476624
coupled,0.00,2,464,0.982580,1.000000,4.451171
coupled,0.00,2,465,0.984564,1.000000,4.234516
coupled,0.00,2,466,0.983374,1.000000,4.618355
coupled,0.00,2,467,0.990256,1.000000,4.392317
coupled,0.00,2,468,0.986266,1.000000,4.214705
coupled,0.00,2,469,0.976935,1.000000,4.437177
coupled,0.00,2,470,0.981466,1.000000,4.420112
coupled,0.00,2,471,0.982436,1.000000,4.285058
coupled,0.00,2,472,0.982751,1.000000,4.112252
coupled,0.00,2,473,0.985198,1.000000,4.301992
coupled,0.00,2,474,0.983226,1.000000,4.536216
coupled,0.00,2,475,0.990811,1.000000,4.507743
coupled,0.00,2,476,0.986963,1.000000,4.292654
coupled,0.00,2,477,0.975448,1.000000,4.146792
coupled,0.00,2,478,0.974251,1.000000,4.346668
coupled,0.00,2,479,0.982388,1.000000,4.366350
coupled,0.00,2,480,0.982409,1.000000,4.424377
coupled,0.00,2,481,0.984820,1.000000,4.578150
coupled,0.00,2,482,0.984912,1.000000,4.159956
coupled,0.00,2,483,0.974188,1.000000,4.380877
coupled,0.00,2,484,0.984019,1.000000,4.208906
coupled,0.00,2,485,0.971872,1.000000,4.267923
coupled,0.00,2,486,0.980292,1.000000,4.363986
coupled,0.00,2,487,0.988414,1.000000,4.609479
coupled,0.00,2,488,0.990366,1.000000,4.264450
coupled,0.00,2,489,0.980337,1.000000,4.424426
coupled,0.00,2,490,0.988626,1.000000,4.428687
coupled,0.00,2,491,0.987399,1.000000,4.642882
coupled,0.00,2,492,0.989625,1.000000,4.093322
coupled,0.00,2,493,0.982534,1.000000,4.408059
coupled,0.00,2,494,0.982384,1.000000,4.225879
coupled,0.00,2,495,0.985445,1.000000,4.165821
coupled,0.00,2,496,0.982891,1.000000,4.160639
coupled,0.00,2,497,0.972890,1.000000,4.202759
coupled,0.00,2,498,0.974380,1.000000,4.282275
coupled,0.00,2,499,0.982957,1.000000,4.413260
coupled,0.50,2,0,0.984026,0.992013,4.474818
coupled,0.50,2,1,0.985869,0.992935,4.309705
coupled,0.50,2,2,0.985420,0.992710,4.308470
coupled,0.50,2,3,0.976562,0.988281,4.426652
coupled,0.50,2,4,0.987949,0.993974,4.318485
coupled,0.50,2,5,0.986119,0.993059,4.397266
coupled,0.50,2,6,0.981135,0.990568,4.211335
coupled,0.50,2,7,0.975515,0.987758,4.193198
coupled,0.50,2,8,0.978186,0.989093,4.300854
coupled,0.50,2,9,0.983477,0.991739,4.531519
coupled,0.50,2,10,0.985053,0.992526,4.449419
coupled,0.50,2,11,0.984230,0.992115,4.467700
coupled,0.50,2,12,0.981339,0.990670,4.405291
coupled,0.50,2,13,0.975183,0.987592,4.430726
coupled,0.50,2,14,0.977975,0.988988,4.178023
coupled,0.50,2,15,0.984387,0.992193,4.241414
coupled,0.50,2,16,0.978704,0.989352,4.541908
coupled,0.50,2,17,0.987918,0.993959,4.442623
coupled,0.50,2,18,0.983344,0.991672,4.540023
coupled,0.50,2,19,0.984236,0.992118,4.512663
coupled,0.50,2,20,0.984091,0.992045,4.504747
coupled,0.50,2,21,0.987392,0.993696,4.301463
coupled,0.50,2,22,0.981431,0.990715,4.397989
coupled,0.50,2,23,0.981975,0.990988,4.370412
coupled,0.50,2,24,0.983748,0.991874,4.582987
coupled,0.50,2,25,0.985437,0.992719,4.280230
coupled,0.50,2,26,0.981692,0.990846,4.384767
coupled,0.50,2,27,0.988399,0.994200,4.524145
coupled,0.50,2,28,0.987802,0.993901,4.159454
coupled,0.50,2,29,0.973826,0.986913,4.212071
coupled,0.50,2,30,0.976568,0.988284,4.269589
coupled,0.50,2,31,0.977364,0.988682,4.311046
coupled,0.50,2,32,0.979025,0.989512,4.513242
coupled,0.50,2,33,0.987843,0.993921,4.634861
coupled,0.50,2,34,0.988257,0.994128,4.492796
coupled,0.50,2,35,0.987076,0.993538,4.620317
coupled,0.50,2,36,0.982073,0.991036,4.524794
coupled,0.50,2,37,0.984167,0.992084,4.690001
coupled,0.50,2,38,0.986896,0.993448,4.352277
coupled,0.50,2,39,0.982726,0.991363,4.275047
coupled,0.50,2,40,0.984496,0.992248,4.559412
coupled,0.50,2,41,0.985034,0.992517,4.631386
coupled,0.50,2,42,0.984477,0.992238,4.391630
coupled,0.50,2,43,0.979800,0.989900,4.432193
coupled,0.50,2,44,0.990742,0.995371,4.379912
coupled,0.50,2,45,0.985611,0.992806,4.381427
coupled,0.50,2,46,0.983064,0.991532,4.438376
coupled,0.50,2,47,0.986022,0.993011,4.511317
coupled,0.50,2,48,0.989529,0.994764,4.419740
coupled,0.50,2,49,0.982827,0.991413,4.330093
coupled,0.50,2,50,0.985773,0.992886,4.449428
coupled,0.50,2,51,0.983676,0.991838,4.455777
coupled,0.50,2,52,0.984838,0.992419,4.405496
coupled,0.50,2,53,0.980606,0.990303,4.364752
coupled,0.50,2,54,0.986216,0.993108,4.700935
coupled,0.50,2,55,0.990552,0.995276,4.281053
coupled,0.50,2,56,0.979429,0.989714,4.353266
coupled,0.50,2,57,0.978486,0.989243,4.466779
coupled,0.50,2,58,0.985892,0.992946,4.550182
coupled,0.50,2,59,0.986981,0.993491,4.358303
coupled,0.50,2,60,0.979835,0.989918,4.579656
coupled,0.50,2,61,0.985478,0.992739,4.125660
coupled,0.50,2,62,0.970328,0.985164,4.052826
coupled,0.50,2,63,0.978115,0.989058,4.253449
coupled,0.50,2,64,0.978125,0.989063,4.218924
coupled,0.50,2,65,0.981082,0.990541,4.116324
coupled,0.50,2,66,0.977979,0.988989,4.456988
coupled,0.50,2,67,0.981989,0.990994,4.148945
coupled,0.50,2,68,0.978409,0.989204,4.278407
coupled,0.50,2,69,0.980243,0.990122,4.433742
coupled,0.50,2,70,0.989120,0.994560,4.416238
coupled,0.50,2,71,0.985089,0.992544,4.484280
coupled,0.50,2,72,0.986303,0.993152,4.226237
coupled,0.50,2,73,0.979524,0.989762,4.218572
coupled,0.50,2,74,0.981460,0.990730,4.180044
coupled,0.50,2,75,0.985014,0.992507,4.363354
coupled,0.50,2,76,0.968969,0.984484,4.328208
coupled,0.50,2,77,0.985652,0.992826,4.520509
coupled,0.50,2,78,0.988654,0.994327,4.611495
coupled,0.50,2,79,0.988686,0.994343,4.502919
coupled,0.50,2,80,0.983024,0.991512,4.572591
coupled,0.50,2,81,0.990007,0.995003,4.432725
coupled,0.50,2,82,0.984585,0.992293,4.406720
coupled,0.50,2,83,0.986515,0.993257,4.532384
coupled,0.50,2,84,0.980825,0.990413,4.389967
coupled,0.50,2,85,0.986731,0.993366,4.299383
coupled,0.50,2,86,0.981014,0.990507,4.279857
coupled,0.50,2,87,0.981411,0.990706,4.334684
coupled,0.50,2,88,0.983792,0.991896,4.422516
coupled,0.50,2,89,0.980868,0.990434,4.675461
coupled,0.50,2,90,0.990822,0.995411,4.427927
coupled,0.50,2,91,0.987547,0.993774,4.298284
coupled,0.50,2,92,0.979562,0.989781,4.380195
coupled,0.50,2,93,0.983175,0.991587,4.500518
coupled,0.50,2,94,0.986570,0.993285,4.325197
coupled,0.50,2,95,0.980909,0.990455,4.383069
coupled,0.50,2,96,0.985303,0.992651,4.410941
coupled,0.50,2,97,0.983320,0.991660,4.401259
coupled,0.50,2,98,0.974097,0.987048,4.559745
coupled,0.50,2,99,0.986958,0.993479,4.531948
coupled,0.50,2,100,0.989690,0.994845,4.275448
coupled,0.50,2,101,0.986074,0.993037,4.392478
coupled,0.50,2,102,0.983285,0.991643,4.632683
coupled,0.50,2,103,0.987942,0.993971,4.549200
coupled,0.50,2,104,0.987392,0.993696,4.414401
coupled,0.50,2,105,0.985221,0.992611,4.324300
coupled,0.50,2,106,0.984844,0.992422,4.469834
coupled,0.50,2,107,0.985481,0.992740,4.595673
coupled,0.50,2,108,0.986691,0.993345,4.425696
coupled,0.50,2,109,0.986503,0.993251,4.288086
coupled,0.50,2,110,0.980378,0.990189,4.567786
coupled,0.50,2,111,0.985994,0.992997,4.554558
coupled,0.50,2,112,0.980990,0.990495,4.339106
coupled,0.50,2,113,0.985007,0.992504,4.538849
coupled,0.50,2,114,0.987235,0.993617,4.247173
coupled,0.50,2,115,0.975294,0.987647,4.459671
coupled,0.50,2,116,0.987239,0.993620,4.225834
coupled,0.50,2,117,0.976301,0.988150,4.329470
coupled,0.50,2,118,0.985460,0.992730,4.361769
coupled,0.50,2,119,0.982837,0.991418,4.556459
coupled,0.50,2,120,0.991180,0.995590,4.520825
coupled,0.50,2,121,0.987388,0.993694,4.155518
coupled,0.50,2,122,0.975009,0.987504,4.506863
coupled,0.50,2,123,0.988320,0.994160,4.506704
coupled,0.50,2,124,0.987531,0.993765,4.345831
coupled,0.50,2,125,0.985839,0.992920,4.240710
coupled,0.50,2,126,0.979464,0.989732,4.504747
coupled,0.50,2,127,0.983177,0.991589,4.525492
coupled,0.50,2,128,0.988735,0.994367,4.092206
coupled,0.50,2,129,0.982053,0.991026,4.190151
coupled,0.50,2,130,0.978531,0.989266,4.378331
coupled,0.50,2,131,0.981645,0.990823,4.425599
coupled,0.50,2,132,0.985511,0.992755,4.545417
coupled,0.50,2,133,0.988885,0.994443,4.655621
coupled,0.50,2,134,0.992633,0.996316,4.604378
coupled,0.50,2,135,0.986718,0.993359,4.330336
coupled,0.50,2,136,0.984465,0.992233,4.319527
coupled,0.50,2,137,0.984288,0.992144,4.461647
coupled,0.50,2,138,0.987936,0.993968,4.586088
coupled,0.50,2,139,0.988031,0.994015,4.337494
coupled,0.50,2,140,0.981275,0.990638,4.286372
coupled,0.50,2,141,0.973598,0.986799,4.349290
coupled,0.50,2,142,0.984198,0.992099,4.066782
coupled,0.50,2,143,0.982646,0.991323,4.116250
coupled,0.50,2,144,0.979439,0.989719,4.349787
coupled,0.50,2,145,0.982486,0.991243,4.498693
coupled,0.50,2,146,0.978718,0.989359,4.359628
coupled,0.50,2,147,0.986405,0.993203,4.295254
coupled,0.50,2,148,0.979296,0.989648,4.570677
coupled,0.50,2,149,0.986093,0.993046,4.501522
coupled,0.50,2,150,0.985358,0.992679,4.466815
coupled,0.50,2,151,0.987201,0.993601,4.251638
coupled,0.50,2,152,0.984195,0.992097,4.269859
coupled,0.50,2,153,0.971598,0.985799,4.389624
coupled,0.50,2,154,0.982030,0.991015,4.299951
coupled,0.50,2,155,0.984139,0.992070,4.543878
coupled,0.50,2,156,0.984650,0.992325,4.354891
coupled,0.50,2,157,0.985697,0.992848,4.010052
coupled,0.50,2,158,0.978457,0.989229,4.196659
coupled,0.50,2,159,0.975749,0.987874,4.183468
coupled,0.50,2,160,0.962911,0.981456,4.079042
coupled,0.50,2,161,0.975269,0.987635,4.227390
coupled,0.50,2,162,0.984154,0.992077,4.555157
coupled,0.50,2,163,0.984556,0.992278,4.652125
coupled,0.50,2,164,0.988795,0.994398,4.306995
coupled,0.50,2,165,0.980117,0.990058,4.712118
coupled,0.50,2,166,0.987738,0.993869,4.488672
coupled,0.50,2,167,0.987049,0.993524,4.569325
coupled,0.50,2,168,0.986419,0.993209,4.333917
coupled,0.50,2,169,0.984961,0.992480,4.313211
coupled,0.50,2,170,0.984848,0.992424,4.523014
coupled,0.50,2,171,0.985440,0.992720,4.643375
coupled,0.50,2,172,0.989635,0.994818,4.434010
coupled,0.50,2,173,0.985502,0.992751,4.406617
coupled,0.50,2,174,0.988192,0.994096,4.480310
coupled,0.50,2,175,0.988331,0.994165,4.539297
coupled,0.50,2,176,0.986497,0.993248,4.322702
coupled,0.50,2,177,0.982996,0.991498,4.232964
coupled,0.50,2,178,0.981851,0.990926,4.250794
coupled,0.50,2,179,0.974406,0.987203,4.177012
coupled,0.50,2,180,0.972548,0.986274,4.449952
coupled,0.50,2,181,0.982294,0.991147,4.070762
coupled,0.50,2,182,0.975250,0.987625,4.566006
coupled,0.50,2,183,0.981532,0.990766,4.439525
coupled,0.50,2,184,0.980054,0.990027,4.057951
coupled,0.50,2,185,0.973586,0.986793,4.427566
coupled,0.50,2,186,0.980104,0.990052,4.493110
coupled,0.50,2,187,0.987016,0.993508,4.601597
coupled,0.50,2,188,0.987808,0.993904,4.506975
coupled,0.50,2,189,0.988460,0.994230,4.360251
coupled,0.50,2,190,0.984560,0.992280,4.651178
coupled,0.50,2,191,0.989818,0.994909,4.241036
coupled,0.50,2,192,0.983561,0.991780,4.498057
coupled,0.50,2,193,0.981524,0.990762,4.413450
coupled,0.50,2,194,0.983382,0.991691,4.041375
coupled,0.50,2,195,0.978164,0.989082,4.484946
coupled,0.50,2,196,0.984111,0.992055,4.308400
coupled,0.50,2,197,0.987639,0.993819,4.576451
coupled,0.50,2,198,0.981936,0.990968,4.306471
coupled,0.50,2,199,0.978769,0.989384,4.331020
coupled,0.50,2,200,0.982050,0.991025,4.142353
coupled,0.50,2,201,0.969371,0.984685,4.316439
coupled,0.50,2,202,0.986117,0.993059,4.279219
coupled,0.50,2,203,0.986173,0.993086,4.613160
coupled,0.50,2,204,0.986642,0.993321,4.581285
coupled,0.50,2,205,0.988267,0.994133,4.332671
coupled,0.50,2,206,0.986851,0.993426,4.317063
coupled,0.50,2,207,0.983602,0.991801,4.480659
coupled,0.50,2,208,0.988997,0.994498,4.517336
coupled,0.50,2,209,0.986969,0.993484,4.259201
coupled,0.50,2,210,0.979072,0.989536,4.253040
coupled,0.50,2,211,0.983891,0.991945,4.599591
coupled,0.50,2,212,0.984106,0.992053,4.806069
coupled,0.50,2,213,0.987815,0.993908,4.377748
coupled,0.50,2,214,0.982201,0.991100,4.426424
coupled,0.50,2,215,0.985834,0.992917,4.351969
coupled,0.50,2,216,0.979404,0.989702,4.460059
coupled,0.50,2,217,0.987338,0.993669,4.643351
coupled,0.50,2,218,0.986603,0.993301,4.587305
coupled,0.50,2,219,0.985391,0.992695,4.634736
coupled,0.50,2,220,0.991004,0.995502,4.556357
coupled,0.50,2,221,0.985849,0.992924,4.494457
coupled,0.50,2,222,0.988442,0.994221,4.447773
coupled,0.50,2,223,0.987285,0.993643,4.524652
coupled,0.50,2,224,0.987625,0.993813,4.238789
coupled,0.50,2,225,0.974896,0.987448,4.362983
coupled,0.50,2,226,0.987790,0.993895,4.452460
coupled,0.50,2,227,0.986028,0.993014,4.476367
coupled,0.50,2,228,0.980940,0.990470,4.410321
coupled,0.50,2,229,0.982941,0.991470,4.714978
coupled,0.50,2,230,0.986093,0.993046,4.393367
coupled,0.50,2,231,0.986152,0.993076,4.619195
coupled,0.50,2,232,0.985995,0.992998,4.187795
coupled,0.50,2,233,0.980412,0.990206,4.319220
coupled,0.50,2,234,0.977571,0.988785,4.373819
coupled,0.50,2,235,0.983441,0.991721,4.374540
coupled,0.50,2,236,0.986560,0.993280,4.403276
coupled,0.50,2,237,0.987465,0.993732,4.530979
coupled,0.50,2,238,0.988871,0.994436,4.275416
coupled,0.50,2,239,0.979138,0.989569,4.273594
coupled,0.50,2,240,0.985030,0.992515,4.284142
coupled,0.50,2,241,0.982237,0.991119,4.254861
coupled,0.50,2,242,0.979957,0.989979,4.319097
coupled,0.50,2,243,0.986423,0.993211,4.531115
coupled,0.50,2,244,0.985161,0.992580,4.312197
coupled,0.50,2,245,0.981439,0.990720,4.189852
coupled,0.50,2,246,0.983513,0.991757,4.314846
coupled,0.50,2,247,0.980971,0.990486,4.289925
coupled,0.50,2,248,0.982973,0.991487,4.471589
coupled,0.50,2,249,0.985247,0.992623,4.245839
coupled,0.50,2,250,0.983237,0.991618,4.328584
coupled,0.50,2,251,0.975394,0.987697,4.412805
coupled,0.50,2,252,0.983698,0.991849,4.337214
coupled,0.50,2,253,0.980810,0.990405,4.458181
coupled,0.50,2,254,0.979247,0.989624,4.511119
coupled,0.50,2,255,0.986013,0.993007,4.621270
coupled,0.50,2,256,0.988813,0.994406,4.453075
coupled,0.50,2,257,0.986446,0.993223,4.395835
coupled,0.50,2,258,0.988535,0.994267,4.327154
coupled,0.50,2,259,0.979372,0.989686,4.442374
coupled,0.50,2,260,0.984835,0.992417,4.409839
coupled,0.50,2,261,0.982206,0.991103,4.333701
coupled,0.50,2,262,0.983933,0.991967,4.500049
coupled,0.50,2,263,0.985622,0.992811,4.464324
coupled,0.50,2,264,0.985294,0.992647,4.478600
coupled,0.50,2,265,0.984031,0.992015,4.069191
coupled,0.50,2,266,0.973550,0.986775,4.513000
coupled,0.50,2,267,0.988303,0.994151,4.192820
coupled,0.50,2,268,0.977307,0.988653,4.587880
coupled,0.50,2,269,0.990405,0.995202,4.424901
coupled,0.50,2,270,0.988179,0.994090,4.267866
coupled,0.50,2,271,0.983165,0.991583,4.387750
coupled,0.50,2,272,0.987287,0.993643,4.582054
coupled,0.50,2,273,0.985430,0.992715,4.356637
coupled,0.50,2,274,0.987601,0.993801,4.552765
coupled,0.50,2,275,0.988837,0.994419,4.597202
coupled,0.50,2,276,0.985601,0.992800,4.389577
coupled,0.50,2,277,0.983043,0.991522,4.328480
coupled,0.50,2,278,0.982927,0.991463,4.210546
coupled,0.50,2,279,0.980941,0.990470,4.218374
coupled,0.50,2,280,0.979268,0.989634,4.183684
coupled,0.50,2,281,0.974459,0.987230,4.454686
coupled,0.50,2,282,0.989245,0.994622,4.238905
coupled,0.50,2,283,0.980146,0.990073,4.521642
coupled,0.50,2,284,0.986877,0.993438,4.804624
coupled,0.50,2,285,0.988095,0.994047,4.491535
coupled,0.50,2,286,0.988967,0.994484,4.607695
coupled,0.50,2,287,0.986590,0.993295,4.305902
coupled,0.50,2,288,0.973852,0.986926,4.258286
coupled,0.50,2,289,0.980997,0.990499,4.342057
coupled,0.50,2,290,0.987546,0.993773,4.472963
coupled,0.50,2,291,0.982090,0.991045,4.284220
coupled,0.50,2,292,0.985646,0.992823,4.364843
coupled,0.50,2,293,0.986192,0.993096,4.188576
coupled,0.50,2,294,0.981396,0.990698,4.498216
coupled,0.50,2,295,0.986303,0.993151,4.374547
coupled,0.50,2,296,0.985071,0.992536,4.389088
coupled,0.50,2,297,0.981831,0.990915,4.258319
coupled,0.50,2,298,0.982978,0.991489,4.528945
coupled,0.50,2,299,0.987358,0.993679,4.322379
coupled,0.50,2,300,0.984951,0.992475,4.419699
coupled,0.50,2,301,0.985984,0.992992,4.370635
coupled,0.50,2,302,0.982335,0.991167,4.163619
coupled,0.50,2,303,0.979183,0.989592,4.508301
coupled,0.50,2,304,0.988951,0.994476,4.714849
coupled,0.50,2,305,0.990947,0.995474,4.585870
coupled,0.50,2,306,0.983608,0.991804,4.696805
coupled,0.50,2,307,0.988321,0.994160,4.554123
coupled,0.50,2,308,0.987319,0.993659,4.556532
coupled,0.50,2,309,0.980986,0.990493,4.193111
coupled,0.50,2,310,0.974586,0.987293,4.285757
coupled,0.50,2,311,0.980769,0.990384,4.404778
coupled,0.50,2,312,0.981916,0.990958,4.246658
coupled,0.50,2,313,0.980869,0.990435,4.359600
coupled,0.50,2,314,0.979153,0.989576,4.256196
coupled,0.50,2,315,0.985189,0.992594,4.321805
coupled,0.50,2,316,0.985123,0.992562,4.351102
coupled,0.50,2,317,0.985577,0.992788,4.370673
coupled,0.50,2,318,0.985095,0.992547,4.200054
coupled,0.50,2,319,0.972339,0.986170,4.024117
coupled,0.50,2,320,0.968281,0.984140,4.260833
coupled,0.50,2,321,0.979439,0.989720,4.447674
coupled,0.50,2,322,0.981183,0.990592,4.112014
coupled,0.50,2,323,0.973086,0.986543,4.595941
coupled,0.50,2,324,0.988585,0.994292,4.387624
coupled,0.50,2,325,0.978985,0.989492,4.239598
coupled,0.50,2,326,0.975255,0.987628,4.189194
coupled,0.50,2,327,0.982407,0.991203,4.157386
coupled,0.50,2,328,0.980528,0.990264,4.309023
coupled,0.50,2,329,0.980528,0.990264,4.374164
coupled,0.50,2,330,0.986231,0.993115,4.403652
coupled,0.50,2,331,0.984362,0.992181,4.232708
coupled,0.50,2,332,0.981237,0.990619,4.189448
coupled,0.50,2,333,0.979838,0.989919,4.494099
coupled,0.50,2,334,0.984315,0.992158,4.147962
coupled,0.50,2,335,0.974784,0.987392,4.176964
coupled,0.50,2,336,0.977082,0.988541,4.186924
coupled,0.50,2,337,0.984297,0.992149,4.437398
coupled,0.50,2,338,0.986489,0.993244,4.464370
coupled,0.50,2,339,0.982096,0.991048,4.184969
coupled,0.50,2,340,0.980275,0.990138,4.275762
coupled,0.50,2,341,0.981324,0.990662,4.075646
coupled,0.50,2,342,0.977812,0.988906,4.247826
coupled,0.50,2,343,0.982139,0.991069,4.286734
coupled,0.50,2,344,0.978376,0.989188,4.639417
coupled,0.50,2,345,0.986274,0.993137,4.040003
coupled,0.50,2,346,0.971323,0.985662,4.285429
coupled,0.50,2,347,0.979112,0.989556,4.211848
coupled,0.50,2,348,0.981142,0.990571,4.430203
coupled,0.50,2,349,0.983030,0.991515,4.291572
coupled,0.50,2,350,0.984396,0.992198,4.348732
coupled,0.50,2,351,0.987451,0.993726,4.540433
coupled,0.50,2,352,0.984098,0.992049,4.314388
coupled,0.50,2,353,0.987781,0.993890,4.615964
coupled,0.50,2,354,0.988932,0.994466,4.637602
coupled,0.50,2,355,0.987982,0.993991,4.553318
coupled,0.50,2,356,0.981064,0.990532,4.292317
coupled,0.50,2,357,0.980113,0.990056,4.462279
coupled,0.50,2,358,0.982984,0.991492,4.598875
coupled,0.50,2,359,0.988262,0.994131,4.426040
coupled,0.50,2,360,0.984989,0.992494,4.424467
coupled,0.50,2,361,0.981539,0.990769,4.557476
coupled,0.50,2,362,0.984405,0.992203,4.750524
coupled,0.50,2,363,0.987380,0.993690,4.569196
coupled,0.50,2,364,0.989523,0.994762,4.598661
coupled,0.50,2,365,0.990242,0.995121,4.612991
coupled,0.50,2,366,0.988401,0.994201,4.658305
coupled,0.50,2,367,0.984260,0.992130,4.461808
coupled,0.50,2,368,0.984594,0.992297,4.337713
coupled,0.50,2,369,0.984497,0.992248,4.231586
coupled,0.50,2,370,0.979879,0.989940,4.326738
coupled,0.50,2,371,0.985865,0.992932,4.671030
coupled,0.50,2,372,0.988816,0.994408,4.472906
coupled,0.50,2,373,0.984330,0.992165,4.589379
coupled,0.50,2,374,0.985685,0.992842,4.389505
coupled,0.50,2,375,0.985619,0.992810,4.348223
coupled,0.50,2,376,0.986796,0.993398,4.280221
coupled,0.50,2,377,0.980750,0.990375,4.189695
coupled,0.50,2,378,0.981941,0.990970,4.500046
coupled,0.50,2,379,0.982761,0.991380,4.445985
coupled,0.50,2,380,0.984605,0.992302,4.466531
coupled,0.50,2,381,0.981288,0.990644,4.341292
coupled,0.50,2,382,0.985468,0.992734,4.557659
coupled,0.50,2,383,0.981906,0.990953,4.506854
coupled,0.50,2,384,0.986754,0.993377,4.542380
coupled,0.50,2,385,0.985850,0.992925,4.536449
coupled,0.50,2,386,0.983465,0.991733,4.377003
coupled,0.50,2,387,0.983142,0.991571,4.104021
coupled,0.50,2,388,0.978941,0.989471,4.279127
coupled,0.50,2,389,0.983440,0.991720,4.601555
coupled,0.50,2,390,0.990655,0.995327,4.272761
coupled,0.50,2,391,0.988534,0.994267,4.201816
coupled,0.50,2,392,0.979651,0.989825,4.056829
coupled,0.50,2,393,0.973903,0.986952,4.204588
coupled,0.50,2,394,0.980451,0.990225,4.596738
coupled,0.50,2,395,0.983341,0.991671,4.531495
coupled,0.50,2,396,0.984512,0.992256,4.302079
coupled,0.50,2,397,0.978979,0.989490,4.444832
coupled,0.50,2,398,0.987352,0.993676,4.241006
coupled,0.50,2,399,0.986952,0.993476,4.301433
coupled,0.50,2,400,0.982534,0.991267,4.220231
coupled,0.50,2,401,0.981553,0.990777,4.391630
coupled,0.50,2,402,0.981402,0.990701,4.286793
coupled,0.50,2,403,0.984657,0.992328,4.480381
coupled,0.50,2,404,0.984222,0.992111,4.519112
coupled,0.50,2,405,0.987193,0.993596,4.467976
coupled,0.50,2,406,0.987877,0.993938,4.546545
coupled,0.50,2,407,0.981617,0.990809,4.386142
coupled,0.50,2,408,0.978156,0.989078,4.499142
coupled,0.50,2,409,0.982750,0.991375,4.536942
coupled,0.50,2,410,0.988182,0.994091,4.486021
coupled,0.50,2,411,0.986369,0.993184,4.361328
coupled,0.50,2,412,0.986518,0.993259,4.594272
coupled,0.50,2,413,0.985877,0.992938,4.575496
coupled,0.50,2,414,0.989951,0.994976,4.504987
coupled,0.50,2,415,0.989877,0.994939,4.294943
coupled,0.50,2,416,0.981867,0.990934,4.338333
coupled,0.50,2,417,0.980204,0.990102,4.423003
coupled,0.50,2,418,0.982192,0.991096,4.289126
coupled,0.50,2,419,0.981375,0.990688,4.432053
coupled,0.50,2,420,0.983107,0.991554,4.661071
coupled,0.50,2,421,0.988291,0.994146,4.457310
coupled,0.50,2,422,0.985276,0.992638,4.441341
coupled,0.50,2,423,0.986692,0.993346,4.381248
coupled,0.50,2,424,0.978302,0.989151,4.473720
coupled,0.50,2,425,0.985742,0.992871,4.377711
coupled,0.50,2,426,0.979850,0.989925,4.368216
coupled,0.50,2,427,0.985540,0.992770,4.644637
coupled,0.50,2,428,0.988335,0.994168,4.352569
coupled,0.50,2,429,0.981521,0.990761,4.439666
coupled,0.50,2,430,0.981995,0.990997,4.295284
coupled,0.50,2,431,0.981233,0.990617,4.344767
coupled,0.50,2,432,0.984544,0.992272,4.300912
coupled,0.50,2,433,0.978966,0.989483,4.418052
coupled,0.50,2,434,0.987742,0.993871,4.414680
coupled,0.50,2,435,0.983577,0.991788,4.202492
coupled,0.50,2,436,0.983214,0.991607,4.265796
coupled,0.50,2,437,0.979978,0.989989,4.337752
coupled,0.50,2,438,0.983380,0.991690,4.401932
coupled,0.50,2,439,0.976894,0.988447,4.579592
coupled,0.50,2,440,0.985638,0.992819,4.468847
coupled,0.50,2,441,0.990524,0.995262,4.364476
coupled,0.50,2,442,0.983590,0.991795,4.330205
coupled,0.50,2,443,0.977025,0.988513,4.313251
coupled,0.50,2,444,0.982578,0.991289,4.140529
coupled,0.50,2,445,0.978270,0.989135,4.277344
coupled,0.50,2,446,0.979911,0.989955,4.378742
coupled,0.50,2,447,0.978598,0.989299,4.587634
coupled,0.50,2,448,0.987450,0.993725,4.426218
coupled,0.50,2,449,0.982612,0.991306,4.178827
coupled,0.50,2,450,0.978782,0.989391,4.409397
coupled,0.50,2,451,0.987141,0.993571,4.323617
coupled,0.50,2,452,0.982619,0.991309,4.394841
coupled,0.50,2,453,0.984738,0.992369,4.338555
coupled,0.50,2,454,0.984087,0.992043,4.226473
coupled,0.50,2,455,0.980038,0.990019,4.406733
coupled,0.50,2,456,0.985859,0.992930,4.410114
coupled,0.50,2,457,0.985192,0.992596,4.767507
coupled,0.50,2,458,0.990567,0.995283,4.561055
coupled,0.50,2,459,0.987311,0.993655,4.176803
coupled,0.50,2,460,0.980951,0.990475,4.432996
coupled,0.50,2,461,0.986616,0.993308,4.389368
coupled,0.50,2,462,0.983695,0.991847,4.406551
coupled,0.50,2,463,0.977151,0.988575,4.334738
coupled,0.50,2,464,0.982535,0.991268,4.128029
coupled,0.50,2,465,0.978646,0.989323,4.159508
coupled,0.50,2,466,0.963043,0.981522,4.500463
coupled,0.50,2,467,0.988397,0.994199,4.467441
coupled,0.50,2,468,0.982589,0.991294,4.226917
coupled,0.50,2,469,0.983323,0.991662,4.521727
coupled,0.50,2,470,0.983873,0.991936,4.492568
coupled,0.50,2,471,0.986063,0.993031,4.387283
coupled,0.50,2,472,0.982207,0.991103,4.476828
coupled,0.50,2,473,0.987589,0.993794,4.387072
coupled,0.50,2,474,0.983802,0.991901,4.327520
coupled,0.50,2,475,0.981665,0.990833,4.215202
coupled,0.50,2,476,0.984285,0.992142,4.623571
coupled,0.50,2,477,0.988133,0.994067,4.429820
coupled,0.50,2,478,0.980865,0.990433,4.462760
coupled,0.50,2,479,0.983928,0.991964,4.396774
coupled,0.50,2,480,0.979479,0.989740,4.428623
coupled,0.50,2,481,0.981097,0.990549,4.169169
coupled,0.50,2,482,0.981167,0.990584,4.628190
coupled,0.50,2,483,0.987770,0.993885,4.346091
coupled,0.50,2,484,0.984918,0.992459,4.455806
coupled,0.50,2,485,0.985373,0.992687,4.661016
coupled,0.50,2,486,0.991715,0.995857,4.668589
coupled,0.50,2,487,0.988220,0.994110,4.495593
coupled,0.50,2,488,0.988020,0.994010,4.597712
coupled,0.50,2,489,0.987122,0.993561,4.468679
coupled,0.50,2,490,0.986423,0.993211,4.334152
coupled,0.50,2,491,0.979745,0.989873,4.529699
coupled,0.50,2,492,0.989553,0.994776,4.442727
coupled,0.50,2,493,0.979787,0.989894,4.216741
coupled,0.50,2,494,0.977793,0.988896,4.274809
coupled,0.50,2,495,0.979319,0.989660,4.408955
coupled,0.50,2,496,0.976015,0.988007,4.336479
coupled,0.50,2,497,0.983097,0.991549,4.373521
coupled,0.50,2,498,0.983597,0.991798,4.624465
coupled,0.50,2,499,0.985094,0.992547,4.463693
coupled,1.00,2,0,0.968817,0.968817,4.396085
coupled,1.00,2,1,0.986292,0.986292,4.402001
coupled,1.00,2,2,0.987155,0.987155,4.364670
coupled,1.00,2,3,0.984264,0.984264,4.575640
coupled,1.00,2,4,0.985252,0.985252,4.691683
coupled,1.00,2,5,0.984190,0.984190,4.347509
coupled,1.00,2,6,0.983613,0.983613,4.650126
coupled,1.00,2,7,0.989275,0.989275,4.438560
coupled,1.00,2,8,0.984024,0.984024,4.444432
coupled,1.00,2,9,0.975884,0.975884,4.228327
coupled,1.00,2,10,0.979534,0.979534,4.177416
coupled,1.00,2,11,0.981208,0.981208,4.055687
coupled,1.00,2,12,0.963833,0.963833,4.151179
coupled,1.00,2,13,0.972965,0.972965,4.343855
coupled,1.00,2,14,0.981880,0.981880,4.297675
coupled,1.00,2,15,0.980514,0.980514,4.439899
coupled,1.00,2,16,0.984691,0.984691,4.408489
coupled,1.00,2,17,0.984222,0.984222,4.435132
coupled,1.00,2,18,0.980948,0.980948,4.480837
coupled,1.00,2,19,0.983580,0.983580,4.182890
coupled,1.00,2,20,0.977539,0.977539,4.532727
coupled,1.00,2,21,0.985197,0.985197,4.349565
coupled,1.00,2,22,0.981642,0.981642,4.436821
coupled,1.00,2,23,0.985976,0.985976,4.375012
coupled,1.00,2,24,0.985425,0.985425,4.444577
coupled,1.00,2,25,0.984611,0.984611,4.319605
coupled,1.00,2,26,0.978367,0.978367,4.501079
coupled,1.00,2,27,0.986080,0.986080,4.590574
coupled,1.00,2,28,0.985581,0.985581,4.759788
coupled,1.00,2,29,0.989993,0.989993,4.418608
coupled,1.00,2,30,0.986314,0.986314,4.607037
coupled,1.00,2,31,0.987516,0.987516,4.467864
coupled,1.00,2,32,0.986464,0.986464,4.488473
coupled,1.00,2,33,0.987586,0.987586,4.646986
coupled,1.00,2,34,0.992127,0.992127,4.479008
coupled,1.00,2,35,0.984787,0.984787,4.096734
coupled,1.00,2,36,0.969822,0.969822,4.290272
coupled,1.00,2,37,0.984236,0.984236,4.327135
coupled,1.00,2,38,0.978239,0.978239,4.295836
coupled,1.00,2,39,0.980394,0.980394,4.241629
coupled,1.00,2,40,0.975872,0.975872,4.353532
coupled,1.00,2,41,0.979174,0.979174,4.243486
coupled,1.00,2,42,0.986383,0.986383,4.100109
coupled,1.00,2,43,0.981486,0.981486,4.383461
coupled,1.00,2,44,0.978548,0.978548,4.460276
coupled,1.00,2,45,0.980922,0.980922,4.530997
coupled,1.00,2,46,0.983228,0.983228,4.434654
coupled,1.00,2,47,0.984535,0.984535,4.476713
coupled,1.00,2,48,0.984332,0.984332,4.454288
coupled,1.00,2,49,0.985885,0.985885,4.629955
coupled,1.00,2,50,0.984585,0.984585,4.229397
coupled,1.00,2,51,0.978913,0.978913,4.285279
coupled,1.00,2,52,0.975845,0.975845,4.223398
coupled,1.00,2,53,0.977893,0.977893,4.563334
coupled,1.00,2,54,0.985195,0.985195,4.354784
coupled,1.00,2,55,0.978895,0.978895,4.437272
coupled,1.00,2,56,0.986987,0.986987,4.362067
coupled,1.00,2,57,0.983683,0.983683,4.397653
coupled,1.00,2,58,0.983671,0.983671,4.309749
coupled,1.00,2,59,0.982352,0.982352,4.285737
coupled,1.00,2,60,0.982497,0.982497,4.452099
coupled,1.00,2,61,0.984931,0.984931,4.434115
coupled,1.00,2,62,0.982200,0.982200,3.996071
coupled,1.00,2,63,0.965620,0.965620,3.961523
coupled,1.00,2,64,0.973535,0.973535,4.409836
coupled,1.00,2,65,0.986636,0.986636,4.397897
coupled,1.00,2,66,0.982822,0.982822,4.470300
coupled,1.00,2,67,0.982378,0.982378,4.661194
coupled,1.00,2,68,0.988901,0.988901,4.298878
coupled,1.00,2,69,0.981945,0.981945,4.386993
coupled,1.00,2,70,0.984784,0.984784,4.599764
coupled,1.00,2,71,0.984551,0.984551,4.620517
coupled,1.00,2,72,0.979395,0.979395,4.654517
coupled,1.00,2,73,0.986161,0.986161,4.196494
coupled,1.00,2,74,0.978564,0.978564,4.288157
coupled,1.00,2,75,0.979321,0.979321,4.481416
coupled,1.00,2,76,0.989315,0.989315,4.313212
coupled,1.00,2,77,0.974327,0.974327,3.998249
coupled,1.00,2,78,0.972504,0.972504,4.277618
coupled,1.00,2,79,0.974576,0.974576,4.402896
coupled,1.00,2,80,0.987892,0.987892,4.386208
coupled,1.00,2,81,0.985362,0.985362,4.187547
coupled,1.00,2,82,0.976046,0.976046,4.342588
coupled,1.00,2,83,0.984339,0.984339,4.158147
coupled,1.00,2,84,0.981637,0.981637,4.595476
coupled,1.00,2,85,0.989099,0.989099,4.227026
coupled,1.00,2,86,0.981413,0.981413,4.364489
coupled,1.00,2,87,0.983276,0.983276,4.285954
coupled,1.00,2,88,0.980570,0.980570,4.618672
coupled,1.00,2,89,0.986416,0.986416,4.517218
coupled,1.00,2,90,0.990642,0.990642,4.407081
coupled,1.00,2,91,0.987741,0.987741,4.562802
coupled,1.00,2,92,0.985547,0.985547,4.241403
coupled,1.00,2,93,0.977595,0.977595,4.236847
coupled,1.00,2,94,0.983450,0.983450,4.377927
coupled,1.00,2,95,0.983654,0.983654,4.296492
coupled,1.00,2,96,0.980705,0.980705,4.240982
coupled,1.00,2,97,0.979750,0.979750,4.376551
coupled,1.00,2,98,0.985153,0.985153,4.445564
coupled,1.00,2,99,0.989324,0.989324,4.366208
coupled,1.00,2,100,0.984131,0.984131,4.207161
coupled,1.00,2,101,0.982053,0.982053,4.366690
coupled,1.00,2,102,0.981072,0.981072,4.101346
coupled,1.00,2,103,0.978583,0.978583,4.311138
coupled,1.00,2,104,0.983736,0.983736,3.978622
coupled,1.00,2,105,0.978576,0.978576,4.252254
coupled,1.00,2,106,0.984816,0.984816,4.385680
coupled,1.00,2,107,0.983222,0.983222,4.264368
coupled,1.00,2,108,0.978106,0.978106,4.218155
coupled,1.00,2,109,0.973376,0.973376,4.285081
coupled,1.00,2,110,0.984768,0.984768,4.335989
coupled,1.00,2,111,0.981891,0.981891,4.443492
coupled,1.00,2,112,0.985881,0.985881,4.203139
coupled,1.00,2,113,0.984808,0.984808,4.404487
coupled,1.00,2,114,0.983733,0.983733,4.452326
coupled,1.00,2,115,0.985953,0.985953,4.483902
coupled,1.00,2,116,0.983657,0.983657,4.530082
coupled,1.00,2,117,0.988449,0.988449,4.568355
coupled,1.00,2,118,0.988971,0.988971,4.060567
coupled,1.00,2,119,0.977278,0.977278,4.626870
coupled,1.00,2,120,0.985847,0.985847,4.435840
coupled,1.00,2,121,0.982693,0.982693,4.672229
coupled,1.00,2,122,0.988624,0.988624,4.414362
coupled,1.00,2,123,0.984549,0.984549,4.509405
coupled,1.00,2,124,0.989763,0.989763,4.729379
coupled,1.00,2,125,0.990766,0.990766,4.636032
coupled,1.00,2,126,0.988049,0.988049,4.470170
coupled,1.00,2,127,0.984056,0.984056,4.158661
coupled,1.00,2,128,0.977323,0.977323,4.593662
coupled,1.00,2,129,0.986478,0.986478,4.648826
coupled,1.00,2,130,0.987071,0.987071,4.597649
coupled,1.00,2,131,0.990465,0.990465,4.326054
coupled,1.00,2,132,0.981707,0.981707,4.498622
coupled,1.00,2,133,0.983161,0.983161,4.586258
coupled,1.00,2,134,0.986758,0.986758,4.648053
coupled,1.00,2,135,0.985871,0.985871,4.453641
coupled,1.00,2,136,0.989427,0.989427,4.382781
coupled,1.00,2,137,0.984800,0.984800,4.379265
coupled,1.00,2,138,0.983498,0.983498,4.327752
coupled,1.00,2,139,0.985475,0.985475,4.292207
coupled,1.00,2,140,0.984580,0.984580,4.306073
coupled,1.00,2,141,0.985973,0.985973,4.245739
coupled,1.00,2,142,0.979138,0.979138,4.545102
coupled,1.00,2,143,0.982210,0.982210,4.485115
coupled,1.00,2,144,0.985387,0.985387,4.466535
coupled,1.00,2,145,0.985914,0.985914,4.458772
coupled,1.00,2,146,0.982002,0.982002,4.474568
coupled,1.00,2,147,0.988348,0.988348,4.786440
coupled,1.00,2,148,0.988794,0.988794,4.332651
coupled,1.00,2,149,0.973730,0.973730,4.510896
coupled,1.00,2,150,0.984662,0.984662,4.693896
coupled,1.00,2,151,0.986293,0.986293,4.402750
coupled,1.00,2,152,0.975107,0.975107,4.380224
coupled,1.00,2,153,0.981918,0.981918,4.426416
coupled,1.00,2,154,0.986169,0.986169,4.605758
coupled,1.00,2,155,0.987266,0.987266,4.829377
coupled,1.00,2,156,0.986707,0.986707,4.592806
coupled,1.00,2,157,0.987140,0.987140,4.602100
coupled,1.00,2,158,0.987571,0.987571,4.388283
coupled,1.00,2,159,0.985364,0.985364,4.370029
coupled,1.00,2,160,0.986148,0.986148,4.548004
coupled,1.00,2,161,0.984212,0.984212,4.607742
coupled,1.00,2,162,0.987507,0.987507,4.601552
coupled,1.00,2,163,0.985225,0.985225,4.316557
coupled,1.00,2,164,0.983972,0.983972,4.467334
coupled,1.00,2,165,0.984482,0.984482,4.449532
coupled,1.00,2,166,0.985786,0.985786,4.318027
coupled,1.00,2,167,0.982015,0.982015,4.207635
coupled,1.00,2,168,0.976011,0.976011,4.247049
coupled,1.00,2,169,0.982274,0.982274,4.367660
coupled,1.00,2,170,0.985094,0.985094,4.265592
coupled,1.00,2,171,0.981762,0.981762,4.385261
coupled,1.00,2,172,0.982288,0.982288,4.455855
coupled,1.00,2,173,0.985880,0.985880,4.437830
coupled,1.00,2,174,0.984390,0.984390,4.331210
coupled,1.00,2,175,0.984323,0.984323,4.216534
coupled,1.00,2,176,0.981757,0.981757,4.428410
coupled,1.00,2,177,0.983579,0.983579,4.335403
coupled,1.00,2,178,0.983365,0.983365,4.185533
coupled,1.00,2,179,0.975410,0.975410,4.175116
coupled,1.00,2,180,0.981894,0.981894,4.196337
coupled,1.00,2,181,0.977186,0.977186,4.211881
coupled,1.00,2,182,0.969974,0.969974,4.255916
coupled,1.00,2,183,0.979671,0.979671,4.272298
coupled,1.00,2,184,0.985889,0.985889,4.118375
coupled,1.00,2,185,0.973327,0.973327,4.171390
coupled,1.00,2,186,0.970136,0.970136,4.181890
coupled,1.00,2,187,0.980891,0.980891,4.387744
coupled,1.00,2,188,0.981543,0.981543,4.353317
coupled,1.00,2,189,0.982742,0.982742,4.597931
coupled,1.00,2,190,0.987950,0.987950,4.274720
coupled,1.00,2,191,0.982369,0.982369,4.392548
coupled,1.00,2,192,0.984475,0.984475,4.408588
coupled,1.00,2,193,0.981017,0.981017,4.318455
coupled,1.00,2,194,0.980172,0.980172,4.194480
coupled,1.00,2,195,0.985974,0.985974,4.341354
coupled,1.00,2,196,0.985852,0.985852,4.566861
coupled,1.00,2,197,0.988408,0.988408,4.347190
coupled,1.00,2,198,0.985963,0.985963,4.198993
coupled,1.00,2,199,0.977126,0.977126,4.241788
coupled,1.00,2,200,0.982745,0.982745,4.399360
coupled,1.00,2,201,0.987845,0.987845,4.518629
coupled,1.00,2,202,0.988337,0.988337,4.575070
coupled,1.00,2,203,0.983708,0.983708,4.409495
coupled,1.00,2,204,0.990232,0.990232,4.201659
coupled,1.00,2,205,0.979047,0.979047,4.433050
coupled,1.00,2,206,0.985357,0.985357,4.340619
coupled,1.00,2,207,0.986818,0.986818,4.515537
coupled,1.00,2,208,0.987027,0.987027,4.384968
coupled,1.00,2,209,0.985473,0.985473,4.573183
coupled,1.00,2,210,0.983190,0.983190,4.228605
coupled,1.00,2,211,0.983634,0.983634,4.451135
coupled,1.00,2,212,0.989278,0.989278,4.174588
coupled,1.00,2,213,0.979751,0.979751,4.127436
coupled,1.00,2,214,0.979478,0.979478,4.481913
coupled,1.00,2,215,0.982214,0.982214,4.557621
coupled,1.00,2,216,0.986611,0.986611,4.314638
coupled,1.00,2,217,0.981539,0.981539,4.170012
coupled,1.00,2,218,0.985284,0.985284,4.413974
coupled,1.00,2,219,0.978454,0.978454,4.732472
coupled,1.00,2,220,0.989180,0.989180,4.515247
coupled,1.00,2,221,0.987975,0.987975,4.349537
coupled,1.00,2,222,0.983246,0.983246,4.363768
coupled,1.00,2,223,0.982966,0.982966,4.270384
coupled,1.00,2,224,0.975692,0.975692,4.397044
coupled,1.00,2,225,0.985760,0.985760,4.552636
coupled,1.00,2,226,0.985468,0.985468,4.379980
coupled,1.00,2,227,0.985982,0.985982,4.750884
coupled,1.00,2,228,0.989183,0.989183,4.569889
coupled,1.00,2,229,0.985914,0.985914,4.292626
coupled,1.00,2,230,0.985584,0.985584,4.156778
coupled,1.00,2,231,0.985032,0.985032,4.337623
coupled,1.00,2,232,0.976244,0.976244,4.557787
coupled,1.00,2,233,0.991377,0.991377,4.400148
coupled,1.00,2,234,0.980737,0.980737,4.176221
coupled,1.00,2,235,0.979654,0.979654,4.102950
coupled,1.00,2,236,0.976886,0.976886,4.317043
coupled,1.00,2,237,0.979250,0.979250,4.328708
coupled,1.00,2,238,0.976805,0.976805,4.131362
coupled,1.00,2,239,0.974692,0.974692,4.157805
coupled,1.00,2,240,0.980473,0.980473,4.403046
coupled,1.00,2,241,0.982797,0.982797,4.326476
coupled,1.00,2,242,0.983762,0.983762,4.461035
coupled,1.00,2,243,0.979318,0.979318,4.449819
coupled,1.00,2,244,0.984116,0.984116,4.280116
coupled,1.00,2,245,0.978160,0.978160,4.428147
coupled,1.00,2,246,0.986346,0.986346,4.349516
coupled,1.00,2,247,0.981785,0.981785,4.387610
coupled,1.00,2,248,0.984474,0.984474,4.538981
coupled,1.00,2,249,0.983536,0.983536,4.505504
coupled,1.00,2,250,0.986316,0.986316,4.233132
coupled,1.00,2,251,0.981256,0.981256,4.320495
coupled,1.00,2,252,0.979796,0.979796,4.448922
coupled,1.00,2,253,0.982126,0.982126,4.349805
coupled,1.00,2,254,0.986977,0.986977,4.630400
coupled,1.00,2,255,0.987493,0.987493,4.410470
coupled,1.00,2,256,0.980332,0.980332,4.330736
coupled,1.00,2,257,0.986739,0.986739,4.060163
coupled,1.00,2,258,0.978679,0.978679,4.164113
coupled,1.00,2,259,0.978239,0.978239,4.318924
coupled,1.00,2,260,0.982942,0.982942,4.323720
coupled,1.00,2,261,0.986658,0.986658,4.390574
coupled,1.00,2,262,0.976071,0.976071,4.629816
coupled,1.00,2,263,0.990956,0.990956,4.296228
coupled,1.00,2,264,0.977718,0.977718,4.106012
coupled,1.00,2,265,0.976327,0.976327,4.311865
coupled,1.00,2,266,0.984613,0.984613,4.465363
coupled,1.00,2,267,0.988509,0.988509,4.387430
coupled,1.00,2,268,0.984818,0.984818,4.257073
coupled,1.00,2,269,0.982723,0.982723,4.275583
coupled,1.00,2,270,0.986743,0.986743,4.477993
coupled,1.00,2,271,0.986578,0.986578,4.313281
coupled,1.00,2,272,0.983056,0.983056,4.183526
coupled,1.00,2,273,0.985492,0.985492,4.415658
coupled,1.00,2,274,0.987567,0.987567,4.184223
coupled,1.00,2,275,0.982797,0.982797,4.274432
coupled,1.00,2,276,0.984015,0.984015,4.477192
coupled,1.00,2,277,0.984110,0.984110,4.409059
coupled,1.00,2,278,0.982493,0.982493,4.378485
coupled,1.00,2,279,0.980542,0.980542,4.624199
coupled,1.00,2,280,0.986182,0.986182,4.399457
coupled,1.00,2,281,0.980615,0.980615,4.456981
coupled,1.00,2,282,0.984608,0.984608,4.460105
coupled,1.00,2,283,0.984414,0.984414,4.301864
coupled,1.00,2,284,0.980053,0.980053,4.134223
coupled,1.00,2,285,0.982753,0.982753,4.086680
coupled,1.00,2,286,0.975615,0.975615,4.472830
coupled,1.00,2,287,0.983582,0.983582,4.470557
coupled,1.00,2,288,0.986188,0.986188,4.291137
coupled,1.00,2,289,0.967430,0.967430,4.457229
coupled,1.00,2,290,0.991885,0.991885,4.537255
coupled,1.00,2,291,0.983025,0.983025,4.701628
coupled,1.00,2,292,0.988276,0.988276,4.624004
coupled,1.00,2,293,0.986625,0.986625,4.586336
coupled,1.00,2,294,0.988531,0.988531,4.282470
coupled,1.00,2,295,0.976173,0.976173,4.249639
coupled,1.00,2,296,0.977810,0.977810,4.307973
coupled,1.00,2,297,0.980023,0.980023,4.274244
coupled,1.00,2,298,0.976875,0.976875,4.432535
coupled,1.00,2,299,0.984947,0.984947,4.420990
coupled,1.00,2,300,0.984409,0.984409,4.364617
coupled,1.00,2,301,0.985725,0.985725,4.638786
coupled,1.00,2,302,0.986645,0.986645,4.550090
coupled,1.00,2,303,0.986450,0.986450,4.387931
coupled,1.00,2,304,0.988596,0.988596,4.741333
coupled,1.00,2,305,0.985093,0.985093,4.407802
coupled,1.00,2,306,0.978663,0.978663,4.422990
coupled,1.00,2,307,0.981507,0.981507,4.344342
coupled,1.00,2,308,0.983327,0.983327,4.335206
coupled,1.00,2,309,0.982215,0.982215,4.222853
coupled,1.00,2,310,0.978245,0.978245,4.561087
coupled,1.00,2,311,0.986745,0.986745,4.249852
coupled,1.00,2,312,0.977886,0.977886,4.494911
coupled,1.00,2,313,0.974231,0.974231,4.332623
coupled,1.00,2,314,0.979845,0.979845,4.467357
coupled,1.00,2,315,0.984855,0.984855,4.489115
coupled,1.00,2,316,0.983149,0.983149,4.301383
coupled,1.00,2,317,0.971462,0.971462,4.500054
coupled,1.00,2,318,0.988226,0.988226,4.124004
coupled,1.00,2,319,0.978894,0.978894,4.377024
coupled,1.00,2,320,0.982030,0.982030,4.429401
coupled,1.00,2,321,0.981125,0.981125,4.420135
coupled,1.00,2,322,0.980453,0.980453,4.352611
coupled,1.00,2,323,0.984763,0.984763,4.553924
coupled,1.00,2,324,0.984841,0.984841,4.629353
coupled,1.00,2,325,0.987517,0.987517,4.341005
coupled,1.00,2,326,0.981792,0.981792,4.457121
coupled,1.00,2,327,0.984078,0.984078,4.324724
coupled,1.00,2,328,0.983456,0.983456,4.645017
coupled,1.00,2,329,0.985094,0.985094,4.316977
coupled,1.00,2,330,0.977642,0.977642,4.319488
coupled,1.00,2,331,0.980065,0.980065,4.624903
coupled,1.00,2,332,0.990027,0.990027,4.268574
coupled,1.00,2,333,0.984324,0.984324,4.521919
coupled,1.00,2,334,0.984685,0.984685,4.435977
coupled,1.00,2,335,0.985544,0.985544,4.618648
coupled,1.00,2,336,0.985259,0.985259,4.228429
coupled,1.00,2,337,0.976353,0.976353,4.178671
coupled,1.00,2,338,0.978152,0.978152,4.240629
coupled,1.00,2,339,0.985547,0.985547,4.363822
coupled,1.00,2,340,0.980546,0.980546,4.378104
coupled,1.00,2,341,0.987185,0.987185,4.285685
coupled,1.00,2,342,0.978804,0.978804,4.530511
coupled,1.00,2,343,0.989369,0.989369,4.543672
coupled,1.00,2,344,0.991252,0.991252,4.359416
coupled,1.00,2,345,0.984059,0.984059,4.327843
coupled,1.00,2,346,0.984145,0.984145,4.264618
coupled,1.00,2,347,0.980178,0.980178,4.377307
coupled,1.00,2,348,0.986644,0.986644,4.417086
coupled,1.00,2,349,0.985708,0.985708,4.657774
coupled,1.00,2,350,0.985667,0.985667,4.232908
coupled,1.00,2,351,0.975485,0.975485,4.408898
coupled,1.00,2,352,0.984361,0.984361,4.464853
coupled,1.00,2,353,0.988754,0.988754,4.220829
coupled,1.00,2,354,0.981245,0.981245,4.098059
coupled,1.00,2,355,0.980568,0.980568,4.378292
coupled,1.00,2,356,0.983516,0.983516,4.264477
coupled,1.00,2,357,0.984357,0.984357,4.464196
coupled,1.00,2,358,0.985143,0.985143,4.416747
coupled,1.00,2,359,0.985380,0.985380,4.551757
coupled,1.00,2,360,0.985567,0.985567,4.300509
coupled,1.00,2,361,0.979422,0.979422,4.261246
coupled,1.00,2,362,0.980401,0.980401,4.172335
coupled,1.00,2,363,0.979819,0.979819,4.272993
coupled,1.00,2,364,0.979315,0.979315,4.114217
coupled,1.00,2,365,0.976338,0.976338,4.253597
coupled,1.00,2,366,0.977099,0.977099,4.351621
coupled,1.00,2,367,0.984850,0.984850,4.196996
coupled,1.00,2,368,0.980962,0.980962,4.478927
coupled,1.00,2,369,0.981477,0.981477,4.184200
coupled,1.00,2,370,0.967735,0.967735,4.220471
coupled,1.00,2,371,0.975292,0.975292,4.284009
coupled,1.00,2,372,0.977244,0.977244,4.617209
coupled,1.00,2,373,0.988119,0.988119,4.524697
coupled,1.00,2,374,0.987795,0.987795,4.465732
coupled,1.00,2,375,0.986793,0.986793,4.379192
coupled,1.00,2,376,0.985866,0.985866,4.511311
coupled,1.00,2,377,0.982753,0.982753,4.237759
coupled,1.00,2,378,0.976734,0.976734,4.265951
coupled,1.00,2,379,0.978581,0.978581,4.131141
coupled,1.00,2,380,0.978551,0.978551,4.381304
coupled,1.00,2,381,0.988247,0.988247,4.119223
coupled,1.00,2,382,0.976293,0.976293,4.411680
coupled,1.00,2,383,0.980389,0.980389,4.197350
coupled,1.00,2,384,0.981122,0.981122,4.348188
coupled,1.00,2,385,0.974819,0.974819,4.349331
coupled,1.00,2,386,0.983460,0.983460,4.875815
coupled,1.00,2,387,0.991840,0.991840,4.536061
coupled,1.00,2,388,0.988547,0.988547,4.533994
coupled,1.00,2,389,0.990355,0.990355,4.462627
coupled,1.00,2,390,0.980213,0.980213,4.368264
coupled,1.00,2,391,0.982934,0.982934,4.234827
coupled,1.00,2,392,0.977318,0.977318,4.170022
coupled,1.00,2,393,0.981105,0.981105,4.446446
coupled,1.00,2,394,0.988315,0.988315,4.475592
coupled,1.00,2,395,0.986344,0.986344,4.451830
coupled,1.00,2,396,0.984429,0.984429,4.430145
coupled,1.00,2,397,0.985881,0.985881,4.355059
coupled,1.00,2,398,0.988025,0.988025,4.299434
coupled,1.00,2,399,0.983462,0.983462,4.310494
coupled,1.00,2,400,0.986451,0.986451,4.241048
coupled,1.00,2,401,0.979480,0.979480,4.271384
coupled,1.00,2,402,0.984436,0.984436,4.467987
coupled,1.00,2,403,0.985267,0.985267,4.834326
coupled,1.00,2,404,0.989758,0.989758,4.495641
coupled,1.00,2,405,0.979337,0.979337,4.583199
coupled,1.00,2,406,0.986229,0.986229,4.705520
coupled,1.00,2,407,0.986619,0.986619,4.535227
coupled,1.00,2,408,0.982815,0.982815,4.585647
coupled,1.00,2,409,0.985787,0.985787,4.701730
coupled,1.00,2,410,0.988922,0.988922,4.547734
coupled,1.00,2,411,0.986172,0.986172,4.473052
coupled,1.00,2,412,0.985070,0.985070,4.415779
coupled,1.00,2,413,0.979494,0.979494,4.430431
coupled,1.00,2,414,0.982014,0.982014,4.452914
coupled,1.00,2,415,0.985019,0.985019,4.513658
coupled,1.00,2,416,0.987979,0.987979,4.423759
coupled,1.00,2,417,0.982983,0.982983,4.252301
coupled,1.00,2,418,0.977855,0.977855,4.174802
coupled,1.00,2,419,0.978585,0.978585,4.203868
coupled,1.00,2,420,0.979976,0.979976,4.530797
coupled,1.00,2,421,0.985282,0.985282,4.630894
coupled,1.00,2,422,0.985770,0.985770,4.584493
coupled,1.00,2,423,0.987943,0.987943,4.307012
coupled,1.00,2,424,0.982633,0.982633,4.311221
coupled,1.00,2,425,0.982913,0.982913,4.469037
coupled,1.00,2,426,0.987912,0.987912,4.401096
coupled,1.00,2,427,0.978299,0.978299,4.567756
coupled,1.00,2,428,0.987174,0.987174,4.384304
coupled,1.00,2,429,0.980831,0.980831,4.501586
coupled,1.00,2,430,0.989551,0.989551,4.316421
coupled,1.00,2,431,0.976847,0.976847,4.143071
coupled,1.00,2,432,0.974107,0.974107,4.214815
coupled,1.00,2,433,0.980811,0.980811,4.465221
coupled,1.00,2,434,0.981511,0.981511,4.302536
coupled,1.00,2,435,0.985727,0.985727,4.230434
coupled,1.00,2,436,0.982597,0.982597,4.147124
coupled,1.00,2,437,0.972499,0.972499,4.335493
coupled,1.00,2,438,0.983755,0.983755,4.609349
coupled,1.00,2,439,0.985766,0.985766,4.511513
coupled,1.00,2,440,0.985125,0.985125,4.421799
coupled,1.00,2,441,0.976946,0.976946,4.308047
coupled,1.00,2,442,0.983398,0.983398,4.550318
coupled,1.00,2,443,0.986904,0.986904,4.608178
coupled,1.00,2,444,0.990044,0.990044,4.624571
coupled,1.00,2,445,0.985607,0.985607,4.410997
coupled,1.00,2,446,0.987415,0.987415,4.206533
coupled,1.00,2,447,0.980185,0.980185,4.535022
coupled,1.00,2,448,0.987024,0.987024,4.598461
coupled,1.00,2,449,0.986048,0.986048,4.277963
coupled,1.00,2,450,0.982003,0.982003,4.284271
coupled,1.00,2,451,0.972371,0.972371,4.400836
coupled,1.00,2,452,0.985928,0.985928,4.302776
coupled,1.00,2,453,0.981481,0.981481,4.349078
coupled,1.00,2,454,0.976961,0.976961,4.489577
coupled,1.00,2,455,0.978680,0.978680,4.360167
coupled,1.00,2,456,0.979843,0.979843,4.654117
coupled,1.00,2,457,0.987281,0.987281,4.427666
coupled,1.00,2,458,0.984937,0.984937,4.566844
coupled,1.00,2,459,0.988547,0.988547,4.244686
coupled,1.00,2,460,0.980729,0.980729,4.703906
coupled,1.00,2,461,0.989101,0.989101,4.574348
coupled,1.00,2,462,0.978376,0.978376,4.508742
coupled,1.00,2,463,0.983290,0.983290,4.394255
coupled,1.00,2,464,0.984885,0.984885,4.561297
coupled,1.00,2,465,0.990457,0.990457,4.866490
coupled,1.00,2,466,0.991609,0.991609,4.597703
coupled,1.00,2,467,0.984450,0.984450,4.393422
coupled,1.00,2,468,0.989509,0.989509,4.296818
coupled,1.00,2,469,0.983700,0.983700,4.478918
coupled,1.00,2,470,0.981240,0.981240,4.313678
coupled,1.00,2,471,0.981268,0.981268,4.502520
coupled,1.00,2,472,0.986313,0.986313,4.341048
coupled,1.00,2,473,0.984965,0.984965,4.601507
coupled,1.00,2,474,0.985699,0.985699,4.375462
coupled,1.00,2,475,0.984413,0.984413,4.450676
coupled,1.00,2,476,0.986600,0.986600,4.253239
coupled,1.00,2,477,0.977820,0.977820,4.350460
coupled,1.00,2,478,0.983615,0.983615,4.530147
coupled,1.00,2,479,0.979693,0.979693,4.599905
coupled,1.00,2,480,0.988991,0.988991,4.400864
coupled,1.00,2,481,0.982468,0.982468,4.641878
coupled,1.00,2,482,0.990501,0.990501,4.217446
coupled,1.00,2,483,0.977303,0.977303,4.137976
coupled,1.00,2,484,0.978021,0.978021,4.489435
coupled,1.00,2,485,0.985100,0.985100,4.498711
coupled,1.00,2,486,0.988189,0.988189,4.417140
coupled,1.00,2,487,0.983666,0.983666,4.425486
coupled,1.00,2,488,0.986586,0.986586,4.371037
coupled,1.00,2,489,0.980395,0.980395,4.302331
coupled,1.00,2,490,0.975941,0.975941,4.514240
coupled,1.00,2,491,0.986989,0.986989,4.348767
coupled,1.00,2,492,0.981863,0.981863,4.182915
coupled,1.00,2,493,0.977039,0.977039,4.266294
coupled,1.00,2,494,0.981176,0.981176,4.442719
coupled,1.00,2,495,0.982875,0.982875,4.438022
coupled,1.00,2,496,0.984306,0.984306,4.649365
coupled,1.00,2,497,0.989242,0.989242,4.444959
coupled,1.00,2,498,0.984740,0.984740,4.323389
coupled,1.00,2,499,0.985057,0.985057,4.459055
allc,1.00,2,0,0.980762,1.000000,4.480296
allc,1.00,2,1,0.977028,1.000000,4.017597
allc,1.00,2,2,0.980811,1.000000,4.326087
allc,1.00,2,3,0.982159,1.000000,4.428135
allc,1.00,2,4,0.984579,1.000000,4.363682
allc,1.00,2,5,0.985143,1.000000,4.548600
allc,1.00,2,6,0.982228,1.000000,4.397592
allc,1.00,2,7,0.979994,1.000000,4.342658
allc,1.00,2,8,0.985652,1.000000,4.362365
allc,1.00,2,9,0.981761,1.000000,4.211110
allc,1.00,2,10,0.984837,1.000000,4.373022
allc,1.00,2,11,0.984476,1.000000,4.375366
allc,1.00,2,12,0.991250,1.000000,4.778058
allc,1.00,2,13,0.987702,1.000000,4.489194
allc,1.00,2,14,0.982181,1.000000,4.339012
allc,1.00,2,15,0.983193,1.000000,4.336525
allc,1.00,2,16,0.981587,1.000000,4.234682
allc,1.00,2,17,0.967170,1.000000,4.070386
allc,1.00,2,18,0.982324,1.000000,4.169886
allc,1.00,2,19,0.979252,1.000000,4.294465
allc,1.00,2,20,0.983513,1.000000,4.455461
allc,1.00,2,21,0.985882,1.000000,4.348577
allc,1.00,2,22,0.981572,1.000000,4.271113
allc,1.00,2,23,0.982220,1.000000,4.316247
allc,1.00,2,24,0.985895,1.000000,4.139174
allc,1.00,2,25,0.982411,1.000000,4.295241
allc,1.00,2,26,0.982677,1.000000,4.411784
allc,1.00,2,27,0.980653,1.000000,4.173508
allc,1.00,2,28,0.983901,1.000000,4.355816
allc,1.00,2,29,0.988631,1.000000,4.497240
allc,1.00,2,30,0.981281,1.000000,4.645153
allc,1.00,2,31,0.987299,1.000000,4.605399
allc,1.00,2,32,0.977104,1.000000,4.299423
allc,1.00,2,33,0.980175,1.000000,4.467653
allc,1.00,2,34,0.978703,1.000000,4.338267
allc,1.00,2,35,0.985682,1.000000,4.476092
allc,1.00,2,36,0.992564,1.000000,4.535301
allc,1.00,2,37,0.987479,1.000000,4.236206
allc,1.00,2,38,0.983955,1.000000,4.561583
allc,1.00,2,39,0.985850,1.000000,4.329665
allc,1.00,2,40,0.985515,1.000000,4.382159
allc,1.00,2,41,0.983684,1.000000,4.358663
allc,1.00,2,42,0.989036,1.000000,4.733769
allc,1.00,2,43,0.989776,1.000000,4.651302
allc,1.00,2,44,0.973833,1.000000,4.288940
allc,1.00,2,45,0.988641,1.000000,4.461922
allc,1.00,2,46,0.977879,1.000000,4.411599
allc,1.00,2,47,0.977989,1.000000,4.370572
allc,1.00,2,48,0.985491,1.000000,4.430868
allc,1.00,2,49,0.984678,1.000000,4.335165
allc,1.00,2,50,0.979844,1.000000,4.318856
allc,1.00,2,51,0.983683,1.000000,4.294657
allc,1.00,2,52,0.987166,1.000000,4.772241
allc,1.00,2,53,0.986467,1.000000,4.428496
allc,1.00,2,54,0.983336,1.000000,4.318855
allc,1.00,2,55,0.986339,1.000000,4.335660
allc,1.00,2,56,0.991507,1.000000,4.536600
allc,1.00,2,57,0.980804,1.000000,4.250077
allc,1.00,2,58,0.983915,1.000000,4.409393
allc,1.00,2,59,0.984584,1.000000,4.547184
allc,1.00,2,60,0.985991,1.000000,4.424537
allc,1.00,2,61,0.985403,1.000000,4.392377
allc,1.00,2,62,0.977939,1.000000,4.334262
allc,1.00,2,63,0.983640,1.000000,4.428978
allc,1.00,2,64,0.982105,1.000000,4.343125
allc,1.00,2,65,0.983707,1.000000,4.271807
allc,1.00,2,66,0.985613,1.000000,4.428493
allc,1.00,2,67,0.982737,1.000000,4.236606
allc,1.00,2,68,0.985597,1.000000,4.246008
allc,1.00,2,69,0.986916,1.000000,4.335650
allc,1.00,2,70,0.983773,1.000000,4.322029
allc,1.00,2,71,0.985551,1.000000,4.417697
allc,1.00,2,72,0.984370,1.000000,4.219530
allc,1.00,2,73,0.980643,1.000000,4.214643
allc,1.00,2,74,0.980235,1.000000,4.455730
allc,1.00,2,75,0.980161,1.000000,4.456712
allc,1.00,2,76,0.980643,1.000000,4.273398
allc,1.00,2,77,0.984880,1.000000,4.540822
allc,1.00,2,78,0.984235,1.000000,4.373613
allc,1.00,2,79,0.989426,1.000000,4.611097
allc,1.00,2,80,0.977176,1.000000,4.382047
allc,1.00,2,81,0.984149,1.000000,4.368723
allc,1.00,2,82,0.981873,1.000000,4.319429
allc,1.00,2,83,0.986576,1.000000,4.533056
allc,1.00,2,84,0.984328,1.000000,4.821920
allc,1.00,2,85,0.983825,1.000000,4.365334
allc,1.00,2,86,0.979818,1.000000,4.373491
allc,1.00,2,87,0.985252,1.000000,4.455409
allc,1.00,2,88,0.982591,1.000000,4.415644
allc,1.00,2,89,0.983090,1.000000,4.344585
allc,1.00,2,90,0.979163,1.000000,4.014262
allc,1.00,2,91,0.974838,1.000000,4.132763
allc,1.00,2,92,0.986144,1.000000,4.465276
allc,1.00,2,93,0.983262,1.000000,4.500932
allc,1.00,2,94,0.982083,1.000000,4.489488
allc,1.00,2,95,0.986207,1.000000,4.475381
allc,1.00,2,96,0.982350,1.000000,4.147951
allc,1.00,2,97,0.985140,1.000000,4.619857
allc,1.00,2,98,0.989325,1.000000,4.543901
allc,1.00,2,99,0.977812,1.000000,4.223937
allc,1.00,2,100,0.983023,1.000000,4.365459
allc,1.00,2,101,0.985379,1.000000,4.320211
allc,1.00,2,102,0.981714,1.000000,4.239781
allc,1.00,2,103,0.989956,1.000000,4.429584
allc,1.00,2,104,0.984250,1.000000,4.287310
allc,1.00,2,105,0.980086,1.000000,4.178644
allc,1.00,2,106,0.982506,1.000000,4.234682
allc,1.00,2,107,0.976454,1.000000,4.219795
allc,1.00,2,108,0.983023,1.000000,4.535111
allc,1.00,2,109,0.980630,1.000000,4.327490
allc,1.00,2,110,0.980670,1.000000,4.409395
allc,1.00,2,111,0.990329,1.000000,4.527051
allc,1.00,2,112,0.987736,1.000000,4.408568
allc,1.00,2,113,0.982418,1.000000,4.263833
allc,1.00,2,114,0.985460,1.000000,4.455415
allc,1.00,2,115,0.977921,1.000000,4.291702
allc,1.00,2,116,0.986174,1.000000,4.614093
allc,1.00,2,117,0.985545,1.000000,4.461465
allc,1.00,2,118,0.979384,1.000000,4.348572
allc,1.00,2,119,0.977752,1.000000,4.226921
allc,1.00,2,120,0.978578,1.000000,4.295147
allc,1.00,2,121,0.979213,1.000000,4.195164
allc,1.00,2,122,0.984235,1.000000,4.233737
allc,1.00,2,123,0.986720,1.000000,4.342551
allc,1.00,2,124,0.988548,1.000000,4.498830
allc,1.00,2,125,0.983698,1.000000,4.532907
allc,1.00,2,126,0.980693,1.000000,4.257119
allc,1.00,2,127,0.979468,1.000000,4.472610
allc,1.00,2,128,0.983295,1.000000,4.436393
allc,1.00,2,129,0.976570,1.000000,4.280713
allc,1.00,2,130,0.990075,1.000000,4.716888
allc,1.00,2,131,0.980394,1.000000,4.462972
allc,1.00,2,132,0.986867,1.000000,4.473643
allc,1.00,2,133,0.987604,1.000000,4.454301
allc,1.00,2,134,0.980593,1.000000,4.314134
allc,1.00,2,135,0.979179,1.000000,4.503755
allc,1.00,2,136,0.974747,1.000000,4.341186
allc,1.00,2,137,0.984501,1.000000,4.476036
allc,1.00,2,138,0.983518,1.000000,4.368780
allc,1.00,2,139,0.972737,1.000000,4.249297
allc,1.00,2,140,0.978212,1.000000,4.031000
allc,1.00,2,141,0.976767,1.000000,4.195372
allc,1.00,2,142,0.980713,1.000000,4.330120
allc,1.00,2,143,0.983793,1.000000,4.202865
allc,1.00,2,144,0.981869,1.000000,4.213986
allc,1.00,2,145,0.977010,1.000000,4.335057
allc,1.00,2,146,0.987597,1.000000,4.456559
allc,1.00,2,147,0.984338,1.000000,4.404498
allc,1.00,2,148,0.983743,1.000000,4.476765
allc,1.00,2,149,0.988363,1.000000,4.623312
allc,1.00,2,150,0.972858,1.000000,4.263120
allc,1.00,2,151,0.981819,1.000000,4.273086
allc,1.00,2,152,0.982061,1.000000,4.456786
allc,1.00,2,153,0.980475,1.000000,4.501073
allc,1.00,2,154,0.986134,1.000000,4.483287
allc,1.00,2,155,0.983293,1.000000,4.226937
allc,1.00,2,156,0.985842,1.000000,4.567749
allc,1.00,2,157,0.978235,1.000000,4.298201
allc,1.00,2,158,0.986748,1.000000,4.386605
allc,1.00,2,159,0.981662,1.000000,4.491048
allc,1.00,2,160,0.986722,1.000000,4.529824
allc,1.00,2,161,0.985813,1.000000,4.531122
allc,1.00,2,162,0.977037,1.000000,4.038931
allc,1.00,2,163,0.982996,1.000000,4.170049
allc,1.00,2,164,0.974959,1.000000,4.293603
allc,1.00,2,165,0.975291,1.000000,4.110325
allc,1.00,2,166,0.981130,1.000000,4.250628
allc,1.00,2,167,0.982319,1.000000,4.062275
allc,1.00,2,168,0.985126,1.000000,4.287878
allc,1.00,2,169,0.980412,1.000000,4.252598
allc,1.00,2,170,0.982089,1.000000,4.397087
allc,1.00,2,171,0.980925,1.000000,4.228644
allc,1.00,2,172,0.979318,1.000000,4.254149
allc,1.00,2,173,0.988364,1.000000,4.440711
allc,1.00,2,174,0.983336,1.000000,4.488918
allc,1.00,2,175,0.985529,1.000000,4.445235
allc,1.00,2,176,0.983320,1.000000,4.141534
allc,1.00,2,177,0.987696,1.000000,4.557735
allc,1.00,2,178,0.986416,1.000000,4.408506
allc,1.00,2,179,0.979000,1.000000,4.343835
allc,1.00,2,180,0.986609,1.000000,4.409613
allc,1.00,2,181,0.977350,1.000000,4.310941
allc,1.00,2,182,0.978143,1.000000,4.099709
allc,1.00,2,183,0.986871,1.000000,4.514407
allc,1.00,2,184,0.985262,1.000000,4.413079
allc,1.00,2,185,0.986994,1.000000,4.535588
allc,1.00,2,186,0.987434,1.000000,4.390666
allc,1.00,2,187,0.986898,1.000000,4.333332
allc,1.00,2,188,0.984671,1.000000,4.378265
allc,1.00,2,189,0.984804,1.000000,4.321274
allc,1.00,2,190,0.984726,1.000000,4.272467
allc,1.00,2,191,0.988014,1.000000,4.442191
allc,1.00,2,192,0.978026,1.000000,4.279157
allc,1.00,2,193,0.985725,1.000000,4.494148
allc,1.00,2,194,0.983416,1.000000,4.339783
allc,1.00,2,195,0.984782,1.000000,4.440553
allc,1.00,2,196,0.986508,1.000000,4.419750
allc,1.00,2,197,0.983191,1.000000,4.654804
allc,1.00,2,198,0.986186,1.000000,4.693890
allc,1.00,2,199,0.986454,1.000000,4.333230
allc,1.00,2,200,0.984616,1.000000,4.289164
allc,1.00,2,201,0.986964,1.000000,4.636326
allc,1.00,2,202,0.983374,1.000000,4.672189
allc,1.00,2,203,0.984741,1.000000,4.425092
allc,1.00,2,204,0.983012,1.000000,4.536132
allc,1.00,2,205,0.983464,1.000000,4.548063
allc,1.00,2,206,0.981279,1.000000,4.289220
allc,1.00,2,207,0.982229,1.000000,4.419097
allc,1.00,2,208,0.978533,1.000000,4.331321
allc,1.00,2,209,0.971340,1.000000,4.104182
allc,1.00,2,210,0.970367,1.000000,4.257959
allc,1.00,2,211,0.980049,1.000000,4.261378
allc,1.00,2,212,0.987423,1.000000,4.417588
allc,1.00,2,213,0.982893,1.000000,4.243528
allc,1.00,2,214,0.984111,1.000000,4.372690
allc,1.00,2,215,0.977400,1.000000,4.300912
allc,1.00,2,216,0.987690,1.000000,4.591298
allc,1.00,2,217,0.983465,1.000000,4.516237
allc,1.00,2,218,0.980400,1.000000,4.397784
allc,1.00,2,219,0.983121,1.000000,4.555397
allc,1.00,2,220,0.987855,1.000000,4.425362
allc,1.00,2,221,0.990738,1.000000,4.592504
allc,1.00,2,222,0.975802,1.000000,4.206935
allc,1.00,2,223,0.979911,1.000000,4.287097
allc,1.00,2,224,0.983487,1.000000,4.510235
allc,1.00,2,225,0.983561,1.000000,4.377438
allc,1.00,2,226,0.983295,1.000000,4.429865
allc,1.00,2,227,0.980238,1.000000,4.396415
allc,1.00,2,228,0.980727,1.000000,4.392236
allc,1.00,2,229,0.987093,1.000000,4.649039
allc,1.00,2,230,0.985505,1.000000,4.333645
allc,1.00,2,231,0.991944,1.000000,4.545719
allc,1.00,2,232,0.984257,1.000000,4.375341
allc,1.00,2,233,0.986043,1.000000,4.365798
allc,1.00,2,234,0.985200,1.000000,4.498040
allc,1.00,2,235,0.981760,1.000000,4.466374
allc,1.00,2,236,0.982847,1.000000,4.277519
allc,1.00,2,237,0.982062,1.000000,4.298868
allc,1.00,2,238,0.990050,1.000000,4.568391
allc,1.00,2,239,0.983372,1.000000,4.540352
allc,1.00,2,240,0.981292,1.000000,4.359903
allc,1.00,2,241,0.982652,1.000000,4.422129
allc,1.00,2,242,0.990056,1.000000,4.512202
allc,1.00,2,243,0.984107,1.000000,4.328080
allc,1.00,2,244,0.984072,1.000000,4.144716
allc,1.00,2,245,0.986029,1.000000,4.417540
allc,1.00,2,246,0.987106,1.000000,4.468265
allc,1.00,2,247,0.986956,1.000000,4.503184
allc,1.00,2,248,0.973664,1.000000,4.327514
allc,1.00,2,249,0.981231,1.000000,4.306917
allc,1.00,2,250,0.975869,1.000000,4.471272
allc,1.00,2,251,0.984979,1.000000,4.429111
allc,1.00,2,252,0.981184,1.000000,4.370347
allc,1.00,2,253,0.989423,1.000000,4.622089
allc,1.00,2,254,0.986193,1.000000,4.436764
allc,1.00,2,255,0.971388,1.000000,4.239750
allc,1.00,2,256,0.975892,1.000000,4.164005
allc,1.00,2,257,0.967087,1.000000,4.092121
allc,1.00,2,258,0.979088,1.000000,4.193935
allc,1.00,2,259,0.980647,1.000000,4.153954
allc,1.00,2,260,0.982666,1.000000,4.362238
allc,1.00,2,261,0.972220,1.000000,4.142174
allc,1.00,2,262,0.976782,1.000000,4.238050
allc,1.00,2,263,0.988063,1.000000,4.468972
allc,1.00,2,264,0.979396,1.000000,4.389965
allc,1.00,2,265,0.979352,1.000000,4.309331
allc,1.00,2,266,0.982347,1.000000,4.413399
allc,1.00,2,267,0.979026,1.000000,4.316214
allc,1.00,2,268,0.984710,1.000000,4.536574
allc,1.00,2,269,0.985321,1.000000,4.442756
allc,1.00,2,270,0.985023,1.000000,4.408909
allc,1.00,2,271,0.980489,1.000000,4.565549
allc,1.00,2,272,0.977143,1.000000,4.142577
allc,1.00,2,273,0.981494,1.000000,4.205744
allc,1.00,2,274,0.978859,1.000000,4.444727
allc,1.00,2,275,0.984236,1.000000,4.448142
allc,1.00,2,276,0.975425,1.000000,4.230818
allc,1.00,2,277,0.987506,1.000000,4.495335
allc,1.00,2,278,0.986319,1.000000,4.230433
allc,1.00,2,279,0.984072,1.000000,4.447734
allc,1.00,2,280,0.986105,1.000000,4.476932
allc,1.00,2,281,0.979697,1.000000,4.434631
allc,1.00,2,282,0.971020,1.000000,4.255401
allc,1.00,2,283,0.986045,1.000000,4.372218
allc,1.00,2,284,0.987899,1.000000,4.539088
allc,1.00,2,285,0.981196,1.000000,4.202587
allc,1.00,2,286,0.979272,1.000000,4.288093
allc,1.00,2,287,0.971355,1.000000,4.065271
allc,1.00,2,288,0.978567,1.000000,3.943107
allc,1.00,2,289,0.985210,1.000000,4.458715
allc,1.00,2,290,0.979560,1.000000,3.943513
allc,1.00,2,291,0.977425,1.000000,4.348046
allc,1.00,2,292,0.988743,1.000000,4.467543
allc,1.00,2,293,0.982571,1.000000,4.483174
allc,1.00,2,294,0.983397,1.000000,4.344068
allc,1.00,2,295,0.987132,1.000000,4.598273
allc,1.00,2,296,0.987255,1.000000,4.402561
allc,1.00,2,297,0.983847,1.000000,4.263622
allc,1.00,2,298,0.981407,1.000000,4.426652
allc,1.00,2,299,0.984212,1.000000,4.460474
allc,1.00,2,300,0.985699,1.000000,4.654750
allc,1.00,2,301,0.984103,1.000000,4.339125
allc,1.00,2,302,0.985324,1.000000,4.510419
allc,1.00,2,303,0.979750,1.000000,4.278047
allc,1.00,2,304,0.989239,1.000000,4.589084
allc,1.00,2,305,0.980480,1.000000,4.471098
allc,1.00,2,306,0.990589,1.000000,4.782116
allc,1.00,2,307,0.984968,1.000000,4.411852
allc,1.00,2,308,0.983740,1.000000,4.603896
allc,1.00,2,309,0.985560,1.000000,4.354029
allc,1.00,2,310,0.985985,1.000000,4.412475
allc,1.00,2,311,0.986964,1.000000,4.527667
allc,1.00,2,312,0.979765,1.000000,4.560756
allc,1.00,2,313,0.981332,1.000000,4.572949
allc,1.00,2,314,0.962667,1.000000,4.030157
allc,1.00,2,315,0.982583,1.000000,4.410474
allc,1.00,2,316,0.989355,1.000000,4.509839
allc,1.00,2,317,0.979617,1.000000,4.389257
allc,1.00,2,318,0.980405,1.000000,4.338114
allc,1.00,2,319,0.986081,1.000000,4.564942
allc,1.00,2,320,0.981059,1.000000,4.256301
allc,1.00,2,321,0.982690,1.000000,4.276552
allc,1.00,2,322,0.983472,1.000000,4.439096
allc,1.00,2,323,0.982788,1.000000,4.312645
allc,1.00,2,324,0.980372,1.000000,4.056506
allc,1.00,2,325,0.974125,1.000000,4.149331
allc,1.00,2,326,0.980897,1.000000,4.147658
allc,1.00,2,327,0.987292,1.000000,4.606863
allc,1.00,2,328,0.991096,1.000000,4.577320
allc,1.00,2,329,0.988596,1.000000,4.650371
allc,1.00,2,330,0.987988,1.000000,4.462744
allc,1.00,2,331,0.984932,1.000000,4.512205
allc,1.00,2,332,0.986039,1.000000,4.377184
allc,1.00,2,333,0.983098,1.000000,4.440890
allc,1.00,2,334,0.980520,1.000000,4.241087
allc,1.00,2,335,0.975088,1.000000,4.117631
allc,1.00,2,336,0.988623,1.000000,4.569699
allc,1.00,2,337,0.979655,1.000000,4.396794
allc,1.00,2,338,0.988655,1.000000,4.422240
allc,1.00,2,339,0.979491,1.000000,4.136793
allc,1.00,2,340,0.987012,1.000000,4.305909
allc,1.00,2,341,0.974939,1.000000,4.236729
allc,1.00,2,342,0.978509,1.000000,4.146959
allc,1.00,2,343,0.986321,1.000000,4.338975
allc,1.00,2,344,0.973630,1.000000,4.248654
allc,1.00,2,345,0.983411,1.000000,4.373381
allc,1.00,2,346,0.983920,1.000000,4.459795
allc,1.00,2,347,0.988338,1.000000,4.417130
allc,1.00,2,348,0.971966,1.000000,4.118713
allc,1.00,2,349,0.977493,1.000000,4.195576
allc,1.00,2,350,0.983088,1.000000,4.297538
allc,1.00,2,351,0.980353,1.000000,4.419315
allc,1.00,2,352,0.977458,1.000000,4.449930
allc,1.00,2,353,0.987202,1.000000,4.435896
allc,1.00,2,354,0.985420,1.000000,4.344505
allc,1.00,2,355,0.984757,1.000000,4.352028
allc,1.00,2,356,0.980440,1.000000,4.247301
allc,1.00,2,357,0.987441,1.000000,4.522666
allc,1.00,2,358,0.981737,1.000000,4.311437
allc,1.00,2,359,0.988135,1.000000,4.563619
allc,1.00,2,360,0.984298,1.000000,4.514560
allc,1.00,2,361,0.977149,1.000000,4.340802
allc,1.00,2,362,0.979816,1.000000,4.349761
allc,1.00,2,363,0.984090,1.000000,4.228460
allc,1.00,2,364,0.980661,1.000000,4.122629
allc,1.00,2,365,0.983975,1.000000,4.355187
allc,1.00,2,366,0.977573,1.000000,4.282930
allc,1.00,2,367,0.986778,1.000000,4.663716
allc,1.00,2,368,0.984649,1.000000,4.652040
allc,1.00,2,369,0.983650,1.000000,4.368814
allc,1.00,2,370,0.984397,1.000000,4.403459
allc,1.00,2,371,0.975091,1.000000,4.299772
allc,1.00,2,372,0.975362,1.000000,4.165237
allc,1.00,2,373,0.983262,1.000000,4.595990
allc,1.00,2,374,0.984892,1.000000,4.508983
allc,1.00,2,375,0.988009,1.000000,4.655264
allc,1.00,2,376,0.980621,1.000000,4.283568
allc,1.00,2,377,0.984142,1.000000,4.443372
allc,1.00,2,378,0.990839,1.000000,4.693507
allc,1.00,2,379,0.990235,1.000000,4.685269
allc,1.00,2,380,0.986237,1.000000,4.582963
allc,1.00,2,381,0.990279,1.000000,4.648735
allc,1.00,2,382,0.989206,1.000000,4.509256
allc,1.00,2,383,0.977961,1.000000,4.276655
allc,1.00,2,384,0.981293,1.000000,4.251793
allc,1.00,2,385,0.975388,1.000000,4.295622
allc,1.00,2,386,0.984966,1.000000,4.389050
allc,1.00,2,387,0.983202,1.000000,4.484673
allc,1.00,2,388,0.977604,1.000000,4.502650
allc,1.00,2,389,0.987169,1.000000,4.405611
allc,1.00,2,390,0.988824,1.000000,4.552394
allc,1.00,2,391,0.984901,1.000000,4.428525
allc,1.00,2,392,0.981681,1.000000,4.325804
allc,1.00,2,393,0.978702,1.000000,4.377613
allc,1.00,2,394,0.987837,1.000000,4.616369
allc,1.00,2,395,0.987311,1.000000,4.621859
allc,1.00,2,396,0.979191,1.000000,4.278579
allc,1.00,2,397,0.979222,1.000000,4.247223
allc,1.00,2,398,0.972791,1.000000,4.031091
allc,1.00,2,399,0.984164,1.000000,4.150173
allc,1.00,2,400,0.985714,1.000000,4.485243
allc,1.00,2,401,0.979868,1.000000,4.181075
allc,1.00,2,402,0.981589,1.000000,4.341236
allc,1.00,2,403,0.978682,1.000000,4.306660
allc,1.00,2,404,0.983420,1.000000,4.313451
allc,1.00,2,405,0.976679,1.000000,4.141725
allc,1.00,2,406,0.986262,1.000000,4.471489
allc,1.00,2,407,0.983168,1.000000,4.434324
allc,1.00,2,408,0.985488,1.000000,4.682126
allc,1.00,2,409,0.990511,1.000000,4.400853
allc,1.00,2,410,0.980317,1.000000,4.500656
allc,1.00,2,411,0.980828,1.000000,4.300154
allc,1.00,2,412,0.988309,1.000000,4.461924
allc,1.00,2,413,0.985939,1.000000,4.423244
allc,1.00,2,414,0.982136,1.000000,4.445490
allc,1.00,2,415,0.984688,1.000000,4.478703
allc,1.00,2,416,0.980934,1.000000,4.383188
allc,1.00,2,417,0.983390,1.000000,4.260865
allc,1.00,2,418,0.981175,1.000000,4.317102
allc,1.00,2,419,0.985388,1.000000,4.310551
allc,1.00,2,420,0.983415,1.000000,4.271162
allc,1.00,2,421,0.987880,1.000000,4.542832
allc,1.00,2,422,0.984469,1.000000,4.461217
allc,1.00,2,423,0.975861,1.000000,4.308477
allc,1.00,2,424,0.983015,1.000000,4.331560
allc,1.00,2,425,0.980441,1.000000,4.360573
allc,1.00,2,426,0.977944,1.000000,4.201231
allc,1.00,2,427,0.983104,1.000000,4.312568
allc,1.00,2,428,0.985516,1.000000,4.298697
allc,1.00,2,429,0.980766,1.000000,4.232411
allc,1.00,2,430,0.982689,1.000000,4.265177
allc,1.00,2,431,0.986436,1.000000,4.402740
allc,1.00,2,432,0.985688,1.000000,4.333554
allc,1.00,2,433,0.990567,1.000000,4.553786
allc,1.00,2,434,0.987507,1.000000,4.220415
allc,1.00,2,435,0.981890,1.000000,4.181286
allc,1.00,2,436,0.975369,1.000000,4.287712
allc,1.00,2,437,0.987967,1.000000,4.262958
allc,1.00,2,438,0.981895,1.000000,4.423451
allc,1.00,2,439,0.986309,1.000000,4.203446
allc,1.00,2,440,0.969248,1.000000,4.066500
allc,1.00,2,441,0.985681,1.000000,4.480892
allc,1.00,2,442,0.983680,1.000000,4.391914
allc,1.00,2,443,0.986087,1.000000,4.580949
allc,1.00,2,444,0.986760,1.000000,4.558818
allc,1.00,2,445,0.984416,1.000000,4.463340
allc,1.00,2,446,0.983841,1.000000,4.502168
allc,1.00,2,447,0.986347,1.000000,4.498747
allc,1.00,2,448,0.983924,1.000000,4.321902
allc,1.00,2,449,0.987522,1.000000,4.406034
allc,1.00,2,450,0.984232,1.000000,4.429069
allc,1.00,2,451,0.985853,1.000000,4.487775
allc,1.00,2,452,0.985393,1.000000,4.390125
allc,1.00,2,453,0.988656,1.000000,4.460396
allc,1.00,2,454,0.985754,1.000000,4.440931
allc,1.00,2,455,0.983641,1.000000,4.273692
allc,1.00,2,456,0.988582,1.000000,4.663670
allc,1.00,2,457,0.991471,1.000000,4.641372
allc,1.00,2,458,0.986696,1.000000,4.474012
allc,1.00,2,459,0.981637,1.000000,4.242539
allc,1.00,2,460,0.987744,1.000000,4.430613
allc,1.00,2,461,0.986606,1.000000,4.158544
allc,1.00,2,462,0.979168,1.000000,4.341710
allc,1.00,2,463,0.979258,1.000000,4.256590
allc,1.00,2,464,0.976964,1.000000,4.222876
allc,1.00,2,465,0.981889,1.000000,4.344333
allc,1.00,2,466,0.988621,1.000000,4.596752
allc,1.00,2,467,0.980200,1.000000,4.468463
allc,1.00,2,468,0.980275,1.000000,4.213590
allc,1.00,2,469,0.982806,1.000000,4.410380
allc,1.00,2,470,0.977683,1.000000,4.313358
allc,1.00,2,471,0.974445,1.000000,4.114891
allc,1.00,2,472,0.979766,1.000000,4.377657
allc,1.00,2,473,0.982767,1.000000,4.534024
allc,1.00,2,474,0.988357,1.000000,4.605872
allc,1.00,2,475,0.988048,1.000000,4.522254
allc,1.00,2,476,0.984694,1.000000,4.395232
allc,1.00,2,477,0.987054,1.000000,4.373716
allc,1.00,2,478,0.979733,1.000000,4.508535
allc,1.00,2,479,0.980098,1.000000,4.367437
allc,1.00,2,480,0.985506,1.000000,4.328100
allc,1.00,2,481,0.988226,1.000000,4.486339
allc,1.00,2,482,0.988831,1.000000,4.496486
allc,1.00,2,483,0.985029,1.000000,4.415290
allc,1.00,2,484,0.981715,1.000000,4.351135
allc,1.00,2,485,0.984734,1.000000,4.226647
allc,1.00,2,486,0.981564,1.000000,4.341453
allc,1.00,2,487,0.984659,1.000000,4.327189
allc,1.00,2,488,0.987458,1.000000,4.607492
allc,1.00,2,489,0.985398,1.000000,4.388660
allc,1.00,2,490,0.981118,1.000000,4.321912
allc,1.00,2,491,0.980836,1.000000,4.352396
allc,1.00,2,492,0.980025,1.000000,4.460287
allc,1.00,2,493,0.987208,1.000000,4.549018
allc,1.00,2,494,0.986066,1.000000,4.477656
allc,1.00,2,495,0.980492,1.000000,4.244637
allc,1.00,2,496,0.983602,1.000000,4.562750
allc,1.00,2,497,0.985950,1.000000,4.403765
allc,1.00,2,498,0.978305,1.000000,4.357706
allc,1.00,2,499,0.980426,1.000000,4.271682
coupled,0.00,3,0,0.988991,1.000000,4.569766
coupled,0.00,3,1,0.978335,1.000000,4.534047
coupled,0.00,3,2,0.976066,1.000000,4.112685
coupled,0.00,3,3,0.972375,1.000000,4.207154
coupled,0.00,3,4,0.971054,1.000000,4.289447
coupled,0.00,3,5,0.963224,1.000000,4.198568
coupled,0.00,3,6,0.967396,1.000000,4.049391
coupled,0.00,3,7,0.966612,1.000000,4.300149
coupled,0.00,3,8,0.980585,1.000000,4.455325
coupled,0.00,3,9,0.974240,1.000000,4.521561
coupled,0.00,3,10,0.980711,1.000000,4.163089
coupled,0.00,3,11,0.967035,1.000000,4.530069
coupled,0.00,3,12,0.978950,1.000000,4.439535
coupled,0.00,3,13,0.979794,1.000000,4.385430
coupled,0.00,3,14,0.986346,1.000000,4.614559
coupled,0.00,3,15,0.978302,1.000000,4.461527
coupled,0.00,3,16,0.971546,1.000000,4.443859
coupled,0.00,3,17,0.977667,1.000000,4.284685
coupled,0.00,3,18,0.971912,1.000000,4.500458
coupled,0.00,3,19,0.985665,1.000000,4.484271
coupled,0.00,3,20,0.988335,1.000000,4.636710
coupled,0.00,3,21,0.985598,1.000000,4.637351
coupled,0.00,3,22,0.985355,1.000000,4.485995
coupled,0.00,3,23,0.972552,1.000000,4.636988
coupled,0.00,3,24,0.984369,1.000000,4.584463
coupled,0.00,3,25,0.985859,1.000000,4.350225
coupled,0.00,3,26,0.977146,1.000000,4.467444
coupled,0.00,3,27,0.974686,1.000000,4.492937
coupled,0.00,3,28,0.974771,1.000000,4.578794
coupled,0.00,3,29,0.986856,1.000000,4.547547
coupled,0.00,3,30,0.986304,1.000000,4.617042
coupled,0.00,3,31,0.989335,1.000000,4.641469
coupled,0.00,3,32,0.987197,1.000000,4.778840
coupled,0.00,3,33,0.986100,1.000000,4.438681
coupled,0.00,3,34,0.976002,1.000000,4.365638
coupled,0.00,3,35,0.971982,1.000000,4.932080
coupled,0.00,3,36,0.986000,1.000000,4.599069
coupled,0.00,3,37,0.983307,1.000000,4.227409
coupled,0.00,3,38,0.971591,1.000000,4.541179
coupled,0.00,3,39,0.977347,1.000000,4.288265
coupled,0.00,3,40,0.984937,1.000000,4.436600
coupled,0.00,3,41,0.967851,1.000000,4.517065
coupled,0.00,3,42,0.983372,1.000000,4.748777
coupled,0.00,3,43,0.977981,1.000000,4.554092
coupled,0.00,3,44,0.981041,1.000000,4.314294
coupled,0.00,3,45,0.962589,1.000000,4.716475
coupled,0.00,3,46,0.989918,1.000000,4.412560
coupled,0.00,3,47,0.975397,1.000000,4.330447
coupled,0.00,3,48,0.979483,1.000000,4.541402
coupled,0.00,3,49,0.978106,1.000000,4.446271
coupled,0.00,3,50,0.979555,1.000000,4.668509
coupled,0.00,3,51,0.989044,1.000000,4.624755
coupled,0.00,3,52,0.982382,1.000000,4.639157
coupled,0.00,3,53,0.983131,1.000000,4.596679
coupled,0.00,3,54,0.976125,1.000000,4.770184
coupled,0.00,3,55,0.990410,1.000000,4.465558
coupled,0.00,3,56,0.976071,1.000000,4.557171
coupled,0.00,3,57,0.978761,1.000000,4.506045
coupled,0.00,3,58,0.990911,1.000000,4.502217
coupled,0.00,3,59,0.963356,1.000000,4.487122
coupled,0.00,3,60,0.976615,1.000000,4.500945
coupled,0.00,3,61,0.983724,1.000000,4.518183
coupled,0.00,3,62,0.979179,1.000000,4.213686
coupled,0.00,3,63,0.983150,1.000000,4.134233
coupled,0.00,3,64,0.974311,1.000000,4.539060
coupled,0.00,3,65,0.986552,1.000000,4.445226
coupled,0.00,3,66,0.980447,1.000000,4.355473
coupled,0.00,3,67,0.969614,1.000000,4.512030
coupled,0.00,3,68,0.987214,1.000000,4.509014
coupled,0.00,3,69,0.971049,1.000000,4.380815
coupled,0.00,3,70,0.974064,1.000000,4.502396
coupled,0.00,3,71,0.985093,1.000000,4.401468
coupled,0.00,3,72,0.977569,1.000000,4.419831
coupled,0.00,3,73,0.972107,1.000000,4.446269
coupled,0.00,3,74,0.982099,1.000000,4.337467
coupled,0.00,3,75,0.971426,1.000000,4.454834
coupled,0.00,3,76,0.986512,1.000000,4.492872
coupled,0.00,3,77,0.984516,1.000000,4.658535
coupled,0.00,3,78,0.987385,1.000000,4.656567
coupled,0.00,3,79,0.984728,1.000000,4.486907
coupled,0.00,3,80,0.982991,1.000000,4.389448
coupled,0.00,3,81,0.981036,1.000000,4.283731
coupled,0.00,3,82,0.978697,1.000000,4.591757
coupled,0.00,3,83,0.982071,1.000000,4.628733
coupled,0.00,3,84,0.976711,1.000000,4.588003
coupled,0.00,3,85,0.981136,1.000000,4.415244
coupled,0.00,3,86,0.983428,1.000000,4.500270
coupled,0.00,3,87,0.981970,1.000000,4.285122
coupled,0.00,3,88,0.987221,1.000000,4.701507
coupled,0.00,3,89,0.984141,1.000000,4.366294
coupled,0.00,3,90,0.974896,1.000000,4.425486
coupled,0.00,3,91,0.981140,1.000000,4.374629
coupled,0.00,3,92,0.978893,1.000000,4.305225
coupled,0.00,3,93,0.979549,1.000000,4.397063
coupled,0.00,3,94,0.968848,1.000000,4.538008
coupled,0.00,3,95,0.980587,1.000000,4.276371
coupled,0.00,3,96,0.950821,1.000000,4.233098
coupled,0.00,3,97,0.973480,1.000000,4.717049
coupled,0.00,3,98,0.971526,1.000000,4.517191
coupled,0.00,3,99,0.978691,1.000000,4.595672
coupled,0.00,3,100,0.979123,1.000000,4.513104
coupled,0.00,3,101,0.971986,1.000000,4.326783
coupled,0.00,3,102,0.975167,1.000000,4.587244
coupled,0.00,3,103,0.990454,1.000000,4.493056
coupled,0.00,3,104,0.973738,1.000000,4.254242
coupled,0.00,3,105,0.981155,1.000000,4.453030
coupled,0.00,3,106,0.974805,1.000000,4.429568
coupled,0.00,3,107,0.978604,1.000000,4.295882
coupled,0.00,3,108,0.976205,1.000000,4.345151
coupled,0.00,3,109,0.982177,1.000000,3.981515
coupled,0.00,3,110,0.959080,1.000000,4.561885
coupled,0.00,3,111,0.976868,1.000000,4.770788
coupled,0.00,3,112,0.987175,1.000000,4.455489
coupled,0.00,3,113,0.976627,1.000000,4.511866
coupled,0.00,3,114,0.979746,1.000000,4.477364
coupled,0.00,3,115,0.962846,1.000000,4.548204
coupled,0.00,3,116,0.984537,1.000000,4.625412
coupled,0.00,3,117,0.986682,1.000000,4.334043
coupled,0.00,3,118,0.979295,1.000000,4.465080
coupled,0.00,3,119,0.973337,1.000000,4.529621
coupled,0.00,3,120,0.974779,1.000000,4.327450
coupled,0.00,3,121,0.980160,1.000000,4.629279
coupled,0.00,3,122,0.986630,1.000000,4.317502
coupled,0.00,3,123,0.982250,1.000000,4.485367
coupled,0.00,3,124,0.971051,1.000000,4.262302
coupled,0.00,3,125,0.978233,1.000000,4.594076
coupled,0.00,3,126,0.979336,1.000000,4.415801
coupled,0.00,3,127,0.975850,1.000000,4.486738
coupled,0.00,3,128,0.967897,1.000000,4.215396
coupled,0.00,3,129,0.976859,1.000000,4.542738
coupled,0.00,3,130,0.982943,1.000000,4.518837
coupled,0.00,3,131,0.976500,1.000000,4.525235
coupled,0.00,3,132,0.972953,1.000000,4.592800
coupled,0.00,3,133,0.983522,1.000000,4.526012
coupled,0.00,3,134,0.988398,1.000000,4.478804
coupled,0.00,3,135,0.983423,1.000000,4.523444
coupled,0.00,3,136,0.984205,1.000000,4.111149
coupled,0.00,3,137,0.978969,1.000000,4.435297
coupled,0.00,3,138,0.972627,1.000000,4.427320
coupled,0.00,3,139,0.983439,1.000000,4.421408
coupled,0.00,3,140,0.979687,1.000000,4.209351
coupled,0.00,3,141,0.968882,1.000000,4.459910
coupled,0.00,3,142,0.977624,1.000000,4.386553
coupled,0.00,3,143,0.970723,1.000000,4.643022
coupled,0.00,3,144,0.987006,1.000000,4.547266
coupled,0.00,3,145,0.984075,1.000000,4.575447
coupled,0.00,3,146,0.983832,1.000000,4.619393
coupled,0.00,3,147,0.982167,1.000000,4.391484
coupled,0.00,3,148,0.970536,1.000000,4.314806
coupled,0.00,3,149,0.983067,1.000000,4.305534
coupled,0.00,3,150,0.983102,1.000000,4.541518
coupled,0.00,3,151,0.982668,1.000000,4.674245
coupled,0.00,3,152,0.983062,1.000000,4.313883
coupled,0.00,3,153,0.980818,1.000000,4.555855
coupled,0.00,3,154,0.977416,1.000000,4.577840
coupled,0.00,3,155,0.970981,1.000000,4.724481
coupled,0.00,3,156,0.983442,1.000000,4.793582
coupled,0.00,3,157,0.980759,1.000000,4.699655
coupled,0.00,3,158,0.987061,1.000000,4.506818
coupled,0.00,3,159,0.982142,1.000000,4.517832
coupled,0.00,3,160,0.971306,1.000000,4.380150
coupled,0.00,3,161,0.979094,1.000000,4.420689
coupled,0.00,3,162,0.981065,1.000000,4.689711
coupled,0.00,3,163,0.985602,1.000000,4.420505
coupled,0.00,3,164,0.978286,1.000000,4.333822
coupled,0.00,3,165,0.966471,1.000000,4.106774
coupled,0.00,3,166,0.967292,1.000000,4.568737
coupled,0.00,3,167,0.981323,1.000000,4.563029
coupled,0.00,3,168,0.981815,1.000000,4.543418
coupled,0.00,3,169,0.975152,1.000000,4.411808
coupled,0.00,3,170,0.966930,1.000000,4.530383
coupled,0.00,3,171,0.975568,1.000000,4.372857
coupled,0.00,3,172,0.979975,1.000000,4.464030
coupled,0.00,3,173,0.982373,1.000000,4.288622
coupled,0.00,3,174,0.967462,1.000000,4.286664
coupled,0.00,3,175,0.978424,1.000000,4.418345
coupled,0.00,3,176,0.983300,1.000000,4.746682
coupled,0.00,3,177,0.979421,1.000000,4.395680
coupled,0.00,3,178,0.974829,1.000000,4.446063
coupled,0.00,3,179,0.973820,1.000000,4.545011
coupled,0.00,3,180,0.981053,1.000000,4.490037
coupled,0.00,3,181,0.981888,1.000000,4.562654
coupled,0.00,3,182,0.979850,1.000000,4.410165
coupled,0.00,3,183,0.973999,1.000000,4.307334
coupled,0.00,3,184,0.981541,1.000000,4.647480
coupled,0.00,3,185,0.972994,1.000000,4.449229
coupled,0.00,3,186,0.974521,1.000000,4.310186
coupled,0.00,3,187,0.961588,1.000000,4.451503
coupled,0.00,3,188,0.974678,1.000000,4.458867
coupled,0.00,3,189,0.982205,1.000000,4.751300
coupled,0.00,3,190,0.987683,1.000000,4.438213
coupled,0.00,3,191,0.984558,1.000000,4.384045
coupled,0.00,3,192,0.988082,1.000000,4.820495
coupled,0.00,3,193,0.972045,1.000000,4.580480
coupled,0.00,3,194,0.984125,1.000000,4.301121
coupled,0.00,3,195,0.971276,1.000000,4.769759
coupled,0.00,3,196,0.984848,1.000000,4.421081
coupled,0.00,3,197,0.973100,1.000000,4.606226
coupled,0.00,3,198,0.981545,1.000000,4.654653
coupled,0.00,3,199,0.965502,1.000000,4.450337
coupled,0.00,3,200,0.983009,1.000000,4.667370
coupled,0.00,3,201,0.984232,1.000000,4.623677
coupled,0.00,3,202,0.972414,1.000000,4.557237
coupled,0.00,3,203,0.979044,1.000000,4.446019
coupled,0.00,3,204,0.983078,1.000000,4.302177
coupled,0.00,3,205,0.959629,1.000000,4.397566
coupled,0.00,3,206,0.970512,1.000000,4.315372
coupled,0.00,3,207,0.983034,1.000000,4.550475
coupled,0.00,3,208,0.986504,1.000000,4.361904
coupled,0.00,3,209,0.973540,1.000000,4.292449
coupled,0.00,3,210,0.972776,1.000000,4.349676
coupled,0.00,3,211,0.978929,1.000000,4.625809
coupled,0.00,3,212,0.978405,1.000000,4.445783
coupled,0.00,3,213,0.984599,1.000000,4.649475
coupled,0.00,3,214,0.981599,1.000000,4.476470
coupled,0.00,3,215,0.969720,1.000000,4.347090
coupled,0.00,3,216,0.973458,1.000000,4.370482
coupled,0.00,3,217,0.981830,1.000000,4.414971
coupled,0.00,3,218,0.985696,1.000000,4.513371
coupled,0.00,3,219,0.979603,1.000000,4.612132
coupled,0.00,3,220,0.977539,1.000000,4.588249
coupled,0.00,3,221,0.977990,1.000000,4.353345
coupled,0.00,3,222,0.970339,1.000000,4.269231
coupled,0.00,3,223,0.980265,1.000000,4.473566
coupled,0.00,3,224,0.977715,1.000000,4.361620
coupled,0.00,3,225,0.965986,1.000000,4.388558
coupled,0.00,3,226,0.975981,1.000000,4.259299
coupled,0.00,3,227,0.971631,1.000000,4.429991
coupled,0.00,3,228,0.971240,1.000000,4.351560
coupled,0.00,3,229,0.974452,1.000000,4.312477
coupled,0.00,3,230,0.968450,1.000000,4.475568
coupled,0.00,3,231,0.980963,1.000000,4.480274
coupled,0.00,3,232,0.980533,1.000000,4.497963
coupled,0.00,3,233,0.984655,1.000000,4.471503
coupled,0.00,3,234,0.977255,1.000000,4.518300
coupled,0.00,3,235,0.986241,1.000000,4.397447
coupled,0.00,3,236,0.976963,1.000000,4.625669
coupled,0.00,3,237,0.980906,1.000000,4.403662
coupled,0.00,3,238,0.974110,1.000000,4.076205
coupled,0.00,3,239,0.965744,1.000000,4.289239
coupled,0.00,3,240,0.969591,1.000000,4.414774
coupled,0.00,3,241,0.976670,1.000000,4.438128
coupled,0.00,3,242,0.981478,1.000000,4.357373
coupled,0.00,3,243,0.976762,1.000000,4.233043
coupled,0.00,3,244,0.969529,1.000000,4.642223
coupled,0.00,3,245,0.982683,1.000000,4.620094
coupled,0.00,3,246,0.981808,1.000000,4.525506
coupled,0.00,3,247,0.978053,1.000000,4.307218
coupled,0.00,3,248,0.983250,1.000000,4.413898
coupled,0.00,3,249,0.977707,1.000000,4.288234
coupled,0.00,3,250,0.975056,1.000000,4.666524
coupled,0.00,3,251,0.983943,1.000000,4.451266
coupled,0.00,3,252,0.981387,1.000000,4.425128
coupled,0.00,3,253,0.970158,1.000000,4.396924
coupled,0.00,3,254,0.972473,1.000000,4.166396
coupled,0.00,3,255,0.968156,1.000000,4.162199
coupled,0.00,3,256,0.979053,1.000000,4.351920
coupled,0.00,3,257,0.982940,1.000000,4.467780
coupled,0.00,3,258,0.978448,1.000000,4.489851
coupled,0.00,3,259,0.979324,1.000000,4.272271
coupled,0.00,3,260,0.980560,1.000000,4.382276
coupled,0.00,3,261,0.986544,1.000000,4.647442
coupled,0.00,3,262,0.985783,1.000000,4.652750
coupled,0.00,3,263,0.982021,1.000000,4.649229
coupled,0.00,3,264,0.978568,1.000000,4.774053
coupled,0.00,3,265,0.981748,1.000000,4.267066
coupled,0.00,3,266,0.979877,1.000000,4.401087
coupled,0.00,3,267,0.980095,1.000000,4.549761
coupled,0.00,3,268,0.972840,1.000000,4.744624
coupled,0.00,3,269,0.982340,1.000000,4.544591
coupled,0.00,3,270,0.984692,1.000000,4.354460
coupled,0.00,3,271,0.978400,1.000000,4.377754
coupled,0.00,3,272,0.974346,1.000000,4.815139
coupled,0.00,3,273,0.980975,1.000000,4.486391
coupled,0.00,3,274,0.974868,1.000000,4.551142
coupled,0.00,3,275,0.970497,1.000000,4.532648
coupled,0.00,3,276,0.981844,1.000000,4.628583
coupled,0.00,3,277,0.982393,1.000000,4.447888
coupled,0.00,3,278,0.982752,1.000000,4.819015
coupled,0.00,3,279,0.987341,1.000000,4.609638
coupled,0.00,3,280,0.980462,1.000000,4.256410
coupled,0.00,3,281,0.967310,1.000000,4.049231
coupled,0.00,3,282,0.973770,1.000000,4.379323
coupled,0.00,3,283,0.976119,1.000000,4.564632
coupled,0.00,3,284,0.977131,1.000000,4.438435
coupled,0.00,3,285,0.981891,1.000000,4.310276
coupled,0.00,3,286,0.977502,1.000000,4.360610
coupled,0.00,3,287,0.981532,1.000000,4.361694
coupled,0.00,3,288,0.977890,1.000000,4.531374
coupled,0.00,3,289,0.980848,1.000000,4.540442
coupled,0.00,3,290,0.978144,1.000000,4.242197
coupled,0.00,3,291,0.964051,1.000000,4.483431
coupled,0.00,3,292,0.979331,1.000000,4.549698
coupled,0.00,3,293,0.983249,1.000000,4.613659
coupled,0.00,3,294,0.984656,1.000000,4.535818
coupled,0.00,3,295,0.988922,1.000000,4.762202
coupled,0.00,3,296,0.987745,1.000000,4.487554
coupled,0.00,3,297,0.981126,1.000000,4.364502
coupled,0.00,3,298,0.973889,1.000000,4.476286
coupled,0.00,3,299,0.976594,1.000000,4.302631
coupled,0.00,3,300,0.974455,1.000000,4.212346
coupled,0.00,3,301,0.984209,1.000000,4.672585
coupled,0.00,3,302,0.986551,1.000000,4.736276
coupled,0.00,3,303,0.978462,1.000000,4.730711
coupled,0.00,3,304,0.973602,1.000000,4.557359
coupled,0.00,3,305,0.975734,1.000000,4.351288
coupled,0.00,3,306,0.983807,1.000000,4.633728
coupled,0.00,3,307,0.989048,1.000000,4.626585
coupled,0.00,3,308,0.985263,1.000000,4.363669
coupled,0.00,3,309,0.976155,1.000000,4.295749
coupled,0.00,3,310,0.967251,1.000000,4.713688
coupled,0.00,3,311,0.988854,1.000000,4.284814
coupled,0.00,3,312,0.973354,1.000000,4.311782
coupled,0.00,3,313,0.978468,1.000000,4.406481
coupled,0.00,3,314,0.982074,1.000000,4.522748
coupled,0.00,3,315,0.980399,1.000000,4.493071
coupled,0.00,3,316,0.976948,1.000000,4.361664
coupled,0.00,3,317,0.979915,1.000000,4.375693
coupled,0.00,3,318,0.980943,1.000000,4.590235
coupled,0.00,3,319,0.984672,1.000000,4.576364
coupled,0.00,3,320,0.983907,1.000000,4.406588
coupled,0.00,3,321,0.972120,1.000000,4.275775
coupled,0.00,3,322,0.976427,1.000000,4.629897
coupled,0.00,3,323,0.976766,1.000000,4.561171
coupled,0.00,3,324,0.984702,1.000000,4.435869
coupled,0.00,3,325,0.969037,1.000000,4.297372
coupled,0.00,3,326,0.981232,1.000000,4.571523
coupled,0.00,3,327,0.983776,1.000000,4.699161
coupled,0.00,3,328,0.973426,1.000000,4.696465
coupled,0.00,3,329,0.985320,1.000000,4.612622
coupled,0.00,3,330,0.986335,1.000000,4.585573
coupled,0.00,3,331,0.990285,1.000000,4.504158
coupled,0.00,3,332,0.984469,1.000000,4.288116
coupled,0.00,3,333,0.974396,1.000000,4.476456
coupled,0.00,3,334,0.986716,1.000000,4.332114
coupled,0.00,3,335,0.975883,1.000000,4.417013
coupled,0.00,3,336,0.976430,1.000000,4.404942
coupled,0.00,3,337,0.982183,1.000000,4.826306
coupled,0.00,3,338,0.982455,1.000000,4.575150
coupled,0.00,3,339,0.974263,1.000000,4.521945
coupled,0.00,3,340,0.978469,1.000000,4.268787
coupled,0.00,3,341,0.985325,1.000000,4.237254
coupled,0.00,3,342,0.972196,1.000000,4.605212
coupled,0.00,3,343,0.977643,1.000000,4.311114
coupled,0.00,3,344,0.983135,1.000000,4.391951
coupled,0.00,3,345,0.971107,1.000000,4.224804
coupled,0.00,3,346,0.978117,1.000000,4.276618
coupled,0.00,3,347,0.968414,1.000000,4.575385
coupled,0.00,3,348,0.984187,1.000000,4.281924
coupled,0.00,3,349,0.964352,1.000000,4.423996
coupled,0.00,3,350,0.982599,1.000000,4.365221
coupled,0.00,3,351,0.973108,1.000000,4.304064
coupled,0.00,3,352,0.973875,1.000000,4.381856
coupled,0.00,3,353,0.982104,1.000000,4.513982
coupled,0.00,3,354,0.980503,1.000000,4.537756
coupled,0.00,3,355,0.974550,1.000000,4.385137
coupled,0.00,3,356,0.979825,1.000000,4.711426
coupled,0.00,3,357,0.988622,1.000000,4.518406
coupled,0.00,3,358,0.975639,1.000000,4.629978
coupled,0.00,3,359,0.986144,1.000000,4.433753
coupled,0.00,3,360,0.983077,1.000000,4.304761
coupled,0.00,3,361,0.969326,1.000000,4.265093
coupled,0.00,3,362,0.972620,1.000000,4.364805
coupled,0.00,3,363,0.981007,1.000000,4.325109
coupled,0.00,3,364,0.978809,1.000000,4.611581
coupled,0.00,3,365,0.984995,1.000000,4.576362
coupled,0.00,3,366,0.984321,1.000000,4.496708
coupled,0.00,3,367,0.974165,1.000000,4.413534
coupled,0.00,3,368,0.982864,1.000000,4.375102
coupled,0.00,3,369,0.986598,1.000000,4.695211
coupled,0.00,3,370,0.973381,1.000000,4.640398
coupled,0.00,3,371,0.975462,1.000000,4.433681
coupled,0.00,3,372,0.984468,1.000000,4.399748
coupled,0.00,3,373,0.985913,1.000000,4.387356
coupled,0.00,3,374,0.980515,1.000000,4.239285
coupled,0.00,3,375,0.973931,1.000000,4.155485
coupled,0.00,3,376,0.969123,1.000000,4.429493
coupled,0.00,3,377,0.982218,1.000000,4.663041
coupled,0.00,3,378,0.985156,1.000000,4.786679
coupled,0.00,3,379,0.988587,1.000000,4.598167
coupled,0.00,3,380,0.984586,1.000000,4.711508
coupled,0.00,3,381,0.977911,1.000000,4.731456
coupled,0.00,3,382,0.977282,1.000000,4.395366
coupled,0.00,3,383,0.970843,1.000000,4.412583
coupled,0.00,3,384,0.977493,1.000000,4.655213
coupled,0.00,3,385,0.988450,1.000000,4.602239
coupled,0.00,3,386,0.978020,1.000000,4.289095
coupled,0.00,3,387,0.971367,1.000000,3.899463
coupled,0.00,3,388,0.966734,1.000000,4.344562
coupled,0.00,3,389,0.976027,1.000000,4.296271
coupled,0.00,3,390,0.975511,1.000000,4.573748
coupled,0.00,3,391,0.977683,1.000000,4.580393
coupled,0.00,3,392,0.988626,1.000000,4.491706
coupled,0.00,3,393,0.986319,1.000000,4.606950
coupled,0.00,3,394,0.983856,1.000000,4.599219
coupled,0.00,3,395,0.984653,1.000000,4.578683
coupled,0.00,3,396,0.987052,1.000000,4.469543
coupled,0.00,3,397,0.984394,1.000000,4.266052
coupled,0.00,3,398,0.972855,1.000000,4.555898
coupled,0.00,3,399,0.984862,1.000000,4.535070
coupled,0.00,3,400,0.983997,1.000000,4.539044
coupled,0.00,3,401,0.978006,1.000000,4.363488
coupled,0.00,3,402,0.975045,1.000000,4.156930
coupled,0.00,3,403,0.966073,1.000000,4.329556
coupled,0.00,3,404,0.974922,1.000000,4.224110
coupled,0.00,3,405,0.980105,1.000000,4.453611
coupled,0.00,3,406,0.965808,1.000000,4.430125
coupled,0.00,3,407,0.979281,1.000000,4.605385
coupled,0.00,3,408,0.982820,1.000000,4.613348
coupled,0.00,3,409,0.974453,1.000000,4.375637
coupled,0.00,3,410,0.972886,1.000000,4.546155
coupled,0.00,3,411,0.978928,1.000000,4.686426
coupled,0.00,3,412,0.978376,1.000000,4.500370
coupled,0.00,3,413,0.984771,1.000000,4.452707
coupled,0.00,3,414,0.977430,1.000000,4.571350
coupled,0.00,3,415,0.987949,1.000000,4.376973
coupled,0.00,3,416,0.970268,1.000000,4.626238
coupled,0.00,3,417,0.982885,1.000000,4.425880
coupled,0.00,3,418,0.979490,1.000000,4.323900
coupled,0.00,3,419,0.978141,1.000000,4.749381
coupled,0.00,3,420,0.979089,1.000000,4.533500
coupled,0.00,3,421,0.975812,1.000000,4.588387
coupled,0.00,3,422,0.978030,1.000000,4.258637
coupled,0.00,3,423,0.962046,1.000000,4.419133
coupled,0.00,3,424,0.975192,1.000000,4.391518
coupled,0.00,3,425,0.977103,1.000000,4.415400
coupled,0.00,3,426,0.960095,1.000000,4.525433
coupled,0.00,3,427,0.981236,1.000000,4.522984
coupled,0.00,3,428,0.983183,1.000000,4.329266
coupled,0.00,3,429,0.954275,1.000000,4.481819
coupled,0.00,3,430,0.979006,1.000000,4.460040
coupled,0.00,3,431,0.971074,1.000000,4.414551
coupled,0.00,3,432,0.974548,1.000000,4.363817
coupled,0.00,3,433,0.975782,1.000000,4.498111
coupled,0.00,3,434,0.969400,1.000000,4.385732
coupled,0.00,3,435,0.982373,1.000000,4.403285
coupled,0.00,3,436,0.981577,1.000000,4.377402
coupled,0.00,3,437,0.974469,1.000000,4.530396
coupled,0.00,3,438,0.970715,1.000000,4.640629
coupled,0.00,3,439,0.978529,1.000000,4.733232
coupled,0.00,3,440,0.982783,1.000000,4.646162
coupled,0.00,3,441,0.986701,1.000000,4.403728
coupled,0.00,3,442,0.977189,1.000000,4.514979
coupled,0.00,3,443,0.975635,1.000000,4.717004
coupled,0.00,3,444,0.980138,1.000000,4.501319
coupled,0.00,3,445,0.984093,1.000000,4.229581
coupled,0.00,3,446,0.975957,1.000000,4.566044
coupled,0.00,3,447,0.978115,1.000000,4.589924
coupled,0.00,3,448,0.986820,1.000000,4.523306
coupled,0.00,3,449,0.976913,1.000000,4.371164
coupled,0.00,3,450,0.981177,1.000000,4.402790
coupled,0.00,3,451,0.979193,1.000000,4.389906
coupled,0.00,3,452,0.975026,1.000000,4.238847
coupled,0.00,3,453,0.966323,1.000000,4.613301
coupled,0.00,3,454,0.988074,1.000000,4.730671
coupled,0.00,3,455,0.974183,1.000000,4.738169
coupled,0.00,3,456,0.981491,1.000000,4.539546
coupled,0.00,3,457,0.980064,1.000000,4.730369
coupled,0.00,3,458,0.986115,1.000000,4.490249
coupled,0.00,3,459,0.982140,1.000000,4.676545
coupled,0.00,3,460,0.974435,1.000000,4.427775
coupled,0.00,3,461,0.977368,1.000000,4.660430
coupled,0.00,3,462,0.985344,1.000000,4.502191
coupled,0.00,3,463,0.983723,1.000000,4.258376
coupled,0.00,3,464,0.976427,1.000000,4.152529
coupled,0.00,3,465,0.963925,1.000000,4.372449
coupled,0.00,3,466,0.981878,1.000000,4.315530
coupled,0.00,3,467,0.985092,1.000000,4.458528
coupled,0.00,3,468,0.982809,1.000000,4.376747
coupled,0.00,3,469,0.987033,1.000000,4.106080
coupled,0.00,3,470,0.962358,1.000000,4.260558
coupled,0.00,3,471,0.977985,1.000000,4.393987
coupled,0.00,3,472,0.970785,1.000000,4.203459
coupled,0.00,3,473,0.979080,1.000000,4.397649
coupled,0.00,3,474,0.972032,1.000000,4.359577
coupled,0.00,3,475,0.970377,1.000000,4.539491
coupled,0.00,3,476,0.984121,1.000000,4.568054
coupled,0.00,3,477,0.986478,1.000000,4.333136
coupled,0.00,3,478,0.976077,1.000000,4.237077
coupled,0.00,3,479,0.954639,1.000000,4.397860
coupled,0.00,3,480,0.980940,1.000000,4.390830
coupled,0.00,3,481,0.972219,1.000000,4.364083
coupled,0.00,3,482,0.978626,1.000000,4.387794
coupled,0.00,3,483,0.968412,1.000000,4.416484
coupled,0.00,3,484,0.979294,1.000000,4.475081
coupled,0.00,3,485,0.980705,1.000000,4.476135
coupled,0.00,3,486,0.981105,1.000000,4.068760
coupled,0.00,3,487,0.966074,1.000000,4.436345
coupled,0.00,3,488,0.981538,1.000000,4.637038
coupled,0.00,3,489,0.986389,1.000000,4.478391
coupled,0.00,3,490,0.962484,1.000000,4.401165
coupled,0.00,3,491,0.976372,1.000000,4.362307
coupled,0.00,3,492,0.980694,1.000000,4.371611
coupled,0.00,3,493,0.979741,1.000000,4.658360
coupled,0.00,3,494,0.978544,1.000000,4.598650
coupled,0.00,3,495,0.982354,1.000000,4.587236
coupled,0.00,3,496,0.983113,1.000000,4.469728
coupled,0.00,3,497,0.971145,1.000000,4.345198
coupled,0.00,3,498,0.982226,1.000000,4.286866
coupled,0.00,3,499,0.970790,1.000000,4.337887
coupled,0.50,3,0,0.967056,0.983528,4.506217
coupled,0.50,3,1,0.983493,0.991747,4.506481
coupled,0.50,3,2,0.980161,0.990081,4.416121
coupled,0.50,3,3,0.984515,0.992257,4.430249
coupled,0.50,3,4,0.979075,0.989537,4.516713
coupled,0.50,3,5,0.984918,0.992459,4.278067
coupled,0.50,3,6,0.983641,0.991821,4.397632
coupled,0.50,3,7,0.980440,0.990220,4.540426
coupled,0.50,3,8,0.978957,0.989479,4.575760
coupled,0.50,3,9,0.976052,0.988026,4.269838
coupled,0.50,3,10,0.962296,0.981148,4.200980
coupled,0.50,3,11,0.972122,0.986061,4.474624
coupled,0.50,3,12,0.980353,0.990176,4.406550
coupled,0.50,3,13,0.964403,0.982201,4.386742
coupled,0.50,3,14,0.976216,0.988108,4.488959
coupled,0.50,3,15,0.981579,0.990789,4.535642
coupled,0.50,3,16,0.984324,0.992162,4.408852
coupled,0.50,3,17,0.977997,0.988999,4.512569
coupled,0.50,3,18,0.980820,0.990410,4.639575
coupled,0.50,3,19,0.985245,0.992622,4.593534
coupled,0.50,3,20,0.986776,0.993388,4.286290
coupled,0.50,3,21,0.979326,0.989663,4.470400
coupled,0.50,3,22,0.981332,0.990666,4.353420
coupled,0.50,3,23,0.977483,0.988741,4.189064
coupled,0.50,3,24,0.964379,0.982189,4.385810
coupled,0.50,3,25,0.976725,0.988362,4.300285
coupled,0.50,3,26,0.964091,0.982045,4.334645
coupled,0.50,3,27,0.968581,0.984290,4.406237
coupled,0.50,3,28,0.977117,0.988558,4.422236
coupled,0.50,3,29,0.977237,0.988618,4.465617
coupled,0.50,3,30,0.982058,0.991029,4.436454
coupled,0.50,3,31,0.970595,0.985297,4.570942
coupled,0.50,3,32,0.985202,0.992601,4.574092
coupled,0.50,3,33,0.983073,0.991536,4.417907
coupled,0.50,3,34,0.971176,0.985588,4.591389
coupled,0.50,3,35,0.982974,0.991487,4.648747
coupled,0.50,3,36,0.985879,0.992940,4.458423
coupled,0.50,3,37,0.968353,0.984176,4.512647
coupled,0.50,3,38,0.983914,0.991957,4.567525
coupled,0.50,3,39,0.975272,0.987636,4.581957
coupled,0.50,3,40,0.985665,0.992832,4.528071
coupled,0.50,3,41,0.979702,0.989851,4.659007
coupled,0.50,3,42,0.975330,0.987665,4.741279
coupled,0.50,3,43,0.986170,0.993085,4.464907
coupled,0.50,3,44,0.975019,0.987510,4.605431
coupled,0.50,3,45,0.976404,0.988202,4.723574
coupled,0.50,3,46,0.986255,0.993128,4.701951
coupled,0.50,3,47,0.976191,0.988095,4.294632
coupled,0.50,3,48,0.968061,0.984030,4.593996
coupled,0.50,3,49,0.983297,0.991649,4.619581
coupled,0.50,3,50,0.978098,0.989049,4.542742
coupled,0.50,3,51,0.972964,0.986482,4.830889
coupled,0.50,3,52,0.982343,0.991172,4.540888
coupled,0.50,3,53,0.987726,0.993863,4.499465
coupled,0.50,3,54,0.983203,0.991602,4.497603
coupled,0.50,3,55,0.981652,0.990826,4.167800
coupled,0.50,3,56,0.981498,0.990749,4.620281
coupled,0.50,3,57,0.979688,0.989844,4.751927
coupled,0.50,3,58,0.985971,0.992985,4.501503
coupled,0.50,3,59,0.986451,0.993226,4.602575
coupled,0.50,3,60,0.983036,0.991518,4.470016
coupled,0.50,3,61,0.982768,0.991384,4.529284
coupled,0.50,3,62,0.987816,0.993908,4.367784
coupled,0.50,3,63,0.972532,0.986266,4.648087
coupled,0.50,3,64,0.986221,0.993110,4.625932
coupled,0.50,3,65,0.987868,0.993934,4.291026
coupled,0.50,3,66,0.973545,0.986772,4.364934
coupled,0.50,3,67,0.976676,0.988338,4.488291
coupled,0.50,3,68,0.982969,0.991485,4.495206
coupled,0.50,3,69,0.978670,0.989335,4.409187
coupled,0.50,3,70,0.960092,0.980046,4.517641
coupled,0.50,3,71,0.966592,0.983296,4.338425
coupled,0.50,3,72,0.978638,0.989319,4.339513
coupled,0.50,3,73,0.968175,0.984088,4.573538
coupled,0.50,3,74,0.987163,0.993582,4.524455
coupled,0.50,3,75,0.987311,0.993656,4.569629
coupled,0.50,3,76,0.975243,0.987621,4.600098
coupled,0.50,3,77,0.982933,0.991467,4.481264
coupled,0.50,3,78,0.982432,0.991216,4.355602
coupled,0.50,3,79,0.967430,0.983715,4.163322
coupled,0.50,3,80,0.970270,0.985135,4.439245
coupled,0.50,3,81,0.981097,0.990549,4.423888
coupled,0.50,3,82,0.978992,0.989496,4.201493
coupled,0.50,3,83,0.964688,0.982344,4.575987
coupled,0.50,3,84,0.979197,0.989599,4.719368
coupled,0.50,3,85,0.989676,0.994838,4.457454
coupled,0.50,3,86,0.984146,0.992073,4.564318
coupled,0.50,3,87,0.985605,0.992803,4.404701
coupled,0.50,3,88,0.979740,0.989870,4.387189
coupled,0.50,3,89,0.984306,0.992153,4.337063
coupled,0.50,3,90,0.982627,0.991313,4.556644
coupled,0.50,3,91,0.981308,0.990654,4.504486
coupled,0.50,3,92,0.971383,0.985692,4.553431
coupled,0.50,3,93,0.988111,0.994056,4.626245
coupled,0.50,3,94,0.974946,0.987473,4.447395
coupled,0.50,3,95,0.982921,0.991461,4.623923
coupled,0.50,3,96,0.985367,0.992683,4.257083
coupled,0.50,3,97,0.965813,0.982906,4.703342
coupled,0.50,3,98,0.985193,0.992597,4.559672
coupled,0.50,3,99,0.972301,0.986151,4.454067
coupled,0.50,3,100,0.976159,0.988079,4.523522
coupled,0.50,3,101,0.982166,0.991083,4.597886
coupled,0.50,3,102,0.983635,0.991817,4.963707
coupled,0.50,3,103,0.983425,0.991712,4.540287
coupled,0.50,3,104,0.982754,0.991377,4.587816
coupled,0.50,3,105,0.983620,0.991810,4.503546
coupled,0.50,3,106,0.988479,0.994240,4.425336
coupled,0.50,3,107,0.982506,0.991253,4.454337
coupled,0.50,3,108,0.982955,0.991477,4.592127
coupled,0.50,3,109,0.987788,0.993894,4.577559
coupled,0.50,3,110,0.986031,0.993015,4.487488
coupled,0.50,3,111,0.986637,0.993318,4.425066
coupled,0.50,3,112,0.968795,0.984398,4.577124
coupled,0.50,3,113,0.982236,0.991118,4.492965
coupled,0.50,3,114,0.979836,0.989918,4.562184
coupled,0.50,3,115,0.976258,0.988129,4.595009
coupled,0.50,3,116,0.970071,0.985035,4.513550
coupled,0.50,3,117,0.982934,0.991467,4.454018
coupled,0.50,3,118,0.958728,0.979364,4.505997
coupled,0.50,3,119,0.980012,0.990006,4.561293
coupled,0.50,3,120,0.975142,0.987571,4.511391
coupled,0.50,3,121,0.986740,0.993370,4.412865
coupled,0.50,3,122,0.967690,0.983845,4.565084
coupled,0.50,3,123,0.981612,0.990806,4.473229
coupled,0.50,3,124,0.979558,0.989779,4.419501
coupled,0.50,3,125,0.970705,0.985352,4.424047
coupled,0.50,3,126,0.979610,0.989805,4.489679
coupled,0.50,3,127,0.976760,0.988380,4.165784
coupled,0.50,3,128,0.975089,0.987545,4.234209
coupled,0.50,3,129,0.974903,0.987451,4.399812
coupled,0.50,3,130,0.984477,0.992238,4.540755
coupled,0.50,3,131,0.968853,0.984426,4.577313
coupled,0.50,3,132,0.978156,0.989078,4.524625
coupled,0.50,3,133,0.979926,0.989963,4.404451
coupled,0.50,3,134,0.983021,0.991511,4.159451
coupled,0.50,3,135,0.975617,0.987808,4.528129
coupled,0.50,3,136,0.978592,0.989296,4.734419
coupled,0.50,3,137,0.987161,0.993581,4.442170
coupled,0.50,3,138,0.976359,0.988179,4.557940
coupled,0.50,3,139,0.983098,0.991549,4.693787
coupled,0.50,3,140,0.984231,0.992115,4.759379
coupled,0.50,3,141,0.986614,0.993307,4.550406
coupled,0.50,3,142,0.975350,0.987675,4.336672
coupled,0.50,3,143,0.966269,0.983134,4.463747
coupled,0.50,3,144,0.970196,0.985098,4.509032
coupled,0.50,3,145,0.973936,0.986968,4.289379
coupled,0.50,3,146,0.978290,0.989145,4.220856
coupled,0.50,3,147,0.979611,0.989805,4.559914
coupled,0.50,3,148,0.977074,0.988537,4.540098
coupled,0.50,3,149,0.970601,0.985301,4.622289
coupled,0.50,3,150,0.971812,0.985906,4.755348
coupled,0.50,3,151,0.992558,0.996279,4.522099
coupled,0.50,3,152,0.980145,0.990073,4.157867
coupled,0.50,3,153,0.978982,0.989491,4.564502
coupled,0.50,3,154,0.981104,0.990552,4.537393
coupled,0.50,3,155,0.976953,0.988476,4.674893
coupled,0.50,3,156,0.976802,0.988401,4.513051
coupled,0.50,3,157,0.987900,0.993950,4.746469
coupled,0.50,3,158,0.982516,0.991258,4.589291
coupled,0.50,3,159,0.983418,0.991709,4.452054
coupled,0.50,3,160,0.983839,0.991919,4.510872
coupled,0.50,3,161,0.969810,0.984905,4.503096
coupled,0.50,3,162,0.981366,0.990683,4.489470
coupled,0.50,3,163,0.967920,0.983960,4.474306
coupled,0.50,3,164,0.975131,0.987566,4.417132
coupled,0.50,3,165,0.983896,0.991948,4.212407
coupled,0.50,3,166,0.972795,0.986398,4.252489
coupled,0.50,3,167,0.971438,0.985719,4.346664
coupled,0.50,3,168,0.974914,0.987457,4.280460
coupled,0.50,3,169,0.978051,0.989025,4.342165
coupled,0.50,3,170,0.972578,0.986289,4.354515
coupled,0.50,3,171,0.978209,0.989104,4.297612
coupled,0.50,3,172,0.975856,0.987928,4.336182
coupled,0.50,3,173,0.974092,0.987046,4.208588
coupled,0.50,3,174,0.970184,0.985092,4.380482
coupled,0.50,3,175,0.982082,0.991041,4.472090
coupled,0.50,3,176,0.970536,0.985268,4.530655
coupled,0.50,3,177,0.973666,0.986833,4.460797
coupled,0.50,3,178,0.986022,0.993011,4.655330
coupled,0.50,3,179,0.981241,0.990621,4.655424
coupled,0.50,3,180,0.980053,0.990027,4.188016
coupled,0.50,3,181,0.970775,0.985387,4.496154
coupled,0.50,3,182,0.985552,0.992776,4.416722
coupled,0.50,3,183,0.977178,0.988589,4.623604
coupled,0.50,3,184,0.983141,0.991570,4.384409
coupled,0.50,3,185,0.980044,0.990022,4.373846
coupled,0.50,3,186,0.969084,0.984542,4.310436
coupled,0.50,3,187,0.977525,0.988763,4.728765
coupled,0.50,3,188,0.986009,0.993004,4.297030
coupled,0.50,3,189,0.971554,0.985777,4.506002
coupled,0.50,3,190,0.985286,0.992643,4.648130
coupled,0.50,3,191,0.977185,0.988592,4.435438
coupled,0.50,3,192,0.977839,0.988920,4.403642
coupled,0.50,3,193,0.986743,0.993372,4.060572
coupled,0.50,3,194,0.969841,0.984921,4.457598
coupled,0.50,3,195,0.978277,0.989139,4.459948
coupled,0.50,3,196,0.981266,0.990633,4.765668
coupled,0.50,3,197,0.988896,0.994448,4.763346
coupled,0.50,3,198,0.984435,0.992217,4.627340
coupled,0.50,3,199,0.969226,0.984613,4.470777
coupled,0.50,3,200,0.968328,0.984164,4.598822
coupled,0.50,3,201,0.975082,0.987541,4.309257
coupled,0.50,3,202,0.973996,0.986998,4.173550
coupled,0.50,3,203,0.977133,0.988566,4.247805
coupled,0.50,3,204,0.974521,0.987261,4.599390
coupled,0.50,3,205,0.978094,0.989047,4.761284
coupled,0.50,3,206,0.989176,0.994588,4.387078
coupled,0.50,3,207,0.982842,0.991421,4.590158
coupled,0.50,3,208,0.972850,0.986425,4.512056
coupled,0.50,3,209,0.974727,0.987363,4.485202
coupled,0.50,3,210,0.988797,0.994399,4.416931
coupled,0.50,3,211,0.981662,0.990831,4.442182
coupled,0.50,3,212,0.983981,0.991991,4.617496
coupled,0.50,3,213,0.979095,0.989548,4.523117
coupled,0.50,3,214,0.975727,0.987863,4.144731
coupled,0.50,3,215,0.971911,0.985955,4.536981
coupled,0.50,3,216,0.986579,0.993289,4.421949
coupled,0.50,3,217,0.979912,0.989956,4.250655
coupled,0.50,3,218,0.975109,0.987554,4.291178
coupled,0.50,3,219,0.962709,0.981354,4.417961
coupled,0.50,3,220,0.965964,0.982982,4.252176
coupled,0.50,3,221,0.972930,0.986465,4.468150
coupled,0.50,3,222,0.978238,0.989119,4.529631
coupled,0.50,3,223,0.981990,0.990995,4.448376
coupled,0.50,3,224,0.975666,0.987833,4.624313
coupled,0.50,3,225,0.986260,0.993130,4.420264
coupled,0.50,3,226,0.971800,0.985900,4.492624
coupled,0.50,3,227,0.985512,0.992756,4.454599
coupled,0.50,3,228,0.977182,0.988591,4.307754
coupled,0.50,3,229,0.973442,0.986721,4.501078
coupled,0.50,3,230,0.978885,0.989443,4.897272
coupled,0.50,3,231,0.979187,0.989593,4.581862
coupled,0.50,3,232,0.972747,0.986373,4.656522
coupled,0.50,3,233,0.987467,0.993734,4.673366
coupled,0.50,3,234,0.982908,0.991454,4.712437
coupled,0.50,3,235,0.986123,0.993061,4.601119
coupled,0.50,3,236,0.970173,0.985087,4.477477
coupled,0.50,3,237,0.971191,0.985596,4.503414
coupled,0.50,3,238,0.986529,0.993265,4.409354
coupled,0.50,3,239,0.977393,0.988696,4.613054
coupled,0.50,3,240,0.990016,0.995008,4.657234
coupled,0.50,3,241,0.981590,0.990795,4.366303
coupled,0.50,3,242,0.978506,0.989253,4.390615
coupled,0.50,3,243,0.978887,0.989444,4.398524
coupled,0.50,3,244,0.978548,0.989274,4.417792
coupled,0.50,3,245,0.977573,0.988787,4.476612
coupled,0.50,3,246,0.969015,0.984508,4.206855
coupled,0.50,3,247,0.975421,0.987710,4.435001
coupled,0.50,3,248,0.968335,0.984168,4.300821
coupled,0.50,3,249,0.969255,0.984627,4.364910
coupled,0.50,3,250,0.980681,0.990340,4.157653
coupled,0.50,3,251,0.963614,0.981807,4.565057
coupled,0.50,3,252,0.985566,0.992783,4.379233
coupled,0.50,3,253,0.971210,0.985605,4.217867
coupled,0.50,3,254,0.977200,0.988600,4.353890
coupled,0.50,3,255,0.960819,0.980409,4.584723
coupled,0.50,3,256,0.980871,0.990436,4.822894
coupled,0.50,3,257,0.983975,0.991988,4.684704
coupled,0.50,3,258,0.971734,0.985867,4.544288
coupled,0.50,3,259,0.987168,0.993584,4.623701
coupled,0.50,3,260,0.979172,0.989586,4.588571
coupled,0.50,3,261,0.981239,0.990619,4.622953
coupled,0.50,3,262,0.982710,0.991355,4.387174
coupled,0.50,3,263,0.971287,0.985644,4.284489
coupled,0.50,3,264,0.968214,0.984107,4.521358
coupled,0.50,3,265,0.976453,0.988227,4.545398
coupled,0.50,3,266,0.981072,0.990536,4.513787
coupled,0.50,3,267,0.981596,0.990798,4.582154
coupled,0.50,3,268,0.983437,0.991719,4.459443
coupled,0.50,3,269,0.972568,0.986284,4.441724
coupled,0.50,3,270,0.967429,0.983715,4.494709
coupled,0.50,3,271,0.982246,0.991123,4.784374
coupled,0.50,3,272,0.981819,0.990909,4.592947
coupled,0.50,3,273,0.989110,0.994555,4.402172
coupled,0.50,3,274,0.976621,0.988311,4.594767
coupled,0.50,3,275,0.989106,0.994553,4.556379
coupled,0.50,3,276,0.989489,0.994744,4.556724
coupled,0.50,3,277,0.980984,0.990492,4.334706
coupled,0.50,3,278,0.972067,0.986034,4.332344
coupled,0.50,3,279,0.983924,0.991962,4.379737
coupled,0.50,3,280,0.976009,0.988004,4.720129
coupled,0.50,3,281,0.980864,0.990432,4.513731
coupled,0.50,3,282,0.975693,0.987847,4.559592
coupled,0.50,3,283,0.981673,0.990836,4.629718
coupled,0.50,3,284,0.987182,0.993591,4.978809
coupled,0.50,3,285,0.988860,0.994430,4.667132
coupled,0.50,3,286,0.983506,0.991753,4.406879
coupled,0.50,3,287,0.983057,0.991528,4.848055
coupled,0.50,3,288,0.985541,0.992771,4.862365
coupled,0.50,3,289,0.987351,0.993675,4.403206
coupled,0.50,3,290,0.978715,0.989358,4.533450
coupled,0.50,3,291,0.979387,0.989694,4.115909
coupled,0.50,3,292,0.974876,0.987438,4.395904
coupled,0.50,3,293,0.976394,0.988197,4.320208
coupled,0.50,3,294,0.966212,0.983106,4.406220
coupled,0.50,3,295,0.966589,0.983295,4.175658
coupled,0.50,3,296,0.977135,0.988568,4.385250
coupled,0.50,3,297,0.976745,0.988373,4.239044
coupled,0.50,3,298,0.971081,0.985541,4.490413
coupled,0.50,3,299,0.981456,0.990728,4.460770
coupled,0.50,3,300,0.976718,0.988359,4.431330
coupled,0.50,3,301,0.978409,0.989205,4.439412
coupled,0.50,3,302,0.978389,0.989194,4.305142
coupled,0.50,3,303,0.974004,0.987002,4.539701
coupled,0.50,3,304,0.978608,0.989304,4.552782
coupled,0.50,3,305,0.981768,0.990884,4.407835
coupled,0.50,3,306,0.978508,0.989254,4.742651
coupled,0.50,3,307,0.988419,0.994210,4.484221
coupled,0.50,3,308,0.983793,0.991896,4.570716
coupled,0.50,3,309,0.987396,0.993698,4.451216
coupled,0.50,3,310,0.968419,0.984210,4.254920
coupled,0.50,3,311,0.979968,0.989984,4.253172
coupled,0.50,3,312,0.971411,0.985706,4.399049
coupled,0.50,3,313,0.980170,0.990085,4.468274
coupled,0.50,3,314,0.986931,0.993466,4.421015
coupled,0.50,3,315,0.986235,0.993117,4.440026
coupled,0.50,3,316,0.981926,0.990963,4.596432
coupled,0.50,3,317,0.976345,0.988172,4.558232
coupled,0.50,3,318,0.977547,0.988773,4.279970
coupled,0.50,3,319,0.981278,0.990639,4.391862
coupled,0.50,3,320,0.979033,0.989517,4.506708
coupled,0.50,3,321,0.983290,0.991645,4.248038
coupled,0.50,3,322,0.971127,0.985564,4.296967
coupled,0.50,3,323,0.983579,0.991790,4.572613
coupled,0.50,3,324,0.994093,0.997047,4.596338
coupled,0.50,3,325,0.981376,0.990688,4.475004
coupled,0.50,3,326,0.984900,0.992450,4.313302
coupled,0.50,3,327,0.969661,0.984830,4.289593
coupled,0.50,3,328,0.965691,0.982846,4.564709
coupled,0.50,3,329,0.981782,0.990891,4.723827
coupled,0.50,3,330,0.980906,0.990453,4.521943
coupled,0.50,3,331,0.961374,0.980687,4.434408
coupled,0.50,3,332,0.982866,0.991433,4.620716
coupled,0.50,3,333,0.984772,0.992386,4.418030
coupled,0.50,3,334,0.975649,0.987825,4.668324
coupled,0.50,3,335,0.984942,0.992471,4.566406
coupled,0.50,3,336,0.984758,0.992379,4.264323
coupled,0.50,3,337,0.974619,0.987310,4.360477
coupled,0.50,3,338,0.981669,0.990834,4.512079
coupled,0.50,3,339,0.977986,0.988993,4.491239
coupled,0.50,3,340,0.977369,0.988684,4.421959
coupled,0.50,3,341,0.977007,0.988504,4.731474
coupled,0.50,3,342,0.988297,0.994148,4.617798
coupled,0.50,3,343,0.977566,0.988783,4.538801
coupled,0.50,3,344,0.983213,0.991606,4.465814
coupled,0.50,3,345,0.973068,0.986534,4.521760
coupled,0.50,3,346,0.989294,0.994647,4.439793
coupled,0.50,3,347,0.981207,0.990604,4.419348
coupled,0.50,3,348,0.982107,0.991053,4.291875
coupled,0.50,3,349,0.976060,0.988030,4.363672
coupled,0.50,3,350,0.986035,0.993018,4.544062
coupled,0.50,3,351,0.979469,0.989734,4.356809
coupled,0.50,3,352,0.972203,0.986102,4.565398
coupled,0.50,3,353,0.987821,0.993910,4.639141
coupled,0.50,3,354,0.987485,0.993742,4.387386
coupled,0.50,3,355,0.979545,0.989773,4.232082
coupled,0.50,3,356,0.985640,0.992820,4.264979
coupled,0.50,3,357,0.981734,0.990867,4.523391
coupled,0.50,3,358,0.976342,0.988171,4.764523
coupled,0.50,3,359,0.987820,0.993910,4.456398
coupled,0.50,3,360,0.979232,0.989616,4.333380
coupled,0.50,3,361,0.977661,0.988830,4.605304
coupled,0.50,3,362,0.984816,0.992408,4.408506
coupled,0.50,3,363,0.981547,0.990773,4.459285
coupled,0.50,3,364,0.975695,0.987848,4.155559
coupled,0.50,3,365,0.972242,0.986121,4.680525
coupled,0.50,3,366,0.968163,0.984082,4.522885
coupled,0.50,3,367,0.985350,0.992675,4.764636
coupled,0.50,3,368,0.984729,0.992365,4.597591
coupled,0.50,3,369,0.984375,0.992188,4.364368
coupled,0.50,3,370,0.963050,0.981525,4.434853
coupled,0.50,3,371,0.987188,0.993594,4.230416
coupled,0.50,3,372,0.963063,0.981532,4.518368
coupled,0.50,3,373,0.981768,0.990884,4.572392
coupled,0.50,3,374,0.983939,0.991970,4.206808
coupled,0.50,3,375,0.968159,0.984079,4.444935
coupled,0.50,3,376,0.980899,0.990450,4.529766
coupled,0.50,3,377,0.985109,0.992555,4.608122
coupled,0.50,3,378,0.987845,0.993923,4.450977
coupled,0.50,3,379,0.976622,0.988311,4.645823
coupled,0.50,3,380,0.977246,0.988623,4.703345
coupled,0.50,3,381,0.971468,0.985734,4.758368
coupled,0.50,3,382,0.987690,0.993845,4.497585
coupled,0.50,3,383,0.982025,0.991013,4.302363
coupled,0.50,3,384,0.967033,0.983517,4.619852
coupled,0.50,3,385,0.983786,0.991893,4.526026
coupled,0.50,3,386,0.984015,0.992008,4.576430
coupled,0.50,3,387,0.983656,0.991828,4.608881
coupled,0.50,3,388,0.987135,0.993568,4.381746
coupled,0.50,3,389,0.980359,0.990179,4.597453
coupled,0.50,3,390,0.983638,0.991819,4.598214
coupled,0.50,3,391,0.987163,0.993581,4.559788
coupled,0.50,3,392,0.973979,0.986989,4.360384
coupled,0.50,3,393,0.973608,0.986804,4.522232
coupled,0.50,3,394,0.986882,0.993441,4.414784
coupled,0.50,3,395,0.979791,0.989895,4.398071
coupled,0.50,3,396,0.968673,0.984337,4.492853
coupled,0.50,3,397,0.982968,0.991484,4.305695
coupled,0.50,3,398,0.972711,0.986356,4.403148
coupled,0.50,3,399,0.971774,0.985887,4.412653
coupled,0.50,3,400,0.986116,0.993058,4.263074
coupled,0.50,3,401,0.978209,0.989105,4.344641
coupled,0.50,3,402,0.981208,0.990604,4.488630
coupled,0.50,3,403,0.973841,0.986920,4.509260
coupled,0.50,3,404,0.978414,0.989207,4.574099
coupled,0.50,3,405,0.974009,0.987004,4.238347
coupled,0.50,3,406,0.962791,0.981395,4.154265
coupled,0.50,3,407,0.970908,0.985454,4.555914
coupled,0.50,3,408,0.989295,0.994647,4.548401
coupled,0.50,3,409,0.973066,0.986533,4.678727
coupled,0.50,3,410,0.974926,0.987463,4.607149
coupled,0.50,3,411,0.983060,0.991530,4.487409
coupled,0.50,3,412,0.985778,0.992889,4.180583
coupled,0.50,3,413,0.969887,0.984943,4.285271
coupled,0.50,3,414,0.966200,0.983100,4.735817
coupled,0.50,3,415,0.984665,0.992332,4.400616
coupled,0.50,3,416,0.980466,0.990233,4.441609
coupled,0.50,3,417,0.983105,0.991553,4.537778
coupled,0.50,3,418,0.983667,0.991834,4.536702
coupled,0.50,3,419,0.981848,0.990924,4.444688
coupled,0.50,3,420,0.985569,0.992785,4.497898
coupled,0.50,3,421,0.983075,0.991538,4.147874
coupled,0.50,3,422,0.974873,0.987436,4.481400
coupled,0.50,3,423,0.988101,0.994050,4.425375
coupled,0.50,3,424,0.989489,0.994745,4.595916
coupled,0.50,3,425,0.984614,0.992307,4.489579
coupled,0.50,3,426,0.976630,0.988315,4.755323
coupled,0.50,3,427,0.989347,0.994674,4.831292
coupled,0.50,3,428,0.979155,0.989577,4.647215
coupled,0.50,3,429,0.986431,0.993215,4.302595
coupled,0.50,3,430,0.983191,0.991596,4.504533
coupled,0.50,3,431,0.985768,0.992884,4.589837
coupled,0.50,3,432,0.980127,0.990063,4.237180
coupled,0.50,3,433,0.960984,0.980492,4.217131
coupled,0.50,3,434,0.974917,0.987458,4.313451
coupled,0.50,3,435,0.971346,0.985673,4.414684
coupled,0.50,3,436,0.977390,0.988695,4.603648
coupled,0.50,3,437,0.980980,0.990490,4.640124
coupled,0.50,3,438,0.984345,0.992173,4.387611
coupled,0.50,3,439,0.985853,0.992927,4.350260
coupled,0.50,3,440,0.973482,0.986741,4.463564
coupled,0.50,3,441,0.981952,0.990976,4.601276
coupled,0.50,3,442,0.979589,0.989795,4.688422
coupled,0.50,3,443,0.989441,0.994720,4.336985
coupled,0.50,3,444,0.973745,0.986872,4.431422
coupled,0.50,3,445,0.964063,0.982032,4.416400
coupled,0.50,3,446,0.967743,0.983872,4.303447
coupled,0.50,3,447,0.980743,0.990372,4.134232
coupled,0.50,3,448,0.975889,0.987944,4.567307
coupled,0.50,3,449,0.981018,0.990509,4.414729
coupled,0.50,3,450,0.983409,0.991705,4.418202
coupled,0.50,3,451,0.981325,0.990662,4.819529
coupled,0.50,3,452,0.987143,0.993571,4.629666
coupled,0.50,3,453,0.982336,0.991168,4.377176
coupled,0.50,3,454,0.973810,0.986905,4.266992
coupled,0.50,3,455,0.978592,0.989296,4.709492
coupled,0.50,3,456,0.980152,0.990076,4.320855
coupled,0.50,3,457,0.964293,0.982147,4.534476
coupled,0.50,3,458,0.965193,0.982596,4.571906
coupled,0.50,3,459,0.980217,0.990109,4.171991
coupled,0.50,3,460,0.965291,0.982645,4.445246
coupled,0.50,3,461,0.973396,0.986698,4.251946
coupled,0.50,3,462,0.983610,0.991805,4.393132
coupled,0.50,3,463,0.970701,0.985350,4.448041
coupled,0.50,3,464,0.985033,0.992517,4.603501
coupled,0.50,3,465,0.987948,0.993974,4.518247
coupled,0.50,3,466,0.980468,0.990234,4.276993
coupled,0.50,3,467,0.982761,0.991381,4.226831
coupled,0.50,3,468,0.968761,0.984381,4.433523
coupled,0.50,3,469,0.975504,0.987752,4.565507
coupled,0.50,3,470,0.975259,0.987630,4.629694
coupled,0.50,3,471,0.983438,0.991719,5.037870
coupled,0.50,3,472,0.989493,0.994746,4.783765
coupled,0.50,3,473,0.984532,0.992266,4.556720
coupled,0.50,3,474,0.966348,0.983174,4.316117
coupled,0.50,3,475,0.978620,0.989310,4.358100
coupled,0.50,3,476,0.972421,0.986211,4.503495
coupled,0.50,3,477,0.985458,0.992729,4.354905
coupled,0.50,3,478,0.981758,0.990879,4.462453
coupled,0.50,3,479,0.989238,0.994619,4.579568
coupled,0.50,3,480,0.972781,0.986391,4.480893
coupled,0.50,3,481,0.981704,0.990852,4.429285
coupled,0.50,3,482,0.979731,0.989865,4.698293
coupled,0.50,3,483,0.979349,0.989675,4.355395
coupled,0.50,3,484,0.981247,0.990624,4.870332
coupled,0.50,3,485,0.982700,0.991350,4.319695
coupled,0.50,3,486,0.969322,0.984661,4.393500
coupled,0.50,3,487,0.988170,0.994085,4.418926
coupled,0.50,3,488,0.977809,0.988905,4.275482
coupled,0.50,3,489,0.976601,0.988300,4.134822
coupled,0.50,3,490,0.956303,0.978152,4.169028
coupled,0.50,3,491,0.980507,0.990253,4.396830
coupled,0.50,3,492,0.978625,0.989313,4.343259
coupled,0.50,3,493,0.987694,0.993847,4.336575
coupled,0.50,3,494,0.976558,0.988279,4.342095
coupled,0.50,3,495,0.982867,0.991433,4.584014
coupled,0.50,3,496,0.984818,0.992409,4.714846
coupled,0.50,3,497,0.979934,0.989967,4.438349
coupled,0.50,3,498,0.978742,0.989371,4.610689
coupled,0.50,3,499,0.987270,0.993635,4.407415
coupled,1.00,3,0,0.984807,0.984807,4.431763
coupled,1.00,3,1,0.982821,0.982821,4.438451
coupled,1.00,3,2,0.968651,0.968651,4.467852
coupled,1.00,3,3,0.977819,0.977819,4.552038
coupled,1.00,3,4,0.984318,0.984318,4.714352
coupled,1.00,3,5,0.982465,0.982465,4.650870
coupled,1.00,3,6,0.980620,0.980620,4.568531
coupled,1.00,3,7,0.980749,0.980749,4.413442
coupled,1.00,3,8,0.987219,0.987219,4.623776
coupled,1.00,3,9,0.983257,0.983257,4.644309
coupled,1.00,3,10,0.984390,0.984390,4.533062
coupled,1.00,3,11,0.981453,0.981453,4.277906
coupled,1.00,3,12,0.976324,0.976324,4.241441
coupled,1.00,3,13,0.981444,0.981444,4.526877
coupled,1.00,3,14,0.978794,0.978794,4.809041
coupled,1.00,3,15,0.984263,0.984263,4.518252
coupled,1.00,3,16,0.980886,0.980886,4.359098
coupled,1.00,3,17,0.976614,0.976614,4.625876
coupled,1.00,3,18,0.988662,0.988662,4.530535
coupled,1.00,3,19,0.978241,0.978241,4.290414
coupled,1.00,3,20,0.981698,0.981698,4.551072
coupled,1.00,3,21,0.980575,0.980575,4.622204
coupled,1.00,3,22,0.988816,0.988816,4.776129
coupled,1.00,3,23,0.985631,0.985631,4.564734
coupled,1.00,3,24,0.984010,0.984010,4.403220
coupled,1.00,3,25,0.976613,0.976613,4.375810
coupled,1.00,3,26,0.977505,0.977505,4.397012
coupled,1.00,3,27,0.978864,0.978864,4.579569
coupled,1.00,3,28,0.985459,0.985459,4.422081
coupled,1.00,3,29,0.977987,0.977987,4.388278
coupled,1.00,3,30,0.969964,0.969964,4.579985
coupled,1.00,3,31,0.985234,0.985234,4.680287
coupled,1.00,3,32,0.987319,0.987319,4.390763
coupled,1.00,3,33,0.985598,0.985598,4.444441
coupled,1.00,3,34,0.980341,0.980341,4.616188
coupled,1.00,3,35,0.981465,0.981465,4.637696
coupled,1.00,3,36,0.980346,0.980346,4.363556
coupled,1.00,3,37,0.973017,0.973017,4.428997
coupled,1.00,3,38,0.975177,0.975177,4.553735
coupled,1.00,3,39,0.982483,0.982483,4.340658
coupled,1.00,3,40,0.971434,0.971434,4.115544
coupled,1.00,3,41,0.972400,0.972400,4.445663
coupled,1.00,3,42,0.983473,0.983473,4.383307
coupled,1.00,3,43,0.971338,0.971338,4.433348
coupled,1.00,3,44,0.970143,0.970143,4.364697
coupled,1.00,3,45,0.976464,0.976464,4.530724
coupled,1.00,3,46,0.984665,0.984665,4.482600
coupled,1.00,3,47,0.980468,0.980468,4.591205
coupled,1.00,3,48,0.984686,0.984686,4.427385
coupled,1.00,3,49,0.985952,0.985952,4.649756
coupled,1.00,3,50,0.974938,0.974938,4.612044
coupled,1.00,3,51,0.986551,0.986551,4.655253
coupled,1.00,3,52,0.981054,0.981054,4.644389
coupled,1.00,3,53,0.982134,0.982134,4.698850
coupled,1.00,3,54,0.984521,0.984521,4.505163
coupled,1.00,3,55,0.985301,0.985301,4.509430
coupled,1.00,3,56,0.978546,0.978546,4.394621
coupled,1.00,3,57,0.985564,0.985564,4.459910
coupled,1.00,3,58,0.977738,0.977738,4.369183
coupled,1.00,3,59,0.979447,0.979447,4.587585
coupled,1.00,3,60,0.983701,0.983701,4.204458
coupled,1.00,3,61,0.982076,0.982076,4.348633
coupled,1.00,3,62,0.979036,0.979036,4.691839
coupled,1.00,3,63,0.990198,0.990198,4.592395
coupled,1.00,3,64,0.978520,0.978520,4.259555
coupled,1.00,3,65,0.982245,0.982245,4.302685
coupled,1.00,3,66,0.967243,0.967243,4.459524
coupled,1.00,3,67,0.980080,0.980080,4.515449
coupled,1.00,3,68,0.988873,0.988873,4.375015
coupled,1.00,3,69,0.982661,0.982661,4.500339
coupled,1.00,3,70,0.985981,0.985981,4.415354
coupled,1.00,3,71,0.968960,0.968960,4.249279
coupled,1.00,3,72,0.980600,0.980600,4.258653
coupled,1.00,3,73,0.976036,0.976036,4.465119
coupled,1.00,3,74,0.976907,0.976907,4.469574
coupled,1.00,3,75,0.985142,0.985142,4.481211
coupled,1.00,3,76,0.981919,0.981919,4.373140
coupled,1.00,3,77,0.973360,0.973360,4.809395
coupled,1.00,3,78,0.988606,0.988606,4.506565
coupled,1.00,3,79,0.977689,0.977689,4.549253
coupled,1.00,3,80,0.984807,0.984807,4.608185
coupled,1.00,3,81,0.972728,0.972728,4.564701
coupled,1.00,3,82,0.984385,0.984385,4.349515
coupled,1.00,3,83,0.983438,0.983438,4.515622
coupled,1.00,3,84,0.981097,0.981097,4.458762
coupled,1.00,3,85,0.975326,0.975326,4.521544
coupled,1.00,3,86,0.979616,0.979616,4.605371
coupled,1.00,3,87,0.987592,0.987592,4.330377
coupled,1.00,3,88,0.977330,0.977330,4.258022
coupled,1.00,3,89,0.982081,0.982081,4.295801
coupled,1.00,3,90,0.972085,0.972085,4.204688
coupled,1.00,3,91,0.982829,0.982829,4.329878
coupled,1.00,3,92,0.984439,0.984439,4.505265
coupled,1.00,3,93,0.982326,0.982326,4.417074
coupled,1.00,3,94,0.981883,0.981883,4.455169
coupled,1.00,3,95,0.979058,0.979058,4.368266
coupled,1.00,3,96,0.976906,0.976906,4.512621
coupled,1.00,3,97,0.977619,0.977619,4.342049
coupled,1.00,3,98,0.969960,0.969960,4.409108
coupled,1.00,3,99,0.980792,0.980792,4.450208
coupled,1.00,3,100,0.974033,0.974033,4.513013
coupled,1.00,3,101,0.978358,0.978358,4.378285
coupled,1.00,3,102,0.979238,0.979238,4.547741
coupled,1.00,3,103,0.978293,0.978293,4.119876
coupled,1.00,3,104,0.966119,0.966119,4.435048
coupled,1.00,3,105,0.985368,0.985368,4.585691
coupled,1.00,3,106,0.973248,0.973248,4.529039
coupled,1.00,3,107,0.976558,0.976558,4.622420
coupled,1.00,3,108,0.981768,0.981768,4.242627
coupled,1.00,3,109,0.972946,0.972946,4.521159
coupled,1.00,3,110,0.982125,0.982125,4.390143
coupled,1.00,3,111,0.969953,0.969953,4.149061
coupled,1.00,3,112,0.970138,0.970138,4.340460
coupled,1.00,3,113,0.988782,0.988782,4.417461
coupled,1.00,3,114,0.961435,0.961435,4.395243
coupled,1.00,3,115,0.981471,0.981471,4.610495
coupled,1.00,3,116,0.976246,0.976246,4.462153
coupled,1.00,3,117,0.983803,0.983803,4.489592
coupled,1.00,3,118,0.979684,0.979684,4.481821
coupled,1.00,3,119,0.970716,0.970716,4.409232
coupled,1.00,3,120,0.981138,0.981138,4.386091
coupled,1.00,3,121,0.970152,0.970152,4.363866
coupled,1.00,3,122,0.980093,0.980093,4.706278
coupled,1.00,3,123,0.975935,0.975935,4.555396
coupled,1.00,3,124,0.983680,0.983680,4.533359
coupled,1.00,3,125,0.967172,0.967172,4.410822
coupled,1.00,3,126,0.974317,0.974317,4.478429
coupled,1.00,3,127,0.988225,0.988225,4.250890
coupled,1.00,3,128,0.975831,0.975831,4.509618
coupled,1.00,3,129,0.984561,0.984561,4.624528
coupled,1.00,3,130,0.981724,0.981724,4.776386
coupled,1.00,3,131,0.978046,0.978046,4.730416
coupled,1.00,3,132,0.987392,0.987392,4.508323
coupled,1.00,3,133,0.973538,0.973538,4.193086
coupled,1.00,3,134,0.971721,0.971721,4.458059
coupled,1.00,3,135,0.981378,0.981378,4.303493
coupled,1.00,3,136,0.968944,0.968944,4.191420
coupled,1.00,3,137,0.974927,0.974927,4.487912
coupled,1.00,3,138,0.973126,0.973126,4.469405
coupled,1.00,3,139,0.975282,0.975282,4.671319
coupled,1.00,3,140,0.989206,0.989206,4.428716
coupled,1.00,3,141,0.971213,0.971213,4.659320
coupled,1.00,3,142,0.978416,0.978416,4.368806
coupled,1.00,3,143,0.983384,0.983384,4.246895
coupled,1.00,3,144,0.974394,0.974394,4.535130
coupled,1.00,3,145,0.985803,0.985803,4.497287
coupled,1.00,3,146,0.963973,0.963973,4.500671
coupled,1.00,3,147,0.984597,0.984597,4.561822
coupled,1.00,3,148,0.983862,0.983862,4.534841
coupled,1.00,3,149,0.977734,0.977734,4.276475
coupled,1.00,3,150,0.979242,0.979242,4.301231
coupled,1.00,3,151,0.975505,0.975505,4.329573
coupled,1.00,3,152,0.960375,0.960375,3.961471
coupled,1.00,3,153,0.979427,0.979427,4.578109
coupled,1.00,3,154,0.973185,0.973185,4.340818
coupled,1.00,3,155,0.979272,0.979272,4.550873
coupled,1.00,3,156,0.983548,0.983548,4.500051
coupled,1.00,3,157,0.978314,0.978314,4.370455
coupled,1.00,3,158,0.981035,0.981035,4.668600
coupled,1.00,3,159,0.980313,0.980313,4.270059
coupled,1.00,3,160,0.972198,0.972198,4.332463
coupled,1.00,3,161,0.981571,0.981571,4.137654
coupled,1.00,3,162,0.971635,0.971635,4.374883
coupled,1.00,3,163,0.976534,0.976534,4.415063
coupled,1.00,3,164,0.970722,0.970722,4.352186
coupled,1.00,3,165,0.977147,0.977147,4.452634
coupled,1.00,3,166,0.978715,0.978715,4.515174
coupled,1.00,3,167,0.976296,0.976296,4.432419
coupled,1.00,3,168,0.977053,0.977053,4.497477
coupled,1.00,3,169,0.983066,0.983066,4.510446
coupled,1.00,3,170,0.980760,0.980760,4.745522
coupled,1.00,3,171,0.985993,0.985993,4.674954
coupled,1.00,3,172,0.988479,0.988479,4.701645
coupled,1.00,3,173,0.975375,0.975375,4.752428
coupled,1.00,3,174,0.984627,0.984627,4.710341
coupled,1.00,3,175,0.983076,0.983076,4.818875
coupled,1.00,3,176,0.979361,0.979361,4.461777
coupled,1.00,3,177,0.984850,0.984850,4.394817
coupled,1.00,3,178,0.969525,0.969525,4.124079
coupled,1.00,3,179,0.983125,0.983125,4.253966
coupled,1.00,3,180,0.968207,0.968207,4.441620
coupled,1.00,3,181,0.972683,0.972683,4.463928
coupled,1.00,3,182,0.981085,0.981085,4.458843
coupled,1.00,3,183,0.979697,0.979697,4.446868
coupled,1.00,3,184,0.984769,0.984769,4.777239
coupled,1.00,3,185,0.981171,0.981171,4.789470
coupled,1.00,3,186,0.989098,0.989098,4.390814
coupled,1.00,3,187,0.981888,0.981888,4.662504
coupled,1.00,3,188,0.983435,0.983435,4.401404
coupled,1.00,3,189,0.962486,0.962486,4.685673
coupled,1.00,3,190,0.969870,0.969870,4.522631
coupled,1.00,3,191,0.976541,0.976541,4.492728
coupled,1.00,3,192,0.976337,0.976337,4.585793
coupled,1.00,3,193,0.981927,0.981927,4.449872
coupled,1.00,3,194,0.978844,0.978844,4.528465
coupled,1.00,3,195,0.990408,0.990408,4.524877
coupled,1.00,3,196,0.977411,0.977411,4.646803
coupled,1.00,3,197,0.983851,0.983851,4.547495
coupled,1.00,3,198,0.987637,0.987637,4.443681
coupled,1.00,3,199,0.976126,0.976126,4.620857
coupled,1.00,3,200,0.982803,0.982803,4.569705
coupled,1.00,3,201,0.984661,0.984661,4.650783
coupled,1.00,3,202,0.980133,0.980133,4.668601
coupled,1.00,3,203,0.984773,0.984773,4.674406
coupled,1.00,3,204,0.977336,0.977336,4.218089
coupled,1.00,3,205,0.970699,0.970699,4.641024
coupled,1.00,3,206,0.991580,0.991580,4.642668
coupled,1.00,3,207,0.987265,0.987265,4.349304
coupled,1.00,3,208,0.981531,0.981531,4.462994
coupled,1.00,3,209,0.974165,0.974165,4.781295
coupled,1.00,3,210,0.985489,0.985489,4.705553
coupled,1.00,3,211,0.973867,0.973867,4.563734
coupled,1.00,3,212,0.970952,0.970952,4.520416
coupled,1.00,3,213,0.973930,0.973930,4.363936
coupled,1.00,3,214,0.982395,0.982395,4.255715
coupled,1.00,3,215,0.984127,0.984127,4.488700
coupled,1.00,3,216,0.984206,0.984206,4.565706
coupled,1.00,3,217,0.984692,0.984692,4.426159
coupled,1.00,3,218,0.967914,0.967914,4.366119
coupled,1.00,3,219,0.979449,0.979449,4.478281
coupled,1.00,3,220,0.985980,0.985980,4.659940
coupled,1.00,3,221,0.979622,0.979622,4.489646
coupled,1.00,3,222,0.977750,0.977750,4.532223
coupled,1.00,3,223,0.981974,0.981974,4.602044
coupled,1.00,3,224,0.987142,0.987142,4.650917
coupled,1.00,3,225,0.987523,0.987523,4.339863
coupled,1.00,3,226,0.967765,0.967765,4.488708
coupled,1.00,3,227,0.987749,0.987749,4.117583
coupled,1.00,3,228,0.953321,0.953321,4.523265
coupled,1.00,3,229,0.982348,0.982348,4.355398
coupled,1.00,3,230,0.973151,0.973151,4.423994
coupled,1.00,3,231,0.980814,0.980814,4.226727
coupled,1.00,3,232,0.987434,0.987434,4.383170
coupled,1.00,3,233,0.970063,0.970063,4.552593
coupled,1.00,3,234,0.982574,0.982574,4.537312
coupled,1.00,3,235,0.985800,0.985800,4.315326
coupled,1.00,3,236,0.975376,0.975376,4.540867
coupled,1.00,3,237,0.982601,0.982601,4.731800
coupled,1.00,3,238,0.987744,0.987744,4.515304
coupled,1.00,3,239,0.976933,0.976933,4.319881
coupled,1.00,3,240,0.977103,0.977103,4.191984
coupled,1.00,3,241,0.984325,0.984325,4.209323
coupled,1.00,3,242,0.968714,0.968714,4.555649
coupled,1.00,3,243,0.985992,0.985992,4.542388
coupled,1.00,3,244,0.981543,0.981543,4.487572
coupled,1.00,3,245,0.986249,0.986249,4.207559
coupled,1.00,3,246,0.972939,0.972939,4.428917
coupled,1.00,3,247,0.977854,0.977854,4.458032
coupled,1.00,3,248,0.975463,0.975463,4.700308
coupled,1.00,3,249,0.970464,0.970464,4.491079
coupled,1.00,3,250,0.972891,0.972891,4.393355
coupled,1.00,3,251,0.977673,0.977673,4.300130
coupled,1.00,3,252,0.969307,0.969307,4.661820
coupled,1.00,3,253,0.982369,0.982369,4.731664
coupled,1.00,3,254,0.971612,0.971612,4.569446
coupled,1.00,3,255,0.984407,0.984407,4.547614
coupled,1.00,3,256,0.977032,0.977032,4.498076
coupled,1.00,3,257,0.983162,0.983162,4.319592
coupled,1.00,3,258,0.976141,0.976141,4.192404
coupled,1.00,3,259,0.978394,0.978394,4.504390
coupled,1.00,3,260,0.972312,0.972312,4.549807
coupled,1.00,3,261,0.982928,0.982928,4.681881
coupled,1.00,3,262,0.977758,0.977758,4.799798
coupled,1.00,3,263,0.982621,0.982621,4.625983
coupled,1.00,3,264,0.990989,0.990989,4.428446
coupled,1.00,3,265,0.981158,0.981158,4.307284
coupled,1.00,3,266,0.975209,0.975209,4.429240
coupled,1.00,3,267,0.976368,0.976368,4.456468
coupled,1.00,3,268,0.966753,0.966753,4.589278
coupled,1.00,3,269,0.964663,0.964663,4.925473
coupled,1.00,3,270,0.978896,0.978896,4.644052
coupled,1.00,3,271,0.979816,0.979816,4.345271
coupled,1.00,3,272,0.969944,0.969944,4.382819
coupled,1.00,3,273,0.971736,0.971736,4.398462
coupled,1.00,3,274,0.977318,0.977318,4.499262
coupled,1.00,3,275,0.979906,0.979906,4.487508
coupled,1.00,3,276,0.978668,0.978668,4.426535
coupled,1.00,3,277,0.977059,0.977059,4.306354
coupled,1.00,3,278,0.983357,0.983357,4.543350
coupled,1.00,3,279,0.974520,0.974520,4.597053
coupled,1.00,3,280,0.980833,0.980833,4.543706
coupled,1.00,3,281,0.981926,0.981926,4.424524
coupled,1.00,3,282,0.989030,0.989030,4.503239
coupled,1.00,3,283,0.980269,0.980269,4.671212
coupled,1.00,3,284,0.981704,0.981704,4.761236
coupled,1.00,3,285,0.983182,0.983182,4.683424
coupled,1.00,3,286,0.981047,0.981047,4.501922
coupled,1.00,3,287,0.978947,0.978947,4.449098
coupled,1.00,3,288,0.976750,0.976750,4.247710
coupled,1.00,3,289,0.966791,0.966791,4.350297
coupled,1.00,3,290,0.970200,0.970200,4.767066
coupled,1.00,3,291,0.987556,0.987556,4.507599
coupled,1.00,3,292,0.984346,0.984346,4.696953
coupled,1.00,3,293,0.979019,0.979019,4.717310
coupled,1.00,3,294,0.980531,0.980531,4.722615
coupled,1.00,3,295,0.969648,0.969648,4.417674
coupled,1.00,3,296,0.981940,0.981940,4.454101
coupled,1.00,3,297,0.979554,0.979554,4.859468
coupled,1.00,3,298,0.987149,0.987149,4.488902
coupled,1.00,3,299,0.975197,0.975197,4.644955
coupled,1.00,3,300,0.983495,0.983495,4.555922
coupled,1.00,3,301,0.978474,0.978474,4.501568
coupled,1.00,3,302,0.974860,0.974860,4.531131
coupled,1.00,3,303,0.979975,0.979975,4.510248
coupled,1.00,3,304,0.981304,0.981304,4.366304
coupled,1.00,3,305,0.980079,0.980079,4.728242
coupled,1.00,3,306,0.981223,0.981223,4.717093
coupled,1.00,3,307,0.979406,0.979406,4.415061
coupled,1.00,3,308,0.976756,0.976756,4.552702
coupled,1.00,3,309,0.988474,0.988474,4.561742
coupled,1.00,3,310,0.984993,0.984993,4.577877
coupled,1.00,3,311,0.980204,0.980204,4.465130
coupled,1.00,3,312,0.978622,0.978622,4.201757
coupled,1.00,3,313,0.975404,0.975404,4.300767
coupled,1.00,3,314,0.979282,0.979282,4.546156
coupled,1.00,3,315,0.982153,0.982153,4.705957
coupled,1.00,3,316,0.981645,0.981645,4.697817
coupled,1.00,3,317,0.982579,0.982579,4.640630
coupled,1.00,3,318,0.990014,0.990014,4.628300
coupled,1.00,3,319,0.980733,0.980733,4.431706
coupled,1.00,3,320,0.982367,0.982367,4.419266
coupled,1.00,3,321,0.968828,0.968828,4.148653
coupled,1.00,3,322,0.973585,0.973585,4.498670
coupled,1.00,3,323,0.975280,0.975280,4.501911
coupled,1.00,3,324,0.983713,0.983713,4.609941
coupled,1.00,3,325,0.980324,0.980324,4.670594
coupled,1.00,3,326,0.982470,0.982470,4.609690
coupled,1.00,3,327,0.985510,0.985510,4.522917
coupled,1.00,3,328,0.981551,0.981551,4.341383
coupled,1.00,3,329,0.978977,0.978977,4.507518
coupled,1.00,3,330,0.981458,0.981458,4.384991
coupled,1.00,3,331,0.986969,0.986969,4.398882
coupled,1.00,3,332,0.974937,0.974937,4.492245
coupled,1.00,3,333,0.986862,0.986862,4.620398
coupled,1.00,3,334,0.984774,0.984774,4.461165
coupled,1.00,3,335,0.972279,0.972279,4.602189
coupled,1.00,3,336,0.973654,0.973654,4.586269
coupled,1.00,3,337,0.984848,0.984848,4.844298
coupled,1.00,3,338,0.977323,0.977323,4.657507
coupled,1.00,3,339,0.987264,0.987264,4.615206
coupled,1.00,3,340,0.978943,0.978943,4.555197
coupled,1.00,3,341,0.975557,0.975557,4.363656
coupled,1.00,3,342,0.981784,0.981784,4.491721
coupled,1.00,3,343,0.988480,0.988480,4.255540
coupled,1.00,3,344,0.973258,0.973258,4.230740
coupled,1.00,3,345,0.969940,0.969940,4.371024
coupled,1.00,3,346,0.974379,0.974379,4.243608
coupled,1.00,3,347,0.971280,0.971280,4.398107
coupled,1.00,3,348,0.976747,0.976747,4.568020
coupled,1.00,3,349,0.986153,0.986153,4.680878
coupled,1.00,3,350,0.986434,0.986434,4.590751
coupled,1.00,3,351,0.981789,0.981789,4.528934
coupled,1.00,3,352,0.982340,0.982340,4.447518
coupled,1.00,3,353,0.966586,0.966586,4.599742
coupled,1.00,3,354,0.987000,0.987000,4.750003
coupled,1.00,3,355,0.985351,0.985351,4.637821
coupled,1.00,3,356,0.986413,0.986413,4.621971
coupled,1.00,3,357,0.984876,0.984876,4.552813
coupled,1.00,3,358,0.984269,0.984269,4.817294
coupled,1.00,3,359,0.983001,0.983001,4.657552
coupled,1.00,3,360,0.984134,0.984134,4.756454
coupled,1.00,3,361,0.982566,0.982566,4.364292
coupled,1.00,3,362,0.975837,0.975837,4.604760
coupled,1.00,3,363,0.985567,0.985567,4.543129
coupled,1.00,3,364,0.972867,0.972867,4.605571
coupled,1.00,3,365,0.982276,0.982276,4.449841
coupled,1.00,3,366,0.969997,0.969997,4.184077
coupled,1.00,3,367,0.977340,0.977340,4.359754
coupled,1.00,3,368,0.983254,0.983254,4.525852
coupled,1.00,3,369,0.976016,0.976016,4.517349
coupled,1.00,3,370,0.985297,0.985297,4.594323
coupled,1.00,3,371,0.986774,0.986774,4.450947
coupled,1.00,3,372,0.983850,0.983850,4.435478
coupled,1.00,3,373,0.974190,0.974190,4.548293
coupled,1.00,3,374,0.982073,0.982073,4.241342
coupled,1.00,3,375,0.983092,0.983092,4.550663
coupled,1.00,3,376,0.988276,0.988276,4.748745
coupled,1.00,3,377,0.984456,0.984456,4.768074
coupled,1.00,3,378,0.987046,0.987046,4.510123
coupled,1.00,3,379,0.988691,0.988691,4.290816
coupled,1.00,3,380,0.976140,0.976140,4.373741
coupled,1.00,3,381,0.983361,0.983361,4.541824
coupled,1.00,3,382,0.983800,0.983800,4.477709
coupled,1.00,3,383,0.977201,0.977201,4.442387
coupled,1.00,3,384,0.983648,0.983648,4.589992
coupled,1.00,3,385,0.987128,0.987128,4.889832
coupled,1.00,3,386,0.988760,0.988760,4.627488
coupled,1.00,3,387,0.974945,0.974945,4.371276
coupled,1.00,3,388,0.964970,0.964970,4.550495
coupled,1.00,3,389,0.986817,0.986817,4.397038
coupled,1.00,3,390,0.972600,0.972600,4.428241
coupled,1.00,3,391,0.974036,0.974036,4.414899
coupled,1.00,3,392,0.982919,0.982919,4.253403
coupled,1.00,3,393,0.975198,0.975198,4.343122
coupled,1.00,3,394,0.973815,0.973815,4.366720
coupled,1.00,3,395,0.979218,0.979218,4.510033
coupled,1.00,3,396,0.978828,0.978828,4.575448
coupled,1.00,3,397,0.977617,0.977617,4.612573
coupled,1.00,3,398,0.982657,0.982657,4.184257
coupled,1.00,3,399,0.973965,0.973965,4.552698
coupled,1.00,3,400,0.976125,0.976125,4.676390
coupled,1.00,3,401,0.983798,0.983798,4.627539
coupled,1.00,3,402,0.975249,0.975249,4.423175
coupled,1.00,3,403,0.975616,0.975616,4.534408
coupled,1.00,3,404,0.987170,0.987170,4.373951
coupled,1.00,3,405,0.970694,0.970694,4.250801
coupled,1.00,3,406,0.969459,0.969459,4.505408
coupled,1.00,3,407,0.981268,0.981268,4.495436
coupled,1.00,3,408,0.986292,0.986292,4.467501
coupled,1.00,3,409,0.977455,0.977455,4.690915
coupled,1.00,3,410,0.984948,0.984948,3.995662
coupled,1.00,3,411,0.971902,0.971902,4.387089
coupled,1.00,3,412,0.986193,0.986193,4.474898
coupled,1.00,3,413,0.982920,0.982920,4.443118
coupled,1.00,3,414,0.972608,0.972608,4.276350
coupled,1.00,3,415,0.970927,0.970927,4.338496
coupled,1.00,3,416,0.983345,0.983345,4.505930
coupled,1.00,3,417,0.986748,0.986748,4.379672
coupled,1.00,3,418,0.976040,0.976040,4.311418
coupled,1.00,3,419,0.975723,0.975723,4.236997
coupled,1.00,3,420,0.977462,0.977462,4.692876
coupled,1.00,3,421,0.983669,0.983669,4.808246
coupled,1.00,3,422,0.985879,0.985879,4.719102
coupled,1.00,3,423,0.977471,0.977471,4.692435
coupled,1.00,3,424,0.972539,0.972539,4.403105
coupled,1.00,3,425,0.972665,0.972665,4.383467
coupled,1.00,3,426,0.980966,0.980966,4.778052
coupled,1.00,3,427,0.982669,0.982669,4.537137
coupled,1.00,3,428,0.976594,0.976594,4.360538
coupled,1.00,3,429,0.966816,0.966816,4.623347
coupled,1.00,3,430,0.981498,0.981498,4.608881
coupled,1.00,3,431,0.985033,0.985033,4.456113
coupled,1.00,3,432,0.989321,0.989321,4.621311
coupled,1.00,3,433,0.981388,0.981388,4.601456
coupled,1.00,3,434,0.984682,0.984682,4.367619
coupled,1.00,3,435,0.973187,0.973187,4.328722
coupled,1.00,3,436,0.977870,0.977870,4.441332
coupled,1.00,3,437,0.988670,0.988670,4.373999
coupled,1.00,3,438,0.977487,0.977487,4.405243
coupled,1.00,3,439,0.978012,0.978012,4.353605
coupled,1.00,3,440,0.985000,0.985000,4.502728
coupled,1.00,3,441,0.974269,0.974269,4.508288
coupled,1.00,3,442,0.974068,0.974068,4.703434
coupled,1.00,3,443,0.982267,0.982267,4.573941
coupled,1.00,3,444,0.984602,0.984602,4.492470
coupled,1.00,3,445,0.979237,0.979237,4.644054
coupled,1.00,3,446,0.981964,0.981964,4.617850
coupled,1.00,3,447,0.987110,0.987110,4.237851
coupled,1.00,3,448,0.966143,0.966143,4.486387
coupled,1.00,3,449,0.983727,0.983727,4.227260
coupled,1.00,3,450,0.973861,0.973861,4.535164
coupled,1.00,3,451,0.989620,0.989620,4.710227
coupled,1.00,3,452,0.978146,0.978146,4.596541
coupled,1.00,3,453,0.982818,0.982818,4.508792
coupled,1.00,3,454,0.982191,0.982191,4.384719
coupled,1.00,3,455,0.978398,0.978398,4.435225
coupled,1.00,3,456,0.983168,0.983168,4.294441
coupled,1.00,3,457,0.967119,0.967119,4.194353
coupled,1.00,3,458,0.980734,0.980734,4.068952
coupled,1.00,3,459,0.973446,0.973446,4.389982
coupled,1.00,3,460,0.978176,0.978176,4.424788
coupled,1.00,3,461,0.983671,0.983671,4.648447
coupled,1.00,3,462,0.980885,0.980885,4.465574
coupled,1.00,3,463,0.966481,0.966481,4.333435
coupled,1.00,3,464,0.978237,0.978237,4.343907
coupled,1.00,3,465,0.972895,0.972895,4.396335
coupled,1.00,3,466,0.982080,0.982080,4.555972
coupled,1.00,3,467,0.977355,0.977355,4.454115
coupled,1.00,3,468,0.969566,0.969566,4.409868
coupled,1.00,3,469,0.982121,0.982121,4.264929
coupled,1.00,3,470,0.978012,0.978012,4.453188
coupled,1.00,3,471,0.980251,0.980251,4.342739
coupled,1.00,3,472,0.985978,0.985978,4.405488
coupled,1.00,3,473,0.977082,0.977082,4.485693
coupled,1.00,3,474,0.986320,0.986320,4.608698
coupled,1.00,3,475,0.979844,0.979844,4.702616
coupled,1.00,3,476,0.988656,0.988656,4.324565
coupled,1.00,3,477,0.987307,0.987307,4.267800
coupled,1.00,3,478,0.979411,0.979411,4.581702
coupled,1.00,3,479,0.987912,0.987912,4.689450
coupled,1.00,3,480,0.981286,0.981286,4.474706
coupled,1.00,3,481,0.984577,0.984577,4.396182
coupled,1.00,3,482,0.973602,0.973602,4.272458
coupled,1.00,3,483,0.971329,0.971329,4.601863
coupled,1.00,3,484,0.976047,0.976047,4.742166
coupled,1.00,3,485,0.986279,0.986279,4.505419
coupled,1.00,3,486,0.976979,0.976979,4.718502
coupled,1.00,3,487,0.981933,0.981933,4.564877
coupled,1.00,3,488,0.978096,0.978096,4.439935
coupled,1.00,3,489,0.985264,0.985264,4.446029
coupled,1.00,3,490,0.980678,0.980678,4.638159
coupled,1.00,3,491,0.982979,0.982979,4.510246
coupled,1.00,3,492,0.972172,0.972172,4.587814
coupled,1.00,3,493,0.978397,0.978397,4.449621
coupled,1.00,3,494,0.978257,0.978257,4.663756
coupled,1.00,3,495,0.979737,0.979737,4.384269
coupled,1.00,3,496,0.969531,0.969531,4.318789
coupled,1.00,3,497,0.980462,0.980462,4.362844
coupled,1.00,3,498,0.976257,0.976257,4.665088
coupled,1.00,3,499,0.978130,0.978130,4.707874
allc,1.00,3,0,0.981490,1.000000,4.682800
allc,1.00,3,1,0.982248,1.000000,4.682232
allc,1.00,3,2,0.972412,1.000000,4.376357
allc,1.00,3,3,0.977773,1.000000,4.385155
allc,1.00,3,4,0.981967,1.000000,4.451022
allc,1.00,3,5,0.987806,1.000000,4.494191
allc,1.00,3,6,0.978997,1.000000,4.448763
allc,1.00,3,7,0.981602,1.000000,4.370574
allc,1.00,3,8,0.972569,1.000000,4.336467
allc,1.00,3,9,0.985092,1.000000,4.765578
allc,1.00,3,10,0.978003,1.000000,4.569875
allc,1.00,3,11,0.966534,1.000000,4.458341
allc,1.00,3,12,0.976510,1.000000,4.347146
allc,1.00,3,13,0.973642,1.000000,4.304032
allc,1.00,3,14,0.962308,1.000000,4.379437
allc,1.00,3,15,0.980206,1.000000,4.568721
allc,1.00,3,16,0.976037,1.000000,4.694535
allc,1.00,3,17,0.979969,1.000000,4.609314
allc,1.00,3,18,0.976439,1.000000,4.474303
allc,1.00,3,19,0.976028,1.000000,4.482284
allc,1.00,3,20,0.976994,1.000000,4.442918
allc,1.00,3,21,0.973997,1.000000,4.453267
allc,1.00,3,22,0.982542,1.000000,4.380276
allc,1.00,3,23,0.985886,1.000000,4.434559
allc,1.00,3,24,0.978349,1.000000,4.344578
allc,1.00,3,25,0.980754,1.000000,4.145635
allc,1.00,3,26,0.977626,1.000000,4.416747
allc,1.00,3,27,0.980557,1.000000,4.178500
allc,1.00,3,28,0.968853,1.000000,4.270380
allc,1.00,3,29,0.983192,1.000000,4.611019
allc,1.00,3,30,0.987951,1.000000,4.629249
allc,1.00,3,31,0.988320,1.000000,4.499122
allc,1.00,3,32,0.966137,1.000000,4.321321
allc,1.00,3,33,0.979926,1.000000,4.511927
allc,1.00,3,34,0.981041,1.000000,4.743378
allc,1.00,3,35,0.979685,1.000000,4.464348
allc,1.00,3,36,0.981670,1.000000,4.501548
allc,1.00,3,37,0.985188,1.000000,4.547912
allc,1.00,3,38,0.984979,1.000000,4.659753
allc,1.00,3,39,0.971148,1.000000,4.337102
allc,1.00,3,40,0.980577,1.000000,4.693011
allc,1.00,3,41,0.984669,1.000000,4.741036
allc,1.00,3,42,0.973721,1.000000,4.352327
allc,1.00,3,43,0.981783,1.000000,4.205320
allc,1.00,3,44,0.985080,1.000000,4.505919
allc,1.00,3,45,0.973327,1.000000,4.566423
allc,1.00,3,46,0.986603,1.000000,4.444533
allc,1.00,3,47,0.985248,1.000000,4.686600
allc,1.00,3,48,0.981638,1.000000,4.642103
allc,1.00,3,49,0.987930,1.000000,4.732665
allc,1.00,3,50,0.975917,1.000000,4.573141
allc,1.00,3,51,0.977073,1.000000,4.489716
allc,1.00,3,52,0.985340,1.000000,4.661654
allc,1.00,3,53,0.978233,1.000000,4.511036
allc,1.00,3,54,0.970381,1.000000,4.590671
allc,1.00,3,55,0.975970,1.000000,4.422902
allc,1.00,3,56,0.977073,1.000000,4.236458
allc,1.00,3,57,0.987210,1.000000,4.383728
allc,1.00,3,58,0.982889,1.000000,4.338116
allc,1.00,3,59,0.969479,1.000000,4.374939
allc,1.00,3,60,0.965543,1.000000,4.232420
allc,1.00,3,61,0.975171,1.000000,4.313514
allc,1.00,3,62,0.982875,1.000000,4.368762
allc,1.00,3,63,0.983150,1.000000,4.565626
allc,1.00,3,64,0.975539,1.000000,4.550750
allc,1.00,3,65,0.980188,1.000000,4.326291
allc,1.00,3,66,0.986292,1.000000,4.467795
allc,1.00,3,67,0.985098,1.000000,4.621769
allc,1.00,3,68,0.988213,1.000000,4.647875
allc,1.00,3,69,0.976706,1.000000,4.550446
allc,1.00,3,70,0.982093,1.000000,4.478131
allc,1.00,3,71,0.973730,1.000000,4.578811
allc,1.00,3,72,0.977713,1.000000,4.556760
allc,1.00,3,73,0.979476,1.000000,4.879973
allc,1.00,3,74,0.984307,1.000000,4.849782
allc,1.00,3,75,0.976252,1.000000,4.251865
allc,1.00,3,76,0.986042,1.000000,4.560582
allc,1.00,3,77,0.990157,1.000000,4.772073
allc,1.00,3,78,0.981409,1.000000,4.671844
allc,1.00,3,79,0.982165,1.000000,4.739625
allc,1.00,3,80,0.985865,1.000000,4.625883
allc,1.00,3,81,0.980726,1.000000,4.768452
allc,1.00,3,82,0.980761,1.000000,4.660715
allc,1.00,3,83,0.986673,1.000000,4.739318
allc,1.00,3,84,0.983206,1.000000,4.383822
allc,1.00,3,85,0.979102,1.000000,4.558708
allc,1.00,3,86,0.979102,1.000000,4.407831
allc,1.00,3,87,0.980859,1.000000,4.557582
allc,1.00,3,88,0.967685,1.000000,4.402216
allc,1.00,3,89,0.980852,1.000000,4.663485
allc,1.00,3,90,0.982717,1.000000,4.548172
allc,1.00,3,91,0.978008,1.000000,4.484952
allc,1.00,3,92,0.979547,1.000000,4.585968
allc,1.00,3,93,0.975648,1.000000,4.430446
allc,1.00,3,94,0.982216,1.000000,4.377462
allc,1.00,3,95,0.976731,1.000000,4.484299
allc,1.00,3,96,0.982007,1.000000,4.383518
allc,1.00,3,97,0.987672,1.000000,4.493332
allc,1.00,3,98,0.979324,1.000000,4.307087
allc,1.00,3,99,0.976516,1.000000,4.269225
allc,1.00,3,100,0.978523,1.000000,4.456161
allc,1.00,3,101,0.982799,1.000000,4.431370
allc,1.00,3,102,0.983169,1.000000,4.242484
allc,1.00,3,103,0.984602,1.000000,4.501454
allc,1.00,3,104,0.981787,1.000000,4.520849
allc,1.00,3,105,0.983415,1.000000,4.613678
allc,1.00,3,106,0.989588,1.000000,4.665889
allc,1.00,3,107,0.972268,1.000000,4.658628
allc,1.00,3,108,0.980221,1.000000,4.568860
allc,1.00,3,109,0.977379,1.000000,4.622117
allc,1.00,3,110,0.969045,1.000000,4.480890
allc,1.00,3,111,0.986132,1.000000,4.396952
allc,1.00,3,112,0.985277,1.000000,4.402734
allc,1.00,3,113,0.986492,1.000000,4.377181
allc,1.00,3,114,0.977800,1.000000,4.352443
allc,1.00,3,115,0.984103,1.000000,4.522632
allc,1.00,3,116,0.986753,1.000000,4.574732
allc,1.00,3,117,0.975770,1.000000,4.357905
allc,1.00,3,118,0.984498,1.000000,4.379904
allc,1.00,3,119,0.978998,1.000000,4.425022
allc,1.00,3,120,0.983722,1.000000,4.438440
allc,1.00,3,121,0.975368,1.000000,4.353657
allc,1.00,3,122,0.983068,1.000000,4.502722
allc,1.00,3,123,0.979213,1.000000,4.460264
allc,1.00,3,124,0.986023,1.000000,4.513384
allc,1.00,3,125,0.986850,1.000000,4.619778
allc,1.00,3,126,0.976319,1.000000,4.408271
allc,1.00,3,127,0.974814,1.000000,4.501744
allc,1.00,3,128,0.980052,1.000000,4.251896
allc,1.00,3,129,0.982560,1.000000,4.495663
allc,1.00,3,130,0.964231,1.000000,4.243163
allc,1.00,3,131,0.983633,1.000000,4.317590
allc,1.00,3,132,0.978733,1.000000,4.246463
allc,1.00,3,133,0.976124,1.000000,4.594721
allc,1.00,3,134,0.958870,1.000000,4.207264
allc,1.00,3,135,0.983150,1.000000,4.542719
allc,1.00,3,136,0.985530,1.000000,4.717419
allc,1.00,3,137,0.975272,1.000000,4.206290
allc,1.00,3,138,0.965433,1.000000,4.207176
allc,1.00,3,139,0.981710,1.000000,4.340993
allc,1.00,3,140,0.987784,1.000000,4.551362
allc,1.00,3,141,0.970575,1.000000,4.225280
allc,1.00,3,142,0.982670,1.000000,4.381836
allc,1.00,3,143,0.983764,1.000000,4.540229
allc,1.00,3,144,0.984423,1.000000,4.776343
allc,1.00,3,145,0.976915,1.000000,4.533671
allc,1.00,3,146,0.970090,1.000000,4.422289
allc,1.00,3,147,0.991438,1.000000,4.753463
allc,1.00,3,148,0.981635,1.000000,4.730475
allc,1.00,3,149,0.987419,1.000000,4.608319
allc,1.00,3,150,0.967293,1.000000,4.484987
allc,1.00,3,151,0.982518,1.000000,4.488190
allc,1.00,3,152,0.973495,1.000000,4.644977
allc,1.00,3,153,0.983771,1.000000,4.471368
allc,1.00,3,154,0.961896,1.000000,4.358883
allc,1.00,3,155,0.963486,1.000000,4.384854
allc,1.00,3,156,0.948524,1.000000,4.218771
allc,1.00,3,157,0.980397,1.000000,4.316571
allc,1.00,3,158,0.969447,1.000000,4.433241
allc,1.00,3,159,0.981209,1.000000,4.442188
allc,1.00,3,160,0.980197,1.000000,4.456978
allc,1.00,3,161,0.988136,1.000000,4.535907
allc,1.00,3,162,0.984177,1.000000,4.560247
allc,1.00,3,163,0.970539,1.000000,4.571262
allc,1.00,3,164,0.970924,1.000000,4.266618
allc,1.00,3,165,0.976955,1.000000,4.609889
allc,1.00,3,166,0.978611,1.000000,4.586374
allc,1.00,3,167,0.978386,1.000000,4.601682
allc,1.00,3,168,0.980630,1.000000,4.537283
allc,1.00,3,169,0.982003,1.000000,4.530341
allc,1.00,3,170,0.967815,1.000000,4.304728
allc,1.00,3,171,0.980201,1.000000,4.230276
allc,1.00,3,172,0.978666,1.000000,4.398451
allc,1.00,3,173,0.984593,1.000000,4.530301
allc,1.00,3,174,0.978534,1.000000,4.691222
allc,1.00,3,175,0.987561,1.000000,4.669910
allc,1.00,3,176,0.986009,1.000000,4.487136
allc,1.00,3,177,0.984790,1.000000,4.702422
allc,1.00,3,178,0.976989,1.000000,4.484815
allc,1.00,3,179,0.987337,1.000000,4.691046
allc,1.00,3,180,0.980196,1.000000,4.196852
allc,1.00,3,181,0.972158,1.000000,4.389341
allc,1.00,3,182,0.971901,1.000000,4.353803
allc,1.00,3,183,0.957617,1.000000,4.327838
allc,1.00,3,184,0.975215,1.000000,4.378098
allc,1.00,3,185,0.981113,1.000000,4.507025
allc,1.00,3,186,0.979505,1.000000,4.415863
allc,1.00,3,187,0.982243,1.000000,4.351182
allc,1.00,3,188,0.978258,1.000000,4.322217
allc,1.00,3,189,0.980938,1.000000,4.624697
allc,1.00,3,190,0.983321,1.000000,4.676286
allc,1.00,3,191,0.982917,1.000000,4.703173
allc,1.00,3,192,0.982671,1.000000,4.527513
allc,1.00,3,193,0.984911,1.000000,4.716922
allc,1.00,3,194,0.989178,1.000000,4.833767
allc,1.00,3,195,0.988395,1.000000,4.856820
allc,1.00,3,196,0.985888,1.000000,4.781352
allc,1.00,3,197,0.984696,1.000000,4.643656
allc,1.00,3,198,0.977441,1.000000,4.454301
allc,1.00,3,199,0.988135,1.000000,4.456579
allc,1.00,3,200,0.981861,1.000000,4.452762
allc,1.00,3,201,0.981498,1.000000,4.213530
allc,1.00,3,202,0.974490,1.000000,4.513938
allc,1.00,3,203,0.977728,1.000000,4.470547
allc,1.00,3,204,0.980797,1.000000,4.283575
allc,1.00,3,205,0.983606,1.000000,4.447665
allc,1.00,3,206,0.985880,1.000000,4.681202
allc,1.00,3,207,0.982198,1.000000,4.765664
allc,1.00,3,208,0.982508,1.000000,4.487671
allc,1.00,3,209,0.981057,1.000000,4.556719
allc,1.00,3,210,0.980946,1.000000,4.442283
allc,1.00,3,211,0.982266,1.000000,4.485185
allc,1.00,3,212,0.983046,1.000000,4.397141
allc,1.00,3,213,0.980614,1.000000,4.461419
allc,1.00,3,214,0.984689,1.000000,4.530761
allc,1.00,3,215,0.984022,1.000000,4.425375
allc,1.00,3,216,0.978068,1.000000,4.284828
allc,1.00,3,217,0.977972,1.000000,4.557807
allc,1.00,3,218,0.986062,1.000000,4.431933
allc,1.00,3,219,0.987076,1.000000,4.529993
allc,1.00,3,220,0.975604,1.000000,4.496049
allc,1.00,3,221,0.987918,1.000000,4.481562
allc,1.00,3,222,0.974986,1.000000,4.296157
allc,1.00,3,223,0.983663,1.000000,4.537062
allc,1.00,3,224,0.976362,1.000000,4.304360
allc,1.00,3,225,0.982423,1.000000,4.356050
allc,1.00,3,226,0.973613,1.000000,4.511532
allc,1.00,3,227,0.981152,1.000000,4.727130
allc,1.00,3,228,0.980561,1.000000,4.568960
allc,1.00,3,229,0.990264,1.000000,4.865557
allc,1.00,3,230,0.972654,1.000000,4.660420
allc,1.00,3,231,0.972268,1.000000,4.267243
allc,1.00,3,232,0.978156,1.000000,4.285635
allc,1.00,3,233,0.984024,1.000000,4.294054
allc,1.00,3,234,0.981736,1.000000,4.405239
allc,1.00,3,235,0.982091,1.000000,4.512413
allc,1.00,3,236,0.971842,1.000000,4.452524
allc,1.00,3,237,0.979569,1.000000,4.353379
allc,1.00,3,238,0.972333,1.000000,4.353796
allc,1.00,3,239,0.983258,1.000000,4.505559
allc,1.00,3,240,0.968934,1.000000,4.358412
allc,1.00,3,241,0.978710,1.000000,4.320749
allc,1.00,3,242,0.972349,1.000000,4.397591
allc,1.00,3,243,0.971388,1.000000,4.431974
allc,1.00,3,244,0.981600,1.000000,4.653333
allc,1.00,3,245,0.985371,1.000000,4.679797
allc,1.00,3,246,0.965783,1.000000,4.373218
allc,1.00,3,247,0.966806,1.000000,4.240963
allc,1.00,3,248,0.980057,1.000000,4.537740
allc,1.00,3,249,0.983912,1.000000,4.548247
allc,1.00,3,250,0.983822,1.000000,4.547262
allc,1.00,3,251,0.982365,1.000000,4.688267
allc,1.00,3,252,0.979558,1.000000,4.758192
allc,1.00,3,253,0.983511,1.000000,4.600286
allc,1.00,3,254,0.986317,1.000000,4.595429
allc,1.00,3,255,0.976131,1.000000,4.307977
allc,1.00,3,256,0.980272,1.000000,4.526689
allc,1.00,3,257,0.983483,1.000000,4.608371
allc,1.00,3,258,0.987393,1.000000,4.571316
allc,1.00,3,259,0.977933,1.000000,4.400849
allc,1.00,3,260,0.978792,1.000000,4.450379
allc,1.00,3,261,0.969127,1.000000,4.582094
allc,1.00,3,262,0.972122,1.000000,4.523063
allc,1.00,3,263,0.978434,1.000000,4.598335
allc,1.00,3,264,0.989520,1.000000,4.808537
allc,1.00,3,265,0.978735,1.000000,4.508254
allc,1.00,3,266,0.974569,1.000000,4.386227
allc,1.00,3,267,0.983715,1.000000,4.449274
allc,1.00,3,268,0.962576,1.000000,4.403453
allc,1.00,3,269,0.975591,1.000000,4.304808
allc,1.00,3,270,0.979609,1.000000,4.304140
allc,1.00,3,271,0.981834,1.000000,4.804243
allc,1.00,3,272,0.977546,1.000000,4.644561
allc,1.00,3,273,0.976176,1.000000,4.347006
allc,1.00,3,274,0.977511,1.000000,4.314504
allc,1.00,3,275,0.982200,1.000000,4.570951
allc,1.00,3,276,0.975207,1.000000,4.541583
allc,1.00,3,277,0.981327,1.000000,4.420924
allc,1.00,3,278,0.976401,1.000000,4.352129
allc,1.00,3,279,0.978662,1.000000,4.390059
allc,1.00,3,280,0.978701,1.000000,4.341822
allc,1.00,3,281,0.979370,1.000000,4.524021
allc,1.00,3,282,0.977065,1.000000,4.392902
allc,1.00,3,283,0.977050,1.000000,4.179957
allc,1.00,3,284,0.985867,1.000000,4.449854
allc,1.00,3,285,0.973507,1.000000,4.610761
allc,1.00,3,286,0.969430,1.000000,4.537933
allc,1.00,3,287,0.960945,1.000000,4.449419
allc,1.00,3,288,0.982759,1.000000,4.841666
allc,1.00,3,289,0.975033,1.000000,4.670390
allc,1.00,3,290,0.978310,1.000000,4.339540
allc,1.00,3,291,0.978782,1.000000,4.410445
allc,1.00,3,292,0.975496,1.000000,4.232982
allc,1.00,3,293,0.980830,1.000000,4.318474
allc,1.00,3,294,0.963741,1.000000,4.262366
allc,1.00,3,295,0.971458,1.000000,4.429473
allc,1.00,3,296,0.978646,1.000000,4.497243
allc,1.00,3,297,0.983566,1.000000,4.471458
allc,1.00,3,298,0.973072,1.000000,4.400931
allc,1.00,3,299,0.978117,1.000000,4.413291
allc,1.00,3,300,0.984946,1.000000,4.655960
allc,1.00,3,301,0.979861,1.000000,4.504808
allc,1.00,3,302,0.974236,1.000000,4.593529
allc,1.00,3,303,0.958368,1.000000,4.396948
allc,1.00,3,304,0.983459,1.000000,4.375823
allc,1.00,3,305,0.986969,1.000000,4.403728
allc,1.00,3,306,0.980374,1.000000,4.428808
allc,1.00,3,307,0.987891,1.000000,4.608767
allc,1.00,3,308,0.984185,1.000000,4.334625
allc,1.00,3,309,0.975285,1.000000,4.487864
allc,1.00,3,310,0.981770,1.000000,4.519411
allc,1.00,3,311,0.978580,1.000000,4.520174
allc,1.00,3,312,0.982885,1.000000,4.552020
allc,1.00,3,313,0.988137,1.000000,4.540361
allc,1.00,3,314,0.983760,1.000000,4.657749
allc,1.00,3,315,0.983287,1.000000,4.728530
allc,1.00,3,316,0.973361,1.000000,4.408616
allc,1.00,3,317,0.977762,1.000000,4.437619
allc,1.00,3,318,0.983226,1.000000,4.611977
allc,1.00,3,319,0.959773,1.000000,4.217561
allc,1.00,3,320,0.976858,1.000000,4.290968
allc,1.00,3,321,0.976220,1.000000,4.307441
allc,1.00,3,322,0.985162,1.000000,4.571395
allc,1.00,3,323,0.987396,1.000000,4.674348
allc,1.00,3,324,0.981963,1.000000,4.609271
allc,1.00,3,325,0.966344,1.000000,4.592017
allc,1.00,3,326,0.980568,1.000000,4.387012
allc,1.00,3,327,0.984994,1.000000,4.501016
allc,1.00,3,328,0.971874,1.000000,4.306897
allc,1.00,3,329,0.963515,1.000000,4.275604
allc,1.00,3,330,0.979562,1.000000,4.434212
allc,1.00,3,331,0.974184,1.000000,4.616827
allc,1.00,3,332,0.982579,1.000000,4.582530
allc,1.00,3,333,0.989521,1.000000,4.768707
allc,1.00,3,334,0.979794,1.000000,4.618545
allc,1.00,3,335,0.982934,1.000000,4.574596
allc,1.00,3,336,0.983507,1.000000,4.433665
allc,1.00,3,337,0.966448,1.000000,4.670673
allc,1.00,3,338,0.972621,1.000000,4.383686
allc,1.00,3,339,0.980132,1.000000,4.591036
allc,1.00,3,340,0.976904,1.000000,4.367935
allc,1.00,3,341,0.976602,1.000000,4.576955
allc,1.00,3,342,0.981763,1.000000,4.541032
allc,1.00,3,343,0.983597,1.000000,4.570697
allc,1.00,3,344,0.972059,1.000000,4.466182
allc,1.00,3,345,0.983138,1.000000,4.414062
allc,1.00,3,346,0.978400,1.000000,4.728185
allc,1.00,3,347,0.979730,1.000000,4.621357
allc,1.00,3,348,0.970511,1.000000,4.277160
allc,1.00,3,349,0.981128,1.000000,4.174916
allc,1.00,3,350,0.973534,1.000000,4.195965
allc,1.00,3,351,0.976557,1.000000,4.267841
allc,1.00,3,352,0.972814,1.000000,4.370585
allc,1.00,3,353,0.977460,1.000000,4.634246
allc,1.00,3,354,0.982287,1.000000,4.540330
allc,1.00,3,355,0.984812,1.000000,4.497254
allc,1.00,3,356,0.979534,1.000000,4.451075
allc,1.00,3,357,0.982977,1.000000,4.541068
allc,1.00,3,358,0.989936,1.000000,4.594009
allc,1.00,3,359,0.986602,1.000000,4.944418
allc,1.00,3,360,0.983706,1.000000,4.655792
allc,1.00,3,361,0.982725,1.000000,4.270729
allc,1.00,3,362,0.966392,1.000000,4.376686
allc,1.00,3,363,0.973272,1.000000,4.382397
allc,1.00,3,364,0.975515,1.000000,4.223054
allc,1.00,3,365,0.969134,1.000000,4.377171
allc,1.00,3,366,0.979272,1.000000,4.323869
allc,1.00,3,367,0.985339,1.000000,4.509615
allc,1.00,3,368,0.988284,1.000000,4.746071
allc,1.00,3,369,0.981988,1.000000,4.653040
allc,1.00,3,370,0.979165,1.000000,4.539055
allc,1.00,3,371,0.986497,1.000000,4.564811
allc,1.00,3,372,0.980244,1.000000,4.450802
allc,1.00,3,373,0.976238,1.000000,4.416956
allc,1.00,3,374,0.980750,1.000000,4.681741
allc,1.00,3,375,0.979741,1.000000,4.573306
allc,1.00,3,376,0.973213,1.000000,4.162438
allc,1.00,3,377,0.980857,1.000000,4.481768
allc,1.00,3,378,0.978674,1.000000,4.528893
allc,1.00,3,379,0.976124,1.000000,4.460913
allc,1.00,3,380,0.982117,1.000000,4.506025
allc,1.00,3,381,0.976406,1.000000,4.534758
allc,1.00,3,382,0.976260,1.000000,4.629366
allc,1.00,3,383,0.974220,1.000000,4.631284
allc,1.00,3,384,0.976676,1.000000,4.350018
allc,1.00,3,385,0.980285,1.000000,4.448484
allc,1.00,3,386,0.989016,1.000000,4.793437
allc,1.00,3,387,0.972797,1.000000,4.272157
allc,1.00,3,388,0.972869,1.000000,4.241212
allc,1.00,3,389,0.982541,1.000000,4.485904
allc,1.00,3,390,0.978504,1.000000,4.437427
allc,1.00,3,391,0.978497,1.000000,4.231693
allc,1.00,3,392,0.988863,1.000000,4.601626
allc,1.00,3,393,0.981791,1.000000,4.671272
allc,1.00,3,394,0.975092,1.000000,4.292585
allc,1.00,3,395,0.979099,1.000000,4.415577
allc,1.00,3,396,0.984559,1.000000,4.511989
allc,1.00,3,397,0.979593,1.000000,4.536113
allc,1.00,3,398,0.982593,1.000000,4.550951
allc,1.00,3,399,0.978192,1.000000,4.546448
allc,1.00,3,400,0.987176,1.000000,4.525956
allc,1.00,3,401,0.986120,1.000000,4.313186
allc,1.00,3,402,0.978224,1.000000,4.323164
allc,1.00,3,403,0.981803,1.000000,4.478940
allc,1.00,3,404,0.978833,1.000000,4.364646
allc,1.00,3,405,0.973689,1.000000,4.490790
allc,1.00,3,406,0.975771,1.000000,4.168752
allc,1.00,3,407,0.981029,1.000000,4.550425
allc,1.00,3,408,0.977184,1.000000,4.435213
allc,1.00,3,409,0.980571,1.000000,4.488962
allc,1.00,3,410,0.980625,1.000000,4.499238
allc,1.00,3,411,0.963246,1.000000,4.351781
allc,1.00,3,412,0.983723,1.000000,4.543088
allc,1.00,3,413,0.978272,1.000000,4.537817
allc,1.00,3,414,0.987276,1.000000,4.623372
allc,1.00,3,415,0.985520,1.000000,4.408440
allc,1.00,3,416,0.978631,1.000000,4.320024
allc,1.00,3,417,0.979249,1.000000,4.442222
allc,1.00,3,418,0.964979,1.000000,4.457592
allc,1.00,3,419,0.981499,1.000000,4.366147
allc,1.00,3,420,0.983705,1.000000,4.450396
allc,1.00,3,421,0.981750,1.000000,4.402673
allc,1.00,3,422,0.977384,1.000000,4.358343
allc,1.00,3,423,0.977948,1.000000,4.384151
allc,1.00,3,424,0.976386,1.000000,4.476317
allc,1.00,3,425,0.985113,1.000000,4.615741
allc,1.00,3,426,0.976073,1.000000,4.373062
allc,1.00,3,427,0.978513,1.000000,4.536185
allc,1.00,3,428,0.980860,1.000000,4.542409
allc,1.00,3,429,0.982066,1.000000,4.664123
allc,1.00,3,430,0.977549,1.000000,4.452421
allc,1.00,3,431,0.970761,1.000000,4.503175
allc,1.00,3,432,0.969902,1.000000,4.274404
allc,1.00,3,433,0.982259,1.000000,4.316808
allc,1.00,3,434,0.975290,1.000000,4.429868
allc,1.00,3,435,0.980972,1.000000,4.439232
allc,1.00,3,436,0.984362,1.000000,4.440438
allc,1.00,3,437,0.972950,1.000000,4.490988
allc,1.00,3,438,0.981907,1.000000,4.604664
allc,1.00,3,439,0.983179,1.000000,4.587401
allc,1.00,3,440,0.982777,1.000000,4.515705
allc,1.00,3,441,0.981763,1.000000,4.355599
allc,1.00,3,442,0.979364,1.000000,4.331305
allc,1.00,3,443,0.976319,1.000000,4.381428
allc,1.00,3,444,0.983715,1.000000,4.405390
allc,1.00,3,445,0.984412,1.000000,4.538315
allc,1.00,3,446,0.982117,1.000000,4.506350
allc,1.00,3,447,0.984858,1.000000,4.512859
allc,1.00,3,448,0.976719,1.000000,4.430913
allc,1.00,3,449,0.977548,1.000000,4.389771
allc,1.00,3,450,0.986164,1.000000,4.710887
allc,1.00,3,451,0.976768,1.000000,4.259705
allc,1.00,3,452,0.978772,1.000000,4.365506
allc,1.00,3,453,0.978708,1.000000,4.543166
allc,1.00,3,454,0.982947,1.000000,4.395646
allc,1.00,3,455,0.985774,1.000000,4.683610
allc,1.00,3,456,0.984354,1.000000,4.692014
allc,1.00,3,457,0.988878,1.000000,4.471472
allc,1.00,3,458,0.983425,1.000000,4.437410
allc,1.00,3,459,0.968790,1.000000,4.473139
allc,1.00,3,460,0.983885,1.000000,4.383011
allc,1.00,3,461,0.980944,1.000000,4.377044
allc,1.00,3,462,0.974346,1.000000,4.373136
allc,1.00,3,463,0.982739,1.000000,4.427945
allc,1.00,3,464,0.985203,1.000000,4.378409
allc,1.00,3,465,0.973391,1.000000,4.598171
allc,1.00,3,466,0.984838,1.000000,4.733543
allc,1.00,3,467,0.980183,1.000000,4.429289
allc,1.00,3,468,0.972909,1.000000,4.408577
allc,1.00,3,469,0.982050,1.000000,4.560143
allc,1.00,3,470,0.979563,1.000000,4.424614
allc,1.00,3,471,0.979322,1.000000,4.562700
allc,1.00,3,472,0.984758,1.000000,4.627342
allc,1.00,3,473,0.985359,1.000000,4.746815
allc,1.00,3,474,0.972400,1.000000,4.461972
allc,1.00,3,475,0.990006,1.000000,4.801936
allc,1.00,3,476,0.986214,1.000000,4.618872
allc,1.00,3,477,0.969547,1.000000,4.276207
allc,1.00,3,478,0.973729,1.000000,4.339532
allc,1.00,3,479,0.981372,1.000000,4.758441
allc,1.00,3,480,0.978277,1.000000,4.328680
allc,1.00,3,481,0.983240,1.000000,4.606013
allc,1.00,3,482,0.982144,1.000000,4.623449
allc,1.00,3,483,0.986462,1.000000,4.517594
allc,1.00,3,484,0.981011,1.000000,4.421529
allc,1.00,3,485,0.980463,1.000000,4.624023
allc,1.00,3,486,0.980953,1.000000,4.690199
allc,1.00,3,487,0.981150,1.000000,4.602400
allc,1.00,3,488,0.977386,1.000000,4.619975
allc,1.00,3,489,0.980515,1.000000,4.539859
allc,1.00,3,490,0.974614,1.000000,4.496918
allc,1.00,3,491,0.960752,1.000000,4.365603
allc,1.00,3,492,0.985706,1.000000,4.499676
allc,1.00,3,493,0.980919,1.000000,4.336033
allc,1.00,3,494,0.978836,1.000000,4.307012
allc,1.00,3,495,0.980807,1.000000,4.319452
allc,1.00,3,496,0.976140,1.000000,4.344261
allc,1.00,3,497,0.978485,1.000000,4.392714
allc,1.00,3,498,0.983213,1.000000,4.433723
allc,1.00,3,499,0.971642,1.000000,4.503818
coupled,0.00,4,0,0.977209,1.000000,4.620197
coupled,0.00,4,1,0.971433,1.000000,4.512136
coupled,0.00,4,2,0.976225,1.000000,4.695952
coupled,0.00,4,3,0.976233,1.000000,5.032004
coupled,0.00,4,4,0.988663,1.000000,4.459348
coupled,0.00,4,5,0.967670,1.000000,4.734204
coupled,0.00,4,6,0.964899,1.000000,4.421697
coupled,0.00,4,7,0.959346,1.000000,4.534210
coupled,0.00,4,8,0.979207,1.000000,4.587888
coupled,0.00,4,9,0.965636,1.000000,4.642667
coupled,0.00,4,10,0.969785,1.000000,4.741052
coupled,0.00,4,11,0.981537,1.000000,4.402451
coupled,0.00,4,12,0.969152,1.000000,4.682205
coupled,0.00,4,13,0.977025,1.000000,4.600957
coupled,0.00,4,14,0.979697,1.000000,4.746586
coupled,0.00,4,15,0.977875,1.000000,4.730150
coupled,0.00,4,16,0.986025,1.000000,4.509547
coupled,0.00,4,17,0.969813,1.000000,4.650785
coupled,0.00,4,18,0.967936,1.000000,4.991622
coupled,0.00,4,19,0.979561,1.000000,4.593575
coupled,0.00,4,20,0.981899,1.000000,4.726630
coupled,0.00,4,21,0.977402,1.000000,4.514776
coupled,0.00,4,22,0.967233,1.000000,4.956891
coupled,0.00,4,23,0.988637,1.000000,4.384151
coupled,0.00,4,24,0.952238,1.000000,4.300323
coupled,0.00,4,25,0.953097,1.000000,4.526425
coupled,0.00,4,26,0.966239,1.000000,4.604901
coupled,0.00,4,27,0.948706,1.000000,4.470390
coupled,0.00,4,28,0.963037,1.000000,4.454461
coupled,0.00,4,29,0.956954,1.000000,4.544586
coupled,0.00,4,30,0.966949,1.000000,4.457945
coupled,0.00,4,31,0.948055,1.000000,4.998964
coupled,0.00,4,32,0.990032,1.000000,4.751528
coupled,0.00,4,33,0.975683,1.000000,4.695740
coupled,0.00,4,34,0.975937,1.000000,4.558900
coupled,0.00,4,35,0.964543,1.000000,4.562152
coupled,0.00,4,36,0.970250,1.000000,4.690900
coupled,0.00,4,37,0.964484,1.000000,4.591356
coupled,0.00,4,38,0.972176,1.000000,4.587189
coupled,0.00,4,39,0.979149,1.000000,4.490311
coupled,0.00,4,40,0.967472,1.000000,4.584703
coupled,0.00,4,41,0.974628,1.000000,4.613980
coupled,0.00,4,42,0.971003,1.000000,4.427049
coupled,0.00,4,43,0.964165,1.000000,4.291462
coupled,0.00,4,44,0.962873,1.000000,4.535027
coupled,0.00,4,45,0.959114,1.000000,4.531256
coupled,0.00,4,46,0.967933,1.000000,4.817341
coupled,0.00,4,47,0.980942,1.000000,4.791492
coupled,0.00,4,48,0.983132,1.000000,4.711439
coupled,0.00,4,49,0.982949,1.000000,4.533263
coupled,0.00,4,50,0.974401,1.000000,4.462615
coupled,0.00,4,51,0.969908,1.000000,4.656903
coupled,0.00,4,52,0.984044,1.000000,4.699453
coupled,0.00,4,53,0.977150,1.000000,4.519288
coupled,0.00,4,54,0.982301,1.000000,4.152996
coupled,0.00,4,55,0.963934,1.000000,4.617560
coupled,0.00,4,56,0.953721,1.000000,4.657148
coupled,0.00,4,57,0.974289,1.000000,4.589643
coupled,0.00,4,58,0.965132,1.000000,4.734792
coupled,0.00,4,59,0.969552,1.000000,4.642113
coupled,0.00,4,60,0.965030,1.000000,4.795391
coupled,0.00,4,61,0.978614,1.000000,4.714917
coupled,0.00,4,62,0.975449,1.000000,4.758827
coupled,0.00,4,63,0.974663,1.000000,4.494593
coupled,0.00,4,64,0.965467,1.000000,4.726706
coupled,0.00,4,65,0.981845,1.000000,4.495531
coupled,0.00,4,66,0.972962,1.000000,4.639787
coupled,0.00,4,67,0.978742,1.000000,4.582584
coupled,0.00,4,68,0.965509,1.000000,4.496453
coupled,0.00,4,69,0.964765,1.000000,4.645911
coupled,0.00,4,70,0.972946,1.000000,4.540449
coupled,0.00,4,71,0.974702,1.000000,4.512095
coupled,0.00,4,72,0.981299,1.000000,4.440418
coupled,0.00,4,73,0.969886,1.000000,4.509794
coupled,0.00,4,74,0.970373,1.000000,4.662399
coupled,0.00,4,75,0.972192,1.000000,4.372697
coupled,0.00,4,76,0.969432,1.000000,4.432778
coupled,0.00,4,77,0.959957,1.000000,4.636653
coupled,0.00,4,78,0.975815,1.000000,4.551926
coupled,0.00,4,79,0.959141,1.000000,4.501532
coupled,0.00,4,80,0.952778,1.000000,4.464002
coupled,0.00,4,81,0.957775,1.000000,4.709302
coupled,0.00,4,82,0.978663,1.000000,4.689396
coupled,0.00,4,83,0.973902,1.000000,4.437585
coupled,0.00,4,84,0.971400,1.000000,4.660181
coupled,0.00,4,85,0.977398,1.000000,4.766336
coupled,0.00,4,86,0.969866,1.000000,4.803957
coupled,0.00,4,87,0.976914,1.000000,4.979099
coupled,0.00,4,88,0.988865,1.000000,4.840157
coupled,0.00,4,89,0.985628,1.000000,4.742658
coupled,0.00,4,90,0.983253,1.000000,4.791049
coupled,0.00,4,91,0.976209,1.000000,4.515611
coupled,0.00,4,92,0.974081,1.000000,4.597915
coupled,0.00,4,93,0.976025,1.000000,4.793086
coupled,0.00,4,94,0.984310,1.000000,4.599601
coupled,0.00,4,95,0.983918,1.000000,4.472210
coupled,0.00,4,96,0.971724,1.000000,4.544078
coupled,0.00,4,97,0.970809,1.000000,4.640167
coupled,0.00,4,98,0.982668,1.000000,4.609148
coupled,0.00,4,99,0.974226,1.000000,4.617469
coupled,0.00,4,100,0.966605,1.000000,4.541148
coupled,0.00,4,101,0.981021,1.000000,4.732919
coupled,0.00,4,102,0.970181,1.000000,4.379109
coupled,0.00,4,103,0.958981,1.000000,4.607154
coupled,0.00,4,104,0.969827,1.000000,4.696698
coupled,0.00,4,105,0.966917,1.000000,4.708938
coupled,0.00,4,106,0.982983,1.000000,4.612301
coupled,0.00,4,107,0.973824,1.000000,4.549624
coupled,0.00,4,108,0.978691,1.000000,4.834439
coupled,0.00,4,109,0.981419,1.000000,4.784714
coupled,0.00,4,110,0.981386,1.000000,4.747186
coupled,0.00,4,111,0.974439,1.000000,4.502885
coupled,0.00,4,112,0.964534,1.000000,4.476503
coupled,0.00,4,113,0.967726,1.000000,4.539615
coupled,0.00,4,114,0.958954,1.000000,4.453414
coupled,0.00,4,115,0.968465,1.000000,4.555566
coupled,0.00,4,116,0.965708,1.000000,4.571723
coupled,0.00,4,117,0.965638,1.000000,4.455380
coupled,0.00,4,118,0.973561,1.000000,4.544904
coupled,0.00,4,119,0.958957,1.000000,4.670837
coupled,0.00,4,120,0.977278,1.000000,4.483851
coupled,0.00,4,121,0.983004,1.000000,4.810248
coupled,0.00,4,122,0.981478,1.000000,4.492755
coupled,0.00,4,123,0.974572,1.000000,4.666900
coupled,0.00,4,124,0.974259,1.000000,4.450558
coupled,0.00,4,125,0.973340,1.000000,4.611379
coupled,0.00,4,126,0.983945,1.000000,4.662060
coupled,0.00,4,127,0.972635,1.000000,4.749945
coupled,0.00,4,128,0.974160,1.000000,4.608549
coupled,0.00,4,129,0.974726,1.000000,4.380967
coupled,0.00,4,130,0.966565,1.000000,4.711079
coupled,0.00,4,131,0.973054,1.000000,4.460981
coupled,0.00,4,132,0.976662,1.000000,4.487831
coupled,0.00,4,133,0.969796,1.000000,4.641916
coupled,0.00,4,134,0.970208,1.000000,4.523743
coupled,0.00,4,135,0.945146,1.000000,4.895278
coupled,0.00,4,136,0.984532,1.000000,4.717763
coupled,0.00,4,137,0.985853,1.000000,4.508934
coupled,0.00,4,138,0.976291,1.000000,4.438883
coupled,0.00,4,139,0.963039,1.000000,4.456787
coupled,0.00,4,140,0.968937,1.000000,4.742553
coupled,0.00,4,141,0.978440,1.000000,4.632752
coupled,0.00,4,142,0.977155,1.000000,4.620781
coupled,0.00,4,143,0.963918,1.000000,4.740507
coupled,0.00,4,144,0.974802,1.000000,4.470209
coupled,0.00,4,145,0.973501,1.000000,4.787404
coupled,0.00,4,146,0.986821,1.000000,4.633147
coupled,0.00,4,147,0.974195,1.000000,4.365489
coupled,0.00,4,148,0.956896,1.000000,4.502964
coupled,0.00,4,149,0.967836,1.000000,4.569443
coupled,0.00,4,150,0.978018,1.000000,4.831855
coupled,0.00,4,151,0.975466,1.000000,4.684498
coupled,0.00,4,152,0.985591,1.000000,4.563762
coupled,0.00,4,153,0.967439,1.000000,4.685335
coupled,0.00,4,154,0.980512,1.000000,4.776197
coupled,0.00,4,155,0.968696,1.000000,4.668029
coupled,0.00,4,156,0.971811,1.000000,4.498015
coupled,0.00,4,157,0.963989,1.000000,4.570913
coupled,0.00,4,158,0.983329,1.000000,4.507339
coupled,0.00,4,159,0.961911,1.000000,4.327298
coupled,0.00,4,160,0.949095,1.000000,4.453803
coupled,0.00,4,161,0.973039,1.000000,4.347242
coupled,0.00,4,162,0.966755,1.000000,4.587739
coupled,0.00,4,163,0.984414,1.000000,4.653565
coupled,0.00,4,164,0.978058,1.000000,4.449835
coupled,0.00,4,165,0.969446,1.000000,4.704388
coupled,0.00,4,166,0.955792,1.000000,4.828320
coupled,0.00,4,167,0.975303,1.000000,5.038938
coupled,0.00,4,168,0.971929,1.000000,4.893639
coupled,0.00,4,169,0.982061,1.000000,5.039283
coupled,0.00,4,170,0.986385,1.000000,4.909349
coupled,0.00,4,171,0.979702,1.000000,4.718387
coupled,0.00,4,172,0.979831,1.000000,4.761281
coupled,0.00,4,173,0.978276,1.000000,4.652944
coupled,0.00,4,174,0.977286,1.000000,4.718932
coupled,0.00,4,175,0.973857,1.000000,4.814795
coupled,0.00,4,176,0.978458,1.000000,4.391991
coupled,0.00,4,177,0.975288,1.000000,4.574131
coupled,0.00,4,178,0.971368,1.000000,4.755842
coupled,0.00,4,179,0.983939,1.000000,4.535028
coupled,0.00,4,180,0.966899,1.000000,4.490147
coupled,0.00,4,181,0.956705,1.000000,4.598515
coupled,0.00,4,182,0.971346,1.000000,4.691938
coupled,0.00,4,183,0.978986,1.000000,4.675393
coupled,0.00,4,184,0.977458,1.000000,4.722931
coupled,0.00,4,185,0.973390,1.000000,4.650940
coupled,0.00,4,186,0.981025,1.000000,4.350237
coupled,0.00,4,187,0.970687,1.000000,4.734483
coupled,0.00,4,188,0.976045,1.000000,4.647628
coupled,0.00,4,189,0.981916,1.000000,4.792664
coupled,0.00,4,190,0.982529,1.000000,4.878328
coupled,0.00,4,191,0.980815,1.000000,4.310360
coupled,0.00,4,192,0.956108,1.000000,4.443665
coupled,0.00,4,193,0.972958,1.000000,4.463161
coupled,0.00,4,194,0.973973,1.000000,4.152815
coupled,0.00,4,195,0.936839,1.000000,4.700839
coupled,0.00,4,196,0.987181,1.000000,4.677019
coupled,0.00,4,197,0.961654,1.000000,4.502270
coupled,0.00,4,198,0.978610,1.000000,4.761603
coupled,0.00,4,199,0.982590,1.000000,4.754361
coupled,0.00,4,200,0.986302,1.000000,4.678760
coupled,0.00,4,201,0.981132,1.000000,4.956429
coupled,0.00,4,202,0.985648,1.000000,4.573960
coupled,0.00,4,203,0.974930,1.000000,4.606827
coupled,0.00,4,204,0.970409,1.000000,4.645701
coupled,0.00,4,205,0.982898,1.000000,4.676190
coupled,0.00,4,206,0.978564,1.000000,4.570446
coupled,0.00,4,207,0.976173,1.000000,4.539301
coupled,0.00,4,208,0.966933,1.000000,4.647729
coupled,0.00,4,209,0.974592,1.000000,4.500101
coupled,0.00,4,210,0.977208,1.000000,4.569143
coupled,0.00,4,211,0.962702,1.000000,4.729773
coupled,0.00,4,212,0.968140,1.000000,4.691440
coupled,0.00,4,213,0.979029,1.000000,4.612917
coupled,0.00,4,214,0.978900,1.000000,4.529091
coupled,0.00,4,215,0.971989,1.000000,4.735105
coupled,0.00,4,216,0.980895,1.000000,4.646740
coupled,0.00,4,217,0.980698,1.000000,4.622826
coupled,0.00,4,218,0.977466,1.000000,4.880837
coupled,0.00,4,219,0.970233,1.000000,4.877583
coupled,0.00,4,220,0.980502,1.000000,4.720813
coupled,0.00,4,221,0.976116,1.000000,4.483432
coupled,0.00,4,222,0.972267,1.000000,4.452416
coupled,0.00,4,223,0.960199,1.000000,4.625481
coupled,0.00,4,224,0.961041,1.000000,4.498471
coupled,0.00,4,225,0.969065,1.000000,4.743024
coupled,0.00,4,226,0.981844,1.000000,4.633971
coupled,0.00,4,227,0.973429,1.000000,4.471258
coupled,0.00,4,228,0.967937,1.000000,4.710971
coupled,0.00,4,229,0.980039,1.000000,4.789810
coupled,0.00,4,230,0.977966,1.000000,4.813683
coupled,0.00,4,231,0.976962,1.000000,4.539562
coupled,0.00,4,232,0.962507,1.000000,4.529656
coupled,0.00,4,233,0.962947,1.000000,4.747736
coupled,0.00,4,234,0.978518,1.000000,4.678859
coupled,0.00,4,235,0.980312,1.000000,4.777019
coupled,0.00,4,236,0.979476,1.000000,4.702841
coupled,0.00,4,237,0.978683,1.000000,4.611570
coupled,0.00,4,238,0.969539,1.000000,4.737876
coupled,0.00,4,239,0.978883,1.000000,4.775352
coupled,0.00,4,240,0.981271,1.000000,4.721662
coupled,0.00,4,241,0.977594,1.000000,4.562915
coupled,0.00,4,242,0.961392,1.000000,4.370526
coupled,0.00,4,243,0.963522,1.000000,4.561272
coupled,0.00,4,244,0.975212,1.000000,4.805509
coupled,0.00,4,245,0.984971,1.000000,4.714397
coupled,0.00,4,246,0.971719,1.000000,4.842715
coupled,0.00,4,247,0.976569,1.000000,4.296260
coupled,0.00,4,248,0.954093,1.000000,4.476531
coupled,0.00,4,249,0.960456,1.000000,4.423045
coupled,0.00,4,250,0.973095,1.000000,4.389212
coupled,0.00,4,251,0.977215,1.000000,4.611806
coupled,0.00,4,252,0.979886,1.000000,4.394692
coupled,0.00,4,253,0.964109,1.000000,4.482578
coupled,0.00,4,254,0.973463,1.000000,4.421541
coupled,0.00,4,255,0.970712,1.000000,4.591206
coupled,0.00,4,256,0.980477,1.000000,4.705005
coupled,0.00,4,257,0.982776,1.000000,4.429520
coupled,0.00,4,258,0.966261,1.000000,4.859650
coupled,0.00,4,259,0.982003,1.000000,4.583019
coupled,0.00,4,260,0.978637,1.000000,4.627689
coupled,0.00,4,261,0.970204,1.000000,4.666369
coupled,0.00,4,262,0.979826,1.000000,4.410950
coupled,0.00,4,263,0.964667,1.000000,4.531717
coupled,0.00,4,264,0.976282,1.000000,4.462365
coupled,0.00,4,265,0.972268,1.000000,4.815864
coupled,0.00,4,266,0.981162,1.000000,4.595339
coupled,0.00,4,267,0.980219,1.000000,4.743250
coupled,0.00,4,268,0.978534,1.000000,4.403666
coupled,0.00,4,269,0.972784,1.000000,4.473038
coupled,0.00,4,270,0.977813,1.000000,4.747002
coupled,0.00,4,271,0.979024,1.000000,4.921188
coupled,0.00,4,272,0.981314,1.000000,4.626232
coupled,0.00,4,273,0.969720,1.000000,4.786034
coupled,0.00,4,274,0.980600,1.000000,4.644342
coupled,0.00,4,275,0.968964,1.000000,4.996493
coupled,0.00,4,276,0.974398,1.000000,4.736715
coupled,0.00,4,277,0.978592,1.000000,4.559094
coupled,0.00,4,278,0.964629,1.000000,4.212917
coupled,0.00,4,279,0.932282,1.000000,4.381155
coupled,0.00,4,280,0.959463,1.000000,4.242995
coupled,0.00,4,281,0.966212,1.000000,4.401784
coupled,0.00,4,282,0.972218,1.000000,4.787330
coupled,0.00,4,283,0.966040,1.000000,4.610821
coupled,0.00,4,284,0.967997,1.000000,4.606558
coupled,0.00,4,285,0.973809,1.000000,4.313379
coupled,0.00,4,286,0.956763,1.000000,4.306633
coupled,0.00,4,287,0.978414,1.000000,4.407021
coupled,0.00,4,288,0.974544,1.000000,4.638294
coupled,0.00,4,289,0.977528,1.000000,4.675588
coupled,0.00,4,290,0.967103,1.000000,4.866433
coupled,0.00,4,291,0.972848,1.000000,4.879982
coupled,0.00,4,292,0.975248,1.000000,4.632761
coupled,0.00,4,293,0.981992,1.000000,4.674299
coupled,0.00,4,294,0.962627,1.000000,4.784773
coupled,0.00,4,295,0.985546,1.000000,4.584219
coupled,0.00,4,296,0.971900,1.000000,4.368689
coupled,0.00,4,297,0.951980,1.000000,4.507129
coupled,0.00,4,298,0.979872,1.000000,4.524826
coupled,0.00,4,299,0.968071,1.000000,4.741762
coupled,0.00,4,300,0.987952,1.000000,4.612201
coupled,0.00,4,301,0.975789,1.000000,4.369775
coupled,0.00,4,302,0.967409,1.000000,4.320878
coupled,0.00,4,303,0.959474,1.000000,4.453587
coupled,0.00,4,304,0.968794,1.000000,4.612233
coupled,0.00,4,305,0.976787,1.000000,4.792502
coupled,0.00,4,306,0.975384,1.000000,4.671710
coupled,0.00,4,307,0.976505,1.000000,4.599919
coupled,0.00,4,308,0.968279,1.000000,4.584516
coupled,0.00,4,309,0.962191,1.000000,4.610413
coupled,0.00,4,310,0.973490,1.000000,4.575043
coupled,0.00,4,311,0.976863,1.000000,4.666919
coupled,0.00,4,312,0.979673,1.000000,4.832029
coupled,0.00,4,313,0.973890,1.000000,4.736934
coupled,0.00,4,314,0.967854,1.000000,4.771095
coupled,0.00,4,315,0.974246,1.000000,4.581462
coupled,0.00,4,316,0.963956,1.000000,4.417608
coupled,0.00,4,317,0.965830,1.000000,4.682300
coupled,0.00,4,318,0.976540,1.000000,4.499489
coupled,0.00,4,319,0.967903,1.000000,4.987519
coupled,0.00,4,320,0.988016,1.000000,4.524595
coupled,0.00,4,321,0.971151,1.000000,4.724196
coupled,0.00,4,322,0.976858,1.000000,4.794654
coupled,0.00,4,323,0.971394,1.000000,4.535175
coupled,0.00,4,324,0.975209,1.000000,4.595109
coupled,0.00,4,325,0.973073,1.000000,4.619948
coupled,0.00,4,326,0.976008,1.000000,4.736805
coupled,0.00,4,327,0.973929,1.000000,4.522733
coupled,0.00,4,328,0.952961,1.000000,4.778706
coupled,0.00,4,329,0.981021,1.000000,4.522378
coupled,0.00,4,330,0.981786,1.000000,5.064627
coupled,0.00,4,331,0.981861,1.000000,4.810492
coupled,0.00,4,332,0.974673,1.000000,4.521302
coupled,0.00,4,333,0.960002,1.000000,4.642987
coupled,0.00,4,334,0.981904,1.000000,4.523355
coupled,0.00,4,335,0.976497,1.000000,4.448683
coupled,0.00,4,336,0.975124,1.000000,4.587446
coupled,0.00,4,337,0.980316,1.000000,4.342658
coupled,0.00,4,338,0.943829,1.000000,4.800864
coupled,0.00,4,339,0.983366,1.000000,4.703232
coupled,0.00,4,340,0.978672,1.000000,4.958594
coupled,0.00,4,341,0.987733,1.000000,4.574737
coupled,0.00,4,342,0.973125,1.000000,4.716184
coupled,0.00,4,343,0.976661,1.000000,4.687705
coupled,0.00,4,344,0.978155,1.000000,4.863212
coupled,0.00,4,345,0.976948,1.000000,4.872724
coupled,0.00,4,346,0.986731,1.000000,4.447674
coupled,0.00,4,347,0.961796,1.000000,4.563477
coupled,0.00,4,348,0.968586,1.000000,4.511439
coupled,0.00,4,349,0.976473,1.000000,4.683546
coupled,0.00,4,350,0.981081,1.000000,4.676585
coupled,0.00,4,351,0.984001,1.000000,4.684007
coupled,0.00,4,352,0.972459,1.000000,4.750359
coupled,0.00,4,353,0.976871,1.000000,4.698764
coupled,0.00,4,354,0.973853,1.000000,4.695339
coupled,0.00,4,355,0.978167,1.000000,4.517284
coupled,0.00,4,356,0.967239,1.000000,4.512289
coupled,0.00,4,357,0.966700,1.000000,4.550951
coupled,0.00,4,358,0.964127,1.000000,4.857967
coupled,0.00,4,359,0.986616,1.000000,4.635280
coupled,0.00,4,360,0.974065,1.000000,4.511909
coupled,0.00,4,361,0.961427,1.000000,4.800699
coupled,0.00,4,362,0.985461,1.000000,4.511765
coupled,0.00,4,363,0.974069,1.000000,4.554701
coupled,0.00,4,364,0.965121,1.000000,4.276747
coupled,0.00,4,365,0.964984,1.000000,4.345046
coupled,0.00,4,366,0.958433,1.000000,4.584889
coupled,0.00,4,367,0.976335,1.000000,4.759025
coupled,0.00,4,368,0.963725,1.000000,4.739892
coupled,0.00,4,369,0.971865,1.000000,4.700376
coupled,0.00,4,370,0.974335,1.000000,4.895008
coupled,0.00,4,371,0.981049,1.000000,4.517848
coupled,0.00,4,372,0.966611,1.000000,4.699643
coupled,0.00,4,373,0.979239,1.000000,4.616732
coupled,0.00,4,374,0.970978,1.000000,4.623374
coupled,0.00,4,375,0.983414,1.000000,4.707142
coupled,0.00,4,376,0.979238,1.000000,4.452917
coupled,0.00,4,377,0.971302,1.000000,4.482340
coupled,0.00,4,378,0.974855,1.000000,4.661610
coupled,0.00,4,379,0.977998,1.000000,4.639912
coupled,0.00,4,380,0.971755,1.000000,4.579911
coupled,0.00,4,381,0.973039,1.000000,4.657267
coupled,0.00,4,382,0.979880,1.000000,4.998865
coupled,0.00,4,383,0.983046,1.000000,4.468431
coupled,0.00,4,384,0.953431,1.000000,4.807621
coupled,0.00,4,385,0.981452,1.000000,4.864705
coupled,0.00,4,386,0.981234,1.000000,4.566725
coupled,0.00,4,387,0.963406,1.000000,4.373462
coupled,0.00,4,388,0.958822,1.000000,4.566424
coupled,0.00,4,389,0.964045,1.000000,4.602363
coupled,0.00,4,390,0.977431,1.000000,4.635350
coupled,0.00,4,391,0.978503,1.000000,4.521089
coupled,0.00,4,392,0.951534,1.000000,4.421418
coupled,0.00,4,393,0.969941,1.000000,4.534762
coupled,0.00,4,394,0.969265,1.000000,4.666160
coupled,0.00,4,395,0.970646,1.000000,4.413639
coupled,0.00,4,396,0.973043,1.000000,4.709370
coupled,0.00,4,397,0.983344,1.000000,4.608423
coupled,0.00,4,398,0.976500,1.000000,4.942132
coupled,0.00,4,399,0.979147,1.000000,4.613669
coupled,0.00,4,400,0.975306,1.000000,4.503799
coupled,0.00,4,401,0.974400,1.000000,4.663776
coupled,0.00,4,402,0.976054,1.000000,4.656840
coupled,0.00,4,403,0.963239,1.000000,4.600368
coupled,0.00,4,404,0.969318,1.000000,4.798650
coupled,0.00,4,405,0.984597,1.000000,4.465513
coupled,0.00,4,406,0.969544,1.000000,4.612864
coupled,0.00,4,407,0.960883,1.000000,4.593351
coupled,0.00,4,408,0.977432,1.000000,4.579325
coupled,0.00,4,409,0.969137,1.000000,4.723727
coupled,0.00,4,410,0.964546,1.000000,4.644522
coupled,0.00,4,411,0.974324,1.000000,4.771119
coupled,0.00,4,412,0.960433,1.000000,4.391724
coupled,0.00,4,413,0.954753,1.000000,4.510492
coupled,0.00,4,414,0.960150,1.000000,4.627473
coupled,0.00,4,415,0.979361,1.000000,4.768373
coupled,0.00,4,416,0.979785,1.000000,4.530496
coupled,0.00,4,417,0.979197,1.000000,4.713669
coupled,0.00,4,418,0.971910,1.000000,4.555492
coupled,0.00,4,419,0.963083,1.000000,4.483378
coupled,0.00,4,420,0.975099,1.000000,4.523079
coupled,0.00,4,421,0.967755,1.000000,4.441697
coupled,0.00,4,422,0.970126,1.000000,4.465947
coupled,0.00,4,423,0.962681,1.000000,4.633694
coupled,0.00,4,424,0.976250,1.000000,4.488466
coupled,0.00,4,425,0.975334,1.000000,4.545122
coupled,0.00,4,426,0.968208,1.000000,4.927223
coupled,0.00,4,427,0.974559,1.000000,4.587862
coupled,0.00,4,428,0.971967,1.000000,4.443176
coupled,0.00,4,429,0.957452,1.000000,4.257253
coupled,0.00,4,430,0.935937,1.000000,4.684599
coupled,0.00,4,431,0.971919,1.000000,4.717229
coupled,0.00,4,432,0.972540,1.000000,4.674740
coupled,0.00,4,433,0.969604,1.000000,4.617031
coupled,0.00,4,434,0.977732,1.000000,4.449192
coupled,0.00,4,435,0.940133,1.000000,4.629978
coupled,0.00,4,436,0.976261,1.000000,4.649725
coupled,0.00,4,437,0.976295,1.000000,4.784130
coupled,0.00,4,438,0.977351,1.000000,4.682228
coupled,0.00,4,439,0.979569,1.000000,4.638636
coupled,0.00,4,440,0.975423,1.000000,4.458242
coupled,0.00,4,441,0.956594,1.000000,4.542138
coupled,0.00,4,442,0.954029,1.000000,4.552588
coupled,0.00,4,443,0.969257,1.000000,4.470576
coupled,0.00,4,444,0.961419,1.000000,4.525892
coupled,0.00,4,445,0.967888,1.000000,4.741689
coupled,0.00,4,446,0.972504,1.000000,4.722168
coupled,0.00,4,447,0.970753,1.000000,4.919575
coupled,0.00,4,448,0.983802,1.000000,4.908352
coupled,0.00,4,449,0.984295,1.000000,4.619222
coupled,0.00,4,450,0.968777,1.000000,4.786265
coupled,0.00,4,451,0.983979,1.000000,4.651872
coupled,0.00,4,452,0.964642,1.000000,4.415345
coupled,0.00,4,453,0.982302,1.000000,4.591288
coupled,0.00,4,454,0.960407,1.000000,4.818341
coupled,0.00,4,455,0.976589,1.000000,4.779008
coupled,0.00,4,456,0.969909,1.000000,4.757855
coupled,0.00,4,457,0.979330,1.000000,4.411371
coupled,0.00,4,458,0.971799,1.000000,4.576430
coupled,0.00,4,459,0.979334,1.000000,4.381210
coupled,0.00,4,460,0.965093,1.000000,4.654979
coupled,0.00,4,461,0.978700,1.000000,4.718086
coupled,0.00,4,462,0.972909,1.000000,4.455644
coupled,0.00,4,463,0.966860,1.000000,4.384681
coupled,0.00,4,464,0.968097,1.000000,4.658026
coupled,0.00,4,465,0.963697,1.000000,4.516047
coupled,0.00,4,466,0.966521,1.000000,4.678352
coupled,0.00,4,467,0.983098,1.000000,4.649757
coupled,0.00,4,468,0.972647,1.000000,4.442523
coupled,0.00,4,469,0.970857,1.000000,4.681403
coupled,0.00,4,470,0.975018,1.000000,4.625888
coupled,0.00,4,471,0.969907,1.000000,4.736166
coupled,0.00,4,472,0.978767,1.000000,4.731203
coupled,0.00,4,473,0.966538,1.000000,4.586190
coupled,0.00,4,474,0.968825,1.000000,4.636933
coupled,0.00,4,475,0.974871,1.000000,4.389129
coupled,0.00,4,476,0.965575,1.000000,4.478014
coupled,0.00,4,477,0.963119,1.000000,4.721847
coupled,0.00,4,478,0.979265,1.000000,4.712686
coupled,0.00,4,479,0.968164,1.000000,4.744846
coupled,0.00,4,480,0.973786,1.000000,4.824640
coupled,0.00,4,481,0.980193,1.000000,4.668447
coupled,0.00,4,482,0.970840,1.000000,4.708589
coupled,0.00,4,483,0.961840,1.000000,4.671510
coupled,0.00,4,484,0.972993,1.000000,4.942260
coupled,0.00,4,485,0.982957,1.000000,4.619355
coupled,0.00,4,486,0.975784,1.000000,4.601460
coupled,0.00,4,487,0.956989,1.000000,4.657251
coupled,0.00,4,488,0.982766,1.000000,4.555116
coupled,0.00,4,489,0.966071,1.000000,4.852548
coupled,0.00,4,490,0.976931,1.000000,4.529570
coupled,0.00,4,491,0.967496,1.000000,4.593959
coupled,0.00,4,492,0.967761,1.000000,4.760490
coupled,0.00,4,493,0.976345,1.000000,4.647733
coupled,0.00,4,494,0.967903,1.000000,4.532227
coupled,0.00,4,495,0.980336,1.000000,4.674221
coupled,0.00,4,496,0.981525,1.000000,4.593709
coupled,0.00,4,497,0.973236,1.000000,4.564008
coupled,0.00,4,498,0.978354,1.000000,4.612915
coupled,0.00,4,499,0.975706,1.000000,4.669601
coupled,0.50,4,0,0.963089,0.981544,4.405698
coupled,0.50,4,1,0.965418,0.982709,4.947431
coupled,0.50,4,2,0.987924,0.993962,4.352656
coupled,0.50,4,3,0.945473,0.972737,4.526924
coupled,0.50,4,4,0.976129,0.988065,4.322133
coupled,0.50,4,5,0.951082,0.975541,4.550800
coupled,0.50,4,6,0.963660,0.981830,4.519516
coupled,0.50,4,7,0.972867,0.986434,4.380156
coupled,0.50,4,8,0.959127,0.979564,4.379007
coupled,0.50,4,9,0.962393,0.981196,4.429520
coupled,0.50,4,10,0.962587,0.981293,4.463299
coupled,0.50,4,11,0.958189,0.979094,4.710759
coupled,0.50,4,12,0.966639,0.983320,4.600324
coupled,0.50,4,13,0.978787,0.989393,4.550993
coupled,0.50,4,14,0.955684,0.977842,4.504844
coupled,0.50,4,15,0.963266,0.981633,4.951498
coupled,0.50,4,16,0.980440,0.990220,4.648800
coupled,0.50,4,17,0.978735,0.989368,4.673537
coupled,0.50,4,18,0.972698,0.986349,4.681230
coupled,0.50,4,19,0.979576,0.989788,4.592656
coupled,0.50,4,20,0.981965,0.990982,4.635315
coupled,0.50,4,21,0.973847,0.986924,4.722124
coupled,0.50,4,22,0.974032,0.987016,4.751005
coupled,0.50,4,23,0.977389,0.988694,4.585825
coupled,0.50,4,24,0.966704,0.983352,4.471733
coupled,0.50,4,25,0.959767,0.979884,4.563293
coupled,0.50,4,26,0.960823,0.980412,4.580735
coupled,0.50,4,27,0.976244,0.988122,4.500043
coupled,0.50,4,28,0.974689,0.987345,4.644221
coupled,0.50,4,29,0.974496,0.987248,4.424749
coupled,0.50,4,30,0.964892,0.982446,4.559311
coupled,0.50,4,31,0.970953,0.985476,4.697791
coupled,0.50,4,32,0.973421,0.986711,4.637770
coupled,0.50,4,33,0.970077,0.985038,4.948404
coupled,0.50,4,34,0.981014,0.990507,4.929164
coupled,0.50,4,35,0.980366,0.990183,4.651561
coupled,0.50,4,36,0.975621,0.987810,4.742860
coupled,0.50,4,37,0.975255,0.987627,4.728002
coupled,0.50,4,38,0.983977,0.991989,4.528967
coupled,0.50,4,39,0.976980,0.988490,4.703450
coupled,0.50,4,40,0.975192,0.987596,4.648184
coupled,0.50,4,41,0.983505,0.991753,4.864035
coupled,0.50,4,42,0.981136,0.990568,4.626015
coupled,0.50,4,43,0.975664,0.987832,4.396100
coupled,0.50,4,44,0.974206,0.987103,4.777098
coupled,0.50,4,45,0.983071,0.991535,4.745742
coupled,0.50,4,46,0.978044,0.989022,4.531218
coupled,0.50,4,47,0.968259,0.984129,4.620370
coupled,0.50,4,48,0.976316,0.988158,4.555957
coupled,0.50,4,49,0.977690,0.988845,4.731909
coupled,0.50,4,50,0.981266,0.990633,4.616427
coupled,0.50,4,51,0.976930,0.988465,4.777474
coupled,0.50,4,52,0.985688,0.992844,4.635831
coupled,0.50,4,53,0.973868,0.986934,4.762547
coupled,0.50,4,54,0.963738,0.981869,4.373187
coupled,0.50,4,55,0.967573,0.983786,4.638801
coupled,0.50,4,56,0.978705,0.989353,4.773925
coupled,0.50,4,57,0.961163,0.980582,4.765304
coupled,0.50,4,58,0.973271,0.986635,4.694957
coupled,0.50,4,59,0.973004,0.986502,4.392626
coupled,0.50,4,60,0.962965,0.981482,4.395747
coupled,0.50,4,61,0.967922,0.983961,4.560958
coupled,0.50,4,62,0.964776,0.982388,4.496355
coupled,0.50,4,63,0.972128,0.986064,4.597554
coupled,0.50,4,64,0.963088,0.981544,4.639891
coupled,0.50,4,65,0.973887,0.986943,4.552773
coupled,0.50,4,66,0.968328,0.984164,4.438034
coupled,0.50,4,67,0.969065,0.984532,4.467333
coupled,0.50,4,68,0.954540,0.977270,4.521746
coupled,0.50,4,69,0.968147,0.984074,4.784504
coupled,0.50,4,70,0.982033,0.991017,4.441904
coupled,0.50,4,71,0.965555,0.982778,4.661613
coupled,0.50,4,72,0.973369,0.986685,4.516012
coupled,0.50,4,73,0.972495,0.986247,4.764055
coupled,0.50,4,74,0.980737,0.990368,4.446892
coupled,0.50,4,75,0.956006,0.978003,4.509846
coupled,0.50,4,76,0.963320,0.981660,4.592987
coupled,0.50,4,77,0.973209,0.986604,4.511636
coupled,0.50,4,78,0.975337,0.987669,4.335059
coupled,0.50,4,79,0.971450,0.985725,4.584233
coupled,0.50,4,80,0.974637,0.987319,4.594488
coupled,0.50,4,81,0.966912,0.983456,4.524983
coupled,0.50,4,82,0.968930,0.984465,4.587421
coupled,0.50,4,83,0.972983,0.986491,4.607790
coupled,0.50,4,84,0.963309,0.981655,4.795018
coupled,0.50,4,85,0.980625,0.990312,4.771018
coupled,0.50,4,86,0.965763,0.982881,4.752477
coupled,0.50,4,87,0.975519,0.987760,4.498037
coupled,0.50,4,88,0.965249,0.982624,4.664892
coupled,0.50,4,89,0.981741,0.990870,4.537118
coupled,0.50,4,90,0.970651,0.985325,4.614655
coupled,0.50,4,91,0.963593,0.981797,4.680680
coupled,0.50,4,92,0.982016,0.991008,4.478081
coupled,0.50,4,93,0.974123,0.987062,4.629140
coupled,0.50,4,94,0.979403,0.989701,4.831693
coupled,0.50,4,95,0.978214,0.989107,4.732927
coupled,0.50,4,96,0.970550,0.985275,4.661751
coupled,0.50,4,97,0.979462,0.989731,4.467058
coupled,0.50,4,98,0.969943,0.984971,4.625746
coupled,0.50,4,99,0.968145,0.984073,4.504875
coupled,0.50,4,100,0.954576,0.977288,4.460652
coupled,0.50,4,101,0.972988,0.986494,4.324521
coupled,0.50,4,102,0.965884,0.982942,4.549312
coupled,0.50,4,103,0.975940,0.987970,4.667534
coupled,0.50,4,104,0.979841,0.989921,4.676521
coupled,0.50,4,105,0.977962,0.988981,4.451106
coupled,0.50,4,106,0.973264,0.986632,4.570859
coupled,0.50,4,107,0.974525,0.987263,4.642785
coupled,0.50,4,108,0.974144,0.987072,4.591473
coupled,0.50,4,109,0.975006,0.987503,4.589560
coupled,0.50,4,110,0.971278,0.985639,4.567218
coupled,0.50,4,111,0.974803,0.987402,4.542878
coupled,0.50,4,112,0.968966,0.984483,4.980180
coupled,0.50,4,113,0.989354,0.994677,4.756387
coupled,0.50,4,114,0.958218,0.979109,4.645016
coupled,0.50,4,115,0.980845,0.990422,4.429519
coupled,0.50,4,116,0.963312,0.981656,4.553953
coupled,0.50,4,117,0.970335,0.985168,4.434998
coupled,0.50,4,118,0.966612,0.983306,4.558254
coupled,0.50,4,119,0.961964,0.980982,4.453245
coupled,0.50,4,120,0.969243,0.984622,4.554787
coupled,0.50,4,121,0.975437,0.987719,4.807711
coupled,0.50,4,122,0.983329,0.991665,4.561288
coupled,0.50,4,123,0.972972,0.986486,4.690126
coupled,0.50,4,124,0.975350,0.987675,4.978467
coupled,0.50,4,125,0.982717,0.991359,4.683267
coupled,0.50,4,126,0.974921,0.987460,4.873551
coupled,0.50,4,127,0.980485,0.990243,4.779049
coupled,0.50,4,128,0.981053,0.990526,4.566692
coupled,0.50,4,129,0.967694,0.983847,4.758866
coupled,0.50,4,130,0.983108,0.991554,4.578203
coupled,0.50,4,131,0.968427,0.984214,4.628644
coupled,0.50,4,132,0.975539,0.987770,5.038024
coupled,0.50,4,133,0.986351,0.993176,4.557004
coupled,0.50,4,134,0.971555,0.985777,4.374223
coupled,0.50,4,135,0.963127,0.981563,4.243559
coupled,0.50,4,136,0.951071,0.975536,4.223730
coupled,0.50,4,137,0.961533,0.980766,4.711829
coupled,0.50,4,138,0.967347,0.983673,4.682503
coupled,0.50,4,139,0.974284,0.987142,4.545672
coupled,0.50,4,140,0.955083,0.977542,4.530602
coupled,0.50,4,141,0.976276,0.988138,4.601641
coupled,0.50,4,142,0.973417,0.986708,4.752424
coupled,0.50,4,143,0.982427,0.991214,4.534159
coupled,0.50,4,144,0.970153,0.985076,4.876818
coupled,0.50,4,145,0.981755,0.990878,4.703512
coupled,0.50,4,146,0.970072,0.985036,4.738173
coupled,0.50,4,147,0.968182,0.984091,4.248937
coupled,0.50,4,148,0.942957,0.971478,4.612337
coupled,0.50,4,149,0.978661,0.989330,4.367923
coupled,0.50,4,150,0.980122,0.990061,4.191390
coupled,0.50,4,151,0.955960,0.977980,4.656658
coupled,0.50,4,152,0.970214,0.985107,4.735603
coupled,0.50,4,153,0.981054,0.990527,4.548566
coupled,0.50,4,154,0.975708,0.987854,4.373183
coupled,0.50,4,155,0.958841,0.979420,4.594905
coupled,0.50,4,156,0.976996,0.988498,4.759812
coupled,0.50,4,157,0.981780,0.990890,4.760201
coupled,0.50,4,158,0.976209,0.988105,4.924817
coupled,0.50,4,159,0.982560,0.991280,4.501789
coupled,0.50,4,160,0.971016,0.985508,4.667118
coupled,0.50,4,161,0.976085,0.988043,4.769994
coupled,0.50,4,162,0.983775,0.991888,4.710917
coupled,0.50,4,163,0.978722,0.989361,4.668264
coupled,0.50,4,164,0.982868,0.991434,4.622033
coupled,0.50,4,165,0.980047,0.990024,4.690070
coupled,0.50,4,166,0.978302,0.989151,4.786518
coupled,0.50,4,167,0.984045,0.992022,4.456868
coupled,0.50,4,168,0.974783,0.987391,4.562205
coupled,0.50,4,169,0.966889,0.983444,4.477962
coupled,0.50,4,170,0.971341,0.985671,4.629937
coupled,0.50,4,171,0.969124,0.984562,4.932287
coupled,0.50,4,172,0.983797,0.991898,4.512317
coupled,0.50,4,173,0.980944,0.990472,4.560429
coupled,0.50,4,174,0.965917,0.982959,4.613089
coupled,0.50,4,175,0.974479,0.987239,4.218784
coupled,0.50,4,176,0.957084,0.978542,4.540994
coupled,0.50,4,177,0.972111,0.986056,4.539553
coupled,0.50,4,178,0.971241,0.985620,4.725544
coupled,0.50,4,179,0.981369,0.990685,4.433366
coupled,0.50,4,180,0.966961,0.983480,4.685113
coupled,0.50,4,181,0.979250,0.989625,4.441139
coupled,0.50,4,182,0.976093,0.988047,4.556438
coupled,0.50,4,183,0.974905,0.987452,4.517071
coupled,0.50,4,184,0.961766,0.980883,4.523827
coupled,0.50,4,185,0.974652,0.987326,4.629305
coupled,0.50,4,186,0.982587,0.991294,4.505900
coupled,0.50,4,187,0.970378,0.985189,4.224621
coupled,0.50,4,188,0.938513,0.969257,4.549150
coupled,0.50,4,189,0.974643,0.987322,4.479558
coupled,0.50,4,190,0.970122,0.985061,4.323870
coupled,0.50,4,191,0.970631,0.985316,4.439472
coupled,0.50,4,192,0.965229,0.982615,4.665711
coupled,0.50,4,193,0.985013,0.992507,4.797837
coupled,0.50,4,194,0.981077,0.990538,4.618050
coupled,0.50,4,195,0.973744,0.986872,4.693735
coupled,0.50,4,196,0.978552,0.989276,4.415421
coupled,0.50,4,197,0.967993,0.983997,4.533130
coupled,0.50,4,198,0.967087,0.983543,4.480939
coupled,0.50,4,199,0.973723,0.986861,4.606865
coupled,0.50,4,200,0.978379,0.989190,4.647376
coupled,0.50,4,201,0.959452,0.979726,4.583726
coupled,0.50,4,202,0.972092,0.986046,4.543965
coupled,0.50,4,203,0.960140,0.980070,4.352056
coupled,0.50,4,204,0.967864,0.983932,4.667599
coupled,0.50,4,205,0.984326,0.992163,4.942205
coupled,0.50,4,206,0.973564,0.986782,4.884694
coupled,0.50,4,207,0.972922,0.986461,4.696549
coupled,0.50,4,208,0.978571,0.989286,4.550230
coupled,0.50,4,209,0.974386,0.987193,4.683218
coupled,0.50,4,210,0.981915,0.990957,4.649691
coupled,0.50,4,211,0.975621,0.987810,4.742448
coupled,0.50,4,212,0.970196,0.985098,4.519817
coupled,0.50,4,213,0.977724,0.988862,4.633093
coupled,0.50,4,214,0.982657,0.991329,4.703088
coupled,0.50,4,215,0.979234,0.989617,4.635344
coupled,0.50,4,216,0.964312,0.982156,4.524975
coupled,0.50,4,217,0.971183,0.985592,4.690779
coupled,0.50,4,218,0.978991,0.989496,4.813692
coupled,0.50,4,219,0.976080,0.988040,4.810658
coupled,0.50,4,220,0.978025,0.989012,4.695031
coupled,0.50,4,221,0.976347,0.988173,4.786351
coupled,0.50,4,222,0.976818,0.988409,4.500453
coupled,0.50,4,223,0.942701,0.971351,4.581437
coupled,0.50,4,224,0.975928,0.987964,4.425731
coupled,0.50,4,225,0.974981,0.987491,4.494816
coupled,0.50,4,226,0.974512,0.987256,4.649050
coupled,0.50,4,227,0.976635,0.988317,4.694157
coupled,0.50,4,228,0.985142,0.992571,4.317920
coupled,0.50,4,229,0.945852,0.972926,4.515646
coupled,0.50,4,230,0.971874,0.985937,4.546807
coupled,0.50,4,231,0.975654,0.987827,4.694014
coupled,0.50,4,232,0.963610,0.981805,4.461930
coupled,0.50,4,233,0.968355,0.984178,4.681353
coupled,0.50,4,234,0.977087,0.988544,4.726652
coupled,0.50,4,235,0.969195,0.984597,4.535815
coupled,0.50,4,236,0.973389,0.986695,4.603085
coupled,0.50,4,237,0.969822,0.984911,4.823114
coupled,0.50,4,238,0.980314,0.990157,4.791421
coupled,0.50,4,239,0.984174,0.992087,4.707000
coupled,0.50,4,240,0.980876,0.990438,4.280186
coupled,0.50,4,241,0.965205,0.982603,4.738359
coupled,0.50,4,242,0.987446,0.993723,4.722823
coupled,0.50,4,243,0.972668,0.986334,4.521142
coupled,0.50,4,244,0.971702,0.985851,4.537028
coupled,0.50,4,245,0.974256,0.987128,4.878816
coupled,0.50,4,246,0.987956,0.993978,4.580149
coupled,0.50,4,247,0.966815,0.983407,4.785957
coupled,0.50,4,248,0.983416,0.991708,4.503588
coupled,0.50,4,249,0.964565,0.982283,4.507532
coupled,0.50,4,250,0.965804,0.982902,4.708109
coupled,0.50,4,251,0.965333,0.982667,4.989611
coupled,0.50,4,252,0.985926,0.992963,4.837443
coupled,0.50,4,253,0.978038,0.989019,4.651325
coupled,0.50,4,254,0.975767,0.987884,4.574222
coupled,0.50,4,255,0.968085,0.984042,4.412713
coupled,0.50,4,256,0.968549,0.984274,4.703367
coupled,0.50,4,257,0.978474,0.989237,4.869449
coupled,0.50,4,258,0.978855,0.989427,4.803873
coupled,0.50,4,259,0.981823,0.990912,4.652847
coupled,0.50,4,260,0.977747,0.988874,4.613325
coupled,0.50,4,261,0.977257,0.988628,4.386341
coupled,0.50,4,262,0.956480,0.978240,4.868831
coupled,0.50,4,263,0.985205,0.992603,4.827455
coupled,0.50,4,264,0.984279,0.992140,4.770013
coupled,0.50,4,265,0.979978,0.989989,4.923531
coupled,0.50,4,266,0.982903,0.991451,4.474346
coupled,0.50,4,267,0.956644,0.978322,4.889760
coupled,0.50,4,268,0.990987,0.995494,4.689490
coupled,0.50,4,269,0.966465,0.983233,4.760988
coupled,0.50,4,270,0.980448,0.990224,4.578675
coupled,0.50,4,271,0.965356,0.982678,4.391714
coupled,0.50,4,272,0.982368,0.991184,4.585892
coupled,0.50,4,273,0.957959,0.978980,4.638288
coupled,0.50,4,274,0.965272,0.982636,4.638441
coupled,0.50,4,275,0.968681,0.984340,4.310131
coupled,0.50,4,276,0.961629,0.980815,4.413793
coupled,0.50,4,277,0.973206,0.986603,4.789733
coupled,0.50,4,278,0.981710,0.990855,4.729341
coupled,0.50,4,279,0.966981,0.983491,4.816661
coupled,0.50,4,280,0.981527,0.990763,4.646682
coupled,0.50,4,281,0.983895,0.991947,4.673877
coupled,0.50,4,282,0.961180,0.980590,4.520696
coupled,0.50,4,283,0.977970,0.988985,4.681991
coupled,0.50,4,284,0.986406,0.993203,4.835418
coupled,0.50,4,285,0.983267,0.991633,4.581858
coupled,0.50,4,286,0.979486,0.989743,4.620074
coupled,0.50,4,287,0.967641,0.983820,4.454084
coupled,0.50,4,288,0.968730,0.984365,4.530844
coupled,0.50,4,289,0.966448,0.983224,4.656980
coupled,0.50,4,290,0.976344,0.988172,4.556219
coupled,0.50,4,291,0.977876,0.988938,4.908486
coupled,0.50,4,292,0.983816,0.991908,4.710197
coupled,0.50,4,293,0.980231,0.990115,4.711126
coupled,0.50,4,294,0.966674,0.983337,4.342228
coupled,0.50,4,295,0.968721,0.984360,4.799617
coupled,0.50,4,296,0.978985,0.989493,4.601452
coupled,0.50,4,297,0.967643,0.983821,4.607645
coupled,0.50,4,298,0.970007,0.985004,4.439645
coupled,0.50,4,299,0.970482,0.985241,4.633161
coupled,0.50,4,300,0.982690,0.991345,4.762561
coupled,0.50,4,301,0.977928,0.988964,4.740540
coupled,0.50,4,302,0.978857,0.989428,4.773169
coupled,0.50,4,303,0.977804,0.988902,4.491838
coupled,0.50,4,304,0.974761,0.987381,4.679803
coupled,0.50,4,305,0.968063,0.984032,4.588335
coupled,0.50,4,306,0.974587,0.987293,4.695973
coupled,0.50,4,307,0.982889,0.991444,4.763686
coupled,0.50,4,308,0.974148,0.987074,4.565093
coupled,0.50,4,309,0.966588,0.983294,4.559504
coupled,0.50,4,310,0.972130,0.986065,4.368601
coupled,0.50,4,311,0.953081,0.976541,4.488268
coupled,0.50,4,312,0.956300,0.978150,4.298488
coupled,0.50,4,313,0.957156,0.978578,4.743838
coupled,0.50,4,314,0.977554,0.988777,4.610263
coupled,0.50,4,315,0.974923,0.987462,4.752652
coupled,0.50,4,316,0.972088,0.986044,4.529304
coupled,0.50,4,317,0.951394,0.975697,4.702243
coupled,0.50,4,318,0.974360,0.987180,4.394937
coupled,0.50,4,319,0.956423,0.978212,4.643390
coupled,0.50,4,320,0.974510,0.987255,4.677225
coupled,0.50,4,321,0.972738,0.986369,4.383021
coupled,0.50,4,322,0.974625,0.987312,4.617321
coupled,0.50,4,323,0.965938,0.982969,4.602072
coupled,0.50,4,324,0.975591,0.987796,4.450846
coupled,0.50,4,325,0.960276,0.980138,4.523297
coupled,0.50,4,326,0.971226,0.985613,4.405750
coupled,0.50,4,327,0.963025,0.981513,4.607694
coupled,0.50,4,328,0.971365,0.985682,4.790053
coupled,0.50,4,329,0.979538,0.989769,4.629794
coupled,0.50,4,330,0.976011,0.988005,4.800013
coupled,0.50,4,331,0.963657,0.981828,4.732588
coupled,0.50,4,332,0.972102,0.986051,4.740755
coupled,0.50,4,333,0.978327,0.989163,4.679837
coupled,0.50,4,334,0.977466,0.988733,4.780221
coupled,0.50,4,335,0.981750,0.990875,4.587000
coupled,0.50,4,336,0.968263,0.984132,4.463991
coupled,0.50,4,337,0.947990,0.973995,4.543041
coupled,0.50,4,338,0.979264,0.989632,4.467156
coupled,0.50,4,339,0.948259,0.974130,4.682809
coupled,0.50,4,340,0.956586,0.978293,4.851628
coupled,0.50,4,341,0.986875,0.993437,4.814793
coupled,0.50,4,342,0.977254,0.988627,4.410458
coupled,0.50,4,343,0.968474,0.984237,4.785718
coupled,0.50,4,344,0.988334,0.994167,4.790041
coupled,0.50,4,345,0.980729,0.990364,4.914849
coupled,0.50,4,346,0.980506,0.990253,4.547764
coupled,0.50,4,347,0.968147,0.984074,4.525020
coupled,0.50,4,348,0.959717,0.979859,4.518643
coupled,0.50,4,349,0.975781,0.987891,4.746072
coupled,0.50,4,350,0.984288,0.992144,4.830103
coupled,0.50,4,351,0.979215,0.989608,4.890840
coupled,0.50,4,352,0.978753,0.989377,4.695397
coupled,0.50,4,353,0.979196,0.989598,4.550934
coupled,0.50,4,354,0.975922,0.987961,4.249025
coupled,0.50,4,355,0.970963,0.985482,4.444007
coupled,0.50,4,356,0.978636,0.989318,4.603428
coupled,0.50,4,357,0.962995,0.981497,4.457103
coupled,0.50,4,358,0.974819,0.987409,4.770190
coupled,0.50,4,359,0.984303,0.992152,4.703310
coupled,0.50,4,360,0.985262,0.992631,4.839583
coupled,0.50,4,361,0.975015,0.987507,4.582660
coupled,0.50,4,362,0.981467,0.990733,4.382916
coupled,0.50,4,363,0.968639,0.984320,4.384220
coupled,0.50,4,364,0.953488,0.976744,4.662924
coupled,0.50,4,365,0.964052,0.982026,4.372621
coupled,0.50,4,366,0.956003,0.978002,4.581468
coupled,0.50,4,367,0.974946,0.987473,4.800450
coupled,0.50,4,368,0.983836,0.991918,4.767983
coupled,0.50,4,369,0.977624,0.988812,4.329470
coupled,0.50,4,370,0.973504,0.986752,4.636159
coupled,0.50,4,371,0.975735,0.987867,4.608193
coupled,0.50,4,372,0.979019,0.989509,4.347044
coupled,0.50,4,373,0.967236,0.983618,4.296799
coupled,0.50,4,374,0.965181,0.982591,4.596377
coupled,0.50,4,375,0.978492,0.989246,4.756660
coupled,0.50,4,376,0.977440,0.988720,4.538298
coupled,0.50,4,377,0.968311,0.984156,4.358643
coupled,0.50,4,378,0.969587,0.984793,4.402431
coupled,0.50,4,379,0.963357,0.981678,4.568724
coupled,0.50,4,380,0.980569,0.990284,4.490840
coupled,0.50,4,381,0.957026,0.978513,4.444413
coupled,0.50,4,382,0.966282,0.983141,4.648646
coupled,0.50,4,383,0.982523,0.991261,4.778694
coupled,0.50,4,384,0.972438,0.986219,4.793688
coupled,0.50,4,385,0.980488,0.990244,4.801722
coupled,0.50,4,386,0.974608,0.987304,4.694540
coupled,0.50,4,387,0.982269,0.991134,4.792107
coupled,0.50,4,388,0.988324,0.994162,4.935486
coupled,0.50,4,389,0.980639,0.990319,4.631045
coupled,0.50,4,390,0.972173,0.986087,4.610810
coupled,0.50,4,391,0.972307,0.986154,4.804869
coupled,0.50,4,392,0.985774,0.992887,4.866273
coupled,0.50,4,393,0.982697,0.991348,4.593184
coupled,0.50,4,394,0.970536,0.985268,4.586404
coupled,0.50,4,395,0.972770,0.986385,4.897207
coupled,0.50,4,396,0.980283,0.990141,4.560389
coupled,0.50,4,397,0.970391,0.985196,4.779824
coupled,0.50,4,398,0.971153,0.985577,4.636144
coupled,0.50,4,399,0.965293,0.982646,4.448807
coupled,0.50,4,400,0.968131,0.984065,4.752702
coupled,0.50,4,401,0.975810,0.987905,4.525886
coupled,0.50,4,402,0.962986,0.981493,4.721439
coupled,0.50,4,403,0.980741,0.990370,4.678936
coupled,0.50,4,404,0.953023,0.976512,4.763729
coupled,0.50,4,405,0.972684,0.986342,4.752774
coupled,0.50,4,406,0.977055,0.988527,4.476756
coupled,0.50,4,407,0.941354,0.970677,4.528559
coupled,0.50,4,408,0.963064,0.981532,4.699945
coupled,0.50,4,409,0.980376,0.990188,4.354802
coupled,0.50,4,410,0.955011,0.977505,4.646229
coupled,0.50,4,411,0.974012,0.987006,4.302526
coupled,0.50,4,412,0.959104,0.979552,4.368113
coupled,0.50,4,413,0.970687,0.985343,4.389622
coupled,0.50,4,414,0.953820,0.976910,4.443672
coupled,0.50,4,415,0.956916,0.978458,4.541714
coupled,0.50,4,416,0.982363,0.991182,4.740631
coupled,0.50,4,417,0.983134,0.991567,4.622181
coupled,0.50,4,418,0.968424,0.984212,4.382928
coupled,0.50,4,419,0.974163,0.987081,4.646172
coupled,0.50,4,420,0.970638,0.985319,4.771594
coupled,0.50,4,421,0.962487,0.981244,4.629124
coupled,0.50,4,422,0.967429,0.983715,4.209908
coupled,0.50,4,423,0.964716,0.982358,4.427606
coupled,0.50,4,424,0.972615,0.986308,4.463650
coupled,0.50,4,425,0.971988,0.985994,4.412551
coupled,0.50,4,426,0.963094,0.981547,4.291357
coupled,0.50,4,427,0.943740,0.971870,4.512077
coupled,0.50,4,428,0.963273,0.981636,4.605317
coupled,0.50,4,429,0.972434,0.986217,4.557168
coupled,0.50,4,430,0.964341,0.982171,4.564049
coupled,0.50,4,431,0.972202,0.986101,4.536383
coupled,0.50,4,432,0.960277,0.980139,4.566147
coupled,0.50,4,433,0.979151,0.989576,4.571033
coupled,0.50,4,434,0.976216,0.988108,4.621874
coupled,0.50,4,435,0.984085,0.992042,4.299817
coupled,0.50,4,436,0.941264,0.970632,4.719012
coupled,0.50,4,437,0.981562,0.990781,4.743828
coupled,0.50,4,438,0.968196,0.984098,4.360186
coupled,0.50,4,439,0.963542,0.981771,4.203279
coupled,0.50,4,440,0.961868,0.980934,4.724357
coupled,0.50,4,441,0.972663,0.986332,4.893972
coupled,0.50,4,442,0.984265,0.992133,4.712239
coupled,0.50,4,443,0.980156,0.990078,4.779734
coupled,0.50,4,444,0.983878,0.991939,4.492851
coupled,0.50,4,445,0.974108,0.987054,4.451405
coupled,0.50,4,446,0.979521,0.989760,4.584966
coupled,0.50,4,447,0.984201,0.992101,4.622712
coupled,0.50,4,448,0.977722,0.988861,4.491280
coupled,0.50,4,449,0.972018,0.986009,4.755211
coupled,0.50,4,450,0.984949,0.992474,4.645942
coupled,0.50,4,451,0.979923,0.989962,4.718039
coupled,0.50,4,452,0.984311,0.992155,4.713929
coupled,0.50,4,453,0.978568,0.989284,4.606522
coupled,0.50,4,454,0.972159,0.986080,4.499967
coupled,0.50,4,455,0.973093,0.986546,4.654937
coupled,0.50,4,456,0.959737,0.979869,4.379052
coupled,0.50,4,457,0.955114,0.977557,4.276742
coupled,0.50,4,458,0.959089,0.979544,4.760553
coupled,0.50,4,459,0.980524,0.990262,4.636860
coupled,0.50,4,460,0.977390,0.988695,4.504008
coupled,0.50,4,461,0.956534,0.978267,4.533908
coupled,0.50,4,462,0.970570,0.985285,4.722579
coupled,0.50,4,463,0.980669,0.990335,4.799786
coupled,0.50,4,464,0.977828,0.988914,4.721830
coupled,0.50,4,465,0.971217,0.985608,4.713102
coupled,0.50,4,466,0.982231,0.991115,4.654222
coupled,0.50,4,467,0.955453,0.977726,4.673369
coupled,0.50,4,468,0.972844,0.986422,4.517523
coupled,0.50,4,469,0.967887,0.983943,4.658374
coupled,0.50,4,470,0.957476,0.978738,4.719171
coupled,0.50,4,471,0.977619,0.988809,4.720378
coupled,0.50,4,472,0.981924,0.990962,4.607627
coupled,0.50,4,473,0.977764,0.988882,4.576891
coupled,0.50,4,474,0.976913,0.988456,4.605400
coupled,0.50,4,475,0.977678,0.988839,4.739769
coupled,0.50,4,476,0.976371,0.988186,4.676655
coupled,0.50,4,477,0.982144,0.991072,4.511421
coupled,0.50,4,478,0.965954,0.982977,4.634234
coupled,0.50,4,479,0.975472,0.987736,4.702438
coupled,0.50,4,480,0.977966,0.988983,4.647324
coupled,0.50,4,481,0.971334,0.985667,4.655259
coupled,0.50,4,482,0.964365,0.982182,4.706117
coupled,0.50,4,483,0.984306,0.992153,4.860507
coupled,0.50,4,484,0.985025,0.992512,4.468119
coupled,0.50,4,485,0.968954,0.984477,4.921025
coupled,0.50,4,486,0.986348,0.993174,5.082261
coupled,0.50,4,487,0.987314,0.993657,4.713135
coupled,0.50,4,488,0.978379,0.989190,4.655300
coupled,0.50,4,489,0.975054,0.987527,4.532191
coupled,0.50,4,490,0.972450,0.986225,4.201487
coupled,0.50,4,491,0.954354,0.977177,4.622324
coupled,0.50,4,492,0.976808,0.988404,4.601424
coupled,0.50,4,493,0.976337,0.988169,4.793021
coupled,0.50,4,494,0.986613,0.993306,4.877536
coupled,0.50,4,495,0.979219,0.989610,4.479542
coupled,0.50,4,496,0.963833,0.981916,4.779002
coupled,0.50,4,497,0.973841,0.986920,4.643381
coupled,0.50,4,498,0.983649,0.991825,4.852609
coupled,0.50,4,499,0.970771,0.985385,4.341264
coupled,1.00,4,0,0.968375,0.968375,4.709003
coupled,1.00,4,1,0.976013,0.976013,4.569069
coupled,1.00,4,2,0.976922,0.976922,4.463834
coupled,1.00,4,3,0.944494,0.944494,4.479003
coupled,1.00,4,4,0.973423,0.973423,4.498096
coupled,1.00,4,5,0.972305,0.972305,4.790527
coupled,1.00,4,6,0.979302,0.979302,4.568923
coupled,1.00,4,7,0.972795,0.972795,4.467985
coupled,1.00,4,8,0.977504,0.977504,4.768907
coupled,1.00,4,9,0.985376,0.985376,4.463029
coupled,1.00,4,10,0.969585,0.969585,4.413891
coupled,1.00,4,11,0.975938,0.975938,4.896782
coupled,1.00,4,12,0.976689,0.976689,4.659398
coupled,1.00,4,13,0.972283,0.972283,4.927564
coupled,1.00,4,14,0.984400,0.984400,4.708685
coupled,1.00,4,15,0.987516,0.987516,4.441648
coupled,1.00,4,16,0.971734,0.971734,4.959315
coupled,1.00,4,17,0.974454,0.974454,4.529739
coupled,1.00,4,18,0.967215,0.967215,4.737218
coupled,1.00,4,19,0.984121,0.984121,4.497296
coupled,1.00,4,20,0.982077,0.982077,4.531346
coupled,1.00,4,21,0.965906,0.965906,4.541782
coupled,1.00,4,22,0.975849,0.975849,4.554914
coupled,1.00,4,23,0.964438,0.964438,4.613772
coupled,1.00,4,24,0.972946,0.972946,4.372769
coupled,1.00,4,25,0.950981,0.950981,4.525473
coupled,1.00,4,26,0.959299,0.959299,4.562706
coupled,1.00,4,27,0.980839,0.980839,4.626423
coupled,1.00,4,28,0.971303,0.971303,4.407318
coupled,1.00,4,29,0.954036,0.954036,4.440848
coupled,1.00,4,30,0.963204,0.963204,4.589437
coupled,1.00,4,31,0.974840,0.974840,4.633845
coupled,1.00,4,32,0.974535,0.974535,4.496530
coupled,1.00,4,33,0.980945,0.980945,4.441655
coupled,1.00,4,34,0.970624,0.970624,4.750746
coupled,1.00,4,35,0.975092,0.975092,4.482590
coupled,1.00,4,36,0.970484,0.970484,4.327268
coupled,1.00,4,37,0.965405,0.965405,4.671673
coupled,1.00,4,38,0.958176,0.958176,4.679177
coupled,1.00,4,39,0.980056,0.980056,4.787369
coupled,1.00,4,40,0.972117,0.972117,4.877062
coupled,1.00,4,41,0.975449,0.975449,4.757352
coupled,1.00,4,42,0.976972,0.976972,4.541907
coupled,1.00,4,43,0.962482,0.962482,4.534427
coupled,1.00,4,44,0.956461,0.956461,4.676599
coupled,1.00,4,45,0.978061,0.978061,4.600493
coupled,1.00,4,46,0.976408,0.976408,4.659134
coupled,1.00,4,47,0.967725,0.967725,4.670854
coupled,1.00,4,48,0.979637,0.979637,4.649716
coupled,1.00,4,49,0.973919,0.973919,4.756516
coupled,1.00,4,50,0.979489,0.979489,4.751371
coupled,1.00,4,51,0.983417,0.983417,4.694900
coupled,1.00,4,52,0.979669,0.979669,4.663276
coupled,1.00,4,53,0.972302,0.972302,4.759003
coupled,1.00,4,54,0.982496,0.982496,4.807633
coupled,1.00,4,55,0.986154,0.986154,4.483527
coupled,1.00,4,56,0.961858,0.961858,4.549900
coupled,1.00,4,57,0.978384,0.978384,4.541160
coupled,1.00,4,58,0.967038,0.967038,4.398351
coupled,1.00,4,59,0.958642,0.958642,4.574170
coupled,1.00,4,60,0.970651,0.970651,4.627927
coupled,1.00,4,61,0.976095,0.976095,4.479349
coupled,1.00,4,62,0.967526,0.967526,4.456260
coupled,1.00,4,63,0.961735,0.961735,4.601109
coupled,1.00,4,64,0.969711,0.969711,4.800850
coupled,1.00,4,65,0.979184,0.979184,4.800430
coupled,1.00,4,66,0.978974,0.978974,4.759269
coupled,1.00,4,67,0.976265,0.976265,4.719340
coupled,1.00,4,68,0.980911,0.980911,4.865896
coupled,1.00,4,69,0.972994,0.972994,4.762930
coupled,1.00,4,70,0.981411,0.981411,4.578988
coupled,1.00,4,71,0.962144,0.962144,4.557665
coupled,1.00,4,72,0.969244,0.969244,4.605975
coupled,1.00,4,73,0.980545,0.980545,4.598664
coupled,1.00,4,74,0.968278,0.968278,4.767258
coupled,1.00,4,75,0.978951,0.978951,4.660641
coupled,1.00,4,76,0.980675,0.980675,4.703755
coupled,1.00,4,77,0.974484,0.974484,4.516581
coupled,1.00,4,78,0.964599,0.964599,4.760052
coupled,1.00,4,79,0.968781,0.968781,4.675451
coupled,1.00,4,80,0.975071,0.975071,4.704095
coupled,1.00,4,81,0.978029,0.978029,4.776216
coupled,1.00,4,82,0.972611,0.972611,4.555935
coupled,1.00,4,83,0.963141,0.963141,4.628181
coupled,1.00,4,84,0.976211,0.976211,4.684555
coupled,1.00,4,85,0.972012,0.972012,4.718063
coupled,1.00,4,86,0.971920,0.971920,4.450293
coupled,1.00,4,87,0.959381,0.959381,4.500812
coupled,1.00,4,88,0.979055,0.979055,4.439993
coupled,1.00,4,89,0.955647,0.955647,4.634654
coupled,1.00,4,90,0.969541,0.969541,4.766496
coupled,1.00,4,91,0.984672,0.984672,4.735740
coupled,1.00,4,92,0.971429,0.971429,4.716829
coupled,1.00,4,93,0.981069,0.981069,4.718039
coupled,1.00,4,94,0.980129,0.980129,4.421003
coupled,1.00,4,95,0.965262,0.965262,4.608969
coupled,1.00,4,96,0.960392,0.960392,4.710157
coupled,1.00,4,97,0.978170,0.978170,4.582164
coupled,1.00,4,98,0.974566,0.974566,4.764593
coupled,1.00,4,99,0.980572,0.980572,4.527020
coupled,1.00,4,100,0.967783,0.967783,4.448337
coupled,1.00,4,101,0.974269,0.974269,4.643908
coupled,1.00,4,102,0.977184,0.977184,4.840087
coupled,1.00,4,103,0.981136,0.981136,4.765892
coupled,1.00,4,104,0.981259,0.981259,4.703474
coupled,1.00,4,105,0.977803,0.977803,4.621795
coupled,1.00,4,106,0.971209,0.971209,4.714140
coupled,1.00,4,107,0.983974,0.983974,4.796697
coupled,1.00,4,108,0.979708,0.979708,4.502403
coupled,1.00,4,109,0.981153,0.981153,4.432321
coupled,1.00,4,110,0.967915,0.967915,4.601497
coupled,1.00,4,111,0.975102,0.975102,4.384583
coupled,1.00,4,112,0.972555,0.972555,4.861704
coupled,1.00,4,113,0.985321,0.985321,4.564680
coupled,1.00,4,114,0.966167,0.966167,4.734483
coupled,1.00,4,115,0.975732,0.975732,4.498797
coupled,1.00,4,116,0.968420,0.968420,4.395575
coupled,1.00,4,117,0.976565,0.976565,4.784095
coupled,1.00,4,118,0.980295,0.980295,4.525487
coupled,1.00,4,119,0.955483,0.955483,4.421157
coupled,1.00,4,120,0.963370,0.963370,4.436995
coupled,1.00,4,121,0.970799,0.970799,4.618214
coupled,1.00,4,122,0.976859,0.976859,4.736862
coupled,1.00,4,123,0.979474,0.979474,4.613069
coupled,1.00,4,124,0.968437,0.968437,4.720616
coupled,1.00,4,125,0.972207,0.972207,4.496909
coupled,1.00,4,126,0.976780,0.976780,4.644885
coupled,1.00,4,127,0.968069,0.968069,4.664077
coupled,1.00,4,128,0.968583,0.968583,4.648782
coupled,1.00,4,129,0.974754,0.974754,4.449636
coupled,1.00,4,130,0.970761,0.970761,4.619797
coupled,1.00,4,131,0.980206,0.980206,4.732961
coupled,1.00,4,132,0.972717,0.972717,4.703602
coupled,1.00,4,133,0.966454,0.966454,4.515766
coupled,1.00,4,134,0.973187,0.973187,4.543433
coupled,1.00,4,135,0.973191,0.973191,4.744037
coupled,1.00,4,136,0.968782,0.968782,4.676410
coupled,1.00,4,137,0.982515,0.982515,4.848740
coupled,1.00,4,138,0.985246,0.985246,4.251160
coupled,1.00,4,139,0.954852,0.954852,4.519485
coupled,1.00,4,140,0.969086,0.969086,4.840997
coupled,1.00,4,141,0.974938,0.974938,4.825872
coupled,1.00,4,142,0.979019,0.979019,4.645594
coupled,1.00,4,143,0.980883,0.980883,4.470198
coupled,1.00,4,144,0.967795,0.967795,4.526683
coupled,1.00,4,145,0.981962,0.981962,4.588927
coupled,1.00,4,146,0.981157,0.981157,4.795433
coupled,1.00,4,147,0.972352,0.972352,4.562907
coupled,1.00,4,148,0.978290,0.978290,4.603662
coupled,1.00,4,149,0.969848,0.969848,4.737143
coupled,1.00,4,150,0.976321,0.976321,4.626125
coupled,1.00,4,151,0.973294,0.973294,4.799620
coupled,1.00,4,152,0.984134,0.984134,4.750773
coupled,1.00,4,153,0.978382,0.978382,4.701715
coupled,1.00,4,154,0.977015,0.977015,4.658263
coupled,1.00,4,155,0.973631,0.973631,4.376606
coupled,1.00,4,156,0.953654,0.953654,4.680495
coupled,1.00,4,157,0.964864,0.964864,4.474925
coupled,1.00,4,158,0.961878,0.961878,4.427499
coupled,1.00,4,159,0.974412,0.974412,4.522678
coupled,1.00,4,160,0.961121,0.961121,4.693736
coupled,1.00,4,161,0.972912,0.972912,4.597879
coupled,1.00,4,162,0.978615,0.978615,4.914759
coupled,1.00,4,163,0.984907,0.984907,4.666873
coupled,1.00,4,164,0.975359,0.975359,4.577515
coupled,1.00,4,165,0.977589,0.977589,4.897213
coupled,1.00,4,166,0.986084,0.986084,4.525578
coupled,1.00,4,167,0.973514,0.973514,4.450797
coupled,1.00,4,168,0.966789,0.966789,4.621015
coupled,1.00,4,169,0.970216,0.970216,4.731448
coupled,1.00,4,170,0.978036,0.978036,4.499782
coupled,1.00,4,171,0.972165,0.972165,4.385833
coupled,1.00,4,172,0.963111,0.963111,4.671479
coupled,1.00,4,173,0.968961,0.968961,4.859893
coupled,1.00,4,174,0.970323,0.970323,4.536065
coupled,1.00,4,175,0.970223,0.970223,4.644394
coupled,1.00,4,176,0.966344,0.966344,4.669630
coupled,1.00,4,177,0.981493,0.981493,4.525985
coupled,1.00,4,178,0.970711,0.970711,4.378084
coupled,1.00,4,179,0.971534,0.971534,4.372971
coupled,1.00,4,180,0.972424,0.972424,4.594045
coupled,1.00,4,181,0.975971,0.975971,4.575559
coupled,1.00,4,182,0.976289,0.976289,4.639236
coupled,1.00,4,183,0.980164,0.980164,4.504804
coupled,1.00,4,184,0.965757,0.965757,4.527124
coupled,1.00,4,185,0.972991,0.972991,4.735995
coupled,1.00,4,186,0.981474,0.981474,4.565247
coupled,1.00,4,187,0.970041,0.970041,4.324008
coupled,1.00,4,188,0.970273,0.970273,4.416431
coupled,1.00,4,189,0.966210,0.966210,4.571342
coupled,1.00,4,190,0.965139,0.965139,4.817362
coupled,1.00,4,191,0.979649,0.979649,4.601845
coupled,1.00,4,192,0.978369,0.978369,4.520871
coupled,1.00,4,193,0.971605,0.971605,4.526115
coupled,1.00,4,194,0.958400,0.958400,4.545673
coupled,1.00,4,195,0.972211,0.972211,4.583024
coupled,1.00,4,196,0.955192,0.955192,4.716093
coupled,1.00,4,197,0.980883,0.980883,4.788153
coupled,1.00,4,198,0.981599,0.981599,4.535467
coupled,1.00,4,199,0.979752,0.979752,4.514083
coupled,1.00,4,200,0.972229,0.972229,4.517615
coupled,1.00,4,201,0.965902,0.965902,4.622473
coupled,1.00,4,202,0.977881,0.977881,4.442291
coupled,1.00,4,203,0.949542,0.949542,4.301042
coupled,1.00,4,204,0.964220,0.964220,4.586539
coupled,1.00,4,205,0.980329,0.980329,4.791804
coupled,1.00,4,206,0.974322,0.974322,4.388848
coupled,1.00,4,207,0.965715,0.965715,4.601681
coupled,1.00,4,208,0.975532,0.975532,4.578770
coupled,1.00,4,209,0.971249,0.971249,4.531282
coupled,1.00,4,210,0.963560,0.963560,4.563798
coupled,1.00,4,211,0.977239,0.977239,4.588431
coupled,1.00,4,212,0.978840,0.978840,4.570190
coupled,1.00,4,213,0.965626,0.965626,4.763708
coupled,1.00,4,214,0.980525,0.980525,4.787627
coupled,1.00,4,215,0.985736,0.985736,4.595439
coupled,1.00,4,216,0.957210,0.957210,4.736015
coupled,1.00,4,217,0.978226,0.978226,4.732359
coupled,1.00,4,218,0.972361,0.972361,4.509914
coupled,1.00,4,219,0.975782,0.975782,4.431241
coupled,1.00,4,220,0.976347,0.976347,4.840102
coupled,1.00,4,221,0.981245,0.981245,4.592906
coupled,1.00,4,222,0.973712,0.973712,4.673368
coupled,1.00,4,223,0.978330,0.978330,4.759624
coupled,1.00,4,224,0.976620,0.976620,4.377443
coupled,1.00,4,225,0.956544,0.956544,4.764103
coupled,1.00,4,226,0.984812,0.984812,4.647104
coupled,1.00,4,227,0.972582,0.972582,4.769898
coupled,1.00,4,228,0.972788,0.972788,4.779755
coupled,1.00,4,229,0.972945,0.972945,4.485826
coupled,1.00,4,230,0.971875,0.971875,4.609348
coupled,1.00,4,231,0.976595,0.976595,4.427003
coupled,1.00,4,232,0.961668,0.961668,4.418522
coupled,1.00,4,233,0.964942,0.964942,4.691363
coupled,1.00,4,234,0.978130,0.978130,4.659883
coupled,1.00,4,235,0.982458,0.982458,4.519622
coupled,1.00,4,236,0.977510,0.977510,4.802820
coupled,1.00,4,237,0.978638,0.978638,4.638432
coupled,1.00,4,238,0.977459,0.977459,4.547740
coupled,1.00,4,239,0.982521,0.982521,4.716159
coupled,1.00,4,240,0.984013,0.984013,4.624341
coupled,1.00,4,241,0.967229,0.967229,4.707857
coupled,1.00,4,242,0.980653,0.980653,4.758961
coupled,1.00,4,243,0.976160,0.976160,4.601079
coupled,1.00,4,244,0.960498,0.960498,4.765378
coupled,1.00,4,245,0.977813,0.977813,4.408571
coupled,1.00,4,246,0.967378,0.967378,4.213070
coupled,1.00,4,247,0.959470,0.959470,4.568904
coupled,1.00,4,248,0.978204,0.978204,4.912794
coupled,1.00,4,249,0.983526,0.983526,4.558629
coupled,1.00,4,250,0.949947,0.949947,4.767113
coupled,1.00,4,251,0.977525,0.977525,4.729132
coupled,1.00,4,252,0.979282,0.979282,4.666027
coupled,1.00,4,253,0.979310,0.979310,4.630984
coupled,1.00,4,254,0.969100,0.969100,4.632309
coupled,1.00,4,255,0.980765,0.980765,4.728421
coupled,1.00,4,256,0.971983,0.971983,4.779811
coupled,1.00,4,257,0.976197,0.976197,4.552721
coupled,1.00,4,258,0.966167,0.966167,4.866914
coupled,1.00,4,259,0.984919,0.984919,4.694422
coupled,1.00,4,260,0.976536,0.976536,4.697401
coupled,1.00,4,261,0.979278,0.979278,4.701510
coupled,1.00,4,262,0.970451,0.970451,4.789471
coupled,1.00,4,263,0.978240,0.978240,4.624231
coupled,1.00,4,264,0.971636,0.971636,4.596513
coupled,1.00,4,265,0.970427,0.970427,4.673579
coupled,1.00,4,266,0.984920,0.984920,4.622845
coupled,1.00,4,267,0.974667,0.974667,4.605593
coupled,1.00,4,268,0.978213,0.978213,4.600593
coupled,1.00,4,269,0.965747,0.965747,4.753192
coupled,1.00,4,270,0.976382,0.976382,4.692991
coupled,1.00,4,271,0.982448,0.982448,4.613132
coupled,1.00,4,272,0.977493,0.977493,4.504898
coupled,1.00,4,273,0.974471,0.974471,4.537419
coupled,1.00,4,274,0.967735,0.967735,4.723828
coupled,1.00,4,275,0.979030,0.979030,4.574814
coupled,1.00,4,276,0.979712,0.979712,4.531142
coupled,1.00,4,277,0.974735,0.974735,4.544188
coupled,1.00,4,278,0.975673,0.975673,4.721682
coupled,1.00,4,279,0.984850,0.984850,4.561425
coupled,1.00,4,280,0.972358,0.972358,4.490776
coupled,1.00,4,281,0.975043,0.975043,4.502630
coupled,1.00,4,282,0.967500,0.967500,4.568156
coupled,1.00,4,283,0.969114,0.969114,4.533967
coupled,1.00,4,284,0.976598,0.976598,4.504540
coupled,1.00,4,285,0.974106,0.974106,4.676802
coupled,1.00,4,286,0.986150,0.986150,4.500246
coupled,1.00,4,287,0.967494,0.967494,4.437690
coupled,1.00,4,288,0.966414,0.966414,4.557675
coupled,1.00,4,289,0.977377,0.977377,4.591619
coupled,1.00,4,290,0.978425,0.978425,4.737512
coupled,1.00,4,291,0.977146,0.977146,4.579509
coupled,1.00,4,292,0.974022,0.974022,4.575834
coupled,1.00,4,293,0.962158,0.962158,4.535875
coupled,1.00,4,294,0.967015,0.967015,4.786985
coupled,1.00,4,295,0.974926,0.974926,4.557915
coupled,1.00,4,296,0.961267,0.961267,4.542740
coupled,1.00,4,297,0.960120,0.960120,4.672453
coupled,1.00,4,298,0.976445,0.976445,4.901447
coupled,1.00,4,299,0.986538,0.986538,4.825668
coupled,1.00,4,300,0.981611,0.981611,4.714672
coupled,1.00,4,301,0.969126,0.969126,4.776731
coupled,1.00,4,302,0.975356,0.975356,4.719170
coupled,1.00,4,303,0.970281,0.970281,4.628353
coupled,1.00,4,304,0.972243,0.972243,4.493277
coupled,1.00,4,305,0.970808,0.970808,4.458295
coupled,1.00,4,306,0.954411,0.954411,4.743751
coupled,1.00,4,307,0.974053,0.974053,4.553072
coupled,1.00,4,308,0.974407,0.974407,4.446434
coupled,1.00,4,309,0.971901,0.971901,4.633768
coupled,1.00,4,310,0.974363,0.974363,4.495518
coupled,1.00,4,311,0.965443,0.965443,4.660528
coupled,1.00,4,312,0.975984,0.975984,4.498291
coupled,1.00,4,313,0.972354,0.972354,4.729825
coupled,1.00,4,314,0.973118,0.973118,4.531023
coupled,1.00,4,315,0.960695,0.960695,4.677155
coupled,1.00,4,316,0.975952,0.975952,4.476572
coupled,1.00,4,317,0.975359,0.975359,4.527796
coupled,1.00,4,318,0.973069,0.973069,4.789233
coupled,1.00,4,319,0.974675,0.974675,4.872344
coupled,1.00,4,320,0.981327,0.981327,4.506997
coupled,1.00,4,321,0.947562,0.947562,4.562816
coupled,1.00,4,322,0.967538,0.967538,4.674558
coupled,1.00,4,323,0.972777,0.972777,4.631165
coupled,1.00,4,324,0.978478,0.978478,4.600751
coupled,1.00,4,325,0.978349,0.978349,4.652418
coupled,1.00,4,326,0.975525,0.975525,4.361829
coupled,1.00,4,327,0.968802,0.968802,4.943491
coupled,1.00,4,328,0.988678,0.988678,4.788170
coupled,1.00,4,329,0.976014,0.976014,4.753297
coupled,1.00,4,330,0.968119,0.968119,4.772914
coupled,1.00,4,331,0.974148,0.974148,4.359556
coupled,1.00,4,332,0.959488,0.959488,4.311943
coupled,1.00,4,333,0.951213,0.951213,4.645333
coupled,1.00,4,334,0.976834,0.976834,4.946459
coupled,1.00,4,335,0.984747,0.984747,4.584500
coupled,1.00,4,336,0.973119,0.973119,4.621329
coupled,1.00,4,337,0.970897,0.970897,4.446414
coupled,1.00,4,338,0.956887,0.956887,4.670745
coupled,1.00,4,339,0.957977,0.957977,4.401770
coupled,1.00,4,340,0.961686,0.961686,4.556072
coupled,1.00,4,341,0.978425,0.978425,4.567996
coupled,1.00,4,342,0.973697,0.973697,4.477867
coupled,1.00,4,343,0.970159,0.970159,4.514718
coupled,1.00,4,344,0.976302,0.976302,4.864235
coupled,1.00,4,345,0.980926,0.980926,4.690467
coupled,1.00,4,346,0.981897,0.981897,4.936040
coupled,1.00,4,347,0.977359,0.977359,4.878131
coupled,1.00,4,348,0.978341,0.978341,4.630759
coupled,1.00,4,349,0.951258,0.951258,4.647673
coupled,1.00,4,350,0.980514,0.980514,4.495888
coupled,1.00,4,351,0.969813,0.969813,4.866579
coupled,1.00,4,352,0.982500,0.982500,4.814322
coupled,1.00,4,353,0.975361,0.975361,4.613762
coupled,1.00,4,354,0.976978,0.976978,4.432239
coupled,1.00,4,355,0.949329,0.949329,4.915705
coupled,1.00,4,356,0.982742,0.982742,4.586385
coupled,1.00,4,357,0.970295,0.970295,4.599031
coupled,1.00,4,358,0.971631,0.971631,4.765540
coupled,1.00,4,359,0.976848,0.976848,4.771712
coupled,1.00,4,360,0.981913,0.981913,4.652006
coupled,1.00,4,361,0.980485,0.980485,4.709253
coupled,1.00,4,362,0.973629,0.973629,4.703442
coupled,1.00,4,363,0.980417,0.980417,4.528901
coupled,1.00,4,364,0.977036,0.977036,4.284398
coupled,1.00,4,365,0.946814,0.946814,4.402073
coupled,1.00,4,366,0.970166,0.970166,4.728902
coupled,1.00,4,367,0.973388,0.973388,4.517865
coupled,1.00,4,368,0.954951,0.954951,4.594462
coupled,1.00,4,369,0.972170,0.972170,4.586300
coupled,1.00,4,370,0.977958,0.977958,4.682768
coupled,1.00,4,371,0.977163,0.977163,4.447542
coupled,1.00,4,372,0.970182,0.970182,4.548237
coupled,1.00,4,373,0.972315,0.972315,4.898872
coupled,1.00,4,374,0.979552,0.979552,4.645118
coupled,1.00,4,375,0.977930,0.977930,4.287528
coupled,1.00,4,376,0.970358,0.970358,4.350968
coupled,1.00,4,377,0.953321,0.953321,4.515127
coupled,1.00,4,378,0.973411,0.973411,4.282817
coupled,1.00,4,379,0.947918,0.947918,4.632246
coupled,1.00,4,380,0.967228,0.967228,4.742770
coupled,1.00,4,381,0.977720,0.977720,4.456506
coupled,1.00,4,382,0.966125,0.966125,4.663571
coupled,1.00,4,383,0.976562,0.976562,4.715622
coupled,1.00,4,384,0.974415,0.974415,4.635368
coupled,1.00,4,385,0.976640,0.976640,4.622689
coupled,1.00,4,386,0.978297,0.978297,4.288282
coupled,1.00,4,387,0.958340,0.958340,4.372017
coupled,1.00,4,388,0.953799,0.953799,4.503068
coupled,1.00,4,389,0.962302,0.962302,4.500146
coupled,1.00,4,390,0.974598,0.974598,4.652701
coupled,1.00,4,391,0.980301,0.980301,4.490260
coupled,1.00,4,392,0.971599,0.971599,4.822119
coupled,1.00,4,393,0.974411,0.974411,4.583237
coupled,1.00,4,394,0.963687,0.963687,4.696340
coupled,1.00,4,395,0.973350,0.973350,4.716074
coupled,1.00,4,396,0.970345,0.970345,4.854060
coupled,1.00,4,397,0.984989,0.984989,4.880528
coupled,1.00,4,398,0.980340,0.980340,4.736001
coupled,1.00,4,399,0.957714,0.957714,4.725763
coupled,1.00,4,400,0.973879,0.973879,4.480057
coupled,1.00,4,401,0.970653,0.970653,4.325851
coupled,1.00,4,402,0.961097,0.961097,4.397795
coupled,1.00,4,403,0.971164,0.971164,4.494658
coupled,1.00,4,404,0.968753,0.968753,4.559440
coupled,1.00,4,405,0.964660,0.964660,4.590321
coupled,1.00,4,406,0.964826,0.964826,4.762706
coupled,1.00,4,407,0.978137,0.978137,4.605487
coupled,1.00,4,408,0.978012,0.978012,4.819668
coupled,1.00,4,409,0.980218,0.980218,4.617461
coupled,1.00,4,410,0.976262,0.976262,4.653722
coupled,1.00,4,411,0.973840,0.973840,4.817222
coupled,1.00,4,412,0.976956,0.976956,4.938847
coupled,1.00,4,413,0.986270,0.986270,4.541714
coupled,1.00,4,414,0.980274,0.980274,4.755065
coupled,1.00,4,415,0.981476,0.981476,4.774968
coupled,1.00,4,416,0.979739,0.979739,4.624598
coupled,1.00,4,417,0.973192,0.973192,4.652568
coupled,1.00,4,418,0.952686,0.952686,4.624319
coupled,1.00,4,419,0.981569,0.981569,4.551926
coupled,1.00,4,420,0.973173,0.973173,4.692778
coupled,1.00,4,421,0.966295,0.966295,4.568722
coupled,1.00,4,422,0.974880,0.974880,4.550790
coupled,1.00,4,423,0.976128,0.976128,4.577320
coupled,1.00,4,424,0.966613,0.966613,4.404618
coupled,1.00,4,425,0.974522,0.974522,4.784309
coupled,1.00,4,426,0.972977,0.972977,4.832909
coupled,1.00,4,427,0.974207,0.974207,4.518024
coupled,1.00,4,428,0.970661,0.970661,4.560080
coupled,1.00,4,429,0.972918,0.972918,4.676260
coupled,1.00,4,430,0.973959,0.973959,4.573686
coupled,1.00,4,431,0.973669,0.973669,4.612982
coupled,1.00,4,432,0.976550,0.976550,4.769487
coupled,1.00,4,433,0.980231,0.980231,4.551255
coupled,1.00,4,434,0.974351,0.974351,4.567696
coupled,1.00,4,435,0.970672,0.970672,4.563501
coupled,1.00,4,436,0.970617,0.970617,4.960066
coupled,1.00,4,437,0.981010,0.981010,4.936679
coupled,1.00,4,438,0.976982,0.976982,4.601662
coupled,1.00,4,439,0.969731,0.969731,4.215486
coupled,1.00,4,440,0.952616,0.952616,4.437455
coupled,1.00,4,441,0.977773,0.977773,4.451526
coupled,1.00,4,442,0.968644,0.968644,4.719030
coupled,1.00,4,443,0.980988,0.980988,4.732369
coupled,1.00,4,444,0.974093,0.974093,4.781392
coupled,1.00,4,445,0.970619,0.970619,4.647531
coupled,1.00,4,446,0.982947,0.982947,4.538905
coupled,1.00,4,447,0.968845,0.968845,4.574638
coupled,1.00,4,448,0.965914,0.965914,4.726796
coupled,1.00,4,449,0.975729,0.975729,4.423104
coupled,1.00,4,450,0.972767,0.972767,4.748351
coupled,1.00,4,451,0.968219,0.968219,4.779019
coupled,1.00,4,452,0.979035,0.979035,4.720921
coupled,1.00,4,453,0.981135,0.981135,4.640476
coupled,1.00,4,454,0.974000,0.974000,4.553279
coupled,1.00,4,455,0.974557,0.974557,4.739291
coupled,1.00,4,456,0.973504,0.973504,4.441119
coupled,1.00,4,457,0.946950,0.946950,4.668699
coupled,1.00,4,458,0.974886,0.974886,4.699110
coupled,1.00,4,459,0.971952,0.971952,4.793651
coupled,1.00,4,460,0.971456,0.971456,4.740740
coupled,1.00,4,461,0.965348,0.965348,4.545768
coupled,1.00,4,462,0.960387,0.960387,4.769919
coupled,1.00,4,463,0.977840,0.977840,4.467511
coupled,1.00,4,464,0.971153,0.971153,4.672538
coupled,1.00,4,465,0.979394,0.979394,4.381874
coupled,1.00,4,466,0.946137,0.946137,4.574534
coupled,1.00,4,467,0.978215,0.978215,4.691906
coupled,1.00,4,468,0.978501,0.978501,4.753506
coupled,1.00,4,469,0.968582,0.968582,4.807459
coupled,1.00,4,470,0.981611,0.981611,4.575148
coupled,1.00,4,471,0.974378,0.974378,4.696999
coupled,1.00,4,472,0.974949,0.974949,4.526003
coupled,1.00,4,473,0.970643,0.970643,4.479314
coupled,1.00,4,474,0.974826,0.974826,4.491370
coupled,1.00,4,475,0.966692,0.966692,4.709405
coupled,1.00,4,476,0.975525,0.975525,4.638036
coupled,1.00,4,477,0.969214,0.969214,4.755856
coupled,1.00,4,478,0.978755,0.978755,4.498690
coupled,1.00,4,479,0.962948,0.962948,4.348005
coupled,1.00,4,480,0.957223,0.957223,4.519809
coupled,1.00,4,481,0.961524,0.961524,4.417844
coupled,1.00,4,482,0.973452,0.973452,4.658452
coupled,1.00,4,483,0.976333,0.976333,4.532589
coupled,1.00,4,484,0.973997,0.973997,4.736295
coupled,1.00,4,485,0.980458,0.980458,5.027491
coupled,1.00,4,486,0.986050,0.986050,4.660364
coupled,1.00,4,487,0.969991,0.969991,4.807113
coupled,1.00,4,488,0.979756,0.979756,4.718644
coupled,1.00,4,489,0.970280,0.970280,4.609859
coupled,1.00,4,490,0.971317,0.971317,4.625715
coupled,1.00,4,491,0.974754,0.974754,4.368315
coupled,1.00,4,492,0.967094,0.967094,4.657769
coupled,1.00,4,493,0.982521,0.982521,4.459178
coupled,1.00,4,494,0.977774,0.977774,4.525696
coupled,1.00,4,495,0.964403,0.964403,4.478459
coupled,1.00,4,496,0.963495,0.963495,4.607261
coupled,1.00,4,497,0.972607,0.972607,4.774265
coupled,1.00,4,498,0.965143,0.965143,4.711614
coupled,1.00,4,499,0.976277,0.976277,4.424995
allc,1.00,4,0,0.949612,1.000000,4.407040
allc,1.00,4,1,0.959049,1.000000,4.529194
allc,1.00,4,2,0.986224,1.000000,4.717636
allc,1.00,4,3,0.979311,1.000000,4.636590
allc,1.00,4,4,0.979220,1.000000,4.676183
allc,1.00,4,5,0.975583,1.000000,4.493744
allc,1.00,4,6,0.968154,1.000000,4.495802
allc,1.00,4,7,0.976133,1.000000,4.672004
allc,1.00,4,8,0.974485,1.000000,4.729863
allc,1.00,4,9,0.982266,1.000000,4.798629
allc,1.00,4,10,0.978018,1.000000,4.687633
allc,1.00,4,11,0.973291,1.000000,4.715204
allc,1.00,4,12,0.969711,1.000000,4.398129
allc,1.00,4,13,0.964251,1.000000,4.350898
allc,1.00,4,14,0.968642,1.000000,4.614485
allc,1.00,4,15,0.983091,1.000000,4.793903
allc,1.00,4,16,0.973593,1.000000,4.496175
allc,1.00,4,17,0.974343,1.000000,4.472491
allc,1.00,4,18,0.966968,1.000000,4.588170
allc,1.00,4,19,0.962364,1.000000,4.442128
allc,1.00,4,20,0.953362,1.000000,4.286562
allc,1.00,4,21,0.975456,1.000000,4.596101
allc,1.00,4,22,0.953028,1.000000,4.540708
allc,1.00,4,23,0.964340,1.000000,4.578980
allc,1.00,4,24,0.982478,1.000000,4.753433
allc,1.00,4,25,0.972614,1.000000,4.522892
allc,1.00,4,26,0.984783,1.000000,4.714187
allc,1.00,4,27,0.964167,1.000000,4.668237
allc,1.00,4,28,0.967516,1.000000,4.500967
allc,1.00,4,29,0.956956,1.000000,4.678148
allc,1.00,4,30,0.974821,1.000000,4.801520
allc,1.00,4,31,0.976189,1.000000,4.681214
allc,1.00,4,32,0.959495,1.000000,4.380238
allc,1.00,4,33,0.989940,1.000000,4.967338
allc,1.00,4,34,0.977052,1.000000,4.500530
allc,1.00,4,35,0.975360,1.000000,4.796761
allc,1.00,4,36,0.957611,1.000000,4.699784
allc,1.00,4,37,0.955104,1.000000,4.421759
allc,1.00,4,38,0.975028,1.000000,4.597684
allc,1.00,4,39,0.977137,1.000000,4.613252
allc,1.00,4,40,0.974260,1.000000,4.684516
allc,1.00,4,41,0.981875,1.000000,4.672540
allc,1.00,4,42,0.986707,1.000000,4.795554
allc,1.00,4,43,0.955199,1.000000,4.248930
allc,1.00,4,44,0.972068,1.000000,4.532717
allc,1.00,4,45,0.978133,1.000000,4.712558
allc,1.00,4,46,0.974969,1.000000,4.451569
allc,1.00,4,47,0.971669,1.000000,4.655203
allc,1.00,4,48,0.965909,1.000000,4.376009
allc,1.00,4,49,0.982453,1.000000,4.605968
allc,1.00,4,50,0.970952,1.000000,4.493181
allc,1.00,4,51,0.972895,1.000000,4.591030
allc,1.00,4,52,0.970005,1.000000,4.575482
allc,1.00,4,53,0.980070,1.000000,4.533876
allc,1.00,4,54,0.974063,1.000000,4.543936
allc,1.00,4,55,0.973566,1.000000,4.369504
allc,1.00,4,56,0.966725,1.000000,4.477423
allc,1.00,4,57,0.978385,1.000000,4.651723
allc,1.00,4,58,0.965952,1.000000,4.487737
allc,1.00,4,59,0.974467,1.000000,4.573696
allc,1.00,4,60,0.980753,1.000000,4.712804
allc,1.00,4,61,0.966029,1.000000,4.647523
allc,1.00,4,62,0.978715,1.000000,4.702747
allc,1.00,4,63,0.974766,1.000000,4.505663
allc,1.00,4,64,0.980232,1.000000,4.718276
allc,1.00,4,65,0.956081,1.000000,4.377289
allc,1.00,4,66,0.977868,1.000000,4.773505
allc,1.00,4,67,0.984849,1.000000,4.921596
allc,1.00,4,68,0.977515,1.000000,4.652271
allc,1.00,4,69,0.980431,1.000000,4.551039
allc,1.00,4,70,0.960817,1.000000,4.398001
allc,1.00,4,71,0.982609,1.000000,4.894246
allc,1.00,4,72,0.968022,1.000000,4.997284
allc,1.00,4,73,0.971922,1.000000,4.881990
allc,1.00,4,74,0.979888,1.000000,4.871605
allc,1.00,4,75,0.975575,1.000000,4.596075
allc,1.00,4,76,0.974724,1.000000,4.633159
allc,1.00,4,77,0.971721,1.000000,4.597025
allc,1.00,4,78,0.981330,1.000000,4.652670
allc,1.00,4,79,0.977010,1.000000,4.838756
allc,1.00,4,80,0.977976,1.000000,4.530542
allc,1.00,4,81,0.968820,1.000000,4.439320
allc,1.00,4,82,0.971817,1.000000,4.522470
allc,1.00,4,83,0.982979,1.000000,4.795406
allc,1.00,4,84,0.962638,1.000000,4.463367
allc,1.00,4,85,0.970117,1.000000,4.477300
allc,1.00,4,86,0.968829,1.000000,4.563196
allc,1.00,4,87,0.964341,1.000000,4.886097
allc,1.00,4,88,0.962053,1.000000,4.589559
allc,1.00,4,89,0.968376,1.000000,4.574869
allc,1.00,4,90,0.957345,1.000000,4.459846
allc,1.00,4,91,0.982142,1.000000,4.730914
allc,1.00,4,92,0.970979,1.000000,4.465675
allc,1.00,4,93,0.978156,1.000000,4.640399
allc,1.00,4,94,0.971991,1.000000,4.644725
allc,1.00,4,95,0.978262,1.000000,4.694709
allc,1.00,4,96,0.976749,1.000000,4.864217
allc,1.00,4,97,0.968394,1.000000,4.481890
allc,1.00,4,98,0.983629,1.000000,4.706023
allc,1.00,4,99,0.969231,1.000000,4.816795
allc,1.00,4,100,0.976630,1.000000,4.616161
allc,1.00,4,101,0.976690,1.000000,4.575829
allc,1.00,4,102,0.976826,1.000000,4.661432
allc,1.00,4,103,0.967329,1.000000,4.499631
allc,1.00,4,104,0.983386,1.000000,4.851443
allc,1.00,4,105,0.978645,1.000000,4.661730
allc,1.00,4,106,0.971202,1.000000,4.638410
allc,1.00,4,107,0.971763,1.000000,4.631050
allc,1.00,4,108,0.985127,1.000000,4.998545
allc,1.00,4,109,0.978367,1.000000,4.587064
allc,1.00,4,110,0.978139,1.000000,4.467193
allc,1.00,4,111,0.979290,1.000000,4.703070
allc,1.00,4,112,0.978945,1.000000,4.792152
allc,1.00,4,113,0.974162,1.000000,4.503889
allc,1.00,4,114,0.983985,1.000000,4.672287
allc,1.00,4,115,0.968789,1.000000,4.779159
allc,1.00,4,116,0.960508,1.000000,4.559077
allc,1.00,4,117,0.967173,1.000000,4.512483
allc,1.00,4,118,0.967212,1.000000,4.784536
allc,1.00,4,119,0.982742,1.000000,4.719767
allc,1.00,4,120,0.936758,1.000000,4.503584
allc,1.00,4,121,0.961443,1.000000,4.570191
allc,1.00,4,122,0.976771,1.000000,4.510229
allc,1.00,4,123,0.970202,1.000000,4.517142
allc,1.00,4,124,0.971803,1.000000,4.384071
allc,1.00,4,125,0.976991,1.000000,4.649888
allc,1.00,4,126,0.970028,1.000000,4.740935
allc,1.00,4,127,0.976605,1.000000,4.603204
allc,1.00,4,128,0.965449,1.000000,4.480780
allc,1.00,4,129,0.981642,1.000000,4.964582
allc,1.00,4,130,0.976140,1.000000,4.589636
allc,1.00,4,131,0.967349,1.000000,4.475650
allc,1.00,4,132,0.981915,1.000000,4.739532
allc,1.00,4,133,0.964041,1.000000,4.462840
allc,1.00,4,134,0.972303,1.000000,4.535596
allc,1.00,4,135,0.987425,1.000000,4.754580
allc,1.00,4,136,0.989464,1.000000,4.600174
allc,1.00,4,137,0.963528,1.000000,4.663990
allc,1.00,4,138,0.974960,1.000000,4.653148
allc,1.00,4,139,0.975108,1.000000,4.693903
allc,1.00,4,140,0.955290,1.000000,4.275177
allc,1.00,4,141,0.962382,1.000000,4.430190
allc,1.00,4,142,0.968790,1.000000,4.448087
allc,1.00,4,143,0.974384,1.000000,4.574445
allc,1.00,4,144,0.976062,1.000000,4.456614
allc,1.00,4,145,0.973926,1.000000,4.563487
allc,1.00,4,146,0.968579,1.000000,4.699486
allc,1.00,4,147,0.971502,1.000000,4.736837
allc,1.00,4,148,0.965719,1.000000,4.435394
allc,1.00,4,149,0.978361,1.000000,4.615424
allc,1.00,4,150,0.986596,1.000000,4.788596
allc,1.00,4,151,0.977829,1.000000,4.668166
allc,1.00,4,152,0.973585,1.000000,4.506606
allc,1.00,4,153,0.978310,1.000000,4.616557
allc,1.00,4,154,0.952615,1.000000,4.387085
allc,1.00,4,155,0.975258,1.000000,4.401128
allc,1.00,4,156,0.975902,1.000000,4.675188
allc,1.00,4,157,0.975793,1.000000,4.563170
allc,1.00,4,158,0.969403,1.000000,4.611134
allc,1.00,4,159,0.961664,1.000000,4.382469
allc,1.00,4,160,0.975676,1.000000,4.444835
allc,1.00,4,161,0.948953,1.000000,4.133404
allc,1.00,4,162,0.967382,1.000000,4.303305
allc,1.00,4,163,0.971717,1.000000,4.386584
allc,1.00,4,164,0.972707,1.000000,4.646189
allc,1.00,4,165,0.976753,1.000000,4.483808
allc,1.00,4,166,0.981777,1.000000,5.009069
allc,1.00,4,167,0.967612,1.000000,4.585102
allc,1.00,4,168,0.966001,1.000000,4.614168
allc,1.00,4,169,0.980818,1.000000,4.930392
allc,1.00,4,170,0.978489,1.000000,4.931725
allc,1.00,4,171,0.980562,1.000000,4.755144
allc,1.00,4,172,0.976916,1.000000,4.526740
allc,1.00,4,173,0.954924,1.000000,4.539388
allc,1.00,4,174,0.979575,1.000000,4.502928
allc,1.00,4,175,0.970959,1.000000,4.552718
allc,1.00,4,176,0.983006,1.000000,4.759846
allc,1.00,4,177,0.956863,1.000000,4.453802
allc,1.00,4,178,0.956742,1.000000,4.410815
allc,1.00,4,179,0.969803,1.000000,4.446138
allc,1.00,4,180,0.974296,1.000000,4.748017
allc,1.00,4,181,0.971870,1.000000,4.727173
allc,1.00,4,182,0.982042,1.000000,4.745378
allc,1.00,4,183,0.954294,1.000000,4.520094
allc,1.00,4,184,0.958904,1.000000,4.414185
allc,1.00,4,185,0.984347,1.000000,4.707544
allc,1.00,4,186,0.977553,1.000000,4.696420
allc,1.00,4,187,0.980929,1.000000,4.555110
allc,1.00,4,188,0.962076,1.000000,4.358811
allc,1.00,4,189,0.959250,1.000000,4.244847
allc,1.00,4,190,0.956479,1.000000,4.377356
allc,1.00,4,191,0.977769,1.000000,4.688193
allc,1.00,4,192,0.980879,1.000000,4.619751
allc,1.00,4,193,0.976261,1.000000,4.589045
allc,1.00,4,194,0.979210,1.000000,4.660420
allc,1.00,4,195,0.981643,1.000000,4.959434
allc,1.00,4,196,0.988712,1.000000,4.816695
allc,1.00,4,197,0.981502,1.000000,5.120151
allc,1.00,4,198,0.980801,1.000000,4.803418
allc,1.00,4,199,0.944743,1.000000,4.516896
allc,1.00,4,200,0.984592,1.000000,4.821615
allc,1.00,4,201,0.965686,1.000000,4.568169
allc,1.00,4,202,0.973772,1.000000,4.729184
allc,1.00,4,203,0.975482,1.000000,4.622473
allc,1.00,4,204,0.941068,1.000000,4.316992
allc,1.00,4,205,0.945202,1.000000,4.318037
allc,1.00,4,206,0.975370,1.000000,4.629758
allc,1.00,4,207,0.979822,1.000000,4.385516
allc,1.00,4,208,0.963414,1.000000,4.389030
allc,1.00,4,209,0.983398,1.000000,4.753708
allc,1.00,4,210,0.978643,1.000000,4.677777
allc,1.00,4,211,0.970701,1.000000,4.671813
allc,1.00,4,212,0.976840,1.000000,4.889527
allc,1.00,4,213,0.972096,1.000000,4.888950
allc,1.00,4,214,0.950319,1.000000,4.635920
allc,1.00,4,215,0.974650,1.000000,4.546718
allc,1.00,4,216,0.968179,1.000000,4.432860
allc,1.00,4,217,0.975189,1.000000,4.608596
allc,1.00,4,218,0.977474,1.000000,4.676027
allc,1.00,4,219,0.973105,1.000000,4.678041
allc,1.00,4,220,0.968931,1.000000,4.597697
allc,1.00,4,221,0.957181,1.000000,4.285495
allc,1.00,4,222,0.974933,1.000000,4.492613
allc,1.00,4,223,0.967468,1.000000,4.579308
allc,1.00,4,224,0.974673,1.000000,4.546879
allc,1.00,4,225,0.971823,1.000000,4.320382
allc,1.00,4,226,0.972998,1.000000,4.625220
allc,1.00,4,227,0.972826,1.000000,4.515809
allc,1.00,4,228,0.975596,1.000000,4.440124
allc,1.00,4,229,0.980871,1.000000,4.691091
allc,1.00,4,230,0.970588,1.000000,4.609610
allc,1.00,4,231,0.981043,1.000000,4.864665
allc,1.00,4,232,0.974876,1.000000,4.609322
allc,1.00,4,233,0.977755,1.000000,4.754082
allc,1.00,4,234,0.976969,1.000000,4.772504
allc,1.00,4,235,0.965778,1.000000,4.746167
allc,1.00,4,236,0.974410,1.000000,4.686462
allc,1.00,4,237,0.985733,1.000000,4.844768
allc,1.00,4,238,0.968346,1.000000,4.643652
allc,1.00,4,239,0.971777,1.000000,4.555419
allc,1.00,4,240,0.971557,1.000000,4.569716
allc,1.00,4,241,0.970733,1.000000,4.516941
allc,1.00,4,242,0.971166,1.000000,4.564344
allc,1.00,4,243,0.975915,1.000000,4.506628
allc,1.00,4,244,0.978812,1.000000,4.718514
allc,1.00,4,245,0.974732,1.000000,4.653147
allc,1.00,4,246,0.980847,1.000000,4.564742
allc,1.00,4,247,0.984910,1.000000,4.824280
allc,1.00,4,248,0.962742,1.000000,4.534430
allc,1.00,4,249,0.972858,1.000000,4.380439
allc,1.00,4,250,0.967003,1.000000,4.430242
allc,1.00,4,251,0.980790,1.000000,4.756564
allc,1.00,4,252,0.980244,1.000000,4.794315
allc,1.00,4,253,0.963120,1.000000,4.474764
allc,1.00,4,254,0.962633,1.000000,4.475752
allc,1.00,4,255,0.982444,1.000000,4.768977
allc,1.00,4,256,0.973058,1.000000,4.664184
allc,1.00,4,257,0.968597,1.000000,4.659434
allc,1.00,4,258,0.982175,1.000000,4.955137
allc,1.00,4,259,0.973099,1.000000,4.785497
allc,1.00,4,260,0.974744,1.000000,4.524661
allc,1.00,4,261,0.988660,1.000000,4.682442
allc,1.00,4,262,0.953294,1.000000,4.414510
allc,1.00,4,263,0.979832,1.000000,4.735078
allc,1.00,4,264,0.963132,1.000000,4.496659
allc,1.00,4,265,0.941789,1.000000,4.308782
allc,1.00,4,266,0.973818,1.000000,4.433606
allc,1.00,4,267,0.969531,1.000000,4.514582
allc,1.00,4,268,0.969251,1.000000,4.567614
allc,1.00,4,269,0.977462,1.000000,4.569594
allc,1.00,4,270,0.964189,1.000000,4.626562
allc,1.00,4,271,0.982388,1.000000,4.723624
allc,1.00,4,272,0.983396,1.000000,4.769879
allc,1.00,4,273,0.962361,1.000000,4.719700
allc,1.00,4,274,0.977729,1.000000,4.566187
allc,1.00,4,275,0.975965,1.000000,4.906475
allc,1.00,4,276,0.952725,1.000000,4.505647
allc,1.00,4,277,0.974072,1.000000,4.915907
allc,1.00,4,278,0.955357,1.000000,4.508868
allc,1.00,4,279,0.967328,1.000000,4.623627
allc,1.00,4,280,0.972996,1.000000,4.767784
allc,1.00,4,281,0.974472,1.000000,4.614837
allc,1.00,4,282,0.980418,1.000000,4.687019
allc,1.00,4,283,0.983810,1.000000,4.557124
allc,1.00,4,284,0.976093,1.000000,4.517206
allc,1.00,4,285,0.967779,1.000000,4.528165
allc,1.00,4,286,0.981724,1.000000,4.518148
allc,1.00,4,287,0.974053,1.000000,4.638479
allc,1.00,4,288,0.987696,1.000000,4.697108
allc,1.00,4,289,0.979059,1.000000,4.849774
allc,1.00,4,290,0.970320,1.000000,4.695230
allc,1.00,4,291,0.970088,1.000000,4.859183
allc,1.00,4,292,0.977944,1.000000,4.679299
allc,1.00,4,293,0.973491,1.000000,4.548968
allc,1.00,4,294,0.979497,1.000000,4.773621
allc,1.00,4,295,0.973960,1.000000,4.641406
allc,1.00,4,296,0.983360,1.000000,4.710098
allc,1.00,4,297,0.975912,1.000000,4.478816
allc,1.00,4,298,0.948319,1.000000,4.394563
allc,1.00,4,299,0.953900,1.000000,4.256506
allc,1.00,4,300,0.984815,1.000000,4.759448
allc,1.00,4,301,0.975653,1.000000,4.451819
allc,1.00,4,302,0.983377,1.000000,4.644141
allc,1.00,4,303,0.976825,1.000000,4.611009
allc,1.00,4,304,0.976056,1.000000,4.665881
allc,1.00,4,305,0.974813,1.000000,4.662857
allc,1.00,4,306,0.970048,1.000000,4.476080
allc,1.00,4,307,0.973096,1.000000,4.476494
allc,1.00,4,308,0.983071,1.000000,4.765524
allc,1.00,4,309,0.974982,1.000000,4.739810
allc,1.00,4,310,0.980539,1.000000,4.644027
allc,1.00,4,311,0.968265,1.000000,4.594546
allc,1.00,4,312,0.952952,1.000000,4.530794
allc,1.00,4,313,0.979236,1.000000,4.608284
allc,1.00,4,314,0.974370,1.000000,4.640498
allc,1.00,4,315,0.980674,1.000000,4.882120
allc,1.00,4,316,0.981317,1.000000,4.773033
allc,1.00,4,317,0.984605,1.000000,4.773728
allc,1.00,4,318,0.974389,1.000000,4.666116
allc,1.00,4,319,0.962238,1.000000,4.504391
allc,1.00,4,320,0.973851,1.000000,4.668058
allc,1.00,4,321,0.977775,1.000000,4.564023
allc,1.00,4,322,0.946998,1.000000,4.377889
allc,1.00,4,323,0.976868,1.000000,4.611014
allc,1.00,4,324,0.963417,1.000000,4.554606
allc,1.00,4,325,0.956270,1.000000,4.322382
allc,1.00,4,326,0.973546,1.000000,4.434279
allc,1.00,4,327,0.969478,1.000000,4.455849
allc,1.00,4,328,0.975101,1.000000,4.524167
allc,1.00,4,329,0.949854,1.000000,4.398626
allc,1.00,4,330,0.984658,1.000000,4.799903
allc,1.00,4,331,0.976560,1.000000,4.623687
allc,1.00,4,332,0.968188,1.000000,4.503010
allc,1.00,4,333,0.974351,1.000000,4.383233
allc,1.00,4,334,0.982022,1.000000,4.839989
allc,1.00,4,335,0.958735,1.000000,4.370896
allc,1.00,4,336,0.973005,1.000000,4.617087
allc,1.00,4,337,0.981270,1.000000,4.624045
allc,1.00,4,338,0.976817,1.000000,4.661541
allc,1.00,4,339,0.950876,1.000000,4.586197
allc,1.00,4,340,0.979273,1.000000,4.611024
allc,1.00,4,341,0.969185,1.000000,4.623742
allc,1.00,4,342,0.981588,1.000000,4.712352
allc,1.00,4,343,0.965449,1.000000,4.517364
allc,1.00,4,344,0.963193,1.000000,4.584553
allc,1.00,4,345,0.980158,1.000000,4.866701
allc,1.00,4,346,0.962838,1.000000,4.580914
allc,1.00,4,347,0.971624,1.000000,4.655562
allc,1.00,4,348,0.979746,1.000000,4.780845
allc,1.00,4,349,0.979270,1.000000,4.577943
allc,1.00,4,350,0.970160,1.000000,4.843295
allc,1.00,4,351,0.968016,1.000000,4.462408
allc,1.00,4,352,0.962811,1.000000,4.404447
allc,1.00,4,353,0.960512,1.000000,4.545983
allc,1.00,4,354,0.968821,1.000000,4.679489
allc,1.00,4,355,0.970886,1.000000,4.552663
allc,1.00,4,356,0.979196,1.000000,4.717140
allc,1.00,4,357,0.965677,1.000000,4.448718
allc,1.00,4,358,0.973389,1.000000,4.500078
allc,1.00,4,359,0.970330,1.000000,4.764267
allc,1.00,4,360,0.963767,1.000000,4.426178
allc,1.00,4,361,0.976640,1.000000,4.399105
allc,1.00,4,362,0.970021,1.000000,4.496391
allc,1.00,4,363,0.966271,1.000000,4.444520
allc,1.00,4,364,0.979709,1.000000,4.735785
allc,1.00,4,365,0.936735,1.000000,4.412752
allc,1.00,4,366,0.979287,1.000000,4.806412
allc,1.00,4,367,0.954612,1.000000,4.605737
allc,1.00,4,368,0.976906,1.000000,4.769968
allc,1.00,4,369,0.978221,1.000000,4.842217
allc,1.00,4,370,0.983779,1.000000,4.893370
allc,1.00,4,371,0.974002,1.000000,4.732136
allc,1.00,4,372,0.961805,1.000000,4.378281
allc,1.00,4,373,0.964560,1.000000,4.532097
allc,1.00,4,374,0.980451,1.000000,4.516497
allc,1.00,4,375,0.975876,1.000000,4.570692
allc,1.00,4,376,0.979045,1.000000,4.690898
allc,1.00,4,377,0.981244,1.000000,4.405508
allc,1.00,4,378,0.969286,1.000000,4.627032
allc,1.00,4,379,0.979595,1.000000,4.743998
allc,1.00,4,380,0.968684,1.000000,4.483490
allc,1.00,4,381,0.980171,1.000000,4.615166
allc,1.00,4,382,0.958190,1.000000,4.500224
allc,1.00,4,383,0.966932,1.000000,4.434887
allc,1.00,4,384,0.964743,1.000000,4.556995
allc,1.00,4,385,0.977306,1.000000,4.544459
allc,1.00,4,386,0.973066,1.000000,4.634346
allc,1.00,4,387,0.972843,1.000000,4.654758
allc,1.00,4,388,0.975418,1.000000,4.623260
allc,1.00,4,389,0.977067,1.000000,4.892889
allc,1.00,4,390,0.971659,1.000000,4.673426
allc,1.00,4,391,0.958806,1.000000,4.359756
allc,1.00,4,392,0.967598,1.000000,4.478760
allc,1.00,4,393,0.957186,1.000000,4.375161
allc,1.00,4,394,0.973947,1.000000,4.487804
allc,1.00,4,395,0.963712,1.000000,4.480790
allc,1.00,4,396,0.966544,1.000000,4.365433
allc,1.00,4,397,0.980919,1.000000,4.801031
allc,1.00,4,398,0.964474,1.000000,4.512033
allc,1.00,4,399,0.966198,1.000000,4.726650
allc,1.00,4,400,0.975541,1.000000,4.822983
allc,1.00,4,401,0.972376,1.000000,4.508380
allc,1.00,4,402,0.979605,1.000000,4.743130
allc,1.00,4,403,0.976722,1.000000,4.725954
allc,1.00,4,404,0.971348,1.000000,4.643705
allc,1.00,4,405,0.981835,1.000000,4.611369
allc,1.00,4,406,0.962953,1.000000,4.523542
allc,1.00,4,407,0.976245,1.000000,4.534123
allc,1.00,4,408,0.974571,1.000000,4.670124
allc,1.00,4,409,0.965977,1.000000,4.540437
allc,1.00,4,410,0.972817,1.000000,4.825976
allc,1.00,4,411,0.972252,1.000000,4.573160
allc,1.00,4,412,0.961685,1.000000,4.429567
allc,1.00,4,413,0.969428,1.000000,4.587374
allc,1.00,4,414,0.963823,1.000000,4.609778
allc,1.00,4,415,0.968252,1.000000,4.642858
allc,1.00,4,416,0.978040,1.000000,4.556221
allc,1.00,4,417,0.954785,1.000000,4.431815
allc,1.00,4,418,0.966779,1.000000,4.484376
allc,1.00,4,419,0.965687,1.000000,4.309520
allc,1.00,4,420,0.980940,1.000000,4.759283
allc,1.00,4,421,0.943326,1.000000,4.309032
allc,1.00,4,422,0.957549,1.000000,4.513836
allc,1.00,4,423,0.966495,1.000000,4.606433
allc,1.00,4,424,0.964533,1.000000,4.578529
allc,1.00,4,425,0.971018,1.000000,4.631372
allc,1.00,4,426,0.947010,1.000000,4.367988
allc,1.00,4,427,0.967890,1.000000,4.662806
allc,1.00,4,428,0.983281,1.000000,4.628818
allc,1.00,4,429,0.959347,1.000000,4.452491
allc,1.00,4,430,0.982991,1.000000,4.814522
allc,1.00,4,431,0.971079,1.000000,4.489202
allc,1.00,4,432,0.979884,1.000000,4.474241
allc,1.00,4,433,0.983113,1.000000,4.553918
allc,1.00,4,434,0.982256,1.000000,4.831785
allc,1.00,4,435,0.971569,1.000000,4.477022
allc,1.00,4,436,0.986451,1.000000,4.720902
allc,1.00,4,437,0.965173,1.000000,4.693001
allc,1.00,4,438,0.968393,1.000000,4.555912
allc,1.00,4,439,0.968501,1.000000,4.525166
allc,1.00,4,440,0.972222,1.000000,4.397444
allc,1.00,4,441,0.971363,1.000000,4.481478
allc,1.00,4,442,0.980614,1.000000,4.538335
allc,1.00,4,443,0.965010,1.000000,4.394093
allc,1.00,4,444,0.980039,1.000000,4.705927
allc,1.00,4,445,0.963022,1.000000,4.670368
allc,1.00,4,446,0.963099,1.000000,4.735995
allc,1.00,4,447,0.977300,1.000000,4.796823
allc,1.00,4,448,0.979472,1.000000,4.935389
allc,1.00,4,449,0.967866,1.000000,4.498189
allc,1.00,4,450,0.978641,1.000000,4.679846
allc,1.00,4,451,0.983361,1.000000,4.776779
allc,1.00,4,452,0.965634,1.000000,4.577436
allc,1.00,4,453,0.977650,1.000000,4.771047
allc,1.00,4,454,0.976263,1.000000,4.706615
allc,1.00,4,455,0.975153,1.000000,4.745096
allc,1.00,4,456,0.972048,1.000000,4.679785
allc,1.00,4,457,0.979614,1.000000,4.562982
allc,1.00,4,458,0.954999,1.000000,4.627756
allc,1.00,4,459,0.974106,1.000000,4.598706
allc,1.00,4,460,0.979543,1.000000,4.656168
allc,1.00,4,461,0.965371,1.000000,4.559669
allc,1.00,4,462,0.978268,1.000000,4.767912
allc,1.00,4,463,0.966304,1.000000,4.427833
allc,1.00,4,464,0.968417,1.000000,4.635070
allc,1.00,4,465,0.959101,1.000000,4.489617
allc,1.00,4,466,0.968882,1.000000,4.669957
allc,1.00,4,467,0.972566,1.000000,4.668486
allc,1.00,4,468,0.985210,1.000000,4.985744
allc,1.00,4,469,0.978652,1.000000,4.758596
allc,1.00,4,470,0.967748,1.000000,4.600764
allc,1.00,4,471,0.967678,1.000000,4.540360
allc,1.00,4,472,0.969200,1.000000,4.525531
allc,1.00,4,473,0.984687,1.000000,4.660878
allc,1.00,4,474,0.980419,1.000000,4.637297
allc,1.00,4,475,0.972512,1.000000,4.577717
allc,1.00,4,476,0.977028,1.000000,4.667328
allc,1.00,4,477,0.978639,1.000000,4.826355
allc,1.00,4,478,0.977712,1.000000,4.907313
allc,1.00,4,479,0.964738,1.000000,4.510715
allc,1.00,4,480,0.984604,1.000000,4.776187
allc,1.00,4,481,0.984628,1.000000,4.676435
allc,1.00,4,482,0.976968,1.000000,4.502326
allc,1.00,4,483,0.971246,1.000000,4.680748
allc,1.00,4,484,0.971009,1.000000,4.714298
allc,1.00,4,485,0.973846,1.000000,4.871733
allc,1.00,4,486,0.980777,1.000000,4.555986
allc,1.00,4,487,0.971249,1.000000,4.582587
allc,1.00,4,488,0.980867,1.000000,4.649114
allc,1.00,4,489,0.979528,1.000000,4.755643
allc,1.00,4,490,0.965488,1.000000,4.496545
allc,1.00,4,491,0.971672,1.000000,4.643491
allc,1.00,4,492,0.980838,1.000000,4.666005
allc,1.00,4,493,0.973646,1.000000,4.494170
allc,1.00,4,494,0.965048,1.000000,4.492641
allc,1.00,4,495,0.969357,1.000000,4.590267
allc,1.00,4,496,0.977770,1.000000,4.813880
allc,1.00,4,497,0.982819,1.000000,4.880136
allc,1.00,4,498,0.969481,1.000000,4.582820
allc,1.00,4,499,0.980182,1.000000,4.926262
coupled,0.00,5,0,0.988775,1.000000,4.591015
coupled,0.00,5,1,0.994485,1.000000,4.835566
coupled,0.00,5,2,0.994971,1.000000,4.719440
coupled,0.00,5,3,0.995826,1.000000,4.535191
coupled,0.00,5,4,0.991206,1.000000,4.659400
coupled,0.00,5,5,0.994326,1.000000,4.896114
coupled,0.00,5,6,0.995940,1.000000,4.674660
coupled,0.00,5,7,0.994534,1.000000,4.298354
coupled,0.00,5,8,0.989520,1.000000,4.536804
coupled,0.00,5,9,0.991663,1.000000,4.669825
coupled,0.00,5,10,0.993394,1.000000,4.699377
coupled,0.00,5,11,0.995840,1.000000,4.607372
coupled,0.00,5,12,0.991762,1.000000,4.532769
coupled,0.00,5,13,0.991955,1.000000,4.466729
coupled,0.00,5,14,0.993546,1.000000,4.772613
coupled,0.00,5,15,0.996553,1.000000,4.674772
coupled,0.00,5,16,0.994401,1.000000,4.773554
coupled,0.00,5,17,0.995553,1.000000,4.642112
coupled,0.00,5,18,0.994325,1.000000,4.840000
coupled,0.00,5,19,0.997252,1.000000,4.736375
coupled,0.00,5,20,0.995367,1.000000,4.736133
coupled,0.00,5,21,0.996027,1.000000,4.535699
coupled,0.00,5,22,0.993636,1.000000,4.383638
coupled,0.00,5,23,0.990026,1.000000,4.653174
coupled,0.00,5,24,0.993180,1.000000,4.697763
coupled,0.00,5,25,0.995018,1.000000,5.040414
coupled,0.00,5,26,0.996910,1.000000,4.573012
coupled,0.00,5,27,0.992190,1.000000,4.996858
coupled,0.00,5,28,0.996405,1.000000,4.821966
coupled,0.00,5,29,0.993751,1.000000,4.640457
coupled,0.00,5,30,0.991434,1.000000,4.525990
coupled,0.00,5,31,0.992823,1.000000,4.658935
coupled,0.00,5,32,0.990687,1.000000,5.061781
coupled,0.00,5,33,0.997274,1.000000,4.488950
coupled,0.00,5,34,0.991292,1.000000,4.646052
coupled,0.00,5,35,0.993176,1.000000,4.785438
coupled,0.00,5,36,0.996386,1.000000,4.549965
coupled,0.00,5,37,0.994947,1.000000,4.918469
coupled,0.00,5,38,0.995491,1.000000,4.837950
coupled,0.00,5,39,0.995956,1.000000,4.727077
coupled,0.00,5,40,0.994845,1.000000,5.170185
coupled,0.00,5,41,0.997656,1.000000,4.862130
coupled,0.00,5,42,0.994470,1.000000,4.389555
coupled,0.00,5,43,0.992390,1.000000,4.557825
coupled,0.00,5,44,0.993292,1.000000,4.606525
coupled,0.00,5,45,0.993026,1.000000,4.597041
coupled,0.00,5,46,0.994453,1.000000,4.545409
coupled,0.00,5,47,0.992789,1.000000,4.692834
coupled,0.00,5,48,0.995012,1.000000,4.807951
coupled,0.00,5,49,0.992809,1.000000,4.799017
coupled,0.00,5,50,0.995528,1.000000,5.002133
coupled,0.00,5,51,0.996085,1.000000,4.883290
coupled,0.00,5,52,0.996396,1.000000,4.794505
coupled,0.00,5,53,0.993318,1.000000,4.641840
coupled,0.00,5,54,0.994454,1.000000,5.011090
coupled,0.00,5,55,0.996045,1.000000,4.828838
coupled,0.00,5,56,0.995852,1.000000,4.788077
coupled,0.00,5,57,0.995509,1.000000,4.622307
coupled,0.00,5,58,0.992129,1.000000,4.676954
coupled,0.00,5,59,0.994985,1.000000,4.853100
coupled,0.00,5,60,0.995297,1.000000,4.759962
coupled,0.00,5,61,0.996671,1.000000,5.077327
coupled,0.00,5,62,0.997658,1.000000,4.773167
coupled,0.00,5,63,0.991816,1.000000,4.928216
coupled,0.00,5,64,0.995655,1.000000,4.458863
coupled,0.00,5,65,0.994033,1.000000,4.568251
coupled,0.00,5,66,0.994178,1.000000,4.880503
coupled,0.00,5,67,0.994794,1.000000,4.706914
coupled,0.00,5,68,0.993314,1.000000,4.663014
coupled,0.00,5,69,0.992514,1.000000,4.851913
coupled,0.00,5,70,0.996255,1.000000,4.751974
coupled,0.00,5,71,0.993839,1.000000,4.634006
coupled,0.00,5,72,0.994954,1.000000,4.687704
coupled,0.00,5,73,0.995076,1.000000,4.637841
coupled,0.00,5,74,0.994382,1.000000,4.520647
coupled,0.00,5,75,0.990107,1.000000,4.637075
coupled,0.00,5,76,0.992771,1.000000,4.847023
coupled,0.00,5,77,0.996756,1.000000,4.905895
coupled,0.00,5,78,0.996491,1.000000,4.617128
coupled,0.00,5,79,0.994024,1.000000,4.519834
coupled,0.00,5,80,0.993716,1.000000,4.375139
coupled,0.00,5,81,0.989728,1.000000,4.749407
coupled,0.00,5,82,0.993758,1.000000,4.825018
coupled,0.00,5,83,0.994794,1.000000,4.558255
coupled,0.00,5,84,0.994178,1.000000,4.577730
coupled,0.00,5,85,0.993086,1.000000,4.716950
coupled,0.00,5,86,0.995017,1.000000,4.831567
coupled,0.00,5,87,0.993621,1.000000,4.565814
coupled,0.00,5,88,0.992689,1.000000,4.922746
coupled,0.00,5,89,0.996693,1.000000,4.713329
coupled,0.00,5,90,0.994967,1.000000,4.759505
coupled,0.00,5,91,0.994457,1.000000,4.643656
coupled,0.00,5,92,0.995760,1.000000,4.592930
coupled,0.00,5,93,0.992461,1.000000,4.718495
coupled,0.00,5,94,0.993817,1.000000,4.759224
coupled,0.00,5,95,0.994716,1.000000,4.649374
coupled,0.00,5,96,0.993543,1.000000,4.390082
coupled,0.00,5,97,0.992492,1.000000,4.676719
coupled,0.00,5,98,0.995129,1.000000,4.552922
coupled,0.00,5,99,0.993578,1.000000,4.599557
coupled,0.00,5,100,0.992607,1.000000,4.815629
coupled,0.00,5,101,0.996346,1.000000,4.384509
coupled,0.00,5,102,0.990999,1.000000,4.384204
coupled,0.00,5,103,0.992578,1.000000,4.743615
coupled,0.00,5,104,0.995438,1.000000,4.650439
coupled,0.00,5,105,0.995109,1.000000,4.493937
coupled,0.00,5,106,0.994684,1.000000,4.830816
coupled,0.00,5,107,0.995371,1.000000,4.829992
coupled,0.00,5,108,0.994475,1.000000,4.762307
coupled,0.00,5,109,0.995111,1.000000,4.616554
coupled,0.00,5,110,0.992626,1.000000,4.526934
coupled,0.00,5,111,0.993137,1.000000,4.875219
coupled,0.00,5,112,0.995250,1.000000,4.652827
coupled,0.00,5,113,0.993128,1.000000,5.021918
coupled,0.00,5,114,0.995936,1.000000,4.823292
coupled,0.00,5,115,0.995708,1.000000,4.431128
coupled,0.00,5,116,0.994102,1.000000,4.603886
coupled,0.00,5,117,0.991157,1.000000,4.373238
coupled,0.00,5,118,0.988546,1.000000,4.686582
coupled,0.00,5,119,0.994470,1.000000,4.579592
coupled,0.00,5,120,0.990367,1.000000,4.647018
coupled,0.00,5,121,0.993802,1.000000,4.705346
coupled,0.00,5,122,0.993971,1.000000,4.508502
coupled,0.00,5,123,0.993812,1.000000,4.646778
coupled,0.00,5,124,0.993010,1.000000,4.595678
coupled,0.00,5,125,0.994321,1.000000,4.530006
coupled,0.00,5,126,0.989957,1.000000,4.625102
coupled,0.00,5,127,0.992929,1.000000,4.665371
coupled,0.00,5,128,0.995089,1.000000,4.856181
coupled,0.00,5,129,0.996049,1.000000,4.836004
coupled,0.00,5,130,0.996527,1.000000,4.762205
coupled,0.00,5,131,0.996238,1.000000,4.848397
coupled,0.00,5,132,0.995225,1.000000,4.729076
coupled,0.00,5,133,0.995329,1.000000,4.984887
coupled,0.00,5,134,0.996919,1.000000,5.040524
coupled,0.00,5,135,0.996732,1.000000,4.920275
coupled,0.00,5,136,0.995499,1.000000,4.730859
coupled,0.00,5,137,0.994484,1.000000,4.469244
coupled,0.00,5,138,0.991945,1.000000,4.770292
coupled,0.00,5,139,0.995569,1.000000,4.667509
coupled,0.00,5,140,0.994645,1.000000,4.430824
coupled,0.00,5,141,0.990319,1.000000,4.642779
coupled,0.00,5,142,0.991522,1.000000,4.755529
coupled,0.00,5,143,0.995483,1.000000,4.795943
coupled,0.00,5,144,0.995404,1.000000,4.620826
coupled,0.00,5,145,0.993163,1.000000,4.504323
coupled,0.00,5,146,0.992594,1.000000,4.568001
coupled,0.00,5,147,0.992641,1.000000,4.657934
coupled,0.00,5,148,0.994936,1.000000,4.723412
coupled,0.00,5,149,0.995643,1.000000,4.856512
coupled,0.00,5,150,0.997347,1.000000,4.761468
coupled,0.00,5,151,0.995593,1.000000,4.844845
coupled,0.00,5,152,0.995558,1.000000,4.723134
coupled,0.00,5,153,0.995862,1.000000,4.686248
coupled,0.00,5,154,0.994215,1.000000,4.713863
coupled,0.00,5,155,0.996207,1.000000,4.594514
coupled,0.00,5,156,0.991951,1.000000,4.703660
coupled,0.00,5,157,0.994869,1.000000,4.689293
coupled,0.00,5,158,0.996188,1.000000,4.619649
coupled,0.00,5,159,0.994713,1.000000,4.583186
coupled,0.00,5,160,0.993947,1.000000,4.433874
coupled,0.00,5,161,0.993186,1.000000,4.595232
coupled,0.00,5,162,0.992526,1.000000,4.926636
coupled,0.00,5,163,0.996698,1.000000,4.758111
coupled,0.00,5,164,0.992719,1.000000,4.437367
coupled,0.00,5,165,0.991487,1.000000,4.899692
coupled,0.00,5,166,0.994640,1.000000,4.784836
coupled,0.00,5,167,0.995406,1.000000,4.726841
coupled,0.00,5,168,0.995001,1.000000,4.641984
coupled,0.00,5,169,0.992685,1.000000,4.899755
coupled,0.00,5,170,0.996143,1.000000,4.764707
coupled,0.00,5,171,0.993628,1.000000,4.575386
coupled,0.00,5,172,0.994142,1.000000,4.669895
coupled,0.00,5,173,0.995377,1.000000,4.804892
coupled,0.00,5,174,0.995124,1.000000,4.803382
coupled,0.00,5,175,0.996579,1.000000,4.966206
coupled,0.00,5,176,0.995845,1.000000,4.600816
coupled,0.00,5,177,0.992993,1.000000,4.650301
coupled,0.00,5,178,0.994278,1.000000,4.893275
coupled,0.00,5,179,0.996263,1.000000,4.676853
coupled,0.00,5,180,0.994287,1.000000,4.660231
coupled,0.00,5,181,0.993775,1.000000,4.705500
coupled,0.00,5,182,0.993979,1.000000,4.671351
coupled,0.00,5,183,0.996129,1.000000,4.437570
coupled,0.00,5,184,0.992338,1.000000,4.740495
coupled,0.00,5,185,0.996234,1.000000,4.557096
coupled,0.00,5,186,0.994043,1.000000,4.814070
coupled,0.00,5,187,0.995833,1.000000,4.516361
coupled,0.00,5,188,0.992744,1.000000,4.558360
coupled,0.00,5,189,0.991475,1.000000,4.777026
coupled,0.00,5,190,0.994689,1.000000,4.705348
coupled,0.00,5,191,0.994771,1.000000,4.689577
coupled,0.00,5,192,0.994254,1.000000,4.762656
coupled,0.00,5,193,0.992681,1.000000,4.821754
coupled,0.00,5,194,0.996040,1.000000,4.891523
coupled,0.00,5,195,0.995431,1.000000,4.953324
coupled,0.00,5,196,0.996358,1.000000,4.716999
coupled,0.00,5,197,0.993552,1.000000,4.622719
coupled,0.00,5,198,0.994162,1.000000,4.491210
coupled,0.00,5,199,0.994077,1.000000,4.490828
coupled,0.00,5,200,0.991613,1.000000,4.563513
coupled,0.00,5,201,0.995919,1.000000,4.587472
coupled,0.00,5,202,0.994710,1.000000,4.687425
coupled,0.00,5,203,0.995262,1.000000,4.519724
coupled,0.00,5,204,0.992708,1.000000,4.215947
coupled,0.00,5,205,0.991728,1.000000,4.776470
coupled,0.00,5,206,0.995159,1.000000,4.838717
coupled,0.00,5,207,0.995807,1.000000,4.585269
coupled,0.00,5,208,0.993770,1.000000,4.774131
coupled,0.00,5,209,0.994671,1.000000,4.699397
coupled,0.00,5,210,0.994176,1.000000,4.791951
coupled,0.00,5,211,0.994087,1.000000,4.829366
coupled,0.00,5,212,0.994916,1.000000,4.639652
coupled,0.00,5,213,0.992292,1.000000,4.771090
coupled,0.00,5,214,0.996410,1.000000,4.845921
coupled,0.00,5,215,0.995760,1.000000,4.705100
coupled,0.00,5,216,0.993971,1.000000,4.848072
coupled,0.00,5,217,0.995393,1.000000,4.724413
coupled,0.00,5,218,0.994538,1.000000,4.653165
coupled,0.00,5,219,0.994433,1.000000,4.561073
coupled,0.00,5,220,0.993651,1.000000,4.716751
coupled,0.00,5,221,0.994945,1.000000,4.616930
coupled,0.00,5,222,0.994681,1.000000,4.492756
coupled,0.00,5,223,0.994528,1.000000,4.277525
coupled,0.00,5,224,0.987906,1.000000,4.648760
coupled,0.00,5,225,0.994992,1.000000,4.758924
coupled,0.00,5,226,0.991697,1.000000,4.767418
coupled,0.00,5,227,0.995984,1.000000,4.809390
coupled,0.00,5,228,0.996007,1.000000,4.645492
coupled,0.00,5,229,0.994600,1.000000,4.787316
coupled,0.00,5,230,0.995214,1.000000,4.637784
coupled,0.00,5,231,0.994752,1.000000,4.454769
coupled,0.00,5,232,0.992585,1.000000,4.788840
coupled,0.00,5,233,0.995378,1.000000,4.671052
coupled,0.00,5,234,0.993640,1.000000,4.613330
coupled,0.00,5,235,0.992991,1.000000,4.639268
coupled,0.00,5,236,0.994582,1.000000,4.811965
coupled,0.00,5,237,0.996126,1.000000,4.822284
coupled,0.00,5,238,0.996323,1.000000,4.666721
coupled,0.00,5,239,0.994647,1.000000,4.470282
coupled,0.00,5,240,0.992877,1.000000,4.565808
coupled,0.00,5,241,0.994737,1.000000,4.646666
coupled,0.00,5,242,0.994264,1.000000,4.849702
coupled,0.00,5,243,0.995480,1.000000,4.874110
coupled,0.00,5,244,0.996722,1.000000,4.587082
coupled,0.00,5,245,0.993803,1.000000,4.604569
coupled,0.00,5,246,0.992483,1.000000,4.559639
coupled,0.00,5,247,0.990888,1.000000,4.309345
coupled,0.00,5,248,0.990504,1.000000,4.550853
coupled,0.00,5,249,0.992392,1.000000,4.650448
coupled,0.00,5,250,0.994217,1.000000,4.615323
coupled,0.00,5,251,0.995383,1.000000,4.531854
coupled,0.00,5,252,0.990978,1.000000,4.623323
coupled,0.00,5,253,0.994662,1.000000,4.726584
coupled,0.00,5,254,0.995975,1.000000,4.840655
coupled,0.00,5,255,0.995064,1.000000,4.772190
coupled,0.00,5,256,0.994343,1.000000,4.607420
coupled,0.00,5,257,0.990667,1.000000,4.623125
coupled,0.00,5,258,0.992384,1.000000,4.512108
coupled,0.00,5,259,0.992343,1.000000,4.698367
coupled,0.00,5,260,0.993158,1.000000,4.711177
coupled,0.00,5,261,0.993537,1.000000,4.599605
coupled,0.00,5,262,0.994643,1.000000,4.577984
coupled,0.00,5,263,0.994333,1.000000,4.580846
coupled,0.00,5,264,0.993917,1.000000,4.290048
coupled,0.00,5,265,0.990614,1.000000,4.492104
coupled,0.00,5,266,0.992155,1.000000,4.669818
coupled,0.00,5,267,0.993971,1.000000,4.877910
coupled,0.00,5,268,0.996377,1.000000,4.909737
coupled,0.00,5,269,0.996443,1.000000,4.630089
coupled,0.00,5,270,0.991403,1.000000,4.519197
coupled,0.00,5,271,0.992958,1.000000,4.523887
coupled,0.00,5,272,0.993903,1.000000,4.577159
coupled,0.00,5,273,0.994295,1.000000,4.607253
coupled,0.00,5,274,0.993942,1.000000,4.631092
coupled,0.00,5,275,0.994297,1.000000,4.249144
coupled,0.00,5,276,0.985244,1.000000,4.326835
coupled,0.00,5,277,0.991118,1.000000,4.582161
coupled,0.00,5,278,0.992965,1.000000,4.516006
coupled,0.00,5,279,0.992423,1.000000,4.463940
coupled,0.00,5,280,0.992651,1.000000,4.754442
coupled,0.00,5,281,0.996388,1.000000,4.569508
coupled,0.00,5,282,0.992758,1.000000,4.490883
coupled,0.00,5,283,0.989861,1.000000,4.520710
coupled,0.00,5,284,0.994072,1.000000,4.528901
coupled,0.00,5,285,0.991067,1.000000,4.764358
coupled,0.00,5,286,0.994885,1.000000,4.692894
coupled,0.00,5,287,0.994092,1.000000,4.837704
coupled,0.00,5,288,0.995864,1.000000,4.914708
coupled,0.00,5,289,0.996846,1.000000,4.661292
coupled,0.00,5,290,0.992830,1.000000,4.468303
coupled,0.00,5,291,0.991000,1.000000,4.778331
coupled,0.00,5,292,0.995270,1.000000,4.741481
coupled,0.00,5,293,0.995622,1.000000,4.862286
coupled,0.00,5,294,0.995934,1.000000,4.827280
coupled,0.00,5,295,0.994873,1.000000,4.702520
coupled,0.00,5,296,0.993922,1.000000,4.764218
coupled,0.00,5,297,0.993384,1.000000,4.929707
coupled,0.00,5,298,0.996756,1.000000,4.643121
coupled,0.00,5,299,0.993794,1.000000,4.967950
coupled,0.00,5,300,0.995683,1.000000,4.470517
coupled,0.00,5,301,0.992199,1.000000,4.264615
coupled,0.00,5,302,0.990969,1.000000,4.721008
coupled,0.00,5,303,0.995522,1.000000,4.712556
coupled,0.00,5,304,0.994897,1.000000,4.900991
coupled,0.00,5,305,0.996621,1.000000,4.890097
coupled,0.00,5,306,0.996045,1.000000,4.650804
coupled,0.00,5,307,0.992608,1.000000,4.962101
coupled,0.00,5,308,0.994476,1.000000,4.746992
coupled,0.00,5,309,0.995159,1.000000,4.941077
coupled,0.00,5,310,0.995779,1.000000,4.721847
coupled,0.00,5,311,0.995397,1.000000,4.808777
coupled,0.00,5,312,0.995454,1.000000,4.750938
coupled,0.00,5,313,0.991163,1.000000,4.612315
coupled,0.00,5,314,0.992837,1.000000,4.675778
coupled,0.00,5,315,0.993412,1.000000,4.778246
coupled,0.00,5,316,0.995199,1.000000,5.015868
coupled,0.00,5,317,0.996576,1.000000,4.833229
coupled,0.00,5,318,0.994144,1.000000,4.790846
coupled,0.00,5,319,0.995851,1.000000,4.602060
coupled,0.00,5,320,0.994313,1.000000,4.641068
coupled,0.00,5,321,0.994340,1.000000,4.382352
coupled,0.00,5,322,0.991236,1.000000,4.691379
coupled,0.00,5,323,0.993793,1.000000,4.661260
coupled,0.00,5,324,0.994959,1.000000,4.514880
coupled,0.00,5,325,0.990826,1.000000,4.693957
coupled,0.00,5,326,0.991688,1.000000,4.413381
coupled,0.00,5,327,0.990199,1.000000,4.713089
coupled,0.00,5,328,0.995577,1.000000,4.733712
coupled,0.00,5,329,0.993222,1.000000,4.721294
coupled,0.00,5,330,0.993424,1.000000,4.782109
coupled,0.00,5,331,0.995404,1.000000,4.703370
coupled,0.00,5,332,0.994245,1.000000,4.838587
coupled,0.00,5,333,0.994995,1.000000,4.671544
coupled,0.00,5,334,0.992835,1.000000,4.655471
coupled,0.00,5,335,0.994845,1.000000,4.579278
coupled,0.00,5,336,0.992242,1.000000,4.718502
coupled,0.00,5,337,0.994885,1.000000,4.674705
coupled,0.00,5,338,0.994021,1.000000,4.603183
coupled,0.00,5,339,0.988858,1.000000,4.541274
coupled,0.00,5,340,0.993927,1.000000,4.653914
coupled,0.00,5,341,0.994756,1.000000,4.634930
coupled,0.00,5,342,0.992667,1.000000,4.657827
coupled,0.00,5,343,0.993843,1.000000,4.638953
coupled,0.00,5,344,0.993513,1.000000,4.652018
coupled,0.00,5,345,0.994598,1.000000,4.756757
coupled,0.00,5,346,0.994957,1.000000,4.673995
coupled,0.00,5,347,0.993910,1.000000,4.420248
coupled,0.00,5,348,0.991884,1.000000,4.682472
coupled,0.00,5,349,0.994141,1.000000,4.601506
coupled,0.00,5,350,0.994342,1.000000,4.314759
coupled,0.00,5,351,0.988257,1.000000,4.307590
coupled,0.00,5,352,0.990514,1.000000,4.547153
coupled,0.00,5,353,0.993387,1.000000,4.689240
coupled,0.00,5,354,0.992880,1.000000,4.531809
coupled,0.00,5,355,0.994066,1.000000,4.551329
coupled,0.00,5,356,0.989159,1.000000,4.551481
coupled,0.00,5,357,0.991899,1.000000,4.612861
coupled,0.00,5,358,0.994232,1.000000,4.653305
coupled,0.00,5,359,0.991444,1.000000,4.748869
coupled,0.00,5,360,0.994384,1.000000,4.793136
coupled,0.00,5,361,0.994925,1.000000,4.725263
coupled,0.00,5,362,0.995096,1.000000,4.700737
coupled,0.00,5,363,0.994536,1.000000,4.560068
coupled,0.00,5,364,0.995004,1.000000,4.684010
coupled,0.00,5,365,0.994161,1.000000,4.990455
coupled,0.00,5,366,0.997137,1.000000,4.450955
coupled,0.00,5,367,0.993739,1.000000,4.462153
coupled,0.00,5,368,0.990904,1.000000,4.514483
coupled,0.00,5,369,0.989608,1.000000,4.644165
coupled,0.00,5,370,0.992534,1.000000,4.834647
coupled,0.00,5,371,0.994559,1.000000,4.920446
coupled,0.00,5,372,0.995458,1.000000,4.720478
coupled,0.00,5,373,0.994769,1.000000,4.693626
coupled,0.00,5,374,0.995348,1.000000,4.728482
coupled,0.00,5,375,0.995511,1.000000,4.658866
coupled,0.00,5,376,0.992008,1.000000,4.674919
coupled,0.00,5,377,0.993269,1.000000,4.786693
coupled,0.00,5,378,0.994750,1.000000,4.910144
coupled,0.00,5,379,0.995853,1.000000,4.591310
coupled,0.00,5,380,0.993684,1.000000,4.528821
coupled,0.00,5,381,0.991959,1.000000,4.812833
coupled,0.00,5,382,0.993784,1.000000,4.855052
coupled,0.00,5,383,0.995027,1.000000,4.539591
coupled,0.00,5,384,0.993417,1.000000,4.668301
coupled,0.00,5,385,0.995590,1.000000,4.449000
coupled,0.00,5,386,0.990331,1.000000,4.673280
coupled,0.00,5,387,0.994143,1.000000,4.572120
coupled,0.00,5,388,0.993696,1.000000,4.605899
coupled,0.00,5,389,0.993990,1.000000,4.398490
coupled,0.00,5,390,0.990677,1.000000,4.501033
coupled,0.00,5,391,0.991325,1.000000,4.528645
coupled,0.00,5,392,0.991283,1.000000,4.735424
coupled,0.00,5,393,0.993141,1.000000,4.868706
coupled,0.00,5,394,0.996619,1.000000,4.829974
coupled,0.00,5,395,0.996505,1.000000,4.575434
coupled,0.00,5,396,0.993962,1.000000,4.695798
coupled,0.00,5,397,0.994163,1.000000,4.743745
coupled,0.00,5,398,0.995527,1.000000,4.732313
coupled,0.00,5,399,0.994475,1.000000,4.584946
coupled,0.00,5,400,0.993831,1.000000,4.388612
coupled,0.00,5,401,0.991854,1.000000,4.931539
coupled,0.00,5,402,0.996148,1.000000,4.745006
coupled,0.00,5,403,0.995249,1.000000,4.813336
coupled,0.00,5,404,0.996808,1.000000,4.815679
coupled,0.00,5,405,0.994552,1.000000,4.827579
coupled,0.00,5,406,0.995987,1.000000,4.455499
coupled,0.00,5,407,0.992720,1.000000,4.733966
coupled,0.00,5,408,0.993912,1.000000,4.572451
coupled,0.00,5,409,0.994669,1.000000,4.637950
coupled,0.00,5,410,0.994813,1.000000,4.659815
coupled,0.00,5,411,0.993253,1.000000,4.648705
coupled,0.00,5,412,0.994894,1.000000,4.792817
coupled,0.00,5,413,0.994323,1.000000,4.756765
coupled,0.00,5,414,0.994106,1.000000,4.622990
coupled,0.00,5,415,0.994028,1.000000,4.660722
coupled,0.00,5,416,0.993839,1.000000,4.733677
coupled,0.00,5,417,0.994577,1.000000,4.638709
coupled,0.00,5,418,0.992775,1.000000,4.416753
coupled,0.00,5,419,0.991491,1.000000,4.664653
coupled,0.00,5,420,0.991935,1.000000,4.330768
coupled,0.00,5,421,0.994277,1.000000,4.440021
coupled,0.00,5,422,0.993779,1.000000,4.583959
coupled,0.00,5,423,0.992384,1.000000,4.819774
coupled,0.00,5,424,0.996553,1.000000,4.484956
coupled,0.00,5,425,0.992976,1.000000,4.833324
coupled,0.00,5,426,0.996535,1.000000,4.818975
coupled,0.00,5,427,0.995715,1.000000,4.914159
coupled,0.00,5,428,0.997241,1.000000,4.557924
coupled,0.00,5,429,0.995198,1.000000,4.733004
coupled,0.00,5,430,0.995070,1.000000,4.741751
coupled,0.00,5,431,0.995406,1.000000,4.834774
coupled,0.00,5,432,0.995671,1.000000,4.698533
coupled,0.00,5,433,0.992276,1.000000,4.639261
coupled,0.00,5,434,0.992718,1.000000,4.500543
coupled,0.00,5,435,0.991874,1.000000,4.869274
coupled,0.00,5,436,0.995413,1.000000,4.420206
coupled,0.00,5,437,0.988764,1.000000,4.851879
coupled,0.00,5,438,0.997246,1.000000,4.722755
coupled,0.00,5,439,0.995040,1.000000,4.770783
coupled,0.00,5,440,0.995936,1.000000,4.564256
coupled,0.00,5,441,0.991457,1.000000,4.873474
coupled,0.00,5,442,0.996171,1.000000,4.663155
coupled,0.00,5,443,0.994994,1.000000,4.778030
coupled,0.00,5,444,0.994420,1.000000,4.464919
coupled,0.00,5,445,0.988620,1.000000,4.529596
coupled,0.00,5,446,0.992814,1.000000,4.602542
coupled,0.00,5,447,0.991782,1.000000,4.832520
coupled,0.00,5,448,0.994843,1.000000,4.591817
coupled,0.00,5,449,0.993892,1.000000,4.950575
coupled,0.00,5,450,0.996288,1.000000,5.050471
coupled,0.00,5,451,0.996194,1.000000,4.679141
coupled,0.00,5,452,0.994527,1.000000,4.318821
coupled,0.00,5,453,0.987344,1.000000,4.574845
coupled,0.00,5,454,0.994643,1.000000,4.904118
coupled,0.00,5,455,0.996349,1.000000,4.886445
coupled,0.00,5,456,0.996547,1.000000,4.799072
coupled,0.00,5,457,0.994120,1.000000,4.818798
coupled,0.00,5,458,0.993816,1.000000,4.666373
coupled,0.00,5,459,0.993774,1.000000,4.808406
coupled,0.00,5,460,0.996040,1.000000,4.588237
coupled,0.00,5,461,0.992735,1.000000,4.650236
coupled,0.00,5,462,0.993206,1.000000,4.610122
coupled,0.00,5,463,0.994225,1.000000,4.559783
coupled,0.00,5,464,0.994106,1.000000,4.288700
coupled,0.00,5,465,0.989496,1.000000,4.590031
coupled,0.00,5,466,0.993610,1.000000,4.764264
coupled,0.00,5,467,0.995119,1.000000,4.639354
coupled,0.00,5,468,0.992159,1.000000,4.874473
coupled,0.00,5,469,0.994621,1.000000,4.766824
coupled,0.00,5,470,0.993635,1.000000,4.765920
coupled,0.00,5,471,0.995866,1.000000,4.757871
coupled,0.00,5,472,0.994983,1.000000,4.658676
coupled,0.00,5,473,0.994400,1.000000,4.965159
coupled,0.00,5,474,0.996802,1.000000,4.653259
coupled,0.00,5,475,0.994448,1.000000,4.496382
coupled,0.00,5,476,0.994219,1.000000,4.692704
coupled,0.00,5,477,0.995166,1.000000,4.632077
coupled,0.00,5,478,0.993804,1.000000,4.823977
coupled,0.00,5,479,0.993842,1.000000,4.621322
coupled,0.00,5,480,0.993828,1.000000,4.634930
coupled,0.00,5,481,0.995092,1.000000,4.673282
coupled,0.00,5,482,0.993613,1.000000,4.480555
coupled,0.00,5,483,0.993010,1.000000,4.688745
coupled,0.00,5,484,0.993633,1.000000,4.576935
coupled,0.00,5,485,0.994019,1.000000,4.842615
coupled,0.00,5,486,0.996561,1.000000,4.702573
coupled,0.00,5,487,0.993139,1.000000,4.737489
coupled,0.00,5,488,0.995676,1.000000,4.757124
coupled,0.00,5,489,0.992959,1.000000,4.718399
coupled,0.00,5,490,0.995597,1.000000,4.606161
coupled,0.00,5,491,0.993379,1.000000,4.729827
coupled,0.00,5,492,0.992866,1.000000,4.865585
coupled,0.00,5,493,0.996846,1.000000,4.490785
coupled,0.00,5,494,0.993222,1.000000,4.341570
coupled,0.00,5,495,0.991497,1.000000,4.764716
coupled,0.00,5,496,0.996403,1.000000,4.487620
coupled,0.00,5,497,0.993255,1.000000,4.596001
coupled,0.00,5,498,0.993239,1.000000,4.825007
coupled,0.00,5,499,0.992936,1.000000,4.721501
coupled,0.50,5,0,0.993502,0.996751,4.631499
coupled,0.50,5,1,0.995562,0.997781,4.506873
coupled,0.50,5,2,0.993128,0.996564,4.764583
coupled,0.50,5,3,0.995282,0.997641,4.857629
coupled,0.50,5,4,0.995487,0.997743,4.735357
coupled,0.50,5,5,0.992521,0.996260,4.627761
coupled,0.50,5,6,0.993823,0.996912,4.553329
coupled,0.50,5,7,0.992633,0.996316,4.801165
coupled,0.50,5,8,0.995098,0.997549,4.404109
coupled,0.50,5,9,0.991070,0.995535,4.759109
coupled,0.50,5,10,0.993776,0.996888,4.658777
coupled,0.50,5,11,0.994557,0.997278,4.536145
coupled,0.50,5,12,0.991964,0.995982,4.698347
coupled,0.50,5,13,0.995660,0.997830,4.505287
coupled,0.50,5,14,0.992458,0.996229,4.505786
coupled,0.50,5,15,0.991950,0.995975,4.721414
coupled,0.50,5,16,0.994705,0.997353,4.484236
coupled,0.50,5,17,0.992804,0.996402,4.606197
coupled,0.50,5,18,0.994934,0.997467,4.607413
coupled,0.50,5,19,0.994638,0.997319,4.722633
coupled,0.50,5,20,0.993703,0.996851,4.625269
coupled,0.50,5,21,0.993080,0.996540,4.542712
coupled,0.50,5,22,0.993754,0.996877,4.539295
coupled,0.50,5,23,0.993153,0.996576,4.848183
coupled,0.50,5,24,0.995932,0.997966,4.717027
coupled,0.50,5,25,0.995883,0.997942,4.782098
coupled,0.50,5,26,0.995818,0.997909,4.735207
coupled,0.50,5,27,0.995071,0.997536,4.476827
coupled,0.50,5,28,0.992504,0.996252,4.804955
coupled,0.50,5,29,0.995606,0.997803,5.011263
coupled,0.50,5,30,0.996043,0.998021,4.791868
coupled,0.50,5,31,0.993777,0.996889,4.532556
coupled,0.50,5,32,0.992093,0.996047,4.701775
coupled,0.50,5,33,0.994677,0.997339,4.562916
coupled,0.50,5,34,0.992596,0.996298,4.815529
coupled,0.50,5,35,0.996338,0.998169,4.664644
coupled,0.50,5,36,0.994905,0.997453,4.528220
coupled,0.50,5,37,0.991042,0.995521,4.528121
coupled,0.50,5,38,0.993537,0.996768,4.705348
coupled,0.50,5,39,0.994375,0.997188,4.806596
coupled,0.50,5,40,0.996320,0.998160,4.503993
coupled,0.50,5,41,0.990579,0.995289,4.550897
coupled,0.50,5,42,0.994405,0.997203,5.030210
coupled,0.50,5,43,0.996736,0.998368,4.960789
coupled,0.50,5,44,0.996607,0.998303,4.634056
coupled,0.50,5,45,0.995731,0.997866,4.477689
coupled,0.50,5,46,0.991806,0.995903,4.424978
coupled,0.50,5,47,0.990625,0.995313,4.409814
coupled,0.50,5,48,0.989577,0.994788,4.753921
coupled,0.50,5,49,0.996047,0.998023,4.612817
coupled,0.50,5,50,0.995095,0.997548,4.730811
coupled,0.50,5,51,0.994659,0.997329,4.752531
coupled,0.50,5,52,0.994944,0.997472,4.827954
coupled,0.50,5,53,0.995295,0.997647,4.728248
coupled,0.50,5,54,0.995576,0.997788,4.574615
coupled,0.50,5,55,0.991472,0.995736,4.763912
coupled,0.50,5,56,0.994535,0.997267,4.645286
coupled,0.50,5,57,0.992787,0.996393,4.683961
coupled,0.50,5,58,0.994559,0.997280,4.699455
coupled,0.50,5,59,0.995045,0.997522,4.686288
coupled,0.50,5,60,0.995225,0.997612,4.739676
coupled,0.50,5,61,0.995242,0.997621,4.569933
coupled,0.50,5,62,0.990855,0.995427,4.734645
coupled,0.50,5,63,0.993871,0.996936,4.677234
coupled,0.50,5,64,0.994291,0.997146,4.596368
coupled,0.50,5,65,0.988356,0.994178,4.663567
coupled,0.50,5,66,0.995008,0.997504,4.826486
coupled,0.50,5,67,0.995906,0.997953,4.723042
coupled,0.50,5,68,0.995990,0.997995,4.548802
coupled,0.50,5,69,0.994117,0.997059,4.711628
coupled,0.50,5,70,0.992632,0.996316,4.936861
coupled,0.50,5,71,0.995691,0.997845,4.494887
coupled,0.50,5,72,0.992421,0.996210,4.627552
coupled,0.50,5,73,0.994463,0.997232,4.830854
coupled,0.50,5,74,0.996393,0.998197,4.757552
coupled,0.50,5,75,0.994065,0.997033,4.473818
coupled,0.50,5,76,0.993681,0.996840,4.717396
coupled,0.50,5,77,0.994846,0.997423,4.999954
coupled,0.50,5,78,0.996691,0.998346,4.686077
coupled,0.50,5,79,0.993375,0.996687,4.636158
coupled,0.50,5,80,0.994408,0.997204,4.521910
coupled,0.50,5,81,0.993538,0.996769,4.872338
coupled,0.50,5,82,0.995216,0.997608,4.709152
coupled,0.50,5,83,0.993683,0.996842,4.682451
coupled,0.50,5,84,0.995177,0.997589,4.640592
coupled,0.50,5,85,0.993491,0.996746,4.617981
coupled,0.50,5,86,0.993917,0.996958,4.678807
coupled,0.50,5,87,0.994649,0.997325,4.584864
coupled,0.50,5,88,0.993526,0.996763,4.870156
coupled,0.50,5,89,0.994662,0.997331,4.748886
coupled,0.50,5,90,0.993569,0.996785,4.806599
coupled,0.50,5,91,0.995847,0.997923,4.822465
coupled,0.50,5,92,0.995558,0.997779,4.704471
coupled,0.50,5,93,0.995359,0.997680,4.640730
coupled,0.50,5,94,0.992673,0.996337,4.462788
coupled,0.50,5,95,0.989432,0.994716,4.649746
coupled,0.50,5,96,0.993470,0.996735,4.645472
coupled,0.50,5,97,0.992721,0.996360,4.874393
coupled,0.50,5,98,0.995033,0.997516,4.934634
coupled,0.50,5,99,0.995665,0.997833,4.653873
coupled,0.50,5,100,0.993029,0.996514,4.693503
coupled,0.50,5,101,0.993915,0.996958,4.748642
coupled,0.50,5,102,0.995596,0.997798,4.831696
coupled,0.50,5,103,0.995486,0.997743,4.471475
coupled,0.50,5,104,0.991737,0.995868,4.528003
coupled,0.50,5,105,0.989699,0.994850,4.263046
coupled,0.50,5,106,0.987719,0.993859,4.434968
coupled,0.50,5,107,0.992514,0.996257,4.718729
coupled,0.50,5,108,0.994928,0.997464,4.476705
coupled,0.50,5,109,0.992009,0.996004,4.593569
coupled,0.50,5,110,0.995467,0.997733,4.585779
coupled,0.50,5,111,0.991566,0.995783,4.838700
coupled,0.50,5,112,0.995234,0.997617,4.629201
coupled,0.50,5,113,0.993841,0.996921,4.551229
coupled,0.50,5,114,0.989921,0.994961,4.664915
coupled,0.50,5,115,0.994919,0.997460,4.439425
coupled,0.50,5,116,0.991429,0.995714,4.494632
coupled,0.50,5,117,0.990236,0.995118,4.552299
coupled,0.50,5,118,0.995050,0.997525,4.474746
coupled,0.50,5,119,0.991372,0.995686,4.513994
coupled,0.50,5,120,0.994092,0.997046,4.838036
coupled,0.50,5,121,0.996130,0.998065,4.870349
coupled,0.50,5,122,0.996494,0.998247,4.715577
coupled,0.50,5,123,0.995317,0.997659,4.606544
coupled,0.50,5,124,0.994835,0.997417,4.612789
coupled,0.50,5,125,0.993224,0.996612,4.720334
coupled,0.50,5,126,0.994298,0.997149,5.036078
coupled,0.50,5,127,0.996937,0.998469,4.791387
coupled,0.50,5,128,0.993984,0.996992,4.727327
coupled,0.50,5,129,0.994449,0.997224,4.602770
coupled,0.50,5,130,0.993858,0.996929,4.705336
coupled,0.50,5,131,0.995175,0.997588,4.542370
coupled,0.50,5,132,0.992525,0.996263,4.694311
coupled,0.50,5,133,0.994595,0.997297,4.577467
coupled,0.50,5,134,0.994834,0.997417,4.725340
coupled,0.50,5,135,0.993538,0.996769,4.746489
coupled,0.50,5,136,0.994971,0.997485,4.685470
coupled,0.50,5,137,0.994274,0.997137,4.791042
coupled,0.50,5,138,0.996545,0.998272,4.867072
coupled,0.50,5,139,0.996932,0.998466,4.634637
coupled,0.50,5,140,0.995568,0.997784,4.574833
coupled,0.50,5,141,0.992664,0.996332,4.780579
coupled,0.50,5,142,0.995870,0.997935,4.413212
coupled,0.50,5,143,0.991960,0.995980,4.672962
coupled,0.50,5,144,0.994784,0.997392,4.721376
coupled,0.50,5,145,0.994953,0.997477,4.781336
coupled,0.50,5,146,0.995480,0.997740,4.534218
coupled,0.50,5,147,0.992610,0.996305,4.667788
coupled,0.50,5,148,0.994446,0.997223,4.818180
coupled,0.50,5,149,0.995522,0.997761,4.957149
coupled,0.50,5,150,0.996966,0.998483,4.913226
coupled,0.50,5,151,0.995587,0.997793,4.858040
coupled,0.50,5,152,0.996315,0.998158,4.733358
coupled,0.50,5,153,0.995011,0.997506,4.688109
coupled,0.50,5,154,0.995693,0.997847,4.808994
coupled,0.50,5,155,0.994408,0.997204,4.690511
coupled,0.50,5,156,0.995101,0.997550,4.854517
coupled,0.50,5,157,0.995083,0.997541,4.574917
coupled,0.50,5,158,0.993315,0.996657,4.752351
coupled,0.50,5,159,0.995045,0.997522,4.780015
coupled,0.50,5,160,0.995557,0.997779,4.772180
coupled,0.50,5,161,0.994811,0.997405,4.542832
coupled,0.50,5,162,0.991169,0.995584,4.706552
coupled,0.50,5,163,0.995918,0.997959,4.676823
coupled,0.50,5,164,0.993275,0.996637,4.338832
coupled,0.50,5,165,0.990395,0.995197,4.822713
coupled,0.50,5,166,0.995692,0.997846,4.584190
coupled,0.50,5,167,0.991855,0.995928,4.657376
coupled,0.50,5,168,0.993798,0.996899,4.674876
coupled,0.50,5,169,0.994995,0.997497,4.617957
coupled,0.50,5,170,0.993572,0.996786,4.842895
coupled,0.50,5,171,0.995755,0.997877,4.848260
coupled,0.50,5,172,0.996073,0.998037,4.859001
coupled,0.50,5,173,0.996129,0.998064,4.751001
coupled,0.50,5,174,0.992892,0.996446,4.737880
coupled,0.50,5,175,0.994690,0.997345,4.664592
coupled,0.50,5,176,0.992640,0.996320,4.606493
coupled,0.50,5,177,0.993829,0.996915,4.759311
coupled,0.50,5,178,0.993850,0.996925,4.617692
coupled,0.50,5,179,0.991903,0.995951,4.826993
coupled,0.50,5,180,0.996090,0.998045,4.850930
coupled,0.50,5,181,0.995556,0.997778,4.833081
coupled,0.50,5,182,0.996931,0.998465,5.026661
coupled,0.50,5,183,0.995951,0.997975,4.571066
coupled,0.50,5,184,0.993136,0.996568,4.796568
coupled,0.50,5,185,0.996792,0.998396,4.805481
coupled,0.50,5,186,0.996234,0.998117,4.533018
coupled,0.50,5,187,0.992640,0.996320,4.656788
coupled,0.50,5,188,0.992907,0.996454,4.664094
coupled,0.50,5,189,0.993383,0.996691,4.815745
coupled,0.50,5,190,0.996531,0.998266,4.732703
coupled,0.50,5,191,0.995881,0.997941,4.591475
coupled,0.50,5,192,0.993389,0.996694,4.615600
coupled,0.50,5,193,0.994533,0.997267,4.375595
coupled,0.50,5,194,0.991173,0.995586,4.748668
coupled,0.50,5,195,0.989455,0.994727,4.679303
coupled,0.50,5,196,0.994726,0.997363,4.553076
coupled,0.50,5,197,0.994036,0.997018,4.499163
coupled,0.50,5,198,0.992896,0.996448,4.491623
coupled,0.50,5,199,0.993350,0.996675,5.022054
coupled,0.50,5,200,0.997553,0.998776,4.752683
coupled,0.50,5,201,0.993812,0.996906,4.656475
coupled,0.50,5,202,0.992982,0.996491,4.612177
coupled,0.50,5,203,0.992134,0.996067,4.857686
coupled,0.50,5,204,0.995032,0.997516,4.985174
coupled,0.50,5,205,0.996245,0.998122,4.635430
coupled,0.50,5,206,0.994495,0.997248,4.725217
coupled,0.50,5,207,0.992623,0.996312,4.514259
coupled,0.50,5,208,0.992383,0.996191,4.654411
coupled,0.50,5,209,0.993624,0.996812,4.641860
coupled,0.50,5,210,0.994363,0.997181,4.699636
coupled,0.50,5,211,0.996397,0.998198,4.765576
coupled,0.50,5,212,0.994859,0.997430,4.751343
coupled,0.50,5,213,0.995420,0.997710,4.309745
coupled,0.50,5,214,0.990399,0.995199,4.592305
coupled,0.50,5,215,0.992555,0.996278,4.630134
coupled,0.50,5,216,0.994470,0.997235,4.502621
coupled,0.50,5,217,0.991789,0.995895,4.715104
coupled,0.50,5,218,0.994264,0.997132,4.583705
coupled,0.50,5,219,0.993673,0.996836,4.699462
coupled,0.50,5,220,0.993936,0.996968,4.814138
coupled,0.50,5,221,0.994735,0.997368,4.855616
coupled,0.50,5,222,0.996482,0.998241,4.642990
coupled,0.50,5,223,0.993337,0.996668,4.622926
coupled,0.50,5,224,0.991360,0.995680,4.740520
coupled,0.50,5,225,0.992492,0.996246,4.678158
coupled,0.50,5,226,0.993451,0.996725,4.750509
coupled,0.50,5,227,0.995283,0.997641,4.649924
coupled,0.50,5,228,0.989893,0.994946,4.624898
coupled,0.50,5,229,0.993110,0.996555,4.717709
coupled,0.50,5,230,0.995418,0.997709,4.540623
coupled,0.50,5,231,0.991565,0.995783,4.679882
coupled,0.50,5,232,0.994699,0.997349,5.018214
coupled,0.50,5,233,0.994771,0.997385,4.932950
coupled,0.50,5,234,0.996741,0.998371,4.575123
coupled,0.50,5,235,0.990671,0.995336,4.931684
coupled,0.50,5,236,0.997146,0.998573,4.710863
coupled,0.50,5,237,0.994561,0.997281,4.737914
coupled,0.50,5,238,0.994584,0.997292,4.790240
coupled,0.50,5,239,0.995549,0.997775,4.859946
coupled,0.50,5,240,0.995658,0.997829,4.605353
coupled,0.50,5,241,0.995682,0.997841,4.655230
coupled,0.50,5,242,0.994766,0.997383,4.796606
coupled,0.50,5,243,0.994765,0.997382,4.710129
coupled,0.50,5,244,0.995056,0.997528,4.936069
coupled,0.50,5,245,0.996334,0.998167,4.939671
coupled,0.50,5,246,0.996766,0.998383,4.581053
coupled,0.50,5,247,0.989729,0.994865,4.873131
coupled,0.50,5,248,0.996186,0.998093,4.759538
coupled,0.50,5,249,0.994392,0.997196,4.774485
coupled,0.50,5,250,0.993738,0.996869,4.931342
coupled,0.50,5,251,0.993761,0.996880,4.746794
coupled,0.50,5,252,0.994262,0.997131,4.636765
coupled,0.50,5,253,0.993039,0.996519,4.741165
coupled,0.50,5,254,0.994711,0.997355,4.688654
coupled,0.50,5,255,0.993752,0.996876,4.595924
coupled,0.50,5,256,0.993697,0.996849,4.810294
coupled,0.50,5,257,0.996962,0.998481,4.607838
coupled,0.50,5,258,0.994558,0.997279,4.806810
coupled,0.50,5,259,0.995961,0.997980,4.720106
coupled,0.50,5,260,0.994117,0.997059,4.329721
coupled,0.50,5,261,0.991694,0.995847,4.666465
coupled,0.50,5,262,0.993406,0.996703,4.627923
coupled,0.50,5,263,0.990732,0.995366,4.716455
coupled,0.50,5,264,0.993952,0.996976,4.671101
coupled,0.50,5,265,0.995833,0.997916,4.583289
coupled,0.50,5,266,0.992010,0.996005,4.769554
coupled,0.50,5,267,0.995489,0.997745,4.673130
coupled,0.50,5,268,0.995770,0.997885,4.708806
coupled,0.50,5,269,0.996275,0.998138,4.440893
coupled,0.50,5,270,0.994666,0.997333,4.278393
coupled,0.50,5,271,0.989521,0.994760,4.536842
coupled,0.50,5,272,0.992326,0.996163,4.578934
coupled,0.50,5,273,0.993774,0.996887,4.968643
coupled,0.50,5,274,0.997157,0.998579,4.868457
coupled,0.50,5,275,0.994738,0.997369,4.547775
coupled,0.50,5,276,0.994698,0.997349,4.673691
coupled,0.50,5,277,0.993620,0.996810,4.667938
coupled,0.50,5,278,0.995211,0.997605,4.409382
coupled,0.50,5,279,0.991367,0.995684,4.735781
coupled,0.50,5,280,0.995178,0.997589,4.653613
coupled,0.50,5,281,0.994038,0.997019,4.768169
coupled,0.50,5,282,0.994227,0.997113,4.815280
coupled,0.50,5,283,0.996157,0.998078,4.745091
coupled,0.50,5,284,0.993408,0.996704,4.618281
coupled,0.50,5,285,0.994844,0.997422,4.875211
coupled,0.50,5,286,0.996303,0.998151,4.806924
coupled,0.50,5,287,0.994995,0.997497,4.746470
coupled,0.50,5,288,0.995560,0.997780,4.847934
coupled,0.50,5,289,0.994568,0.997284,4.654675
coupled,0.50,5,290,0.991174,0.995587,4.553497
coupled,0.50,5,291,0.993938,0.996969,4.582063
coupled,0.50,5,292,0.993400,0.996700,4.807864
coupled,0.50,5,293,0.995495,0.997748,4.983515
coupled,0.50,5,294,0.997562,0.998781,4.532135
coupled,0.50,5,295,0.992582,0.996291,4.811446
coupled,0.50,5,296,0.995311,0.997655,4.466045
coupled,0.50,5,297,0.991895,0.995947,4.511052
coupled,0.50,5,298,0.991602,0.995801,4.568419
coupled,0.50,5,299,0.995684,0.997842,4.769485
coupled,0.50,5,300,0.995035,0.997517,4.448132
coupled,0.50,5,301,0.992130,0.996065,4.530476
coupled,0.50,5,302,0.992834,0.996417,4.809799
coupled,0.50,5,303,0.996314,0.998157,4.824688
coupled,0.50,5,304,0.996449,0.998225,4.722897
coupled,0.50,5,305,0.995712,0.997856,4.569940
coupled,0.50,5,306,0.992356,0.996178,4.646070
coupled,0.50,5,307,0.995461,0.997730,4.545633
coupled,0.50,5,308,0.993853,0.996927,4.404721
coupled,0.50,5,309,0.990772,0.995386,4.874945
coupled,0.50,5,310,0.995741,0.997871,4.877690
coupled,0.50,5,311,0.996335,0.998167,4.771137
coupled,0.50,5,312,0.995824,0.997912,4.780594
coupled,0.50,5,313,0.994090,0.997045,4.726078
coupled,0.50,5,314,0.993364,0.996682,4.553373
coupled,0.50,5,315,0.992832,0.996416,4.689649
coupled,0.50,5,316,0.995531,0.997765,4.699896
coupled,0.50,5,317,0.996012,0.998006,4.418177
coupled,0.50,5,318,0.992157,0.996078,4.565721
coupled,0.50,5,319,0.989962,0.994981,4.808284
coupled,0.50,5,320,0.996040,0.998020,4.828984
coupled,0.50,5,321,0.995898,0.997949,4.692663
coupled,0.50,5,322,0.993252,0.996626,4.665111
coupled,0.50,5,323,0.994855,0.997427,4.752091
coupled,0.50,5,324,0.994874,0.997437,4.628072
coupled,0.50,5,325,0.994521,0.997261,4.922804
coupled,0.50,5,326,0.996082,0.998041,4.786514
coupled,0.50,5,327,0.994701,0.997350,4.733383
coupled,0.50,5,328,0.994725,0.997363,4.748013
coupled,0.50,5,329,0.994853,0.997427,4.507785
coupled,0.50,5,330,0.993493,0.996747,4.492241
coupled,0.50,5,331,0.992839,0.996419,4.808759
coupled,0.50,5,332,0.995246,0.997623,4.696808
coupled,0.50,5,333,0.994349,0.997175,4.494784
coupled,0.50,5,334,0.989374,0.994687,4.784702
coupled,0.50,5,335,0.995231,0.997616,4.821777
coupled,0.50,5,336,0.996368,0.998184,4.745421
coupled,0.50,5,337,0.995347,0.997673,4.665123
coupled,0.50,5,338,0.995424,0.997712,4.735300
coupled,0.50,5,339,0.996261,0.998130,4.753318
coupled,0.50,5,340,0.995922,0.997961,4.620567
coupled,0.50,5,341,0.993439,0.996720,4.868055
coupled,0.50,5,342,0.996364,0.998182,4.943240
coupled,0.50,5,343,0.997062,0.998531,4.741627
coupled,0.50,5,344,0.996090,0.998045,4.852431
coupled,0.50,5,345,0.995808,0.997904,4.645600
coupled,0.50,5,346,0.990461,0.995231,4.837602
coupled,0.50,5,347,0.994675,0.997337,4.785860
coupled,0.50,5,348,0.996182,0.998091,4.621450
coupled,0.50,5,349,0.996114,0.998057,4.735710
coupled,0.50,5,350,0.994602,0.997301,4.680456
coupled,0.50,5,351,0.993625,0.996812,4.419332
coupled,0.50,5,352,0.991899,0.995950,4.816152
coupled,0.50,5,353,0.995796,0.997898,4.570112
coupled,0.50,5,354,0.991440,0.995720,4.560478
coupled,0.50,5,355,0.992126,0.996063,4.574428
coupled,0.50,5,356,0.989681,0.994841,4.505076
coupled,0.50,5,357,0.991558,0.995779,4.846132
coupled,0.50,5,358,0.996278,0.998139,4.894387
coupled,0.50,5,359,0.995614,0.997807,4.751689
coupled,0.50,5,360,0.994057,0.997029,4.290267
coupled,0.50,5,361,0.990238,0.995119,4.799974
coupled,0.50,5,362,0.995814,0.997907,4.798745
coupled,0.50,5,363,0.992919,0.996459,4.663850
coupled,0.50,5,364,0.994274,0.997137,4.533723
coupled,0.50,5,365,0.991698,0.995849,4.988161
coupled,0.50,5,366,0.996972,0.998486,4.519964
coupled,0.50,5,367,0.991437,0.995719,4.567143
coupled,0.50,5,368,0.992630,0.996315,4.562925
coupled,0.50,5,369,0.992194,0.996097,4.497367
coupled,0.50,5,370,0.991410,0.995705,4.715367
coupled,0.50,5,371,0.992622,0.996311,4.410260
coupled,0.50,5,372,0.985756,0.992878,4.713675
coupled,0.50,5,373,0.994565,0.997282,4.830357
coupled,0.50,5,374,0.994779,0.997389,4.616940
coupled,0.50,5,375,0.992227,0.996114,4.564237
coupled,0.50,5,376,0.992669,0.996334,4.507769
coupled,0.50,5,377,0.993852,0.996926,4.538382
coupled,0.50,5,378,0.995103,0.997551,4.876073
coupled,0.50,5,379,0.996635,0.998317,4.819132
coupled,0.50,5,380,0.996428,0.998214,4.599056
coupled,0.50,5,381,0.993529,0.996764,4.711207
coupled,0.50,5,382,0.995624,0.997812,4.899874
coupled,0.50,5,383,0.996530,0.998265,4.752819
coupled,0.50,5,384,0.993938,0.996969,4.727078
coupled,0.50,5,385,0.996004,0.998002,4.683350
coupled,0.50,5,386,0.994024,0.997012,4.698771
coupled,0.50,5,387,0.994219,0.997109,4.620102
coupled,0.50,5,388,0.994027,0.997014,4.433531
coupled,0.50,5,389,0.991054,0.995527,4.563338
coupled,0.50,5,390,0.995177,0.997588,4.749848
coupled,0.50,5,391,0.995962,0.997981,4.651950
coupled,0.50,5,392,0.992638,0.996319,4.769326
coupled,0.50,5,393,0.994668,0.997334,4.661886
coupled,0.50,5,394,0.994677,0.997339,4.600512
coupled,0.50,5,395,0.993390,0.996695,4.542621
coupled,0.50,5,396,0.994642,0.997321,4.762990
coupled,0.50,5,397,0.995366,0.997683,4.652149
coupled,0.50,5,398,0.996018,0.998009,4.746002
coupled,0.50,5,399,0.993837,0.996919,4.554876
coupled,0.50,5,400,0.993411,0.996706,4.399727
coupled,0.50,5,401,0.990276,0.995138,4.601576
coupled,0.50,5,402,0.994031,0.997016,4.665148
coupled,0.50,5,403,0.994000,0.997000,4.596833
coupled,0.50,5,404,0.990385,0.995193,4.761428
coupled,0.50,5,405,0.994362,0.997181,4.737298
coupled,0.50,5,406,0.995357,0.997679,4.504931
coupled,0.50,5,407,0.993984,0.996992,4.743977
coupled,0.50,5,408,0.996069,0.998035,4.516665
coupled,0.50,5,409,0.993406,0.996703,4.616565
coupled,0.50,5,410,0.991961,0.995981,4.652612
coupled,0.50,5,411,0.995855,0.997928,4.821456
coupled,0.50,5,412,0.995059,0.997529,4.770368
coupled,0.50,5,413,0.994727,0.997363,4.670589
coupled,0.50,5,414,0.995085,0.997543,4.589163
coupled,0.50,5,415,0.992419,0.996209,4.974457
coupled,0.50,5,416,0.995766,0.997883,4.616470
coupled,0.50,5,417,0.994500,0.997250,4.744580
coupled,0.50,5,418,0.994525,0.997263,4.728055
coupled,0.50,5,419,0.995592,0.997796,4.739036
coupled,0.50,5,420,0.995173,0.997587,4.644399
coupled,0.50,5,421,0.991262,0.995631,4.738245
coupled,0.50,5,422,0.994463,0.997231,4.836487
coupled,0.50,5,423,0.995961,0.997980,4.719288
coupled,0.50,5,424,0.994087,0.997043,4.716985
coupled,0.50,5,425,0.993167,0.996583,4.664174
coupled,0.50,5,426,0.994362,0.997181,4.748979
coupled,0.50,5,427,0.994926,0.997463,4.802267
coupled,0.50,5,428,0.996286,0.998143,4.703203
coupled,0.50,5,429,0.994301,0.997150,4.843220
coupled,0.50,5,430,0.996077,0.998038,4.485524
coupled,0.50,5,431,0.992143,0.996072,4.822459
coupled,0.50,5,432,0.995705,0.997853,4.498652
coupled,0.50,5,433,0.994324,0.997162,4.670195
coupled,0.50,5,434,0.993773,0.996887,4.619485
coupled,0.50,5,435,0.992352,0.996176,4.483210
coupled,0.50,5,436,0.994314,0.997157,5.028238
coupled,0.50,5,437,0.995949,0.997975,4.544436
coupled,0.50,5,438,0.993252,0.996626,4.735590
coupled,0.50,5,439,0.993408,0.996704,4.768365
coupled,0.50,5,440,0.995843,0.997922,4.774619
coupled,0.50,5,441,0.993597,0.996798,4.797686
coupled,0.50,5,442,0.995256,0.997628,4.483863
coupled,0.50,5,443,0.993190,0.996595,4.404198
coupled,0.50,5,444,0.992874,0.996437,4.635540
coupled,0.50,5,445,0.994835,0.997417,4.970515
coupled,0.50,5,446,0.996554,0.998277,4.775685
coupled,0.50,5,447,0.995177,0.997588,4.795643
coupled,0.50,5,448,0.996630,0.998315,4.504405
coupled,0.50,5,449,0.992703,0.996351,4.656114
coupled,0.50,5,450,0.995321,0.997661,4.623232
coupled,0.50,5,451,0.994152,0.997076,4.753776
coupled,0.50,5,452,0.995812,0.997906,4.909709
coupled,0.50,5,453,0.996206,0.998103,4.680141
coupled,0.50,5,454,0.994068,0.997034,4.605278
coupled,0.50,5,455,0.988817,0.994409,4.464628
coupled,0.50,5,456,0.992137,0.996069,4.881885
coupled,0.50,5,457,0.996071,0.998036,4.578944
coupled,0.50,5,458,0.993566,0.996783,4.725196
coupled,0.50,5,459,0.995575,0.997787,4.832101
coupled,0.50,5,460,0.995096,0.997548,4.736994
coupled,0.50,5,461,0.993253,0.996626,4.474358
coupled,0.50,5,462,0.993244,0.996622,4.672348
coupled,0.50,5,463,0.995725,0.997862,4.697734
coupled,0.50,5,464,0.994119,0.997060,4.540295
coupled,0.50,5,465,0.992495,0.996248,4.690137
coupled,0.50,5,466,0.994784,0.997392,4.438836
coupled,0.50,5,467,0.990056,0.995028,4.616211
coupled,0.50,5,468,0.993973,0.996987,4.651119
coupled,0.50,5,469,0.994392,0.997196,4.712547
coupled,0.50,5,470,0.995256,0.997628,4.483555
coupled,0.50,5,471,0.992143,0.996071,4.783679
coupled,0.50,5,472,0.994224,0.997112,4.924536
coupled,0.50,5,473,0.994929,0.997465,4.856241
coupled,0.50,5,474,0.996145,0.998073,4.716898
coupled,0.50,5,475,0.995003,0.997501,4.759654
coupled,0.50,5,476,0.994211,0.997105,4.910426
coupled,0.50,5,477,0.996567,0.998284,4.496302
coupled,0.50,5,478,0.992537,0.996269,4.248851
coupled,0.50,5,479,0.990574,0.995287,4.400429
coupled,0.50,5,480,0.988576,0.994288,4.373570
coupled,0.50,5,481,0.990755,0.995378,4.576713
coupled,0.50,5,482,0.992721,0.996360,4.606737
coupled,0.50,5,483,0.992903,0.996452,4.760046
coupled,0.50,5,484,0.995544,0.997772,4.563529
coupled,0.50,5,485,0.992578,0.996289,3.910296
coupled,0.50,5,486,0.980911,0.990456,4.372972
coupled,0.50,5,487,0.989351,0.994676,4.243116
coupled,0.50,5,488,0.991432,0.995716,4.689636
coupled,0.50,5,489,0.994449,0.997225,4.479499
coupled,0.50,5,490,0.993119,0.996560,4.728902
coupled,0.50,5,491,0.994205,0.997103,4.830485
coupled,0.50,5,492,0.995923,0.997961,4.869661
coupled,0.50,5,493,0.995804,0.997902,4.749295
coupled,0.50,5,494,0.995324,0.997662,4.682498
coupled,0.50,5,495,0.993786,0.996893,4.560747
coupled,0.50,5,496,0.992646,0.996323,4.751677
coupled,0.50,5,497,0.992530,0.996265,4.641887
coupled,0.50,5,498,0.995154,0.997577,4.509595
coupled,0.50,5,499,0.992003,0.996001,4.502081
coupled,1.00,5,0,0.994982,0.994982,4.871220
coupled,1.00,5,1,0.995943,0.995943,4.826553
coupled,1.00,5,2,0.993811,0.993811,4.596785
coupled,1.00,5,3,0.993600,0.993600,4.705390
coupled,1.00,5,4,0.992296,0.992296,4.577015
coupled,1.00,5,5,0.994089,0.994089,4.522111
coupled,1.00,5,6,0.992169,0.992169,4.507197
coupled,1.00,5,7,0.992732,0.992732,4.673636
coupled,1.00,5,8,0.993831,0.993831,4.927016
coupled,1.00,5,9,0.995331,0.995331,4.574366
coupled,1.00,5,10,0.994123,0.994123,4.659037
coupled,1.00,5,11,0.993033,0.993033,4.630270
coupled,1.00,5,12,0.994303,0.994303,4.576389
coupled,1.00,5,13,0.994071,0.994071,4.546978
coupled,1.00,5,14,0.992029,0.992029,4.395359
coupled,1.00,5,15,0.991419,0.991419,4.561769
coupled,1.00,5,16,0.993666,0.993666,4.526951
coupled,1.00,5,17,0.994354,0.994354,4.823725
coupled,1.00,5,18,0.995593,0.995593,4.661989
coupled,1.00,5,19,0.994474,0.994474,4.634336
coupled,1.00,5,20,0.991046,0.991046,4.592358
coupled,1.00,5,21,0.994818,0.994818,4.846166
coupled,1.00,5,22,0.994711,0.994711,4.559150
coupled,1.00,5,23,0.992958,0.992958,4.771548
coupled,1.00,5,24,0.995758,0.995758,4.711684
coupled,1.00,5,25,0.995229,0.995229,4.736055
coupled,1.00,5,26,0.992867,0.992867,4.767383
coupled,1.00,5,27,0.993689,0.993689,4.352738
coupled,1.00,5,28,0.986664,0.986664,4.786565
coupled,1.00,5,29,0.995367,0.995367,4.608423
coupled,1.00,5,30,0.992039,0.992039,4.333345
coupled,1.00,5,31,0.989275,0.989275,4.559061
coupled,1.00,5,32,0.994639,0.994639,4.741186
coupled,1.00,5,33,0.995239,0.995239,4.739434
coupled,1.00,5,34,0.994686,0.994686,4.735631
coupled,1.00,5,35,0.994730,0.994730,4.460532
coupled,1.00,5,36,0.991735,0.991735,4.636665
coupled,1.00,5,37,0.995090,0.995090,4.851883
coupled,1.00,5,38,0.993959,0.993959,4.846316
coupled,1.00,5,39,0.995161,0.995161,4.591128
coupled,1.00,5,40,0.991331,0.991331,4.601999
coupled,1.00,5,41,0.994769,0.994769,4.682345
coupled,1.00,5,42,0.994962,0.994962,5.117271
coupled,1.00,5,43,0.996174,0.996174,4.955113
coupled,1.00,5,44,0.996508,0.996508,4.605039
coupled,1.00,5,45,0.993376,0.993376,4.725910
coupled,1.00,5,46,0.996507,0.996507,4.689955
coupled,1.00,5,47,0.994860,0.994860,4.724447
coupled,1.00,5,48,0.995340,0.995340,4.716963
coupled,1.00,5,49,0.994216,0.994216,4.944239
coupled,1.00,5,50,0.995140,0.995140,4.806465
coupled,1.00,5,51,0.995219,0.995219,4.965820
coupled,1.00,5,52,0.996094,0.996094,4.704026
coupled,1.00,5,53,0.994476,0.994476,4.623718
coupled,1.00,5,54,0.990968,0.990968,4.978791
coupled,1.00,5,55,0.995518,0.995518,4.535429
coupled,1.00,5,56,0.992239,0.992239,4.619419
coupled,1.00,5,57,0.991133,0.991133,4.570176
coupled,1.00,5,58,0.994746,0.994746,4.760604
coupled,1.00,5,59,0.994845,0.994845,4.609632
coupled,1.00,5,60,0.995168,0.995168,4.740637
coupled,1.00,5,61,0.993365,0.993365,4.589821
coupled,1.00,5,62,0.992681,0.992681,4.808860
coupled,1.00,5,63,0.996023,0.996023,4.848989
coupled,1.00,5,64,0.992460,0.992460,4.565588
coupled,1.00,5,65,0.992288,0.992288,4.766363
coupled,1.00,5,66,0.995320,0.995320,4.598433
coupled,1.00,5,67,0.993670,0.993670,4.689701
coupled,1.00,5,68,0.993971,0.993971,4.524007
coupled,1.00,5,69,0.990035,0.990035,4.539044
coupled,1.00,5,70,0.992148,0.992148,4.522030
coupled,1.00,5,71,0.993612,0.993612,4.595178
coupled,1.00,5,72,0.993024,0.993024,4.795619
coupled,1.00,5,73,0.995677,0.995677,4.601502
coupled,1.00,5,74,0.994951,0.994951,4.407054
coupled,1.00,5,75,0.992251,0.992251,4.615473
coupled,1.00,5,76,0.993201,0.993201,4.784025
coupled,1.00,5,77,0.994588,0.994588,4.843469
coupled,1.00,5,78,0.993995,0.993995,4.810190
coupled,1.00,5,79,0.995691,0.995691,4.740207
coupled,1.00,5,80,0.995104,0.995104,4.505977
coupled,1.00,5,81,0.991234,0.991234,4.700745
coupled,1.00,5,82,0.995726,0.995726,4.381113
coupled,1.00,5,83,0.994147,0.994147,4.573575
coupled,1.00,5,84,0.993216,0.993216,4.670680
coupled,1.00,5,85,0.994422,0.994422,4.832681
coupled,1.00,5,86,0.996237,0.996237,4.656792
coupled,1.00,5,87,0.993278,0.993278,4.676023
coupled,1.00,5,88,0.994382,0.994382,4.527776
coupled,1.00,5,89,0.992973,0.992973,4.711613
coupled,1.00,5,90,0.995837,0.995837,4.860770
coupled,1.00,5,91,0.995775,0.995775,4.830130
coupled,1.00,5,92,0.995468,0.995468,4.785508
coupled,1.00,5,93,0.995640,0.995640,4.788958
coupled,1.00,5,94,0.995712,0.995712,4.699279
coupled,1.00,5,95,0.995566,0.995566,4.688179
coupled,1.00,5,96,0.995463,0.995463,4.480519
coupled,1.00,5,97,0.990541,0.990541,4.627853
coupled,1.00,5,98,0.995558,0.995558,4.780876
coupled,1.00,5,99,0.995554,0.995554,4.938930
coupled,1.00,5,100,0.996307,0.996307,4.836331
coupled,1.00,5,101,0.995223,0.995223,4.574969
coupled,1.00,5,102,0.993192,0.993192,4.566708
coupled,1.00,5,103,0.993159,0.993159,4.449617
coupled,1.00,5,104,0.992867,0.992867,4.357334
coupled,1.00,5,105,0.989273,0.989273,4.473716
coupled,1.00,5,106,0.992309,0.992309,4.790365
coupled,1.00,5,107,0.997417,0.997417,4.873498
coupled,1.00,5,108,0.995826,0.995826,4.846605
coupled,1.00,5,109,0.995886,0.995886,5.019345
coupled,1.00,5,110,0.996384,0.996384,4.783615
coupled,1.00,5,111,0.994973,0.994973,4.754538
coupled,1.00,5,112,0.994016,0.994016,4.612388
coupled,1.00,5,113,0.993363,0.993363,5.021764
coupled,1.00,5,114,0.996725,0.996725,4.736189
coupled,1.00,5,115,0.992657,0.992657,4.681666
coupled,1.00,5,116,0.993272,0.993272,4.606229
coupled,1.00,5,117,0.992697,0.992697,4.642690
coupled,1.00,5,118,0.993337,0.993337,4.662107
coupled,1.00,5,119,0.995847,0.995847,4.551932
coupled,1.00,5,120,0.991182,0.991182,4.799070
coupled,1.00,5,121,0.996540,0.996540,4.576554
coupled,1.00,5,122,0.994996,0.994996,4.434731
coupled,1.00,5,123,0.992775,0.992775,4.860714
coupled,1.00,5,124,0.995129,0.995129,4.538124
coupled,1.00,5,125,0.991483,0.991483,4.579046
coupled,1.00,5,126,0.992257,0.992257,4.718399
coupled,1.00,5,127,0.994539,0.994539,4.474496
coupled,1.00,5,128,0.991723,0.991723,4.424142
coupled,1.00,5,129,0.991338,0.991338,4.369947
coupled,1.00,5,130,0.991396,0.991396,4.770477
coupled,1.00,5,131,0.994230,0.994230,4.790512
coupled,1.00,5,132,0.994896,0.994896,4.525433
coupled,1.00,5,133,0.994963,0.994963,4.717052
coupled,1.00,5,134,0.995333,0.995333,4.484504
coupled,1.00,5,135,0.993264,0.993264,4.860040
coupled,1.00,5,136,0.995893,0.995893,4.960599
coupled,1.00,5,137,0.996729,0.996729,4.798497
coupled,1.00,5,138,0.994869,0.994869,4.680984
coupled,1.00,5,139,0.993393,0.993393,4.658425
coupled,1.00,5,140,0.993195,0.993195,4.683123
coupled,1.00,5,141,0.994111,0.994111,4.642609
coupled,1.00,5,142,0.993591,0.993591,4.896167
coupled,1.00,5,143,0.997093,0.997093,4.582141
coupled,1.00,5,144,0.991839,0.991839,4.638236
coupled,1.00,5,145,0.993572,0.993572,4.779774
coupled,1.00,5,146,0.997162,0.997162,4.527152
coupled,1.00,5,147,0.994366,0.994366,4.772449
coupled,1.00,5,148,0.995581,0.995581,4.595954
coupled,1.00,5,149,0.993785,0.993785,4.590091
coupled,1.00,5,150,0.993957,0.993957,4.575468
coupled,1.00,5,151,0.995265,0.995265,4.455147
coupled,1.00,5,152,0.993656,0.993656,4.559676
coupled,1.00,5,153,0.991755,0.991755,4.514467
coupled,1.00,5,154,0.991424,0.991424,4.609305
coupled,1.00,5,155,0.994562,0.994562,4.749074
coupled,1.00,5,156,0.995418,0.995418,4.804421
coupled,1.00,5,157,0.996133,0.996133,4.721243
coupled,1.00,5,158,0.994022,0.994022,4.737294
coupled,1.00,5,159,0.992920,0.992920,4.257915
coupled,1.00,5,160,0.988612,0.988612,4.449028
coupled,1.00,5,161,0.988485,0.988485,4.654664
coupled,1.00,5,162,0.993867,0.993867,4.670208
coupled,1.00,5,163,0.995523,0.995523,4.519326
coupled,1.00,5,164,0.990262,0.990262,4.373355
coupled,1.00,5,165,0.988970,0.988970,4.521671
coupled,1.00,5,166,0.993304,0.993304,4.556994
coupled,1.00,5,167,0.994349,0.994349,4.189827
coupled,1.00,5,168,0.988790,0.988790,4.372137
coupled,1.00,5,169,0.988053,0.988053,4.576403
coupled,1.00,5,170,0.992809,0.992809,4.804827
coupled,1.00,5,171,0.995456,0.995456,4.832497
coupled,1.00,5,172,0.996353,0.996353,4.803608
coupled,1.00,5,173,0.995446,0.995446,4.769667
coupled,1.00,5,174,0.994028,0.994028,4.682512
coupled,1.00,5,175,0.994267,0.994267,4.767381
coupled,1.00,5,176,0.995461,0.995461,4.546980
coupled,1.00,5,177,0.993155,0.993155,4.726827
coupled,1.00,5,178,0.995029,0.995029,4.578055
coupled,1.00,5,179,0.994766,0.994766,4.586657
coupled,1.00,5,180,0.995311,0.995311,4.818749
coupled,1.00,5,181,0.995232,0.995232,4.538875
coupled,1.00,5,182,0.993941,0.993941,4.668844
coupled,1.00,5,183,0.994278,0.994278,4.404525
coupled,1.00,5,184,0.991161,0.991161,4.298955
coupled,1.00,5,185,0.991799,0.991799,4.591406
coupled,1.00,5,186,0.994330,0.994330,4.658005
coupled,1.00,5,187,0.995099,0.995099,4.774189
coupled,1.00,5,188,0.994754,0.994754,4.762281
coupled,1.00,5,189,0.995137,0.995137,4.693127
coupled,1.00,5,190,0.993447,0.993447,4.622792
coupled,1.00,5,191,0.995102,0.995102,4.682028
coupled,1.00,5,192,0.992017,0.992017,4.644883
coupled,1.00,5,193,0.993091,0.993091,4.446092
coupled,1.00,5,194,0.991395,0.991395,4.606210
coupled,1.00,5,195,0.992902,0.992902,4.743121
coupled,1.00,5,196,0.994880,0.994880,4.659922
coupled,1.00,5,197,0.994942,0.994942,4.853349
coupled,1.00,5,198,0.995745,0.995745,4.767836
coupled,1.00,5,199,0.993210,0.993210,4.764152
coupled,1.00,5,200,0.995195,0.995195,4.470588
coupled,1.00,5,201,0.991614,0.991614,4.580686
coupled,1.00,5,202,0.994740,0.994740,4.741770
coupled,1.00,5,203,0.994568,0.994568,4.620823
coupled,1.00,5,204,0.993205,0.993205,4.665840
coupled,1.00,5,205,0.995291,0.995291,4.583836
coupled,1.00,5,206,0.993887,0.993887,4.813452
coupled,1.00,5,207,0.995264,0.995264,4.851749
coupled,1.00,5,208,0.995210,0.995210,4.386433
coupled,1.00,5,209,0.992421,0.992421,4.480960
coupled,1.00,5,210,0.992235,0.992235,4.456313
coupled,1.00,5,211,0.991529,0.991529,4.591493
coupled,1.00,5,212,0.993960,0.993960,4.733942
coupled,1.00,5,213,0.995927,0.995927,4.637886
coupled,1.00,5,214,0.992788,0.992788,4.828022
coupled,1.00,5,215,0.993951,0.993951,4.782420
coupled,1.00,5,216,0.994164,0.994164,4.553953
coupled,1.00,5,217,0.994204,0.994204,4.557115
coupled,1.00,5,218,0.993742,0.993742,4.758569
coupled,1.00,5,219,0.995631,0.995631,4.942476
coupled,1.00,5,220,0.996753,0.996753,4.554286
coupled,1.00,5,221,0.992591,0.992591,4.520878
coupled,1.00,5,222,0.992127,0.992127,4.529219
coupled,1.00,5,223,0.992176,0.992176,4.780454
coupled,1.00,5,224,0.996328,0.996328,4.826472
coupled,1.00,5,225,0.993369,0.993369,4.527178
coupled,1.00,5,226,0.993369,0.993369,4.600941
coupled,1.00,5,227,0.993430,0.993430,4.853265
coupled,1.00,5,228,0.996365,0.996365,4.768776
coupled,1.00,5,229,0.995580,0.995580,4.642655
coupled,1.00,5,230,0.994935,0.994935,4.515278
coupled,1.00,5,231,0.992155,0.992155,4.558318
coupled,1.00,5,232,0.994696,0.994696,4.901223
coupled,1.00,5,233,0.996579,0.996579,4.760701
coupled,1.00,5,234,0.996086,0.996086,4.395437
coupled,1.00,5,235,0.992738,0.992738,4.577163
coupled,1.00,5,236,0.991542,0.991542,4.928676
coupled,1.00,5,237,0.996679,0.996679,4.924880
coupled,1.00,5,238,0.995596,0.995596,4.714832
coupled,1.00,5,239,0.994809,0.994809,4.672572
coupled,1.00,5,240,0.994369,0.994369,4.989168
coupled,1.00,5,241,0.994814,0.994814,4.994567
coupled,1.00,5,242,0.996194,0.996194,4.721933
coupled,1.00,5,243,0.995523,0.995523,4.875858
coupled,1.00,5,244,0.996826,0.996826,4.996249
coupled,1.00,5,245,0.996000,0.996000,4.762202
coupled,1.00,5,246,0.994512,0.994512,4.689554
coupled,1.00,5,247,0.994808,0.994808,4.450422
coupled,1.00,5,248,0.992958,0.992958,4.830308
coupled,1.00,5,249,0.995383,0.995383,4.535936
coupled,1.00,5,250,0.993499,0.993499,4.736967
coupled,1.00,5,251,0.995235,0.995235,4.657932
coupled,1.00,5,252,0.993379,0.993379,4.600598
coupled,1.00,5,253,0.991831,0.991831,4.566451
coupled,1.00,5,254,0.992638,0.992638,4.521716
coupled,1.00,5,255,0.992702,0.992702,4.503847
coupled,1.00,5,256,0.993795,0.993795,4.384272
coupled,1.00,5,257,0.990133,0.990133,4.713597
coupled,1.00,5,258,0.995884,0.995884,4.881527
coupled,1.00,5,259,0.996149,0.996149,4.741443
coupled,1.00,5,260,0.992254,0.992254,4.652574
coupled,1.00,5,261,0.994284,0.994284,4.863243
coupled,1.00,5,262,0.993461,0.993461,4.734739
coupled,1.00,5,263,0.994104,0.994104,4.765175
coupled,1.00,5,264,0.996139,0.996139,4.662841
coupled,1.00,5,265,0.994413,0.994413,4.466887
coupled,1.00,5,266,0.993014,0.993014,4.552362
coupled,1.00,5,267,0.993732,0.993732,4.630958
coupled,1.00,5,268,0.993092,0.993092,4.476464
coupled,1.00,5,269,0.991153,0.991153,4.338943
coupled,1.00,5,270,0.988233,0.988233,4.136403
coupled,1.00,5,271,0.986056,0.986056,4.778914
coupled,1.00,5,272,0.996548,0.996548,4.800574
coupled,1.00,5,273,0.994193,0.994193,4.701072
coupled,1.00,5,274,0.993340,0.993340,4.876478
coupled,1.00,5,275,0.996077,0.996077,4.604130
coupled,1.00,5,276,0.996063,0.996063,4.744524
coupled,1.00,5,277,0.993822,0.993822,4.887115
coupled,1.00,5,278,0.995726,0.995726,4.802726
coupled,1.00,5,279,0.994553,0.994553,4.614390
coupled,1.00,5,280,0.992331,0.992331,4.606479
coupled,1.00,5,281,0.994450,0.994450,4.586203
coupled,1.00,5,282,0.994412,0.994412,4.693623
coupled,1.00,5,283,0.995340,0.995340,4.587703
coupled,1.00,5,284,0.993695,0.993695,4.719704
coupled,1.00,5,285,0.994778,0.994778,4.660762
coupled,1.00,5,286,0.990795,0.990795,4.874571
coupled,1.00,5,287,0.996068,0.996068,4.637929
coupled,1.00,5,288,0.991167,0.991167,4.735303
coupled,1.00,5,289,0.994296,0.994296,4.963747
coupled,1.00,5,290,0.997171,0.997171,4.752797
coupled,1.00,5,291,0.996287,0.996287,4.534404
coupled,1.00,5,292,0.990863,0.990863,4.731581
coupled,1.00,5,293,0.993245,0.993245,4.549201
coupled,1.00,5,294,0.990586,0.990586,4.765344
coupled,1.00,5,295,0.995841,0.995841,4.671860
coupled,1.00,5,296,0.993133,0.993133,4.689154
coupled,1.00,5,297,0.994140,0.994140,4.702454
coupled,1.00,5,298,0.992959,0.992959,4.682677
coupled,1.00,5,299,0.995042,0.995042,4.407841
coupled,1.00,5,300,0.992907,0.992907,4.589048
coupled,1.00,5,301,0.993310,0.993310,4.406062
coupled,1.00,5,302,0.989437,0.989437,4.518643
coupled,1.00,5,303,0.993310,0.993310,4.644299
coupled,1.00,5,304,0.994305,0.994305,4.543656
coupled,1.00,5,305,0.994048,0.994048,4.719572
coupled,1.00,5,306,0.995042,0.995042,4.652150
coupled,1.00,5,307,0.993742,0.993742,4.508013
coupled,1.00,5,308,0.991116,0.991116,4.580469
coupled,1.00,5,309,0.990760,0.990760,4.625246
coupled,1.00,5,310,0.993393,0.993393,4.697743
coupled,1.00,5,311,0.995952,0.995952,4.792446
coupled,1.00,5,312,0.995055,0.995055,4.646169
coupled,1.00,5,313,0.995275,0.995275,4.669807
coupled,1.00,5,314,0.994245,0.994245,4.676235
coupled,1.00,5,315,0.994652,0.994652,4.593408
coupled,1.00,5,316,0.995165,0.995165,4.554862
coupled,1.00,5,317,0.992792,0.992792,4.691481
coupled,1.00,5,318,0.995216,0.995216,4.752568
coupled,1.00,5,319,0.995936,0.995936,4.502204
coupled,1.00,5,320,0.991875,0.991875,4.556231
coupled,1.00,5,321,0.991125,0.991125,4.512632
coupled,1.00,5,322,0.991204,0.991204,4.339453
coupled,1.00,5,323,0.987920,0.987920,4.691421
coupled,1.00,5,324,0.992526,0.992526,4.610121
coupled,1.00,5,325,0.993358,0.993358,4.617053
coupled,1.00,5,326,0.992543,0.992543,4.763048
coupled,1.00,5,327,0.996095,0.996095,4.382936
coupled,1.00,5,328,0.989735,0.989735,4.646372
coupled,1.00,5,329,0.994267,0.994267,4.497002
coupled,1.00,5,330,0.991828,0.991828,4.730030
coupled,1.00,5,331,0.993605,0.993605,4.606729
coupled,1.00,5,332,0.993462,0.993462,4.597365
coupled,1.00,5,333,0.989021,0.989021,4.689648
coupled,1.00,5,334,0.993620,0.993620,4.884037
coupled,1.00,5,335,0.996369,0.996369,4.771617
coupled,1.00,5,336,0.995876,0.995876,4.939201
coupled,1.00,5,337,0.996863,0.996863,4.544611
coupled,1.00,5,338,0.994444,0.994444,4.674788
coupled,1.00,5,339,0.995388,0.995388,4.828329
coupled,1.00,5,340,0.993815,0.993815,4.782268
coupled,1.00,5,341,0.994668,0.994668,4.620457
coupled,1.00,5,342,0.995701,0.995701,4.522529
coupled,1.00,5,343,0.993810,0.993810,4.657896
coupled,1.00,5,344,0.994471,0.994471,4.662549
coupled,1.00,5,345,0.994024,0.994024,4.764439
coupled,1.00,5,346,0.994963,0.994963,4.678027
coupled,1.00,5,347,0.990061,0.990061,4.841396
coupled,1.00,5,348,0.995434,0.995434,4.572258
coupled,1.00,5,349,0.992562,0.992562,4.533551
coupled,1.00,5,350,0.992945,0.992945,4.570825
coupled,1.00,5,351,0.990162,0.990162,4.774902
coupled,1.00,5,352,0.995818,0.995818,4.767456
coupled,1.00,5,353,0.995960,0.995960,4.492658
coupled,1.00,5,354,0.990788,0.990788,4.805668
coupled,1.00,5,355,0.995064,0.995064,4.782246
coupled,1.00,5,356,0.995110,0.995110,4.686352
coupled,1.00,5,357,0.994876,0.994876,4.679558
coupled,1.00,5,358,0.993580,0.993580,4.468300
coupled,1.00,5,359,0.994017,0.994017,4.479927
coupled,1.00,5,360,0.993449,0.993449,4.580839
coupled,1.00,5,361,0.992692,0.992692,4.491479
coupled,1.00,5,362,0.992487,0.992487,4.601829
coupled,1.00,5,363,0.991419,0.991419,4.518466
coupled,1.00,5,364,0.993281,0.993281,4.479440
coupled,1.00,5,365,0.991075,0.991075,4.517447
coupled,1.00,5,366,0.991958,0.991958,4.341511
coupled,1.00,5,367,0.991131,0.991131,4.512620
coupled,1.00,5,368,0.995123,0.995123,4.480640
coupled,1.00,5,369,0.993369,0.993369,4.518665
coupled,1.00,5,370,0.992971,0.992971,4.592238
coupled,1.00,5,371,0.992307,0.992307,4.535977
coupled,1.00,5,372,0.992955,0.992955,4.586673
coupled,1.00,5,373,0.992219,0.992219,4.685586
coupled,1.00,5,374,0.995118,0.995118,4.758480
coupled,1.00,5,375,0.994785,0.994785,4.647325
coupled,1.00,5,376,0.993899,0.993899,4.678612
coupled,1.00,5,377,0.993799,0.993799,4.540391
coupled,1.00,5,378,0.993338,0.993338,4.519575
coupled,1.00,5,379,0.992119,0.992119,4.339437
coupled,1.00,5,380,0.991920,0.991920,4.655602
coupled,1.00,5,381,0.994266,0.994266,4.736004
coupled,1.00,5,382,0.993963,0.993963,4.808965
coupled,1.00,5,383,0.995406,0.995406,4.757026
coupled,1.00,5,384,0.994039,0.994039,4.873183
coupled,1.00,5,385,0.996361,0.996361,4.721897
coupled,1.00,5,386,0.994645,0.994645,4.713301
coupled,1.00,5,387,0.995474,0.995474,4.419177
coupled,1.00,5,388,0.992150,0.992150,4.624378
coupled,1.00,5,389,0.994367,0.994367,4.792575
coupled,1.00,5,390,0.997060,0.997060,4.779534
coupled,1.00,5,391,0.993986,0.993986,4.659017
coupled,1.00,5,392,0.994550,0.994550,4.474212
coupled,1.00,5,393,0.992070,0.992070,4.619770
coupled,1.00,5,394,0.993231,0.993231,4.679225
coupled,1.00,5,395,0.993027,0.993027,4.791650
coupled,1.00,5,396,0.994865,0.994865,4.708261
coupled,1.00,5,397,0.993660,0.993660,4.589043
coupled,1.00,5,398,0.990753,0.990753,4.624214
coupled,1.00,5,399,0.993657,0.993657,4.556899
coupled,1.00,5,400,0.991451,0.991451,4.512748
coupled,1.00,5,401,0.992598,0.992598,4.534885
coupled,1.00,5,402,0.994586,0.994586,4.382007
coupled,1.00,5,403,0.990408,0.990408,4.500879
coupled,1.00,5,404,0.994877,0.994877,4.854821
coupled,1.00,5,405,0.994554,0.994554,4.485145
coupled,1.00,5,406,0.992643,0.992643,4.486092
coupled,1.00,5,407,0.994739,0.994739,4.706541
coupled,1.00,5,408,0.995988,0.995988,4.571843
coupled,1.00,5,409,0.993691,0.993691,4.638706
coupled,1.00,5,410,0.992668,0.992668,4.672377
coupled,1.00,5,411,0.990478,0.990478,4.754368
coupled,1.00,5,412,0.993893,0.993893,4.439546
coupled,1.00,5,413,0.992552,0.992552,4.903362
coupled,1.00,5,414,0.997505,0.997505,4.682730
coupled,1.00,5,415,0.995326,0.995326,4.688192
coupled,1.00,5,416,0.994873,0.994873,4.312745
coupled,1.00,5,417,0.990331,0.990331,4.345328
coupled,1.00,5,418,0.992762,0.992762,4.870237
coupled,1.00,5,419,0.995810,0.995810,4.764033
coupled,1.00,5,420,0.995317,0.995317,4.445464
coupled,1.00,5,421,0.991509,0.991509,4.752085
coupled,1.00,5,422,0.994457,0.994457,4.711607
coupled,1.00,5,423,0.993907,0.993907,4.554715
coupled,1.00,5,424,0.992779,0.992779,4.901888
coupled,1.00,5,425,0.995466,0.995466,4.688629
coupled,1.00,5,426,0.993840,0.993840,4.791326
coupled,1.00,5,427,0.995196,0.995196,4.661325
coupled,1.00,5,428,0.994941,0.994941,4.739165
coupled,1.00,5,429,0.995970,0.995970,4.376780
coupled,1.00,5,430,0.989800,0.989800,4.800161
coupled,1.00,5,431,0.993966,0.993966,4.886630
coupled,1.00,5,432,0.995069,0.995069,4.878806
coupled,1.00,5,433,0.995708,0.995708,4.887885
coupled,1.00,5,434,0.996255,0.996255,4.816454
coupled,1.00,5,435,0.996163,0.996163,4.475093
coupled,1.00,5,436,0.992495,0.992495,4.689044
coupled,1.00,5,437,0.995511,0.995511,4.653548
coupled,1.00,5,438,0.993335,0.993335,4.763561
coupled,1.00,5,439,0.995873,0.995873,4.572671
coupled,1.00,5,440,0.992893,0.992893,4.609049
coupled,1.00,5,441,0.994442,0.994442,4.837542
coupled,1.00,5,442,0.995381,0.995381,4.634220
coupled,1.00,5,443,0.993760,0.993760,4.845625
coupled,1.00,5,444,0.995973,0.995973,4.785229
coupled,1.00,5,445,0.994503,0.994503,4.713814
coupled,1.00,5,446,0.995173,0.995173,4.388627
coupled,1.00,5,447,0.990600,0.990600,4.774730
coupled,1.00,5,448,0.994133,0.994133,4.645984
coupled,1.00,5,449,0.994054,0.994054,4.782263
coupled,1.00,5,450,0.995246,0.995246,4.788022
coupled,1.00,5,451,0.995672,0.995672,4.583915
coupled,1.00,5,452,0.994013,0.994013,4.824504
coupled,1.00,5,453,0.997331,0.997331,4.909400
coupled,1.00,5,454,0.995480,0.995480,4.715874
coupled,1.00,5,455,0.995115,0.995115,4.582167
coupled,1.00,5,456,0.994078,0.994078,4.758753
coupled,1.00,5,457,0.991776,0.991776,4.554556
coupled,1.00,5,458,0.994060,0.994060,4.634437
coupled,1.00,5,459,0.990343,0.990343,4.815982
coupled,1.00,5,460,0.992782,0.992782,4.616918
coupled,1.00,5,461,0.992853,0.992853,4.502551
coupled,1.00,5,462,0.992593,0.992593,4.721806
coupled,1.00,5,463,0.994628,0.994628,4.778870
coupled,1.00,5,464,0.996561,0.996561,4.871959
coupled,1.00,5,465,0.995135,0.995135,4.662261
coupled,1.00,5,466,0.995099,0.995099,4.509517
coupled,1.00,5,467,0.990560,0.990560,4.244959
coupled,1.00,5,468,0.989826,0.989826,4.340584
coupled,1.00,5,469,0.990597,0.990597,4.701222
coupled,1.00,5,470,0.993272,0.993272,5.044841
coupled,1.00,5,471,0.996149,0.996149,5.092441
coupled,1.00,5,472,0.996494,0.996494,4.680100
coupled,1.00,5,473,0.994128,0.994128,4.695659
coupled,1.00,5,474,0.994231,0.994231,4.966749
coupled,1.00,5,475,0.996479,0.996479,4.522145
coupled,1.00,5,476,0.993385,0.993385,4.679921
coupled,1.00,5,477,0.994703,0.994703,4.531097
coupled,1.00,5,478,0.989585,0.989585,4.570099
coupled,1.00,5,479,0.990723,0.990723,4.511748
coupled,1.00,5,480,0.991836,0.991836,4.534097
coupled,1.00,5,481,0.992898,0.992898,4.751427
coupled,1.00,5,482,0.991835,0.991835,4.547029
coupled,1.00,5,483,0.994058,0.994058,4.541146
coupled,1.00,5,484,0.990770,0.990770,4.539679
coupled,1.00,5,485,0.993309,0.993309,4.685087
coupled,1.00,5,486,0.994501,0.994501,4.613930
coupled,1.00,5,487,0.992216,0.992216,4.582111
coupled,1.00,5,488,0.993524,0.993524,4.304483
coupled,1.00,5,489,0.988201,0.988201,4.598406
coupled,1.00,5,490,0.992784,0.992784,4.558942
coupled,1.00,5,491,0.993965,0.993965,4.753604
coupled,1.00,5,492,0.993816,0.993816,4.541070
coupled,1.00,5,493,0.994255,0.994255,4.425105
coupled,1.00,5,494,0.990159,0.990159,4.563562
coupled,1.00,5,495,0.992885,0.992885,4.487075
coupled,1.00,5,496,0.993098,0.993098,4.907234
coupled,1.00,5,497,0.996579,0.996579,4.896256
coupled,1.00,5,498,0.996782,0.996782,5.083677
coupled,1.00,5,499,0.996365,0.996365,4.744479
allc,1.00,5,0,0.993791,1.000000,4.635448
allc,1.00,5,1,0.995540,1.000000,4.863833
allc,1.00,5,2,0.993687,1.000000,4.845314
allc,1.00,5,3,0.994383,1.000000,4.748784
allc,1.00,5,4,0.989793,1.000000,4.484057
allc,1.00,5,5,0.995457,1.000000,4.844261
allc,1.00,5,6,0.995365,1.000000,4.709718
allc,1.00,5,7,0.996278,1.000000,4.754754
allc,1.00,5,8,0.994328,1.000000,4.654508
allc,1.00,5,9,0.995227,1.000000,4.832879
allc,1.00,5,10,0.992271,1.000000,4.604774
allc,1.00,5,11,0.993482,1.000000,4.672927
allc,1.00,5,12,0.997201,1.000000,4.933975
allc,1.00,5,13,0.996670,1.000000,4.794621
allc,1.00,5,14,0.995503,1.000000,4.930538
allc,1.00,5,15,0.992479,1.000000,4.626365
allc,1.00,5,16,0.992207,1.000000,4.351215
allc,1.00,5,17,0.987518,1.000000,4.338306
allc,1.00,5,18,0.994683,1.000000,4.618287
allc,1.00,5,19,0.992510,1.000000,4.425165
allc,1.00,5,20,0.995456,1.000000,4.690864
allc,1.00,5,21,0.992408,1.000000,4.431151
allc,1.00,5,22,0.993419,1.000000,4.588502
allc,1.00,5,23,0.994683,1.000000,4.667367
allc,1.00,5,24,0.991720,1.000000,4.510029
allc,1.00,5,25,0.994716,1.000000,4.626661
allc,1.00,5,26,0.991370,1.000000,4.502708
allc,1.00,5,27,0.993426,1.000000,4.659327
allc,1.00,5,28,0.996083,1.000000,4.765641
allc,1.00,5,29,0.993403,1.000000,4.535053
allc,1.00,5,30,0.995201,1.000000,4.814475
allc,1.00,5,31,0.995153,1.000000,4.736774
allc,1.00,5,32,0.993242,1.000000,4.579554
allc,1.00,5,33,0.995809,1.000000,4.839274
allc,1.00,5,34,0.993107,1.000000,4.566708
allc,1.00,5,35,0.992276,1.000000,4.585707
allc,1.00,5,36,0.993153,1.000000,4.638187
allc,1.00,5,37,0.993383,1.000000,4.614880
allc,1.00,5,38,0.995743,1.000000,4.782763
allc,1.00,5,39,0.996117,1.000000,4.836031
allc,1.00,5,40,0.996029,1.000000,4.771207
allc,1.00,5,41,0.995003,1.000000,4.623677
allc,1.00,5,42,0.991271,1.000000,4.329256
allc,1.00,5,43,0.985718,1.000000,4.277284
allc,1.00,5,44,0.991237,1.000000,4.430522
allc,1.00,5,45,0.994214,1.000000,4.801209
allc,1.00,5,46,0.993729,1.000000,4.700932
allc,1.00,5,47,0.994673,1.000000,4.797189
allc,1.00,5,48,0.991135,1.000000,4.422942
allc,1.00,5,49,0.997314,1.000000,4.852944
allc,1.00,5,50,0.995514,1.000000,4.684296
allc,1.00,5,51,0.993349,1.000000,4.523695
allc,1.00,5,52,0.993616,1.000000,4.624756
allc,1.00,5,53,0.990492,1.000000,4.511138
allc,1.00,5,54,0.994829,1.000000,4.480833
allc,1.00,5,55,0.993436,1.000000,4.698571
allc,1.00,5,56,0.994492,1.000000,4.824391
allc,1.00,5,57,0.996786,1.000000,4.786189
allc,1.00,5,58,0.991981,1.000000,4.752920
allc,1.00,5,59,0.994688,1.000000,4.694759
allc,1.00,5,60,0.994517,1.000000,4.633443
allc,1.00,5,61,0.995761,1.000000,4.874585
allc,1.00,5,62,0.994654,1.000000,4.624058
allc,1.00,5,63,0.992926,1.000000,4.534707
allc,1.00,5,64,0.996294,1.000000,4.809335
allc,1.00,5,65,0.991605,1.000000,4.585760
allc,1.00,5,66,0.996022,1.000000,4.881172
allc,1.00,5,67,0.993674,1.000000,4.505470
allc,1.00,5,68,0.991692,1.000000,4.484882
allc,1.00,5,69,0.992450,1.000000,4.641637
allc,1.00,5,70,0.996399,1.000000,4.843831
allc,1.00,5,71,0.996216,1.000000,4.882742
allc,1.00,5,72,0.994165,1.000000,4.649245
allc,1.00,5,73,0.994358,1.000000,4.566510
allc,1.00,5,74,0.993311,1.000000,4.609086
allc,1.00,5,75,0.989886,1.000000,4.171020
allc,1.00,5,76,0.991048,1.000000,4.353753
allc,1.00,5,77,0.993716,1.000000,4.596238
allc,1.00,5,78,0.992094,1.000000,4.528685
allc,1.00,5,79,0.993824,1.000000,4.521869
allc,1.00,5,80,0.993451,1.000000,4.638965
allc,1.00,5,81,0.991709,1.000000,4.693866
allc,1.00,5,82,0.989010,1.000000,4.375887
allc,1.00,5,83,0.994144,1.000000,4.590184
allc,1.00,5,84,0.996501,1.000000,4.805966
allc,1.00,5,85,0.995127,1.000000,4.780909
allc,1.00,5,86,0.995428,1.000000,4.763427
allc,1.00,5,87,0.994069,1.000000,4.824112
allc,1.00,5,88,0.992012,1.000000,4.647231
allc,1.00,5,89,0.993498,1.000000,4.710121
allc,1.00,5,90,0.995867,1.000000,4.901020
allc,1.00,5,91,0.995711,1.000000,4.779825
allc,1.00,5,92,0.995886,1.000000,4.687772
allc,1.00,5,93,0.993927,1.000000,4.577209
allc,1.00,5,94,0.993691,1.000000,4.746527
allc,1.00,5,95,0.995169,1.000000,4.689367
allc,1.00,5,96,0.995037,1.000000,4.778107
allc,1.00,5,97,0.989989,1.000000,4.438761
allc,1.00,5,98,0.994310,1.000000,4.627573
allc,1.00,5,99,0.992233,1.000000,4.610687
allc,1.00,5,100,0.994845,1.000000,4.539925
allc,1.00,5,101,0.993385,1.000000,4.649813
allc,1.00,5,102,0.991023,1.000000,4.367361
allc,1.00,5,103,0.996611,1.000000,4.866133
allc,1.00,5,104,0.995099,1.000000,4.736202
allc,1.00,5,105,0.995155,1.000000,4.705058
allc,1.00,5,106,0.996226,1.000000,4.785019
allc,1.00,5,107,0.993958,1.000000,4.831202
allc,1.00,5,108,0.992963,1.000000,4.706485
allc,1.00,5,109,0.991175,1.000000,4.624974
allc,1.00,5,110,0.995641,1.000000,4.604661
allc,1.00,5,111,0.992349,1.000000,4.579856
allc,1.00,5,112,0.993063,1.000000,4.516522
allc,1.00,5,113,0.994690,1.000000,4.664702
allc,1.00,5,114,0.994040,1.000000,4.631673
allc,1.00,5,115,0.994251,1.000000,4.872973
allc,1.00,5,116,0.995138,1.000000,4.803029
allc,1.00,5,117,0.994835,1.000000,4.775938
allc,1.00,5,118,0.995033,1.000000,4.659591
allc,1.00,5,119,0.991980,1.000000,4.456231
allc,1.00,5,120,0.995869,1.000000,4.747203
allc,1.00,5,121,0.995828,1.000000,4.827553
allc,1.00,5,122,0.991882,1.000000,4.630288
allc,1.00,5,123,0.994169,1.000000,4.653821
allc,1.00,5,124,0.993892,1.000000,4.605245
allc,1.00,5,125,0.996141,1.000000,4.909609
allc,1.00,5,126,0.994442,1.000000,4.826620
allc,1.00,5,127,0.993336,1.000000,4.627215
allc,1.00,5,128,0.995572,1.000000,4.901099
allc,1.00,5,129,0.996490,1.000000,5.035596
allc,1.00,5,130,0.995529,1.000000,4.875544
allc,1.00,5,131,0.992153,1.000000,4.569789
allc,1.00,5,132,0.995162,1.000000,4.801236
allc,1.00,5,133,0.993835,1.000000,4.676200
allc,1.00,5,134,0.991600,1.000000,4.390805
allc,1.00,5,135,0.996051,1.000000,4.648862
allc,1.00,5,136,0.995570,1.000000,4.666433
allc,1.00,5,137,0.996397,1.000000,5.003512
allc,1.00,5,138,0.993821,1.000000,4.655143
allc,1.00,5,139,0.994034,1.000000,4.603821
allc,1.00,5,140,0.992638,1.000000,4.636696
allc,1.00,5,141,0.991801,1.000000,4.521435
allc,1.00,5,142,0.993212,1.000000,4.418240
allc,1.00,5,143,0.991826,1.000000,4.473082
allc,1.00,5,144,0.994874,1.000000,4.683470
allc,1.00,5,145,0.995238,1.000000,4.771743
allc,1.00,5,146,0.994190,1.000000,4.734107
allc,1.00,5,147,0.993215,1.000000,4.435983
allc,1.00,5,148,0.994246,1.000000,4.657396
allc,1.00,5,149,0.995100,1.000000,4.736417
allc,1.00,5,150,0.990913,1.000000,4.493114
allc,1.00,5,151,0.988063,1.000000,4.276652
allc,1.00,5,152,0.992958,1.000000,4.568183
allc,1.00,5,153,0.992163,1.000000,4.621196
allc,1.00,5,154,0.994806,1.000000,4.711599
allc,1.00,5,155,0.993538,1.000000,4.547708
allc,1.00,5,156,0.994966,1.000000,4.664206
allc,1.00,5,157,0.995417,1.000000,4.679233
allc,1.00,5,158,0.994716,1.000000,4.765285
allc,1.00,5,159,0.995288,1.000000,4.662455
allc,1.00,5,160,0.994221,1.000000,4.613894
allc,1.00,5,161,0.991008,1.000000,4.482146
allc,1.00,5,162,0.993970,1.000000,4.621942
allc,1.00,5,163,0.995158,1.000000,4.687326
allc,1.00,5,164,0.994049,1.000000,4.418708
allc,1.00,5,165,0.996151,1.000000,4.812979
allc,1.00,5,166,0.992762,1.000000,4.472340
allc,1.00,5,167,0.990487,1.000000,4.560289
allc,1.00,5,168,0.995640,1.000000,4.694569
allc,1.00,5,169,0.995945,1.000000,4.782809
allc,1.00,5,170,0.993359,1.000000,4.735738
allc,1.00,5,171,0.993579,1.000000,4.489002
allc,1.00,5,172,0.994345,1.000000,4.653032
allc,1.00,5,173,0.996075,1.000000,4.850560
allc,1.00,5,174,0.993164,1.000000,4.526959
allc,1.00,5,175,0.993907,1.000000,4.563269
allc,1.00,5,176,0.996068,1.000000,4.764954
allc,1.00,5,177,0.995891,1.000000,4.871494
allc,1.00,5,178,0.994939,1.000000,4.722566
allc,1.00,5,179,0.992848,1.000000,4.396572
allc,1.00,5,180,0.992832,1.000000,4.565264
allc,1.00,5,181,0.992117,1.000000,4.530054
allc,1.00,5,182,0.995946,1.000000,4.786164
allc,1.00,5,183,0.996061,1.000000,4.820965
allc,1.00,5,184,0.995524,1.000000,4.623514
allc,1.00,5,185,0.992588,1.000000,4.587867
allc,1.00,5,186,0.994229,1.000000,4.666251
allc,1.00,5,187,0.989508,1.000000,4.509966
allc,1.00,5,188,0.996503,1.000000,5.002736
allc,1.00,5,189,0.996158,1.000000,4.860965
allc,1.00,5,190,0.994127,1.000000,4.742815
allc,1.00,5,191,0.995047,1.000000,4.740452
allc,1.00,5,192,0.989450,1.000000,4.468670
allc,1.00,5,193,0.992591,1.000000,4.648359
allc,1.00,5,194,0.996014,1.000000,4.889213
allc,1.00,5,195,0.993707,1.000000,4.674974
allc,1.00,5,196,0.992133,1.000000,4.531844
allc,1.00,5,197,0.992885,1.000000,4.519248
allc,1.00,5,198,0.994328,1.000000,4.666882
allc,1.00,5,199,0.994578,1.000000,4.612099
allc,1.00,5,200,0.995289,1.000000,4.700886
allc,1.00,5,201,0.993628,1.000000,4.774171
allc,1.00,5,202,0.993521,1.000000,4.583440
allc,1.00,5,203,0.994095,1.000000,4.599890
allc,1.00,5,204,0.995624,1.000000,4.717950
allc,1.00,5,205,0.995021,1.000000,4.713954
allc,1.00,5,206,0.993774,1.000000,4.758481
allc,1.00,5,207,0.994374,1.000000,4.680193
allc,1.00,5,208,0.994596,1.000000,4.890280
allc,1.00,5,209,0.996186,1.000000,4.816205
allc,1.00,5,210,0.993502,1.000000,4.691557
allc,1.00,5,211,0.994793,1.000000,4.571423
allc,1.00,5,212,0.992887,1.000000,4.597927
allc,1.00,5,213,0.995473,1.000000,4.933760
allc,1.00,5,214,0.992944,1.000000,4.670810
allc,1.00,5,215,0.995563,1.000000,4.726758
allc,1.00,5,216,0.993513,1.000000,4.557217
allc,1.00,5,217,0.993760,1.000000,4.423966
allc,1.00,5,218,0.994690,1.000000,4.574189
allc,1.00,5,219,0.989895,1.000000,4.436274
allc,1.00,5,220,0.993119,1.000000,4.546019
allc,1.00,5,221,0.993490,1.000000,4.429971
allc,1.00,5,222,0.994190,1.000000,4.640114
allc,1.00,5,223,0.996167,1.000000,4.844653
allc,1.00,5,224,0.994419,1.000000,4.622550
allc,1.00,5,225,0.993691,1.000000,4.689707
allc,1.00,5,226,0.994210,1.000000,4.901946
allc,1.00,5,227,0.995221,1.000000,4.713317
allc,1.00,5,228,0.990421,1.000000,4.558567
allc,1.00,5,229,0.993484,1.000000,4.536239
allc,1.00,5,230,0.995428,1.000000,4.709983
allc,1.00,5,231,0.995093,1.000000,4.687816
allc,1.00,5,232,0.994943,1.000000,4.727152
allc,1.00,5,233,0.996190,1.000000,4.808460
allc,1.00,5,234,0.996694,1.000000,4.932887
allc,1.00,5,235,0.991322,1.000000,4.532897
allc,1.00,5,236,0.989740,1.000000,4.425900
allc,1.00,5,237,0.991079,1.000000,4.335608
allc,1.00,5,238,0.992193,1.000000,4.552642
allc,1.00,5,239,0.994700,1.000000,4.864778
allc,1.00,5,240,0.996161,1.000000,4.991251
allc,1.00,5,241,0.993747,1.000000,4.788998
allc,1.00,5,242,0.993974,1.000000,4.474026
allc,1.00,5,243,0.992981,1.000000,4.615827
allc,1.00,5,244,0.996770,1.000000,4.826955
allc,1.00,5,245,0.995255,1.000000,4.677542
allc,1.00,5,246,0.989365,1.000000,4.440239
allc,1.00,5,247,0.992964,1.000000,4.598421
allc,1.00,5,248,0.993432,1.000000,4.606811
allc,1.00,5,249,0.995741,1.000000,4.667098
allc,1.00,5,250,0.992363,1.000000,4.520360
allc,1.00,5,251,0.993819,1.000000,4.741851
allc,1.00,5,252,0.996020,1.000000,4.923628
allc,1.00,5,253,0.992455,1.000000,4.643736
allc,1.00,5,254,0.995899,1.000000,4.798599
allc,1.00,5,255,0.994902,1.000000,4.614151
allc,1.00,5,256,0.993041,1.000000,4.531492
allc,1.00,5,257,0.990786,1.000000,4.598498
allc,1.00,5,258,0.995370,1.000000,4.961526
allc,1.00,5,259,0.995440,1.000000,4.884568
allc,1.00,5,260,0.991796,1.000000,4.523903
allc,1.00,5,261,0.987912,1.000000,4.474189
allc,1.00,5,262,0.994546,1.000000,4.628030
allc,1.00,5,263,0.993494,1.000000,4.757669
allc,1.00,5,264,0.994738,1.000000,4.595774
allc,1.00,5,265,0.995247,1.000000,4.754775
allc,1.00,5,266,0.995174,1.000000,4.803808
allc,1.00,5,267,0.992932,1.000000,4.505831
allc,1.00,5,268,0.992065,1.000000,4.557463
allc,1.00,5,269,0.990565,1.000000,4.535448
allc,1.00,5,270,0.994663,1.000000,4.714673
allc,1.00,5,271,0.993428,1.000000,4.618006
allc,1.00,5,272,0.993616,1.000000,4.634153
allc,1.00,5,273,0.996543,1.000000,4.772299
allc,1.00,5,274,0.996659,1.000000,4.788851
allc,1.00,5,275,0.993736,1.000000,4.911415
allc,1.00,5,276,0.997078,1.000000,4.970568
allc,1.00,5,277,0.993240,1.000000,4.834077
allc,1.00,5,278,0.993103,1.000000,4.552838
allc,1.00,5,279,0.992220,1.000000,4.638491
allc,1.00,5,280,0.996378,1.000000,4.977419
allc,1.00,5,281,0.995743,1.000000,4.842311
allc,1.00,5,282,0.991598,1.000000,4.548373
allc,1.00,5,283,0.990181,1.000000,4.399643
allc,1.00,5,284,0.991923,1.000000,4.538224
allc,1.00,5,285,0.994122,1.000000,4.752472
allc,1.00,5,286,0.992300,1.000000,4.609986
allc,1.00,5,287,0.994520,1.000000,4.666025
allc,1.00,5,288,0.990724,1.000000,4.478047
allc,1.00,5,289,0.996184,1.000000,4.843420
allc,1.00,5,290,0.994034,1.000000,4.724542
allc,1.00,5,291,0.994017,1.000000,4.642406
allc,1.00,5,292,0.994747,1.000000,4.575863
allc,1.00,5,293,0.994693,1.000000,4.751317
allc,1.00,5,294,0.994704,1.000000,4.716467
allc,1.00,5,295,0.993652,1.000000,4.547936
allc,1.00,5,296,0.995304,1.000000,4.712703
allc,1.00,5,297,0.995689,1.000000,4.842003
allc,1.00,5,298,0.995476,1.000000,4.744726
allc,1.00,5,299,0.991586,1.000000,4.621072
allc,1.00,5,300,0.989007,1.000000,4.329750
allc,1.00,5,301,0.991506,1.000000,4.519028
allc,1.00,5,302,0.995041,1.000000,4.727215
allc,1.00,5,303,0.992153,1.000000,4.557270
allc,1.00,5,304,0.994734,1.000000,4.909246
allc,1.00,5,305,0.995564,1.000000,4.915003
allc,1.00,5,306,0.993347,1.000000,4.476391
allc,1.00,5,307,0.995221,1.000000,5.015100
allc,1.00,5,308,0.994180,1.000000,4.716391
allc,1.00,5,309,0.993661,1.000000,4.511596
allc,1.00,5,310,0.996387,1.000000,4.796998
allc,1.00,5,311,0.993571,1.000000,4.619858
allc,1.00,5,312,0.994484,1.000000,4.688239
allc,1.00,5,313,0.992469,1.000000,4.588380
allc,1.00,5,314,0.993995,1.000000,4.623380
allc,1.00,5,315,0.992921,1.000000,4.659089
allc,1.00,5,316,0.995325,1.000000,4.653266
allc,1.00,5,317,0.990913,1.000000,4.473663
allc,1.00,5,318,0.994076,1.000000,4.587082
allc,1.00,5,319,0.991717,1.000000,4.520866
allc,1.00,5,320,0.995620,1.000000,4.887285
allc,1.00,5,321,0.994498,1.000000,4.618550
allc,1.00,5,322,0.994510,1.000000,4.544430
allc,1.00,5,323,0.993499,1.000000,4.497220
allc,1.00,5,324,0.995678,1.000000,4.871663
allc,1.00,5,325,0.992690,1.000000,4.479538
allc,1.00,5,326,0.992983,1.000000,4.686820
allc,1.00,5,327,0.991171,1.000000,4.505830
allc,1.00,5,328,0.991997,1.000000,4.538782
allc,1.00,5,329,0.995388,1.000000,4.880156
allc,1.00,5,330,0.994575,1.000000,4.728033
allc,1.00,5,331,0.995845,1.000000,4.880211
allc,1.00,5,332,0.994593,1.000000,4.803550
allc,1.00,5,333,0.994962,1.000000,4.799369
allc,1.00,5,334,0.989843,1.000000,4.357358
allc,1.00,5,335,0.994961,1.000000,4.623695
allc,1.00,5,336,0.992976,1.000000,4.640598
allc,1.00,5,337,0.992143,1.000000,4.532708
allc,1.00,5,338,0.992834,1.000000,4.631605
allc,1.00,5,339,0.987863,1.000000,4.425793
allc,1.00,5,340,0.995088,1.000000,4.511034
allc,1.00,5,341,0.994070,1.000000,4.631059
allc,1.00,5,342,0.993532,1.000000,4.735221
allc,1.00,5,343,0.994785,1.000000,4.746535
allc,1.00,5,344,0.992663,1.000000,4.448725
allc,1.00,5,345,0.994078,1.000000,4.589988
allc,1.00,5,346,0.994038,1.000000,4.677562
allc,1.00,5,347,0.992110,1.000000,4.536729
allc,1.00,5,348,0.992418,1.000000,4.576605
allc,1.00,5,349,0.996419,1.000000,4.682307
allc,1.00,5,350,0.994541,1.000000,4.634856
allc,1.00,5,351,0.993671,1.000000,4.730208
allc,1.00,5,352,0.993530,1.000000,4.487590
allc,1.00,5,353,0.993096,1.000000,4.690828
allc,1.00,5,354,0.995362,1.000000,4.720002
allc,1.00,5,355,0.993690,1.000000,4.694445
allc,1.00,5,356,0.991676,1.000000,4.575992
allc,1.00,5,357,0.992597,1.000000,4.713026
allc,1.00,5,358,0.993105,1.000000,4.626417
allc,1.00,5,359,0.992760,1.000000,4.385040
allc,1.00,5,360,0.993138,1.000000,4.730157
allc,1.00,5,361,0.993749,1.000000,4.727860
allc,1.00,5,362,0.991880,1.000000,4.509070
allc,1.00,5,363,0.992576,1.000000,4.544775
allc,1.00,5,364,0.994595,1.000000,4.555689
allc,1.00,5,365,0.993381,1.000000,4.598357
allc,1.00,5,366,0.994660,1.000000,4.703885
allc,1.00,5,367,0.993479,1.000000,4.619894
allc,1.00,5,368,0.996050,1.000000,4.851416
allc,1.00,5,369,0.997360,1.000000,4.841970
allc,1.00,5,370,0.994474,1.000000,4.603915
allc,1.00,5,371,0.991067,1.000000,4.521370
allc,1.00,5,372,0.995743,1.000000,4.798271
allc,1.00,5,373,0.994246,1.000000,4.768308
allc,1.00,5,374,0.990845,1.000000,4.503643
allc,1.00,5,375,0.994797,1.000000,4.704027
allc,1.00,5,376,0.996306,1.000000,5.077011
allc,1.00,5,377,0.995847,1.000000,4.931528
allc,1.00,5,378,0.992837,1.000000,4.576809
allc,1.00,5,379,0.994591,1.000000,4.710551
allc,1.00,5,380,0.992939,1.000000,4.513819
allc,1.00,5,381,0.993332,1.000000,4.729554
allc,1.00,5,382,0.993960,1.000000,4.654779
allc,1.00,5,383,0.994472,1.000000,4.849126
allc,1.00,5,384,0.994427,1.000000,4.804886
allc,1.00,5,385,0.994807,1.000000,4.653707
allc,1.00,5,386,0.991976,1.000000,4.643559
allc,1.00,5,387,0.994758,1.000000,4.802747
allc,1.00,5,388,0.989999,1.000000,4.480851
allc,1.00,5,389,0.995426,1.000000,4.821480
allc,1.00,5,390,0.993284,1.000000,4.567668
allc,1.00,5,391,0.994761,1.000000,4.612048
allc,1.00,5,392,0.994868,1.000000,4.742168
allc,1.00,5,393,0.993746,1.000000,4.636536
allc,1.00,5,394,0.996013,1.000000,4.861747
allc,1.00,5,395,0.992534,1.000000,4.558429
allc,1.00,5,396,0.992473,1.000000,4.736283
allc,1.00,5,397,0.996316,1.000000,4.801088
allc,1.00,5,398,0.993550,1.000000,4.725100
allc,1.00,5,399,0.992152,1.000000,4.403935
allc,1.00,5,400,0.995546,1.000000,4.760480
allc,1.00,5,401,0.991548,1.000000,4.358865
allc,1.00,5,402,0.991770,1.000000,4.474071
allc,1.00,5,403,0.993731,1.000000,4.555885
allc,1.00,5,404,0.996809,1.000000,4.935570
allc,1.00,5,405,0.989473,1.000000,4.441307
allc,1.00,5,406,0.988588,1.000000,4.276683
allc,1.00,5,407,0.989277,1.000000,4.454427
allc,1.00,5,408,0.995873,1.000000,4.702086
allc,1.00,5,409,0.995075,1.000000,4.660436
allc,1.00,5,410,0.990947,1.000000,4.617795
allc,1.00,5,411,0.992906,1.000000,4.566323
allc,1.00,5,412,0.990248,1.000000,4.235989
allc,1.00,5,413,0.987384,1.000000,4.405694
allc,1.00,5,414,0.995633,1.000000,4.776586
allc,1.00,5,415,0.990764,1.000000,4.447525
allc,1.00,5,416,0.990547,1.000000,4.420889
allc,1.00,5,417,0.991695,1.000000,4.322588
allc,1.00,5,418,0.990066,1.000000,4.395078
allc,1.00,5,419,0.991562,1.000000,4.417949
allc,1.00,5,420,0.995521,1.000000,4.743642
allc,1.00,5,421,0.996395,1.000000,4.966383
allc,1.00,5,422,0.995746,1.000000,4.849034
allc,1.00,5,423,0.996192,1.000000,4.767108
allc,1.00,5,424,0.994072,1.000000,4.886757
allc,1.00,5,425,0.995277,1.000000,4.842097
allc,1.00,5,426,0.994790,1.000000,4.813205
allc,1.00,5,427,0.994403,1.000000,4.833713
allc,1.00,5,428,0.994389,1.000000,4.506185
allc,1.00,5,429,0.995043,1.000000,4.718060
allc,1.00,5,430,0.995803,1.000000,4.873771
allc,1.00,5,431,0.993759,1.000000,4.605428
allc,1.00,5,432,0.993035,1.000000,4.653244
allc,1.00,5,433,0.994740,1.000000,4.516894
allc,1.00,5,434,0.990635,1.000000,4.610069
allc,1.00,5,435,0.994570,1.000000,4.712301
allc,1.00,5,436,0.991089,1.000000,4.614057
allc,1.00,5,437,0.997144,1.000000,4.942648
allc,1.00,5,438,0.994759,1.000000,4.766219
allc,1.00,5,439,0.993653,1.000000,4.555782
allc,1.00,5,440,0.994598,1.000000,4.646640
allc,1.00,5,441,0.996960,1.000000,4.945711
allc,1.00,5,442,0.995756,1.000000,4.880915
allc,1.00,5,443,0.994104,1.000000,4.644628
allc,1.00,5,444,0.995608,1.000000,4.706396
allc,1.00,5,445,0.995895,1.000000,4.814119
allc,1.00,5,446,0.995705,1.000000,4.934197
allc,1.00,5,447,0.994604,1.000000,4.688626
allc,1.00,5,448,0.993171,1.000000,4.570452
allc,1.00,5,449,0.991076,1.000000,4.508906
allc,1.00,5,450,0.991382,1.000000,4.406540
allc,1.00,5,451,0.995423,1.000000,4.725821
allc,1.00,5,452,0.994882,1.000000,4.771659
allc,1.00,5,453,0.995184,1.000000,4.658917
allc,1.00,5,454,0.992414,1.000000,4.472075
allc,1.00,5,455,0.985919,1.000000,4.346400
allc,1.00,5,456,0.996352,1.000000,4.727892
allc,1.00,5,457,0.991449,1.000000,4.483944
allc,1.00,5,458,0.994989,1.000000,4.874579
allc,1.00,5,459,0.994860,1.000000,4.662742
allc,1.00,5,460,0.996322,1.000000,4.818541
allc,1.00,5,461,0.996947,1.000000,4.831044
allc,1.00,5,462,0.992683,1.000000,4.456592
allc,1.00,5,463,0.992336,1.000000,4.416015
allc,1.00,5,464,0.991115,1.000000,4.503984
allc,1.00,5,465,0.997399,1.000000,4.904257
allc,1.00,5,466,0.991751,1.000000,4.478103
allc,1.00,5,467,0.994625,1.000000,4.669105
allc,1.00,5,468,0.994270,1.000000,4.669730
allc,1.00,5,469,0.994050,1.000000,4.588353
allc,1.00,5,470,0.994707,1.000000,4.841532
allc,1.00,5,471,0.994459,1.000000,4.827332
allc,1.00,5,472,0.994671,1.000000,4.820419
allc,1.00,5,473,0.996055,1.000000,4.976754
allc,1.00,5,474,0.993551,1.000000,4.648669
allc,1.00,5,475,0.991813,1.000000,4.440083
allc,1.00,5,476,0.994101,1.000000,4.637420
allc,1.00,5,477,0.994121,1.000000,4.623686
allc,1.00,5,478,0.993529,1.000000,4.468977
allc,1.00,5,479,0.994013,1.000000,4.737029
allc,1.00,5,480,0.996366,1.000000,4.834581
allc,1.00,5,481,0.991455,1.000000,4.478043
allc,1.00,5,482,0.995201,1.000000,4.828351
allc,1.00,5,483,0.994987,1.000000,4.865469
allc,1.00,5,484,0.996013,1.000000,4.967833
allc,1.00,5,485,0.994994,1.000000,4.702747
allc,1.00,5,486,0.991207,1.000000,4.447005
allc,1.00,5,487,0.991173,1.000000,4.348195
allc,1.00,5,488,0.996091,1.000000,4.656961
allc,1.00,5,489,0.995511,1.000000,4.847449
allc,1.00,5,490,0.994071,1.000000,4.692023
allc,1.00,5,491,0.993701,1.000000,4.515750
allc,1.00,5,492,0.993008,1.000000,4.676337
allc,1.00,5,493,0.995978,1.000000,4.620182
allc,1.00,5,494,0.994438,1.000000,4.695268
allc,1.00,5,495,0.993703,1.000000,4.588514
allc,1.00,5,496,0.993331,1.000000,4.691905
allc,1.00,5,497,0.995900,1.000000,4.793381
allc,1.00,5,498,0.995286,1.000000,4.742274
allc,1.00,5,499,0.993510,1.000000,4.640914
coupled,0.00,6,0,0.992330,1.000000,4.739219
coupled,0.00,6,1,0.995880,1.000000,5.048407
coupled,0.00,6,2,0.996158,1.000000,4.849555
coupled,0.00,6,3,0.995647,1.000000,4.734319
coupled,0.00,6,4,0.995276,1.000000,5.109422
coupled,0.00,6,5,0.997748,1.000000,4.894393
coupled,0.00,6,6,0.995544,1.000000,4.697873
coupled,0.00,6,7,0.994494,1.000000,4.958727
coupled,0.00,6,8,0.994083,1.000000,5.021319
coupled,0.00,6,9,0.996433,1.000000,4.900886
coupled,0.00,6,10,0.994008,1.000000,4.708785
coupled,0.00,6,11,0.991825,1.000000,5.238361
coupled,0.00,6,12,0.997765,1.000000,4.938063
coupled,0.00,6,13,0.994071,1.000000,4.991791
coupled,0.00,6,14,0.996503,1.000000,4.950932
coupled,0.00,6,15,0.990794,1.000000,4.818546
coupled,0.00,6,16,0.987038,1.000000,4.727751
coupled,0.00,6,17,0.984973,1.000000,4.793273
coupled,0.00,6,18,0.992024,1.000000,4.707200
coupled,0.00,6,19,0.988332,1.000000,4.710631
coupled,0.00,6,20,0.993695,1.000000,4.772651
coupled,0.00,6,21,0.992889,1.000000,5.103630
coupled,0.00,6,22,0.996769,1.000000,4.843508
coupled,0.00,6,23,0.994091,1.000000,4.657080
coupled,0.00,6,24,0.989595,1.000000,5.170369
coupled,0.00,6,25,0.998252,1.000000,4.761062
coupled,0.00,6,26,0.992049,1.000000,4.839161
coupled,0.00,6,27,0.995766,1.000000,4.892054
coupled,0.00,6,28,0.991702,1.000000,4.876604
coupled,0.00,6,29,0.993280,1.000000,4.791699
coupled,0.00,6,30,0.991060,1.000000,4.891373
coupled,0.00,6,31,0.993704,1.000000,4.668805
coupled,0.00,6,32,0.988449,1.000000,4.698126
coupled,0.00,6,33,0.992857,1.000000,4.731859
coupled,0.00,6,34,0.991957,1.000000,4.884806
coupled,0.00,6,35,0.993310,1.000000,4.910316
coupled,0.00,6,36,0.995845,1.000000,4.737925
coupled,0.00,6,37,0.989958,1.000000,5.082565
coupled,0.00,6,38,0.996436,1.000000,5.025592
coupled,0.00,6,39,0.996747,1.000000,5.059343
coupled,0.00,6,40,0.997227,1.000000,5.074873
coupled,0.00,6,41,0.996781,1.000000,4.543631
coupled,0.00,6,42,0.986461,1.000000,4.611694
coupled,0.00,6,43,0.992526,1.000000,4.588531
coupled,0.00,6,44,0.991217,1.000000,4.895922
coupled,0.00,6,45,0.993661,1.000000,4.633671
coupled,0.00,6,46,0.992172,1.000000,4.965040
coupled,0.00,6,47,0.997443,1.000000,4.656775
coupled,0.00,6,48,0.985950,1.000000,5.075389
coupled,0.00,6,49,0.997056,1.000000,4.883898
coupled,0.00,6,50,0.994767,1.000000,4.732914
coupled,0.00,6,51,0.993886,1.000000,4.603964
coupled,0.00,6,52,0.986387,1.000000,4.548770
coupled,0.00,6,53,0.994618,1.000000,4.639741
coupled,0.00,6,54,0.988761,1.000000,4.969108
coupled,0.00,6,55,0.995449,1.000000,4.739137
coupled,0.00,6,56,0.994125,1.000000,5.058879
coupled,0.00,6,57,0.995815,1.000000,4.902960
coupled,0.00,6,58,0.995403,1.000000,4.856909
coupled,0.00,6,59,0.992675,1.000000,4.844861
coupled,0.00,6,60,0.995145,1.000000,5.061228
coupled,0.00,6,61,0.996572,1.000000,4.739687
coupled,0.00,6,62,0.994480,1.000000,4.736209
coupled,0.00,6,63,0.992189,1.000000,4.803019
coupled,0.00,6,64,0.990735,1.000000,4.811882
coupled,0.00,6,65,0.995444,1.000000,5.147301
coupled,0.00,6,66,0.996368,1.000000,4.831659
coupled,0.00,6,67,0.993560,1.000000,4.833244
coupled,0.00,6,68,0.993697,1.000000,4.643304
coupled,0.00,6,69,0.991524,1.000000,4.940830
coupled,0.00,6,70,0.995076,1.000000,5.056559
coupled,0.00,6,71,0.997010,1.000000,4.927227
coupled,0.00,6,72,0.993087,1.000000,4.850142
coupled,0.00,6,73,0.994535,1.000000,5.117321
coupled,0.00,6,74,0.997857,1.000000,5.025713
coupled,0.00,6,75,0.994770,1.000000,4.907689
coupled,0.00,6,76,0.995125,1.000000,4.687775
coupled,0.00,6,77,0.994061,1.000000,4.712864
coupled,0.00,6,78,0.992533,1.000000,4.882226
coupled,0.00,6,79,0.993958,1.000000,4.993992
coupled,0.00,6,80,0.992267,1.000000,4.806391
coupled,0.00,6,81,0.995417,1.000000,5.094546
coupled,0.00,6,82,0.994674,1.000000,4.873594
coupled,0.00,6,83,0.993211,1.000000,5.063803
coupled,0.00,6,84,0.996136,1.000000,4.985681
coupled,0.00,6,85,0.992701,1.000000,5.080169
coupled,0.00,6,86,0.996348,1.000000,5.063244
coupled,0.00,6,87,0.991926,1.000000,4.889232
coupled,0.00,6,88,0.993851,1.000000,4.872695
coupled,0.00,6,89,0.996519,1.000000,4.905014
coupled,0.00,6,90,0.987193,1.000000,4.981665
coupled,0.00,6,91,0.994880,1.000000,4.926268
coupled,0.00,6,92,0.995728,1.000000,4.792638
coupled,0.00,6,93,0.991542,1.000000,4.869585
coupled,0.00,6,94,0.993732,1.000000,4.988910
coupled,0.00,6,95,0.994644,1.000000,5.096124
coupled,0.00,6,96,0.995754,1.000000,4.831618
coupled,0.00,6,97,0.994849,1.000000,5.089204
coupled,0.00,6,98,0.994911,1.000000,5.171222
coupled,0.00,6,99,0.996581,1.000000,4.910060
coupled,0.00,6,100,0.992684,1.000000,4.693806
coupled,0.00,6,101,0.991487,1.000000,4.996060
coupled,0.00,6,102,0.993658,1.000000,4.612172
coupled,0.00,6,103,0.992716,1.000000,4.791012
coupled,0.00,6,104,0.987395,1.000000,4.869527
coupled,0.00,6,105,0.995758,1.000000,4.797493
coupled,0.00,6,106,0.992659,1.000000,4.887453
coupled,0.00,6,107,0.994385,1.000000,4.775818
coupled,0.00,6,108,0.993926,1.000000,4.940310
coupled,0.00,6,109,0.994913,1.000000,4.735371
coupled,0.00,6,110,0.994050,1.000000,4.631390
coupled,0.00,6,111,0.993685,1.000000,4.504106
coupled,0.00,6,112,0.983577,1.000000,4.964579
coupled,0.00,6,113,0.995483,1.000000,4.712301
coupled,0.00,6,114,0.992893,1.000000,4.927578
coupled,0.00,6,115,0.995015,1.000000,4.921905
coupled,0.00,6,116,0.994328,1.000000,4.857640
coupled,0.00,6,117,0.996469,1.000000,4.574159
coupled,0.00,6,118,0.992740,1.000000,4.479774
coupled,0.00,6,119,0.981865,1.000000,4.773863
coupled,0.00,6,120,0.991498,1.000000,4.881283
coupled,0.00,6,121,0.993889,1.000000,4.696243
coupled,0.00,6,122,0.989251,1.000000,5.001916
coupled,0.00,6,123,0.995750,1.000000,4.896434
coupled,0.00,6,124,0.989728,1.000000,4.976085
coupled,0.00,6,125,0.993371,1.000000,4.918871
coupled,0.00,6,126,0.992687,1.000000,4.669712
coupled,0.00,6,127,0.991733,1.000000,4.936463
coupled,0.00,6,128,0.994756,1.000000,5.066119
coupled,0.00,6,129,0.995649,1.000000,4.871673
coupled,0.00,6,130,0.994344,1.000000,4.547434
coupled,0.00,6,131,0.984551,1.000000,4.767843
coupled,0.00,6,132,0.993814,1.000000,4.885817
coupled,0.00,6,133,0.995999,1.000000,4.703657
coupled,0.00,6,134,0.989432,1.000000,4.842615
coupled,0.00,6,135,0.994335,1.000000,5.023997
coupled,0.00,6,136,0.995655,1.000000,4.742812
coupled,0.00,6,137,0.994216,1.000000,4.658726
coupled,0.00,6,138,0.992652,1.000000,4.510100
coupled,0.00,6,139,0.987191,1.000000,4.790161
coupled,0.00,6,140,0.993607,1.000000,4.965838
coupled,0.00,6,141,0.990602,1.000000,4.711940
coupled,0.00,6,142,0.991316,1.000000,4.819918
coupled,0.00,6,143,0.989535,1.000000,4.677204
coupled,0.00,6,144,0.991714,1.000000,5.107596
coupled,0.00,6,145,0.994227,1.000000,4.902928
coupled,0.00,6,146,0.993944,1.000000,4.885600
coupled,0.00,6,147,0.991827,1.000000,4.844150
coupled,0.00,6,148,0.994719,1.000000,4.976480
coupled,0.00,6,149,0.995133,1.000000,4.867148
coupled,0.00,6,150,0.994197,1.000000,4.441908
coupled,0.00,6,151,0.984275,1.000000,4.568824
coupled,0.00,6,152,0.990255,1.000000,4.953239
coupled,0.00,6,153,0.994736,1.000000,5.160284
coupled,0.00,6,154,0.996549,1.000000,4.780706
coupled,0.00,6,155,0.993722,1.000000,5.108183
coupled,0.00,6,156,0.997207,1.000000,4.977000
coupled,0.00,6,157,0.994548,1.000000,4.899663
coupled,0.00,6,158,0.994182,1.000000,4.764240
coupled,0.00,6,159,0.992337,1.000000,4.765516
coupled,0.00,6,160,0.993418,1.000000,4.893816
coupled,0.00,6,161,0.989346,1.000000,4.885792
coupled,0.00,6,162,0.992226,1.000000,5.018637
coupled,0.00,6,163,0.994988,1.000000,4.860987
coupled,0.00,6,164,0.996768,1.000000,4.848349
coupled,0.00,6,165,0.993762,1.000000,4.808928
coupled,0.00,6,166,0.993990,1.000000,4.636158
coupled,0.00,6,167,0.989753,1.000000,4.889450
coupled,0.00,6,168,0.994356,1.000000,5.096290
coupled,0.00,6,169,0.994127,1.000000,4.948084
coupled,0.00,6,170,0.989438,1.000000,4.911344
coupled,0.00,6,171,0.992604,1.000000,5.076638
coupled,0.00,6,172,0.996234,1.000000,4.959400
coupled,0.00,6,173,0.995692,1.000000,5.113985
coupled,0.00,6,174,0.996434,1.000000,5.176715
coupled,0.00,6,175,0.997695,1.000000,5.002558
coupled,0.00,6,176,0.996171,1.000000,4.858381
coupled,0.00,6,177,0.992006,1.000000,4.816776
coupled,0.00,6,178,0.993195,1.000000,4.743747
coupled,0.00,6,179,0.990136,1.000000,4.587357
coupled,0.00,6,180,0.988382,1.000000,4.926476
coupled,0.00,6,181,0.992409,1.000000,4.834228
coupled,0.00,6,182,0.991322,1.000000,4.578038
coupled,0.00,6,183,0.985811,1.000000,5.056022
coupled,0.00,6,184,0.997782,1.000000,4.949443
coupled,0.00,6,185,0.996454,1.000000,5.005510
coupled,0.00,6,186,0.997624,1.000000,5.036959
coupled,0.00,6,187,0.996729,1.000000,4.811492
coupled,0.00,6,188,0.994919,1.000000,5.005507
coupled,0.00,6,189,0.997274,1.000000,5.008770
coupled,0.00,6,190,0.995632,1.000000,5.237148
coupled,0.00,6,191,0.997106,1.000000,5.011083
coupled,0.00,6,192,0.993840,1.000000,5.006088
coupled,0.00,6,193,0.995261,1.000000,4.888296
coupled,0.00,6,194,0.993875,1.000000,4.757253
coupled,0.00,6,195,0.996458,1.000000,4.965681
coupled,0.00,6,196,0.994782,1.000000,4.749408
coupled,0.00,6,197,0.986352,1.000000,4.706360
coupled,0.00,6,198,0.996707,1.000000,4.732316
coupled,0.00,6,199,0.990876,1.000000,4.953153
coupled,0.00,6,200,0.994514,1.000000,5.038774
coupled,0.00,6,201,0.990855,1.000000,4.939868
coupled,0.00,6,202,0.993060,1.000000,4.875556
coupled,0.00,6,203,0.991843,1.000000,5.064608
coupled,0.00,6,204,0.997045,1.000000,4.971844
coupled,0.00,6,205,0.994898,1.000000,4.900944
coupled,0.00,6,206,0.995221,1.000000,4.968234
coupled,0.00,6,207,0.993455,1.000000,5.075853
coupled,0.00,6,208,0.996242,1.000000,4.814428
coupled,0.00,6,209,0.995047,1.000000,4.826697
coupled,0.00,6,210,0.991789,1.000000,4.951421
coupled,0.00,6,211,0.996741,1.000000,4.945195
coupled,0.00,6,212,0.990154,1.000000,5.043594
coupled,0.00,6,213,0.997682,1.000000,4.937511
coupled,0.00,6,214,0.995094,1.000000,4.606871
coupled,0.00,6,215,0.990477,1.000000,4.810620
coupled,0.00,6,216,0.992717,1.000000,4.948528
coupled,0.00,6,217,0.992949,1.000000,4.780968
coupled,0.00,6,218,0.992056,1.000000,4.426207
coupled,0.00,6,219,0.985048,1.000000,4.759464
coupled,0.00,6,220,0.989457,1.000000,4.902721
coupled,0.00,6,221,0.994742,1.000000,5.059087
coupled,0.00,6,222,0.994382,1.000000,4.991060
coupled,0.00,6,223,0.991518,1.000000,5.101112
coupled,0.00,6,224,0.996800,1.000000,4.775238
coupled,0.00,6,225,0.991089,1.000000,4.951557
coupled,0.00,6,226,0.991833,1.000000,4.943311
coupled,0.00,6,227,0.994656,1.000000,4.848447
coupled,0.00,6,228,0.992250,1.000000,4.963851
coupled,0.00,6,229,0.991828,1.000000,5.391422
coupled,0.00,6,230,0.995197,1.000000,5.148637
coupled,0.00,6,231,0.997007,1.000000,4.742720
coupled,0.00,6,232,0.991590,1.000000,5.002569
coupled,0.00,6,233,0.994320,1.000000,5.005949
coupled,0.00,6,234,0.995807,1.000000,4.784401
coupled,0.00,6,235,0.989647,1.000000,4.982290
coupled,0.00,6,236,0.995310,1.000000,4.854585
coupled,0.00,6,237,0.992242,1.000000,5.252762
coupled,0.00,6,238,0.997339,1.000000,5.344685
coupled,0.00,6,239,0.997923,1.000000,5.118395
coupled,0.00,6,240,0.995419,1.000000,5.152339
coupled,0.00,6,241,0.996535,1.000000,4.876987
coupled,0.00,6,242,0.995719,1.000000,5.060065
coupled,0.00,6,243,0.996332,1.000000,5.142618
coupled,0.00,6,244,0.997262,1.000000,4.887545
coupled,0.00,6,245,0.995789,1.000000,4.957474
coupled,0.00,6,246,0.990314,1.000000,4.931466
coupled,0.00,6,247,0.995950,1.000000,5.037192
coupled,0.00,6,248,0.997092,1.000000,4.988571
coupled,0.00,6,249,0.994400,1.000000,5.108955
coupled,0.00,6,250,0.994528,1.000000,5.073590
coupled,0.00,6,251,0.995900,1.000000,4.703336
coupled,0.00,6,252,0.994199,1.000000,4.801044
coupled,0.00,6,253,0.991131,1.000000,5.200432
coupled,0.00,6,254,0.998079,1.000000,4.773864
coupled,0.00,6,255,0.995139,1.000000,4.991786
coupled,0.00,6,256,0.996569,1.000000,4.734708
coupled,0.00,6,257,0.994058,1.000000,5.006267
coupled,0.00,6,258,0.996228,1.000000,5.097995
coupled,0.00,6,259,0.997099,1.000000,4.836987
coupled,0.00,6,260,0.992187,1.000000,5.022956
coupled,0.00,6,261,0.992019,1.000000,4.916208
coupled,0.00,6,262,0.994262,1.000000,4.992990
coupled,0.00,6,263,0.996762,1.000000,4.977236
coupled,0.00,6,264,0.995796,1.000000,4.790248
coupled,0.00,6,265,0.993474,1.000000,4.949531
coupled,0.00,6,266,0.992143,1.000000,4.874808
coupled,0.00,6,267,0.991965,1.000000,4.924852
coupled,0.00,6,268,0.992189,1.000000,4.810795
coupled,0.00,6,269,0.993236,1.000000,4.949985
coupled,0.00,6,270,0.990379,1.000000,4.908408
coupled,0.00,6,271,0.995644,1.000000,4.678286
coupled,0.00,6,272,0.990205,1.000000,4.652310
coupled,0.00,6,273,0.993610,1.000000,4.754581
coupled,0.00,6,274,0.992672,1.000000,4.981546
coupled,0.00,6,275,0.995445,1.000000,4.960140
coupled,0.00,6,276,0.996921,1.000000,4.975591
coupled,0.00,6,277,0.996385,1.000000,4.687138
coupled,0.00,6,278,0.994921,1.000000,4.710838
coupled,0.00,6,279,0.992561,1.000000,5.155387
coupled,0.00,6,280,0.996097,1.000000,5.028738
coupled,0.00,6,281,0.997235,1.000000,4.832276
coupled,0.00,6,282,0.995229,1.000000,4.781577
coupled,0.00,6,283,0.991588,1.000000,4.692382
coupled,0.00,6,284,0.988926,1.000000,4.494673
coupled,0.00,6,285,0.991208,1.000000,4.804210
coupled,0.00,6,286,0.995921,1.000000,5.114129
coupled,0.00,6,287,0.994225,1.000000,4.761759
coupled,0.00,6,288,0.989061,1.000000,4.703498
coupled,0.00,6,289,0.989175,1.000000,4.970643
coupled,0.00,6,290,0.996589,1.000000,5.039777
coupled,0.00,6,291,0.994968,1.000000,4.873824
coupled,0.00,6,292,0.995337,1.000000,4.965590
coupled,0.00,6,293,0.996363,1.000000,4.804001
coupled,0.00,6,294,0.987219,1.000000,5.025819
coupled,0.00,6,295,0.996997,1.000000,4.877655
coupled,0.00,6,296,0.996482,1.000000,4.904828
coupled,0.00,6,297,0.996532,1.000000,4.637215
coupled,0.00,6,298,0.992386,1.000000,4.761928
coupled,0.00,6,299,0.992492,1.000000,4.875271
coupled,0.00,6,300,0.994013,1.000000,4.658886
coupled,0.00,6,301,0.994277,1.000000,4.780957
coupled,0.00,6,302,0.993805,1.000000,4.875050
coupled,0.00,6,303,0.995127,1.000000,5.084276
coupled,0.00,6,304,0.997132,1.000000,5.041096
coupled,0.00,6,305,0.995893,1.000000,4.564709
coupled,0.00,6,306,0.990688,1.000000,5.039819
coupled,0.00,6,307,0.990081,1.000000,4.977715
coupled,0.00,6,308,0.994126,1.000000,4.849622
coupled,0.00,6,309,0.993028,1.000000,4.972709
coupled,0.00,6,310,0.995851,1.000000,4.902770
coupled,0.00,6,311,0.988170,1.000000,5.004000
coupled,0.00,6,312,0.996340,1.000000,4.980383
coupled,0.00,6,313,0.992151,1.000000,4.788261
coupled,0.00,6,314,0.986395,1.000000,5.029025
coupled,0.00,6,315,0.995488,1.000000,4.795051
coupled,0.00,6,316,0.995504,1.000000,4.923624
coupled,0.00,6,317,0.997618,1.000000,5.040485
coupled,0.00,6,318,0.996324,1.000000,4.873409
coupled,0.00,6,319,0.993832,1.000000,5.240976
coupled,0.00,6,320,0.997430,1.000000,4.857484
coupled,0.00,6,321,0.995393,1.000000,5.031520
coupled,0.00,6,322,0.993483,1.000000,4.777910
coupled,0.00,6,323,0.992987,1.000000,5.029209
coupled,0.00,6,324,0.995197,1.000000,4.800555
coupled,0.00,6,325,0.995612,1.000000,4.692838
coupled,0.00,6,326,0.996375,1.000000,4.615507
coupled,0.00,6,327,0.991779,1.000000,4.696212
coupled,0.00,6,328,0.990198,1.000000,4.751754
coupled,0.00,6,329,0.992706,1.000000,4.701925
coupled,0.00,6,330,0.994251,1.000000,4.980615
coupled,0.00,6,331,0.995569,1.000000,4.751829
coupled,0.00,6,332,0.992413,1.000000,4.866748
coupled,0.00,6,333,0.993581,1.000000,4.857478
coupled,0.00,6,334,0.995120,1.000000,4.984729
coupled,0.00,6,335,0.993612,1.000000,4.889643
coupled,0.00,6,336,0.993513,1.000000,4.876808
coupled,0.00,6,337,0.995821,1.000000,4.955162
coupled,0.00,6,338,0.984142,1.000000,4.889474
coupled,0.00,6,339,0.993929,1.000000,5.006274
coupled,0.00,6,340,0.995242,1.000000,4.763218
coupled,0.00,6,341,0.993142,1.000000,4.632460
coupled,0.00,6,342,0.992996,1.000000,4.576416
coupled,0.00,6,343,0.989599,1.000000,4.908449
coupled,0.00,6,344,0.992008,1.000000,4.927581
coupled,0.00,6,345,0.996162,1.000000,4.782521
coupled,0.00,6,346,0.991043,1.000000,4.911265
coupled,0.00,6,347,0.994771,1.000000,5.035815
coupled,0.00,6,348,0.996468,1.000000,4.990522
coupled,0.00,6,349,0.996252,1.000000,4.675915
coupled,0.00,6,350,0.985572,1.000000,4.676552
coupled,0.00,6,351,0.988977,1.000000,4.556258
coupled,0.00,6,352,0.982697,1.000000,4.709579
coupled,0.00,6,353,0.988038,1.000000,5.003542
coupled,0.00,6,354,0.996711,1.000000,4.825766
coupled,0.00,6,355,0.993651,1.000000,4.977234
coupled,0.00,6,356,0.994520,1.000000,4.890192
coupled,0.00,6,357,0.994757,1.000000,5.040732
coupled,0.00,6,358,0.996946,1.000000,4.777454
coupled,0.00,6,359,0.993891,1.000000,4.732952
coupled,0.00,6,360,0.989993,1.000000,5.071207
coupled,0.00,6,361,0.993847,1.000000,4.849023
coupled,0.00,6,362,0.996349,1.000000,4.938765
coupled,0.00,6,363,0.994524,1.000000,5.174288
coupled,0.00,6,364,0.993274,1.000000,4.751240
coupled,0.00,6,365,0.993989,1.000000,4.890008
coupled,0.00,6,366,0.989899,1.000000,4.804309
coupled,0.00,6,367,0.988677,1.000000,5.050247
coupled,0.00,6,368,0.994237,1.000000,5.096293
coupled,0.00,6,369,0.995681,1.000000,4.895033
coupled,0.00,6,370,0.996109,1.000000,4.795597
coupled,0.00,6,371,0.991141,1.000000,5.204709
coupled,0.00,6,372,0.996038,1.000000,4.898376
coupled,0.00,6,373,0.988672,1.000000,4.903578
coupled,0.00,6,374,0.990298,1.000000,4.720088
coupled,0.00,6,375,0.993614,1.000000,4.856688
coupled,0.00,6,376,0.995774,1.000000,5.194862
coupled,0.00,6,377,0.997264,1.000000,5.099812
coupled,0.00,6,378,0.995155,1.000000,4.857603
coupled,0.00,6,379,0.992142,1.000000,4.920198
coupled,0.00,6,380,0.990019,1.000000,4.941821
coupled,0.00,6,381,0.988869,1.000000,4.780902
coupled,0.00,6,382,0.990519,1.000000,5.111324
coupled,0.00,6,383,0.997184,1.000000,4.818048
coupled,0.00,6,384,0.992221,1.000000,4.845944
coupled,0.00,6,385,0.993735,1.000000,4.719041
coupled,0.00,6,386,0.991594,1.000000,4.813465
coupled,0.00,6,387,0.991198,1.000000,4.807005
coupled,0.00,6,388,0.990776,1.000000,5.110116
coupled,0.00,6,389,0.997276,1.000000,4.991357
coupled,0.00,6,390,0.994777,1.000000,4.865349
coupled,0.00,6,391,0.990766,1.000000,4.954366
coupled,0.00,6,392,0.992538,1.000000,4.613697
coupled,0.00,6,393,0.989548,1.000000,4.815101
coupled,0.00,6,394,0.992395,1.000000,4.781006
coupled,0.00,6,395,0.993649,1.000000,4.731458
coupled,0.00,6,396,0.992206,1.000000,4.884435
coupled,0.00,6,397,0.995403,1.000000,5.145763
coupled,0.00,6,398,0.996982,1.000000,5.005738
coupled,0.00,6,399,0.990848,1.000000,5.063174
coupled,0.00,6,400,0.995155,1.000000,4.691955
coupled,0.00,6,401,0.988094,1.000000,4.932320
coupled,0.00,6,402,0.992738,1.000000,5.107787
coupled,0.00,6,403,0.994648,1.000000,5.160603
coupled,0.00,6,404,0.995418,1.000000,4.927126
coupled,0.00,6,405,0.995676,1.000000,4.844097
coupled,0.00,6,406,0.993255,1.000000,4.802149
coupled,0.00,6,407,0.990101,1.000000,4.877192
coupled,0.00,6,408,0.994905,1.000000,4.822028
coupled,0.00,6,409,0.989795,1.000000,5.114222
coupled,0.00,6,410,0.994596,1.000000,4.929518
coupled,0.00,6,411,0.993128,1.000000,4.788161
coupled,0.00,6,412,0.991379,1.000000,4.955392
coupled,0.00,6,413,0.993894,1.000000,5.144364
coupled,0.00,6,414,0.997376,1.000000,4.892354
coupled,0.00,6,415,0.990966,1.000000,4.638126
coupled,0.00,6,416,0.989303,1.000000,4.646418
coupled,0.00,6,417,0.993236,1.000000,4.734641
coupled,0.00,6,418,0.993739,1.000000,4.880579
coupled,0.00,6,419,0.992616,1.000000,5.110184
coupled,0.00,6,420,0.996423,1.000000,5.058950
coupled,0.00,6,421,0.995412,1.000000,5.000634
coupled,0.00,6,422,0.990622,1.000000,4.827417
coupled,0.00,6,423,0.995298,1.000000,4.667524
coupled,0.00,6,424,0.993432,1.000000,4.645944
coupled,0.00,6,425,0.988734,1.000000,4.992644
coupled,0.00,6,426,0.994020,1.000000,4.782810
coupled,0.00,6,427,0.994556,1.000000,4.826405
coupled,0.00,6,428,0.993840,1.000000,4.987268
coupled,0.00,6,429,0.993612,1.000000,5.113447
coupled,0.00,6,430,0.996016,1.000000,5.065841
coupled,0.00,6,431,0.996449,1.000000,5.078517
coupled,0.00,6,432,0.996881,1.000000,4.837139
coupled,0.00,6,433,0.987662,1.000000,4.811253
coupled,0.00,6,434,0.990451,1.000000,4.818185
coupled,0.00,6,435,0.992788,1.000000,4.602015
coupled,0.00,6,436,0.991393,1.000000,4.897358
coupled,0.00,6,437,0.996375,1.000000,4.674567
coupled,0.00,6,438,0.994553,1.000000,4.845717
coupled,0.00,6,439,0.996782,1.000000,4.859883
coupled,0.00,6,440,0.995053,1.000000,5.102160
coupled,0.00,6,441,0.993660,1.000000,5.179332
coupled,0.00,6,442,0.997080,1.000000,4.927555
coupled,0.00,6,443,0.991767,1.000000,4.954155
coupled,0.00,6,444,0.995131,1.000000,4.799549
coupled,0.00,6,445,0.994099,1.000000,4.942173
coupled,0.00,6,446,0.996189,1.000000,4.920449
coupled,0.00,6,447,0.991374,1.000000,4.934832
coupled,0.00,6,448,0.993936,1.000000,4.876630
coupled,0.00,6,449,0.994693,1.000000,4.734145
coupled,0.00,6,450,0.988976,1.000000,5.170294
coupled,0.00,6,451,0.996920,1.000000,4.992370
coupled,0.00,6,452,0.997400,1.000000,5.092669
coupled,0.00,6,453,0.996500,1.000000,5.088576
coupled,0.00,6,454,0.996873,1.000000,4.974456
coupled,0.00,6,455,0.991069,1.000000,4.699377
coupled,0.00,6,456,0.988389,1.000000,4.544494
coupled,0.00,6,457,0.987998,1.000000,5.005794
coupled,0.00,6,458,0.995364,1.000000,4.938813
coupled,0.00,6,459,0.992453,1.000000,5.088857
coupled,0.00,6,460,0.997192,1.000000,5.004599
coupled,0.00,6,461,0.993464,1.000000,4.915194
coupled,0.00,6,462,0.994356,1.000000,4.846609
coupled,0.00,6,463,0.991263,1.000000,4.895883
coupled,0.00,6,464,0.994584,1.000000,5.164759
coupled,0.00,6,465,0.996974,1.000000,4.715711
coupled,0.00,6,466,0.991714,1.000000,4.872264
coupled,0.00,6,467,0.994470,1.000000,4.702880
coupled,0.00,6,468,0.994392,1.000000,4.618158
coupled,0.00,6,469,0.988367,1.000000,4.674176
coupled,0.00,6,470,0.991552,1.000000,4.581252
coupled,0.00,6,471,0.990531,1.000000,4.975447
coupled,0.00,6,472,0.994980,1.000000,5.142533
coupled,0.00,6,473,0.996393,1.000000,4.928689
coupled,0.00,6,474,0.994923,1.000000,4.550016
coupled,0.00,6,475,0.991720,1.000000,4.672442
coupled,0.00,6,476,0.993575,1.000000,4.833022
coupled,0.00,6,477,0.992956,1.000000,4.944340
coupled,0.00,6,478,0.995504,1.000000,4.949736
coupled,0.00,6,479,0.996124,1.000000,5.060152
coupled,0.00,6,480,0.994862,1.000000,4.858876
coupled,0.00,6,481,0.994459,1.000000,4.847810
coupled,0.00,6,482,0.995529,1.000000,4.676986
coupled,0.00,6,483,0.990237,1.000000,4.835813
coupled,0.00,6,484,0.994658,1.000000,4.861117
coupled,0.00,6,485,0.992084,1.000000,4.793052
coupled,0.00,6,486,0.994073,1.000000,5.053527
coupled,0.00,6,487,0.993055,1.000000,4.983982
coupled,0.00,6,488,0.992064,1.000000,5.059635
coupled,0.00,6,489,0.994922,1.000000,4.824921
coupled,0.00,6,490,0.992477,1.000000,5.040930
coupled,0.00,6,491,0.997140,1.000000,4.863560
coupled,0.00,6,492,0.995753,1.000000,4.994269
coupled,0.00,6,493,0.989184,1.000000,4.750351
coupled,0.00,6,494,0.993190,1.000000,4.891034
coupled,0.00,6,495,0.994927,1.000000,5.122379
coupled,0.00,6,496,0.995549,1.000000,5.097096
coupled,0.00,6,497,0.993620,1.000000,4.878391
coupled,0.00,6,498,0.993698,1.000000,4.926291
coupled,0.00,6,499,0.993401,1.000000,4.886133
coupled,0.50,6,0,0.990327,0.995163,5.087076
coupled,0.50,6,1,0.995771,0.997885,4.775043
coupled,0.50,6,2,0.991040,0.995520,4.567099
coupled,0.50,6,3,0.991804,0.995902,4.655911
coupled,0.50,6,4,0.994174,0.997087,4.696447
coupled,0.50,6,5,0.992055,0.996027,4.781122
coupled,0.50,6,6,0.993035,0.996518,4.680246
coupled,0.50,6,7,0.992049,0.996025,4.685924
coupled,0.50,6,8,0.992814,0.996407,5.006327
coupled,0.50,6,9,0.994791,0.997395,4.953480
coupled,0.50,6,10,0.996619,0.998309,4.945482
coupled,0.50,6,11,0.994105,0.997052,5.073132
coupled,0.50,6,12,0.994197,0.997098,5.076934
coupled,0.50,6,13,0.996232,0.998116,4.877706
coupled,0.50,6,14,0.993663,0.996832,4.950140
coupled,0.50,6,15,0.994975,0.997488,4.918023
coupled,0.50,6,16,0.994307,0.997154,4.878005
coupled,0.50,6,17,0.993611,0.996806,5.108333
coupled,0.50,6,18,0.995001,0.997500,5.012979
coupled,0.50,6,19,0.995157,0.997579,4.812454
coupled,0.50,6,20,0.989768,0.994884,4.912616
coupled,0.50,6,21,0.989499,0.994749,4.669056
coupled,0.50,6,22,0.991218,0.995609,4.913239
coupled,0.50,6,23,0.990970,0.995485,4.809702
coupled,0.50,6,24,0.992382,0.996191,4.698701
coupled,0.50,6,25,0.994639,0.997319,4.862838
coupled,0.50,6,26,0.992357,0.996178,4.557351
coupled,0.50,6,27,0.990207,0.995103,4.873472
coupled,0.50,6,28,0.991753,0.995877,4.916873
coupled,0.50,6,29,0.994507,0.997254,4.905384
coupled,0.50,6,30,0.994641,0.997321,4.630185
coupled,0.50,6,31,0.991435,0.995717,4.740631
coupled,0.50,6,32,0.989999,0.994999,4.817501
coupled,0.50,6,33,0.994931,0.997465,4.903183
coupled,0.50,6,34,0.993867,0.996933,4.799622
coupled,0.50,6,35,0.992434,0.996217,4.679470
coupled,0.50,6,36,0.985453,0.992726,5.093396
coupled,0.50,6,37,0.995527,0.997763,4.899781
coupled,0.50,6,38,0.993666,0.996833,4.947423
coupled,0.50,6,39,0.993524,0.996762,4.753352
coupled,0.50,6,40,0.985405,0.992703,4.686945
coupled,0.50,6,41,0.989963,0.994982,4.771031
coupled,0.50,6,42,0.994215,0.997107,4.837085
coupled,0.50,6,43,0.993524,0.996762,4.837277
coupled,0.50,6,44,0.994649,0.997324,4.844863
coupled,0.50,6,45,0.992785,0.996393,4.929431
coupled,0.50,6,46,0.992796,0.996398,4.970923
coupled,0.50,6,47,0.993876,0.996938,4.668606
coupled,0.50,6,48,0.991573,0.995786,4.852975
coupled,0.50,6,49,0.993824,0.996912,4.881494
coupled,0.50,6,50,0.993463,0.996731,4.797765
coupled,0.50,6,51,0.986789,0.993395,4.879652
coupled,0.50,6,52,0.995436,0.997718,5.018096
coupled,0.50,6,53,0.992711,0.996355,4.974510
coupled,0.50,6,54,0.996404,0.998202,5.043080
coupled,0.50,6,55,0.996698,0.998349,5.058133
coupled,0.50,6,56,0.994505,0.997252,4.993840
coupled,0.50,6,57,0.994630,0.997315,5.050767
coupled,0.50,6,58,0.997149,0.998575,4.960798
coupled,0.50,6,59,0.993803,0.996901,5.029350
coupled,0.50,6,60,0.993208,0.996604,5.004002
coupled,0.50,6,61,0.992744,0.996372,4.842571
coupled,0.50,6,62,0.990506,0.995253,4.606410
coupled,0.50,6,63,0.989195,0.994598,4.975709
coupled,0.50,6,64,0.994504,0.997252,5.083447
coupled,0.50,6,65,0.993821,0.996911,4.995748
coupled,0.50,6,66,0.995930,0.997965,5.089362
coupled,0.50,6,67,0.995851,0.997925,4.959339
coupled,0.50,6,68,0.995241,0.997620,4.821238
coupled,0.50,6,69,0.992762,0.996381,4.931842
coupled,0.50,6,70,0.994716,0.997358,4.903971
coupled,0.50,6,71,0.994976,0.997488,4.788087
coupled,0.50,6,72,0.991255,0.995627,5.014277
coupled,0.50,6,73,0.995612,0.997806,5.100829
coupled,0.50,6,74,0.993068,0.996534,4.808814
coupled,0.50,6,75,0.996739,0.998369,5.060585
coupled,0.50,6,76,0.996287,0.998143,4.807801
coupled,0.50,6,77,0.992253,0.996126,4.863206
coupled,0.50,6,78,0.995589,0.997795,4.827670
coupled,0.50,6,79,0.988401,0.994200,5.006060
coupled,0.50,6,80,0.995807,0.997904,4.840012
coupled,0.50,6,81,0.995239,0.997619,4.734136
coupled,0.50,6,82,0.992270,0.996135,4.744058
coupled,0.50,6,83,0.993122,0.996561,4.920487
coupled,0.50,6,84,0.991182,0.995591,5.130686
coupled,0.50,6,85,0.995159,0.997579,4.889005
coupled,0.50,6,86,0.992353,0.996177,4.634479
coupled,0.50,6,87,0.984278,0.992139,4.574358
coupled,0.50,6,88,0.991580,0.995790,4.805044
coupled,0.50,6,89,0.988649,0.994325,4.983724
coupled,0.50,6,90,0.994842,0.997421,4.882764
coupled,0.50,6,91,0.992636,0.996318,5.083574
coupled,0.50,6,92,0.996031,0.998016,4.872384
coupled,0.50,6,93,0.994899,0.997450,4.861304
coupled,0.50,6,94,0.991628,0.995814,4.915740
coupled,0.50,6,95,0.996130,0.998065,4.968726
coupled,0.50,6,96,0.997449,0.998725,4.877693
coupled,0.50,6,97,0.992806,0.996403,4.929211
coupled,0.50,6,98,0.996110,0.998055,4.964659
coupled,0.50,6,99,0.992079,0.996039,4.743974
coupled,0.50,6,100,0.989885,0.994943,4.654408
coupled,0.50,6,101,0.989693,0.994847,4.822465
coupled,0.50,6,102,0.994329,0.997164,5.128580
coupled,0.50,6,103,0.998289,0.999144,4.761261
coupled,0.50,6,104,0.992993,0.996496,5.071330
coupled,0.50,6,105,0.997406,0.998703,4.995430
coupled,0.50,6,106,0.993569,0.996784,4.758025
coupled,0.50,6,107,0.995136,0.997568,5.142736
coupled,0.50,6,108,0.996889,0.998445,4.927967
coupled,0.50,6,109,0.995595,0.997798,4.862523
coupled,0.50,6,110,0.991996,0.995998,4.938694
coupled,0.50,6,111,0.995242,0.997621,4.984055
coupled,0.50,6,112,0.994494,0.997247,4.893711
coupled,0.50,6,113,0.992946,0.996473,4.691441
coupled,0.50,6,114,0.989352,0.994676,4.687386
coupled,0.50,6,115,0.991113,0.995556,5.034194
coupled,0.50,6,116,0.994813,0.997407,4.895375
coupled,0.50,6,117,0.994980,0.997490,4.895008
coupled,0.50,6,118,0.994345,0.997172,5.084488
coupled,0.50,6,119,0.992557,0.996278,4.944039
coupled,0.50,6,120,0.994752,0.997376,5.019541
coupled,0.50,6,121,0.995513,0.997756,5.114194
coupled,0.50,6,122,0.997579,0.998789,4.872129
coupled,0.50,6,123,0.994201,0.997101,5.041752
coupled,0.50,6,124,0.994758,0.997379,4.904860
coupled,0.50,6,125,0.995639,0.997820,4.756073
coupled,0.50,6,126,0.993377,0.996689,5.121410
coupled,0.50,6,127,0.994789,0.997395,4.694047
coupled,0.50,6,128,0.993022,0.996511,4.817615
coupled,0.50,6,129,0.994270,0.997135,4.842314
coupled,0.50,6,130,0.993269,0.996635,4.733456
coupled,0.50,6,131,0.990417,0.995208,4.783546
coupled,0.50,6,132,0.990961,0.995481,4.881962
coupled,0.50,6,133,0.995424,0.997712,4.868277
coupled,0.50,6,134,0.994487,0.997244,4.726646
coupled,0.50,6,135,0.989570,0.994785,5.029370
coupled,0.50,6,136,0.993595,0.996798,4.625844
coupled,0.50,6,137,0.988833,0.994416,4.763625
coupled,0.50,6,138,0.991937,0.995969,4.850605
coupled,0.50,6,139,0.993716,0.996858,5.012234
coupled,0.50,6,140,0.994894,0.997447,4.901393
coupled,0.50,6,141,0.992163,0.996082,4.774618
coupled,0.50,6,142,0.991156,0.995578,4.774018
coupled,0.50,6,143,0.994069,0.997034,4.835814
coupled,0.50,6,144,0.991889,0.995944,4.699698
coupled,0.50,6,145,0.987137,0.993569,4.601249
coupled,0.50,6,146,0.986676,0.993338,4.933016
coupled,0.50,6,147,0.995518,0.997759,4.973922
coupled,0.50,6,148,0.993907,0.996953,4.999804
coupled,0.50,6,149,0.994136,0.997068,4.942475
coupled,0.50,6,150,0.995674,0.997837,4.878408
coupled,0.50,6,151,0.990980,0.995490,5.015044
coupled,0.50,6,152,0.996073,0.998037,4.747585
coupled,0.50,6,153,0.992859,0.996430,4.902405
coupled,0.50,6,154,0.995323,0.997661,4.783233
coupled,0.50,6,155,0.995967,0.997983,4.806079
coupled,0.50,6,156,0.993645,0.996822,4.977307
coupled,0.50,6,157,0.996996,0.998498,4.794299
coupled,0.50,6,158,0.992750,0.996375,4.718225
coupled,0.50,6,159,0.991604,0.995802,4.753752
coupled,0.50,6,160,0.990667,0.995334,4.970521
coupled,0.50,6,161,0.995223,0.997611,4.911015
coupled,0.50,6,162,0.992995,0.996497,5.048273
coupled,0.50,6,163,0.995838,0.997919,5.133670
coupled,0.50,6,164,0.996611,0.998305,4.895718
coupled,0.50,6,165,0.995688,0.997844,4.914536
coupled,0.50,6,166,0.996097,0.998049,4.437870
coupled,0.50,6,167,0.987639,0.993820,4.861546
coupled,0.50,6,168,0.991755,0.995877,5.005833
coupled,0.50,6,169,0.995409,0.997705,4.920994
coupled,0.50,6,170,0.992711,0.996356,4.748775
coupled,0.50,6,171,0.990198,0.995099,5.087202
coupled,0.50,6,172,0.998381,0.999190,4.943935
coupled,0.50,6,173,0.991010,0.995505,4.648247
coupled,0.50,6,174,0.987417,0.993708,4.960582
coupled,0.50,6,175,0.992954,0.996477,4.677221
coupled,0.50,6,176,0.988506,0.994253,5.086980
coupled,0.50,6,177,0.996912,0.998456,4.762227
coupled,0.50,6,178,0.991704,0.995852,4.929633
coupled,0.50,6,179,0.993540,0.996770,4.968874
coupled,0.50,6,180,0.995160,0.997580,4.638976
coupled,0.50,6,181,0.993078,0.996539,4.924464
coupled,0.50,6,182,0.994804,0.997402,4.737484
coupled,0.50,6,183,0.994784,0.997392,5.011977
coupled,0.50,6,184,0.995283,0.997642,4.991868
coupled,0.50,6,185,0.994650,0.997325,4.973329
coupled,0.50,6,186,0.993834,0.996917,4.700878
coupled,0.50,6,187,0.993467,0.996734,4.963978
coupled,0.50,6,188,0.994034,0.997017,4.815856
coupled,0.50,6,189,0.992680,0.996340,5.005691
coupled,0.50,6,190,0.996118,0.998059,5.004271
coupled,0.50,6,191,0.995310,0.997655,5.020821
coupled,0.50,6,192,0.994502,0.997251,5.174712
coupled,0.50,6,193,0.997200,0.998600,5.028565
coupled,0.50,6,194,0.994630,0.997315,5.030119
coupled,0.50,6,195,0.996909,0.998454,5.037851
coupled,0.50,6,196,0.996756,0.998378,4.896294
coupled,0.50,6,197,0.995065,0.997532,4.791502
coupled,0.50,6,198,0.990654,0.995327,5.009331
coupled,0.50,6,199,0.994724,0.997362,4.932601
coupled,0.50,6,200,0.994963,0.997482,5.014936
coupled,0.50,6,201,0.995183,0.997591,4.992740
coupled,0.50,6,202,0.997684,0.998842,5.177596
coupled,0.50,6,203,0.997668,0.998834,4.834487
coupled,0.50,6,204,0.994456,0.997228,4.851294
coupled,0.50,6,205,0.995831,0.997916,4.834995
coupled,0.50,6,206,0.994058,0.997029,4.734801
coupled,0.50,6,207,0.990820,0.995410,4.760503
coupled,0.50,6,208,0.990181,0.995091,4.978328
coupled,0.50,6,209,0.993896,0.996948,4.905347
coupled,0.50,6,210,0.996031,0.998016,4.700826
coupled,0.50,6,211,0.989573,0.994786,4.835266
coupled,0.50,6,212,0.990525,0.995262,4.864191
coupled,0.50,6,213,0.993661,0.996830,4.935953
coupled,0.50,6,214,0.994114,0.997057,5.108091
coupled,0.50,6,215,0.994808,0.997404,4.922710
coupled,0.50,6,216,0.993734,0.996867,4.966947
coupled,0.50,6,217,0.993475,0.996737,4.845047
coupled,0.50,6,218,0.989983,0.994992,4.824411
coupled,0.50,6,219,0.995048,0.997524,4.857927
coupled,0.50,6,220,0.994609,0.997304,4.753296
coupled,0.50,6,221,0.993915,0.996958,4.987985
coupled,0.50,6,222,0.993443,0.996722,4.934536
coupled,0.50,6,223,0.995256,0.997628,4.902782
coupled,0.50,6,224,0.992759,0.996380,4.664443
coupled,0.50,6,225,0.992200,0.996100,4.914341
coupled,0.50,6,226,0.994897,0.997448,4.867464
coupled,0.50,6,227,0.995727,0.997864,4.989743
coupled,0.50,6,228,0.994510,0.997255,4.923010
coupled,0.50,6,229,0.992877,0.996439,4.919891
coupled,0.50,6,230,0.995170,0.997585,4.990213
coupled,0.50,6,231,0.997067,0.998534,4.914190
coupled,0.50,6,232,0.994214,0.997107,4.948585
coupled,0.50,6,233,0.993238,0.996619,4.967314
coupled,0.50,6,234,0.991003,0.995502,4.826795
coupled,0.50,6,235,0.993938,0.996969,4.680972
coupled,0.50,6,236,0.987181,0.993591,4.937366
coupled,0.50,6,237,0.994871,0.997435,4.851014
coupled,0.50,6,238,0.995975,0.997988,4.842130
coupled,0.50,6,239,0.994756,0.997378,5.104288
coupled,0.50,6,240,0.996678,0.998339,4.930353
coupled,0.50,6,241,0.992271,0.996135,4.726457
coupled,0.50,6,242,0.985604,0.992802,4.948487
coupled,0.50,6,243,0.996865,0.998433,4.940041
coupled,0.50,6,244,0.993725,0.996862,4.899993
coupled,0.50,6,245,0.994294,0.997147,5.029258
coupled,0.50,6,246,0.993925,0.996962,5.010007
coupled,0.50,6,247,0.995577,0.997788,5.186595
coupled,0.50,6,248,0.997954,0.998977,5.062314
coupled,0.50,6,249,0.994282,0.997141,4.719884
coupled,0.50,6,250,0.990935,0.995467,4.842679
coupled,0.50,6,251,0.990652,0.995326,4.644809
coupled,0.50,6,252,0.992048,0.996024,4.606640
coupled,0.50,6,253,0.994051,0.997025,4.729061
coupled,0.50,6,254,0.992359,0.996179,5.020715
coupled,0.50,6,255,0.993348,0.996674,4.891869
coupled,0.50,6,256,0.992652,0.996326,4.416249
coupled,0.50,6,257,0.980000,0.990000,4.983602
coupled,0.50,6,258,0.992131,0.996066,5.034841
coupled,0.50,6,259,0.996291,0.998145,5.177883
coupled,0.50,6,260,0.997133,0.998566,5.075074
coupled,0.50,6,261,0.993529,0.996765,4.800222
coupled,0.50,6,262,0.993382,0.996691,5.052456
coupled,0.50,6,263,0.997011,0.998506,5.029998
coupled,0.50,6,264,0.995527,0.997764,5.029511
coupled,0.50,6,265,0.995488,0.997744,4.798444
coupled,0.50,6,266,0.991703,0.995852,4.640004
coupled,0.50,6,267,0.992745,0.996372,4.814065
coupled,0.50,6,268,0.991741,0.995871,4.782304
coupled,0.50,6,269,0.993240,0.996620,4.702098
coupled,0.50,6,270,0.988942,0.994471,4.699442
coupled,0.50,6,271,0.992064,0.996032,4.977977
coupled,0.50,6,272,0.993357,0.996678,5.118948
coupled,0.50,6,273,0.997168,0.998584,4.768147
coupled,0.50,6,274,0.989874,0.994937,4.642389
coupled,0.50,6,275,0.990131,0.995066,4.779950
coupled,0.50,6,276,0.994414,0.997207,4.841552
coupled,0.50,6,277,0.994809,0.997405,4.926285
coupled,0.50,6,278,0.995635,0.997817,4.840544
coupled,0.50,6,279,0.995414,0.997707,4.829247
coupled,0.50,6,280,0.992448,0.996224,4.644422
coupled,0.50,6,281,0.987117,0.993558,4.844590
coupled,0.50,6,282,0.993588,0.996794,4.980289
coupled,0.50,6,283,0.996302,0.998151,4.877008
coupled,0.50,6,284,0.995359,0.997680,5.023558
coupled,0.50,6,285,0.996711,0.998355,4.814117
coupled,0.50,6,286,0.994285,0.997143,4.676004
coupled,0.50,6,287,0.992037,0.996018,4.914793
coupled,0.50,6,288,0.994931,0.997465,4.892074
coupled,0.50,6,289,0.993951,0.996976,4.904233
coupled,0.50,6,290,0.993760,0.996880,4.691915
coupled,0.50,6,291,0.985693,0.992847,4.721917
coupled,0.50,6,292,0.991196,0.995598,5.050984
coupled,0.50,6,293,0.995544,0.997772,4.971103
coupled,0.50,6,294,0.994423,0.997211,5.073813
coupled,0.50,6,295,0.995234,0.997617,5.016717
coupled,0.50,6,296,0.995223,0.997612,4.600303
coupled,0.50,6,297,0.985802,0.992901,4.719435
coupled,0.50,6,298,0.993920,0.996960,4.894056
coupled,0.50,6,299,0.994527,0.997263,4.713336
coupled,0.50,6,300,0.992779,0.996390,4.824929
coupled,0.50,6,301,0.994183,0.997091,5.109691
coupled,0.50,6,302,0.995759,0.997880,4.762495
coupled,0.50,6,303,0.983772,0.991886,4.873756
coupled,0.50,6,304,0.993927,0.996964,4.768757
coupled,0.50,6,305,0.992212,0.996106,4.754262
coupled,0.50,6,306,0.994350,0.997175,4.939120
coupled,0.50,6,307,0.994602,0.997301,4.849983
coupled,0.50,6,308,0.993316,0.996658,4.871410
coupled,0.50,6,309,0.993589,0.996794,4.999369
coupled,0.50,6,310,0.996920,0.998460,4.831116
coupled,0.50,6,311,0.992897,0.996449,4.875295
coupled,0.50,6,312,0.993280,0.996640,4.662271
coupled,0.50,6,313,0.990361,0.995181,4.832478
coupled,0.50,6,314,0.991634,0.995817,4.771535
coupled,0.50,6,315,0.990097,0.995048,5.055109
coupled,0.50,6,316,0.996966,0.998483,5.117959
coupled,0.50,6,317,0.994690,0.997345,4.836439
coupled,0.50,6,318,0.995278,0.997639,4.984082
coupled,0.50,6,319,0.991679,0.995839,5.119191
coupled,0.50,6,320,0.995328,0.997664,5.008737
coupled,0.50,6,321,0.994176,0.997088,4.910774
coupled,0.50,6,322,0.994447,0.997223,4.909855
coupled,0.50,6,323,0.995517,0.997759,4.800042
coupled,0.50,6,324,0.987070,0.993535,4.806345
coupled,0.50,6,325,0.993349,0.996674,5.095151
coupled,0.50,6,326,0.995769,0.997884,5.169275
coupled,0.50,6,327,0.998052,0.999026,4.894789
coupled,0.50,6,328,0.991894,0.995947,4.750134
coupled,0.50,6,329,0.994225,0.997113,4.820764
coupled,0.50,6,330,0.993540,0.996770,4.912134
coupled,0.50,6,331,0.994250,0.997125,4.963330
coupled,0.50,6,332,0.995376,0.997688,4.923824
coupled,0.50,6,333,0.996422,0.998211,4.843400
coupled,0.50,6,334,0.987729,0.993864,5.056502
coupled,0.50,6,335,0.996023,0.998012,4.976791
coupled,0.50,6,336,0.992715,0.996358,4.996940
coupled,0.50,6,337,0.996408,0.998204,5.049614
coupled,0.50,6,338,0.994023,0.997011,5.033403
coupled,0.50,6,339,0.996176,0.998088,4.826759
coupled,0.50,6,340,0.992408,0.996204,4.814393
coupled,0.50,6,341,0.994688,0.997344,4.928377
coupled,0.50,6,342,0.997010,0.998505,4.894136
coupled,0.50,6,343,0.995074,0.997537,4.745152
coupled,0.50,6,344,0.985531,0.992765,4.549209
coupled,0.50,6,345,0.990385,0.995192,5.114149
coupled,0.50,6,346,0.996384,0.998192,4.755173
coupled,0.50,6,347,0.994398,0.997199,4.703583
coupled,0.50,6,348,0.988996,0.994498,4.804456
coupled,0.50,6,349,0.988134,0.994067,5.030381
coupled,0.50,6,350,0.993149,0.996574,4.906778
coupled,0.50,6,351,0.996401,0.998200,4.643837
coupled,0.50,6,352,0.990236,0.995118,4.359015
coupled,0.50,6,353,0.985462,0.992731,4.821106
coupled,0.50,6,354,0.996118,0.998059,5.072031
coupled,0.50,6,355,0.996356,0.998178,4.929018
coupled,0.50,6,356,0.992952,0.996476,4.804745
coupled,0.50,6,357,0.995519,0.997760,4.958329
coupled,0.50,6,358,0.994705,0.997353,4.988193
coupled,0.50,6,359,0.994128,0.997064,4.960083
coupled,0.50,6,360,0.994976,0.997488,4.887757
coupled,0.50,6,361,0.995932,0.997966,4.926941
coupled,0.50,6,362,0.995624,0.997812,4.954571
coupled,0.50,6,363,0.993898,0.996949,4.875049
coupled,0.50,6,364,0.994738,0.997369,4.828484
coupled,0.50,6,365,0.994098,0.997049,5.021351
coupled,0.50,6,366,0.997824,0.998912,4.936441
coupled,0.50,6,367,0.994207,0.997104,4.907245
coupled,0.50,6,368,0.993363,0.996682,4.909287
coupled,0.50,6,369,0.993242,0.996621,4.739781
coupled,0.50,6,370,0.996439,0.998220,5.038513
coupled,0.50,6,371,0.995095,0.997547,4.773374
coupled,0.50,6,372,0.992483,0.996242,4.815059
coupled,0.50,6,373,0.988473,0.994236,4.851910
coupled,0.50,6,374,0.993074,0.996537,4.707099
coupled,0.50,6,375,0.989869,0.994934,4.907966
coupled,0.50,6,376,0.989573,0.994786,4.879849
coupled,0.50,6,377,0.991938,0.995969,4.706228
coupled,0.50,6,378,0.990812,0.995406,4.905982
coupled,0.50,6,379,0.993561,0.996780,4.833268
coupled,0.50,6,380,0.990338,0.995169,4.923501
coupled,0.50,6,381,0.993263,0.996632,4.743519
coupled,0.50,6,382,0.992165,0.996082,4.882881
coupled,0.50,6,383,0.993274,0.996637,4.797447
coupled,0.50,6,384,0.992428,0.996214,4.758142
coupled,0.50,6,385,0.991117,0.995558,4.899063
coupled,0.50,6,386,0.995947,0.997973,4.838862
coupled,0.50,6,387,0.993052,0.996526,5.017004
coupled,0.50,6,388,0.995912,0.997956,4.852262
coupled,0.50,6,389,0.991208,0.995604,4.862879
coupled,0.50,6,390,0.993700,0.996850,4.780299
coupled,0.50,6,391,0.991856,0.995928,5.015145
coupled,0.50,6,392,0.995990,0.997995,4.948216
coupled,0.50,6,393,0.995284,0.997642,5.026540
coupled,0.50,6,394,0.996712,0.998356,4.863525
coupled,0.50,6,395,0.990950,0.995475,5.125047
coupled,0.50,6,396,0.995767,0.997883,4.761648
coupled,0.50,6,397,0.993471,0.996735,4.937019
coupled,0.50,6,398,0.994631,0.997315,5.004044
coupled,0.50,6,399,0.997400,0.998700,5.009703
coupled,0.50,6,400,0.993695,0.996847,4.871426
coupled,0.50,6,401,0.993311,0.996655,5.055954
coupled,0.50,6,402,0.995929,0.997964,4.796808
coupled,0.50,6,403,0.994030,0.997015,4.706118
coupled,0.50,6,404,0.996302,0.998151,5.010038
coupled,0.50,6,405,0.997592,0.998796,5.072832
coupled,0.50,6,406,0.995603,0.997801,4.916453
coupled,0.50,6,407,0.993478,0.996739,5.064618
coupled,0.50,6,408,0.996593,0.998296,4.874095
coupled,0.50,6,409,0.992088,0.996044,4.840307
coupled,0.50,6,410,0.991682,0.995841,4.776330
coupled,0.50,6,411,0.994412,0.997206,4.862851
coupled,0.50,6,412,0.994107,0.997053,5.112790
coupled,0.50,6,413,0.996886,0.998443,4.918132
coupled,0.50,6,414,0.993513,0.996757,5.131234
coupled,0.50,6,415,0.996479,0.998239,4.815804
coupled,0.50,6,416,0.997142,0.998571,4.670262
coupled,0.50,6,417,0.992973,0.996487,4.796881
coupled,0.50,6,418,0.993844,0.996922,4.945468
coupled,0.50,6,419,0.994920,0.997460,4.779573
coupled,0.50,6,420,0.977545,0.988772,4.968656
coupled,0.50,6,421,0.994999,0.997500,4.972165
coupled,0.50,6,422,0.997153,0.998576,4.956048
coupled,0.50,6,423,0.991576,0.995788,4.953273
coupled,0.50,6,424,0.994115,0.997057,4.743467
coupled,0.50,6,425,0.995540,0.997770,4.778935
coupled,0.50,6,426,0.988081,0.994040,4.939635
coupled,0.50,6,427,0.993809,0.996904,4.799622
coupled,0.50,6,428,0.992070,0.996035,4.622731
coupled,0.50,6,429,0.991259,0.995630,5.011406
coupled,0.50,6,430,0.994980,0.997490,4.898259
coupled,0.50,6,431,0.992457,0.996228,4.753015
coupled,0.50,6,432,0.992715,0.996358,4.485289
coupled,0.50,6,433,0.983088,0.991544,4.652420
coupled,0.50,6,434,0.986823,0.993411,5.190135
coupled,0.50,6,435,0.996936,0.998468,4.840464
coupled,0.50,6,436,0.994132,0.997066,4.840589
coupled,0.50,6,437,0.995491,0.997745,5.042280
coupled,0.50,6,438,0.997663,0.998831,5.012701
coupled,0.50,6,439,0.995945,0.997972,4.926843
coupled,0.50,6,440,0.995628,0.997814,4.573185
coupled,0.50,6,441,0.984614,0.992307,4.808863
coupled,0.50,6,442,0.994293,0.997147,4.660609
coupled,0.50,6,443,0.991839,0.995919,4.775746
coupled,0.50,6,444,0.987031,0.993515,5.105847
coupled,0.50,6,445,0.995673,0.997836,5.006613
coupled,0.50,6,446,0.996479,0.998239,5.003069
coupled,0.50,6,447,0.991881,0.995941,4.808811
coupled,0.50,6,448,0.992909,0.996454,4.994456
coupled,0.50,6,449,0.992629,0.996315,4.914666
coupled,0.50,6,450,0.993487,0.996743,4.926592
coupled,0.50,6,451,0.995236,0.997618,4.749156
coupled,0.50,6,452,0.991085,0.995543,4.884945
coupled,0.50,6,453,0.991764,0.995882,5.012215
coupled,0.50,6,454,0.996202,0.998101,4.894783
coupled,0.50,6,455,0.994287,0.997144,4.876395
coupled,0.50,6,456,0.996219,0.998110,5.076886
coupled,0.50,6,457,0.996657,0.998328,4.796593
coupled,0.50,6,458,0.992258,0.996129,4.657004
coupled,0.50,6,459,0.991654,0.995827,4.939929
coupled,0.50,6,460,0.996338,0.998169,5.004364
coupled,0.50,6,461,0.995194,0.997597,4.838090
coupled,0.50,6,462,0.993095,0.996547,4.829793
coupled,0.50,6,463,0.993392,0.996696,4.743392
coupled,0.50,6,464,0.995651,0.997826,5.110618
coupled,0.50,6,465,0.996123,0.998061,4.789128
coupled,0.50,6,466,0.986683,0.993341,4.906106
coupled,0.50,6,467,0.989732,0.994866,4.768426
coupled,0.50,6,468,0.987002,0.993501,4.990085
coupled,0.50,6,469,0.994998,0.997499,4.748269
coupled,0.50,6,470,0.988415,0.994207,4.691010
coupled,0.50,6,471,0.991371,0.995685,4.919662
coupled,0.50,6,472,0.994954,0.997477,4.598828
coupled,0.50,6,473,0.985932,0.992966,4.832768
coupled,0.50,6,474,0.993918,0.996959,4.685965
coupled,0.50,6,475,0.989383,0.994691,5.008542
coupled,0.50,6,476,0.997413,0.998707,5.023800
coupled,0.50,6,477,0.994763,0.997382,4.876540
coupled,0.50,6,478,0.989589,0.994794,5.126242
coupled,0.50,6,479,0.996366,0.998183,4.916476
coupled,0.50,6,480,0.991458,0.995729,4.895692
coupled,0.50,6,481,0.993844,0.996922,4.671552
coupled,0.50,6,482,0.994670,0.997335,4.904385
coupled,0.50,6,483,0.992581,0.996291,4.942803
coupled,0.50,6,484,0.994510,0.997255,4.876309
coupled,0.50,6,485,0.993755,0.996878,5.044686
coupled,0.50,6,486,0.996499,0.998249,4.921238
coupled,0.50,6,487,0.996227,0.998114,4.832068
coupled,0.50,6,488,0.992854,0.996427,4.671259
coupled,0.50,6,489,0.991209,0.995604,4.805814
coupled,0.50,6,490,0.994503,0.997251,5.033928
coupled,0.50,6,491,0.993158,0.996579,4.705027
coupled,0.50,6,492,0.993761,0.996880,4.764681
coupled,0.50,6,493,0.992494,0.996247,5.074015
coupled,0.50,6,494,0.995616,0.997808,4.857256
coupled,0.50,6,495,0.988846,0.994423,4.867013
coupled,0.50,6,496,0.983010,0.991505,4.800002
coupled,0.50,6,497,0.992521,0.996260,4.599242
coupled,0.50,6,498,0.985700,0.992850,4.918304
coupled,0.50,6,499,0.991280,0.995640,4.989662
coupled,1.00,6,0,0.994891,0.994891,4.745300
coupled,1.00,6,1,0.994338,0.994338,4.856554
coupled,1.00,6,2,0.994002,0.994002,4.681052
coupled,1.00,6,3,0.990533,0.990533,4.700186
coupled,1.00,6,4,0.993687,0.993687,4.945048
coupled,1.00,6,5,0.995583,0.995583,4.784779
coupled,1.00,6,6,0.988635,0.988635,4.904388
coupled,1.00,6,7,0.996425,0.996425,4.893398
coupled,1.00,6,8,0.991849,0.991849,4.789372
coupled,1.00,6,9,0.995375,0.995375,4.974652
coupled,1.00,6,10,0.994710,0.994710,5.092094
coupled,1.00,6,11,0.998200,0.998200,4.908578
coupled,1.00,6,12,0.994364,0.994364,4.826920
coupled,1.00,6,13,0.993751,0.993751,4.538363
coupled,1.00,6,14,0.989624,0.989624,4.762565
coupled,1.00,6,15,0.992076,0.992076,4.850173
coupled,1.00,6,16,0.996424,0.996424,4.885256
coupled,1.00,6,17,0.994451,0.994451,4.924107
coupled,1.00,6,18,0.996465,0.996465,4.709658
coupled,1.00,6,19,0.987651,0.987651,4.808995
coupled,1.00,6,20,0.991521,0.991521,4.807916
coupled,1.00,6,21,0.995163,0.995163,4.794297
coupled,1.00,6,22,0.994467,0.994467,4.897177
coupled,1.00,6,23,0.985990,0.985990,4.833762
coupled,1.00,6,24,0.993780,0.993780,4.938209
coupled,1.00,6,25,0.992453,0.992453,5.130705
coupled,1.00,6,26,0.995589,0.995589,4.987589
coupled,1.00,6,27,0.995463,0.995463,5.180787
coupled,1.00,6,28,0.995003,0.995003,4.975745
coupled,1.00,6,29,0.997736,0.997736,5.026549
coupled,1.00,6,30,0.993265,0.993265,5.007591
coupled,1.00,6,31,0.995537,0.995537,4.712785
coupled,1.00,6,32,0.995085,0.995085,4.813367
coupled,1.00,6,33,0.982663,0.982663,5.085103
coupled,1.00,6,34,0.997200,0.997200,5.076344
coupled,1.00,6,35,0.994067,0.994067,4.923707
coupled,1.00,6,36,0.991862,0.991862,4.834558
coupled,1.00,6,37,0.996646,0.996646,4.890365
coupled,1.00,6,38,0.993259,0.993259,4.634563
coupled,1.00,6,39,0.994960,0.994960,4.793012
coupled,1.00,6,40,0.991989,0.991989,4.926210
coupled,1.00,6,41,0.996800,0.996800,5.081566
coupled,1.00,6,42,0.996959,0.996959,4.823015
coupled,1.00,6,43,0.994384,0.994384,4.635870
coupled,1.00,6,44,0.994359,0.994359,4.865081
coupled,1.00,6,45,0.993935,0.993935,4.589991
coupled,1.00,6,46,0.988525,0.988525,5.013634
coupled,1.00,6,47,0.997148,0.997148,4.930854
coupled,1.00,6,48,0.994524,0.994524,4.800769
coupled,1.00,6,49,0.994378,0.994378,5.033697
coupled,1.00,6,50,0.996464,0.996464,4.659841
coupled,1.00,6,51,0.992083,0.992083,4.893375
coupled,1.00,6,52,0.992055,0.992055,4.782125
coupled,1.00,6,53,0.992496,0.992496,4.792583
coupled,1.00,6,54,0.986234,0.986234,4.943481
coupled,1.00,6,55,0.995866,0.995866,4.941153
coupled,1.00,6,56,0.992539,0.992539,4.911615
coupled,1.00,6,57,0.995526,0.995526,4.881649
coupled,1.00,6,58,0.993220,0.993220,4.881964
coupled,1.00,6,59,0.994120,0.994120,4.862497
coupled,1.00,6,60,0.993125,0.993125,4.845831
coupled,1.00,6,61,0.995323,0.995323,4.929467
coupled,1.00,6,62,0.995356,0.995356,4.886429
coupled,1.00,6,63,0.996472,0.996472,4.897971
coupled,1.00,6,64,0.995507,0.995507,4.742426
coupled,1.00,6,65,0.992932,0.992932,5.072142
coupled,1.00,6,66,0.995181,0.995181,4.915297
coupled,1.00,6,67,0.993269,0.993269,4.639271
coupled,1.00,6,68,0.993125,0.993125,5.029577
coupled,1.00,6,69,0.996233,0.996233,5.020781
coupled,1.00,6,70,0.993491,0.993491,4.762060
coupled,1.00,6,71,0.993612,0.993612,4.800386
coupled,1.00,6,72,0.990704,0.990704,4.854850
coupled,1.00,6,73,0.994657,0.994657,5.044840
coupled,1.00,6,74,0.992942,0.992942,5.046074
coupled,1.00,6,75,0.994311,0.994311,5.238584
coupled,1.00,6,76,0.996166,0.996166,5.130603
coupled,1.00,6,77,0.996980,0.996980,4.817280
coupled,1.00,6,78,0.993034,0.993034,4.819711
coupled,1.00,6,79,0.993547,0.993547,4.887014
coupled,1.00,6,80,0.994493,0.994493,4.911627
coupled,1.00,6,81,0.994597,0.994597,4.867788
coupled,1.00,6,82,0.994627,0.994627,4.826810
coupled,1.00,6,83,0.994006,0.994006,4.960151
coupled,1.00,6,84,0.992921,0.992921,4.930773
coupled,1.00,6,85,0.996470,0.996470,4.748800
coupled,1.00,6,86,0.992073,0.992073,4.902217
coupled,1.00,6,87,0.993985,0.993985,4.988642
coupled,1.00,6,88,0.995370,0.995370,4.853445
coupled,1.00,6,89,0.992766,0.992766,5.025702
coupled,1.00,6,90,0.996612,0.996612,5.102394
coupled,1.00,6,91,0.996301,0.996301,4.943415
coupled,1.00,6,92,0.995323,0.995323,4.856145
coupled,1.00,6,93,0.994849,0.994849,4.876991
coupled,1.00,6,94,0.996156,0.996156,5.127877
coupled,1.00,6,95,0.996107,0.996107,4.952929
coupled,1.00,6,96,0.994243,0.994243,4.791723
coupled,1.00,6,97,0.989372,0.989372,4.782549
coupled,1.00,6,98,0.992697,0.992697,4.807468
coupled,1.00,6,99,0.992563,0.992563,4.973551
coupled,1.00,6,100,0.995638,0.995638,5.190530
coupled,1.00,6,101,0.997920,0.997920,5.002497
coupled,1.00,6,102,0.994217,0.994217,4.716281
coupled,1.00,6,103,0.990342,0.990342,4.901287
coupled,1.00,6,104,0.994075,0.994075,4.897607
coupled,1.00,6,105,0.990360,0.990360,4.727235
coupled,1.00,6,106,0.989804,0.989804,4.819448
coupled,1.00,6,107,0.993716,0.993716,5.215893
coupled,1.00,6,108,0.996607,0.996607,5.034885
coupled,1.00,6,109,0.996510,0.996510,4.959905
coupled,1.00,6,110,0.994747,0.994747,4.826229
coupled,1.00,6,111,0.992778,0.992778,4.629845
coupled,1.00,6,112,0.992964,0.992964,5.072592
coupled,1.00,6,113,0.997323,0.997323,4.784528
coupled,1.00,6,114,0.993877,0.993877,4.860421
coupled,1.00,6,115,0.995321,0.995321,4.821192
coupled,1.00,6,116,0.995975,0.995975,4.804561
coupled,1.00,6,117,0.994585,0.994585,4.751273
coupled,1.00,6,118,0.994329,0.994329,4.773463
coupled,1.00,6,119,0.991732,0.991732,4.914237
coupled,1.00,6,120,0.996251,0.996251,4.666456
coupled,1.00,6,121,0.986770,0.986770,4.658457
coupled,1.00,6,122,0.992007,0.992007,4.874551
coupled,1.00,6,123,0.994293,0.994293,5.001256
coupled,1.00,6,124,0.997024,0.997024,4.900018
coupled,1.00,6,125,0.995312,0.995312,4.940913
coupled,1.00,6,126,0.995850,0.995850,4.936141
coupled,1.00,6,127,0.992659,0.992659,4.617296
coupled,1.00,6,128,0.988175,0.988175,4.837436
coupled,1.00,6,129,0.993663,0.993663,4.781050
coupled,1.00,6,130,0.991790,0.991790,4.941825
coupled,1.00,6,131,0.990104,0.990104,5.072552
coupled,1.00,6,132,0.994705,0.994705,5.027347
coupled,1.00,6,133,0.994752,0.994752,4.905477
coupled,1.00,6,134,0.992075,0.992075,4.810072
coupled,1.00,6,135,0.991603,0.991603,4.877730
coupled,1.00,6,136,0.995445,0.995445,4.879164
coupled,1.00,6,137,0.994470,0.994470,4.841488
coupled,1.00,6,138,0.992102,0.992102,4.928188
coupled,1.00,6,139,0.996637,0.996637,4.761799
coupled,1.00,6,140,0.994300,0.994300,4.857479
coupled,1.00,6,141,0.993846,0.993846,4.840792
coupled,1.00,6,142,0.991733,0.991733,4.598675
coupled,1.00,6,143,0.983464,0.983464,4.744094
coupled,1.00,6,144,0.990920,0.990920,4.707024
coupled,1.00,6,145,0.991262,0.991262,4.853791
coupled,1.00,6,146,0.990248,0.990248,4.903791
coupled,1.00,6,147,0.992261,0.992261,5.365002
coupled,1.00,6,148,0.997351,0.997351,4.742259
coupled,1.00,6,149,0.990940,0.990940,4.773416
coupled,1.00,6,150,0.989380,0.989380,4.902930
coupled,1.00,6,151,0.995072,0.995072,4.554383
coupled,1.00,6,152,0.984794,0.984794,4.941670
coupled,1.00,6,153,0.997266,0.997266,4.877310
coupled,1.00,6,154,0.994778,0.994778,4.661869
coupled,1.00,6,155,0.993125,0.993125,4.899081
coupled,1.00,6,156,0.991842,0.991842,5.136674
coupled,1.00,6,157,0.996471,0.996471,4.702560
coupled,1.00,6,158,0.989184,0.989184,4.769389
coupled,1.00,6,159,0.993360,0.993360,5.016079
coupled,1.00,6,160,0.989328,0.989328,4.917352
coupled,1.00,6,161,0.993765,0.993765,4.905241
coupled,1.00,6,162,0.991096,0.991096,4.618610
coupled,1.00,6,163,0.993847,0.993847,4.712707
coupled,1.00,6,164,0.991403,0.991403,4.776182
coupled,1.00,6,165,0.994556,0.994556,4.811477
coupled,1.00,6,166,0.993106,0.993106,4.914625
coupled,1.00,6,167,0.994127,0.994127,5.065408
coupled,1.00,6,168,0.993147,0.993147,5.015280
coupled,1.00,6,169,0.994541,0.994541,5.249420
coupled,1.00,6,170,0.997367,0.997367,4.820307
coupled,1.00,6,171,0.993533,0.993533,4.860355
coupled,1.00,6,172,0.993744,0.993744,4.785543
coupled,1.00,6,173,0.995001,0.995001,4.735144
coupled,1.00,6,174,0.983854,0.983854,5.063684
coupled,1.00,6,175,0.994731,0.994731,4.929531
coupled,1.00,6,176,0.994399,0.994399,4.997493
coupled,1.00,6,177,0.993654,0.993654,5.071155
coupled,1.00,6,178,0.995608,0.995608,5.063184
coupled,1.00,6,179,0.995234,0.995234,4.918419
coupled,1.00,6,180,0.995850,0.995850,4.947366
coupled,1.00,6,181,0.991401,0.991401,4.929795
coupled,1.00,6,182,0.994160,0.994160,4.829003
coupled,1.00,6,183,0.995365,0.995365,5.053251
coupled,1.00,6,184,0.997100,0.997100,4.872637
coupled,1.00,6,185,0.993714,0.993714,4.805626
coupled,1.00,6,186,0.995298,0.995298,4.909858
coupled,1.00,6,187,0.992609,0.992609,4.781376
coupled,1.00,6,188,0.992862,0.992862,5.084766
coupled,1.00,6,189,0.993433,0.993433,5.002190
coupled,1.00,6,190,0.995859,0.995859,4.977001
coupled,1.00,6,191,0.995364,0.995364,4.988129
coupled,1.00,6,192,0.995108,0.995108,4.576359
coupled,1.00,6,193,0.991257,0.991257,4.506584
coupled,1.00,6,194,0.983242,0.983242,4.721593
coupled,1.00,6,195,0.991625,0.991625,5.015641
coupled,1.00,6,196,0.996397,0.996397,5.040319
coupled,1.00,6,197,0.995040,0.995040,4.990925
coupled,1.00,6,198,0.990249,0.990249,4.884684
coupled,1.00,6,199,0.995192,0.995192,4.910692
coupled,1.00,6,200,0.994000,0.994000,4.893365
coupled,1.00,6,201,0.994069,0.994069,5.025620
coupled,1.00,6,202,0.995509,0.995509,4.882575
coupled,1.00,6,203,0.994686,0.994686,4.903657
coupled,1.00,6,204,0.995188,0.995188,4.980983
coupled,1.00,6,205,0.994136,0.994136,5.066241
coupled,1.00,6,206,0.997949,0.997949,4.855992
coupled,1.00,6,207,0.993878,0.993878,5.359337
coupled,1.00,6,208,0.997453,0.997453,4.842329
coupled,1.00,6,209,0.994087,0.994087,4.936770
coupled,1.00,6,210,0.996912,0.996912,4.824301
coupled,1.00,6,211,0.991477,0.991477,4.953187
coupled,1.00,6,212,0.991955,0.991955,4.825919
coupled,1.00,6,213,0.992107,0.992107,4.817082
coupled,1.00,6,214,0.988721,0.988721,4.884269
coupled,1.00,6,215,0.992704,0.992704,5.085054
coupled,1.00,6,216,0.995131,0.995131,4.934004
coupled,1.00,6,217,0.996253,0.996253,5.479797
coupled,1.00,6,218,0.997675,0.997675,5.212934
coupled,1.00,6,219,0.996801,0.996801,4.930157
coupled,1.00,6,220,0.995647,0.995647,4.705429
coupled,1.00,6,221,0.987198,0.987198,4.820970
coupled,1.00,6,222,0.988707,0.988707,4.601532
coupled,1.00,6,223,0.988386,0.988386,4.999131
coupled,1.00,6,224,0.995890,0.995890,5.049014
coupled,1.00,6,225,0.996559,0.996559,4.868588
coupled,1.00,6,226,0.993091,0.993091,5.099036
coupled,1.00,6,227,0.996668,0.996668,4.907545
coupled,1.00,6,228,0.993184,0.993184,4.873017
coupled,1.00,6,229,0.995445,0.995445,4.835422
coupled,1.00,6,230,0.994981,0.994981,4.755358
coupled,1.00,6,231,0.986268,0.986268,5.075091
coupled,1.00,6,232,0.995768,0.995768,4.896303
coupled,1.00,6,233,0.994048,0.994048,4.649900
coupled,1.00,6,234,0.990203,0.990203,5.024394
coupled,1.00,6,235,0.993352,0.993352,4.943183
coupled,1.00,6,236,0.994621,0.994621,4.707266
coupled,1.00,6,237,0.994817,0.994817,4.818000
coupled,1.00,6,238,0.996010,0.996010,4.802571
coupled,1.00,6,239,0.993556,0.993556,4.849504
coupled,1.00,6,240,0.995267,0.995267,4.900467
coupled,1.00,6,241,0.995789,0.995789,4.969307
coupled,1.00,6,242,0.993114,0.993114,5.034019
coupled,1.00,6,243,0.996013,0.996013,4.688614
coupled,1.00,6,244,0.991759,0.991759,4.876492
coupled,1.00,6,245,0.995132,0.995132,4.902226
coupled,1.00,6,246,0.995334,0.995334,4.553978
coupled,1.00,6,247,0.990654,0.990654,4.749194
coupled,1.00,6,248,0.992578,0.992578,4.854387
coupled,1.00,6,249,0.988705,0.988705,4.688515
coupled,1.00,6,250,0.989670,0.989670,4.859961
coupled,1.00,6,251,0.993404,0.993404,4.907302
coupled,1.00,6,252,0.995082,0.995082,4.928427
coupled,1.00,6,253,0.994414,0.994414,4.916156
coupled,1.00,6,254,0.995429,0.995429,5.008452
coupled,1.00,6,255,0.995352,0.995352,4.824443
coupled,1.00,6,256,0.994267,0.994267,4.905699
coupled,1.00,6,257,0.995761,0.995761,4.999082
coupled,1.00,6,258,0.995888,0.995888,5.207914
coupled,1.00,6,259,0.997283,0.997283,4.978108
coupled,1.00,6,260,0.994906,0.994906,4.686840
coupled,1.00,6,261,0.991643,0.991643,4.680822
coupled,1.00,6,262,0.990397,0.990397,5.101207
coupled,1.00,6,263,0.993826,0.993826,4.986534
coupled,1.00,6,264,0.993736,0.993736,4.979844
coupled,1.00,6,265,0.995251,0.995251,4.860057
coupled,1.00,6,266,0.994328,0.994328,4.576576
coupled,1.00,6,267,0.993805,0.993805,4.851600
coupled,1.00,6,268,0.993585,0.993585,4.883426
coupled,1.00,6,269,0.994531,0.994531,4.562386
coupled,1.00,6,270,0.987589,0.987589,4.741763
coupled,1.00,6,271,0.990765,0.990765,4.893189
coupled,1.00,6,272,0.995507,0.995507,5.042999
coupled,1.00,6,273,0.996360,0.996360,4.694486
coupled,1.00,6,274,0.988209,0.988209,4.646165
coupled,1.00,6,275,0.991975,0.991975,4.940035
coupled,1.00,6,276,0.993996,0.993996,5.130904
coupled,1.00,6,277,0.994347,0.994347,4.882090
coupled,1.00,6,278,0.995152,0.995152,4.915084
coupled,1.00,6,279,0.990558,0.990558,5.000714
coupled,1.00,6,280,0.995685,0.995685,5.023460
coupled,1.00,6,281,0.994853,0.994853,4.710042
coupled,1.00,6,282,0.991995,0.991995,5.230571
coupled,1.00,6,283,0.996563,0.996563,4.852631
coupled,1.00,6,284,0.991918,0.991918,4.795814
coupled,1.00,6,285,0.991520,0.991520,4.850659
coupled,1.00,6,286,0.996750,0.996750,4.884800
coupled,1.00,6,287,0.994569,0.994569,4.866986
coupled,1.00,6,288,0.994534,0.994534,4.746630
coupled,1.00,6,289,0.991782,0.991782,4.825760
coupled,1.00,6,290,0.996056,0.996056,5.149956
coupled,1.00,6,291,0.995470,0.995470,4.914992
coupled,1.00,6,292,0.994305,0.994305,4.940046
coupled,1.00,6,293,0.996289,0.996289,4.932574
coupled,1.00,6,294,0.995486,0.995486,5.002029
coupled,1.00,6,295,0.995455,0.995455,4.942026
coupled,1.00,6,296,0.996328,0.996328,5.047813
coupled,1.00,6,297,0.996598,0.996598,4.855797
coupled,1.00,6,298,0.996013,0.996013,4.737110
coupled,1.00,6,299,0.994143,0.994143,5.182625
coupled,1.00,6,300,0.998242,0.998242,4.780492
coupled,1.00,6,301,0.993784,0.993784,4.742444
coupled,1.00,6,302,0.994371,0.994371,4.751535
coupled,1.00,6,303,0.994182,0.994182,4.721470
coupled,1.00,6,304,0.992639,0.992639,5.083542
coupled,1.00,6,305,0.996265,0.996265,4.783885
coupled,1.00,6,306,0.990795,0.990795,4.893381
coupled,1.00,6,307,0.993487,0.993487,5.114642
coupled,1.00,6,308,0.996235,0.996235,4.992267
coupled,1.00,6,309,0.994436,0.994436,4.932060
coupled,1.00,6,310,0.995913,0.995913,5.063693
coupled,1.00,6,311,0.996609,0.996609,4.803464
coupled,1.00,6,312,0.991980,0.991980,4.611663
coupled,1.00,6,313,0.992237,0.992237,4.938503
coupled,1.00,6,314,0.992576,0.992576,4.986429
coupled,1.00,6,315,0.997398,0.997398,4.815910
coupled,1.00,6,316,0.991967,0.991967,4.503739
coupled,1.00,6,317,0.984295,0.984295,4.854439
coupled,1.00,6,318,0.995389,0.995389,5.040493
coupled,1.00,6,319,0.996109,0.996109,4.845135
coupled,1.00,6,320,0.993580,0.993580,4.766944
coupled,1.00,6,321,0.991398,0.991398,4.737439
coupled,1.00,6,322,0.994803,0.994803,4.791186
coupled,1.00,6,323,0.992595,0.992595,4.793983
coupled,1.00,6,324,0.993332,0.993332,4.626346
coupled,1.00,6,325,0.992082,0.992082,4.925974
coupled,1.00,6,326,0.996408,0.996408,5.021091
coupled,1.00,6,327,0.995729,0.995729,4.838004
coupled,1.00,6,328,0.994648,0.994648,4.942421
coupled,1.00,6,329,0.995630,0.995630,4.538830
coupled,1.00,6,330,0.986412,0.986412,4.559185
coupled,1.00,6,331,0.986577,0.986577,4.839744
coupled,1.00,6,332,0.992674,0.992674,4.863872
coupled,1.00,6,333,0.993823,0.993823,4.760036
coupled,1.00,6,334,0.990896,0.990896,4.831487
coupled,1.00,6,335,0.994297,0.994297,4.823638
coupled,1.00,6,336,0.992067,0.992067,5.062650
coupled,1.00,6,337,0.995411,0.995411,4.735815
coupled,1.00,6,338,0.991273,0.991273,4.838838
coupled,1.00,6,339,0.995777,0.995777,4.752887
coupled,1.00,6,340,0.989653,0.989653,4.900343
coupled,1.00,6,341,0.996075,0.996075,5.001127
coupled,1.00,6,342,0.995784,0.995784,4.727474
coupled,1.00,6,343,0.991304,0.991304,5.079014
coupled,1.00,6,344,0.992873,0.992873,4.874168
coupled,1.00,6,345,0.992371,0.992371,4.909301
coupled,1.00,6,346,0.995200,0.995200,4.802169
coupled,1.00,6,347,0.988870,0.988870,4.977023
coupled,1.00,6,348,0.996254,0.996254,5.080158
coupled,1.00,6,349,0.994034,0.994034,4.836912
coupled,1.00,6,350,0.993837,0.993837,4.700481
coupled,1.00,6,351,0.993004,0.993004,4.770825
coupled,1.00,6,352,0.992018,0.992018,5.016019
coupled,1.00,6,353,0.996310,0.996310,5.045098
coupled,1.00,6,354,0.997795,0.997795,4.660962
coupled,1.00,6,355,0.982122,0.982122,4.766348
coupled,1.00,6,356,0.990657,0.990657,4.823356
coupled,1.00,6,357,0.992626,0.992626,4.926694
coupled,1.00,6,358,0.996244,0.996244,4.624863
coupled,1.00,6,359,0.988084,0.988084,4.757654
coupled,1.00,6,360,0.993881,0.993881,4.726226
coupled,1.00,6,361,0.992218,0.992218,4.539057
coupled,1.00,6,362,0.994618,0.994618,4.827360
coupled,1.00,6,363,0.992962,0.992962,5.048759
coupled,1.00,6,364,0.996407,0.996407,4.825258
coupled,1.00,6,365,0.993338,0.993338,5.066583
coupled,1.00,6,366,0.997612,0.997612,5.007057
coupled,1.00,6,367,0.994139,0.994139,5.026976
coupled,1.00,6,368,0.996761,0.996761,4.595428
coupled,1.00,6,369,0.992898,0.992898,4.840121
coupled,1.00,6,370,0.991829,0.991829,4.826597
coupled,1.00,6,371,0.994577,0.994577,5.003248
coupled,1.00,6,372,0.995707,0.995707,4.795498
coupled,1.00,6,373,0.990102,0.990102,4.502084
coupled,1.00,6,374,0.989863,0.989863,4.748784
coupled,1.00,6,375,0.996482,0.996482,5.181306
coupled,1.00,6,376,0.996999,0.996999,4.845312
coupled,1.00,6,377,0.994701,0.994701,4.749314
coupled,1.00,6,378,0.992291,0.992291,4.958994
coupled,1.00,6,379,0.995800,0.995800,4.901312
coupled,1.00,6,380,0.994840,0.994840,4.769824
coupled,1.00,6,381,0.994789,0.994789,4.843117
coupled,1.00,6,382,0.995165,0.995165,4.813918
coupled,1.00,6,383,0.993989,0.993989,5.072370
coupled,1.00,6,384,0.996015,0.996015,4.735429
coupled,1.00,6,385,0.992644,0.992644,5.032871
coupled,1.00,6,386,0.996229,0.996229,4.908008
coupled,1.00,6,387,0.994319,0.994319,5.107651
coupled,1.00,6,388,0.997909,0.997909,4.646004
coupled,1.00,6,389,0.992072,0.992072,4.749040
coupled,1.00,6,390,0.992669,0.992669,4.694717
coupled,1.00,6,391,0.987258,0.987258,4.598075
coupled,1.00,6,392,0.992311,0.992311,4.683553
coupled,1.00,6,393,0.993541,0.993541,4.913980
coupled,1.00,6,394,0.996032,0.996032,4.869856
coupled,1.00,6,395,0.992636,0.992636,4.797164
coupled,1.00,6,396,0.995127,0.995127,4.838735
coupled,1.00,6,397,0.992751,0.992751,4.691387
coupled,1.00,6,398,0.990899,0.990899,4.917915
coupled,1.00,6,399,0.995701,0.995701,5.086303
coupled,1.00,6,400,0.997882,0.997882,5.059867
coupled,1.00,6,401,0.996412,0.996412,4.903699
coupled,1.00,6,402,0.992641,0.992641,4.930852
coupled,1.00,6,403,0.991524,0.991524,5.091520
coupled,1.00,6,404,0.996140,0.996140,4.894977
coupled,1.00,6,405,0.991831,0.991831,4.939167
coupled,1.00,6,406,0.990326,0.990326,4.780593
coupled,1.00,6,407,0.989109,0.989109,5.084285
coupled,1.00,6,408,0.994957,0.994957,4.883468
coupled,1.00,6,409,0.995088,0.995088,4.986350
coupled,1.00,6,410,0.995184,0.995184,4.918997
coupled,1.00,6,411,0.995530,0.995530,5.251499
coupled,1.00,6,412,0.998202,0.998202,4.855018
coupled,1.00,6,413,0.996772,0.996772,4.785107
coupled,1.00,6,414,0.994161,0.994161,4.774155
coupled,1.00,6,415,0.996006,0.996006,5.118465
coupled,1.00,6,416,0.996953,0.996953,5.069390
coupled,1.00,6,417,0.995722,0.995722,4.912144
coupled,1.00,6,418,0.991292,0.991292,4.974191
coupled,1.00,6,419,0.994885,0.994885,5.111911
coupled,1.00,6,420,0.989185,0.989185,4.774055
coupled,1.00,6,421,0.991751,0.991751,5.157167
coupled,1.00,6,422,0.997553,0.997553,4.791280
coupled,1.00,6,423,0.994350,0.994350,4.790835
coupled,1.00,6,424,0.991348,0.991348,4.857097
coupled,1.00,6,425,0.991444,0.991444,4.905231
coupled,1.00,6,426,0.989287,0.989287,5.017652
coupled,1.00,6,427,0.995523,0.995523,4.818943
coupled,1.00,6,428,0.992625,0.992625,4.767720
coupled,1.00,6,429,0.991236,0.991236,5.106171
coupled,1.00,6,430,0.995552,0.995552,4.959615
coupled,1.00,6,431,0.992341,0.992341,4.865446
coupled,1.00,6,432,0.990397,0.990397,4.696542
coupled,1.00,6,433,0.990016,0.990016,4.868161
coupled,1.00,6,434,0.987514,0.987514,4.676481
coupled,1.00,6,435,0.993476,0.993476,4.887356
coupled,1.00,6,436,0.995444,0.995444,4.653081
coupled,1.00,6,437,0.989041,0.989041,4.749350
coupled,1.00,6,438,0.994925,0.994925,5.024432
coupled,1.00,6,439,0.994748,0.994748,4.685460
coupled,1.00,6,440,0.992845,0.992845,5.040735
coupled,1.00,6,441,0.997434,0.997434,4.890286
coupled,1.00,6,442,0.994660,0.994660,4.763769
coupled,1.00,6,443,0.992797,0.992797,4.755579
coupled,1.00,6,444,0.990692,0.990692,4.912610
coupled,1.00,6,445,0.993374,0.993374,4.839897
coupled,1.00,6,446,0.995507,0.995507,5.086545
coupled,1.00,6,447,0.997116,0.997116,4.894837
coupled,1.00,6,448,0.993736,0.993736,4.619363
coupled,1.00,6,449,0.991785,0.991785,4.672433
coupled,1.00,6,450,0.985360,0.985360,4.656426
coupled,1.00,6,451,0.996001,0.996001,4.845683
coupled,1.00,6,452,0.993578,0.993578,4.827446
coupled,1.00,6,453,0.993128,0.993128,4.826211
coupled,1.00,6,454,0.994434,0.994434,4.815097
coupled,1.00,6,455,0.991416,0.991416,4.606517
coupled,1.00,6,456,0.991830,0.991830,4.899576
coupled,1.00,6,457,0.993830,0.993830,4.695774
coupled,1.00,6,458,0.986527,0.986527,5.017734
coupled,1.00,6,459,0.995769,0.995769,5.084269
coupled,1.00,6,460,0.996177,0.996177,4.749630
coupled,1.00,6,461,0.986374,0.986374,4.810342
coupled,1.00,6,462,0.993588,0.993588,4.890484
coupled,1.00,6,463,0.994399,0.994399,4.831696
coupled,1.00,6,464,0.992466,0.992466,4.847349
coupled,1.00,6,465,0.990152,0.990152,5.342682
coupled,1.00,6,466,0.997602,0.997602,5.178657
coupled,1.00,6,467,0.995217,0.995217,4.943524
coupled,1.00,6,468,0.995885,0.995885,4.913780
coupled,1.00,6,469,0.994152,0.994152,4.607161
coupled,1.00,6,470,0.987861,0.987861,4.804172
coupled,1.00,6,471,0.995396,0.995396,5.010998
coupled,1.00,6,472,0.996290,0.996290,4.768293
coupled,1.00,6,473,0.987091,0.987091,4.594446
coupled,1.00,6,474,0.992228,0.992228,4.856492
coupled,1.00,6,475,0.994008,0.994008,4.911143
coupled,1.00,6,476,0.996660,0.996660,4.902809
coupled,1.00,6,477,0.994538,0.994538,4.603887
coupled,1.00,6,478,0.987333,0.987333,5.223148
coupled,1.00,6,479,0.997183,0.997183,4.953675
coupled,1.00,6,480,0.991959,0.991959,4.863293
coupled,1.00,6,481,0.993232,0.993232,5.065116
coupled,1.00,6,482,0.995813,0.995813,5.034898
coupled,1.00,6,483,0.995415,0.995415,5.040244
coupled,1.00,6,484,0.996398,0.996398,4.880271
coupled,1.00,6,485,0.992454,0.992454,4.997031
coupled,1.00,6,486,0.995873,0.995873,4.853250
coupled,1.00,6,487,0.995275,0.995275,4.975561
coupled,1.00,6,488,0.994660,0.994660,4.822479
coupled,1.00,6,489,0.996093,0.996093,5.042522
coupled,1.00,6,490,0.996594,0.996594,5.080630
coupled,1.00,6,491,0.996618,0.996618,5.102556
coupled,1.00,6,492,0.995200,0.995200,4.819602
coupled,1.00,6,493,0.993088,0.993088,4.680790
coupled,1.00,6,494,0.991750,0.991750,4.901992
coupled,1.00,6,495,0.992091,0.992091,4.928885
coupled,1.00,6,496,0.990068,0.990068,4.801771
coupled,1.00,6,497,0.990657,0.990657,4.852154
coupled,1.00,6,498,0.989742,0.989742,4.800568
coupled,1.00,6,499,0.995971,0.995971,4.937633
allc,1.00,6,0,0.994971,1.000000,4.916658
allc,1.00,6,1,0.997012,1.000000,5.084658
allc,1.00,6,2,0.992316,1.000000,4.964243
allc,1.00,6,3,0.995490,1.000000,4.883759
allc,1.00,6,4,0.995566,1.000000,4.944940
allc,1.00,6,5,0.994173,1.000000,4.912788
allc,1.00,6,6,0.992325,1.000000,4.797373
allc,1.00,6,7,0.991880,1.000000,4.820749
allc,1.00,6,8,0.986369,1.000000,4.615281
allc,1.00,6,9,0.994403,1.000000,4.884612
allc,1.00,6,10,0.992088,1.000000,4.754599
allc,1.00,6,11,0.991962,1.000000,4.746209
allc,1.00,6,12,0.994909,1.000000,4.924090
allc,1.00,6,13,0.993679,1.000000,4.815765
allc,1.00,6,14,0.987665,1.000000,4.861320
allc,1.00,6,15,0.994243,1.000000,4.909063
allc,1.00,6,16,0.993748,1.000000,4.798980
allc,1.00,6,17,0.995654,1.000000,4.883935
allc,1.00,6,18,0.988871,1.000000,4.679355
allc,1.00,6,19,0.992069,1.000000,4.929803
allc,1.00,6,20,0.993566,1.000000,4.712821
allc,1.00,6,21,0.992154,1.000000,4.868214
allc,1.00,6,22,0.986784,1.000000,4.806762
allc,1.00,6,23,0.995171,1.000000,5.146773
allc,1.00,6,24,0.994554,1.000000,4.832956
allc,1.00,6,25,0.995936,1.000000,4.894832
allc,1.00,6,26,0.988254,1.000000,4.818125
allc,1.00,6,27,0.986787,1.000000,4.785510
allc,1.00,6,28,0.990399,1.000000,4.714100
allc,1.00,6,29,0.996675,1.000000,4.931389
allc,1.00,6,30,0.993912,1.000000,4.888957
allc,1.00,6,31,0.995745,1.000000,5.009984
allc,1.00,6,32,0.993572,1.000000,4.810087
allc,1.00,6,33,0.991738,1.000000,4.869371
allc,1.00,6,34,0.995188,1.000000,4.931850
allc,1.00,6,35,0.995788,1.000000,5.073254
allc,1.00,6,36,0.997276,1.000000,5.004735
allc,1.00,6,37,0.988910,1.000000,4.956208
allc,1.00,6,38,0.994945,1.000000,4.907909
allc,1.00,6,39,0.990738,1.000000,4.778085
allc,1.00,6,40,0.994814,1.000000,5.021179
allc,1.00,6,41,0.991685,1.000000,4.930199
allc,1.00,6,42,0.996903,1.000000,5.068055
allc,1.00,6,43,0.991087,1.000000,4.935364
allc,1.00,6,44,0.995495,1.000000,5.047785
allc,1.00,6,45,0.994502,1.000000,4.719450
allc,1.00,6,46,0.996535,1.000000,4.988628
allc,1.00,6,47,0.990662,1.000000,4.872040
allc,1.00,6,48,0.990442,1.000000,4.743626
allc,1.00,6,49,0.994179,1.000000,4.830035
allc,1.00,6,50,0.993449,1.000000,5.009651
allc,1.00,6,51,0.996148,1.000000,4.909272
allc,1.00,6,52,0.996728,1.000000,4.990093
allc,1.00,6,53,0.993497,1.000000,4.877829
allc,1.00,6,54,0.995453,1.000000,5.000204
allc,1.00,6,55,0.983655,1.000000,4.686382
allc,1.00,6,56,0.985872,1.000000,4.692099
allc,1.00,6,57,0.984638,1.000000,4.646721
allc,1.00,6,58,0.995030,1.000000,4.789048
allc,1.00,6,59,0.995886,1.000000,4.953062
allc,1.00,6,60,0.993548,1.000000,4.808893
allc,1.00,6,61,0.992824,1.000000,4.604589
allc,1.00,6,62,0.978868,1.000000,4.589729
allc,1.00,6,63,0.995071,1.000000,4.912862
allc,1.00,6,64,0.996894,1.000000,5.102868
allc,1.00,6,65,0.995781,1.000000,4.881228
allc,1.00,6,66,0.994816,1.000000,4.877390
allc,1.00,6,67,0.992860,1.000000,4.790036
allc,1.00,6,68,0.993362,1.000000,4.716503
allc,1.00,6,69,0.995990,1.000000,4.940086
allc,1.00,6,70,0.991385,1.000000,4.990718
allc,1.00,6,71,0.991183,1.000000,4.748201
allc,1.00,6,72,0.989752,1.000000,4.833559
allc,1.00,6,73,0.992431,1.000000,4.750052
allc,1.00,6,74,0.993872,1.000000,5.057429
allc,1.00,6,75,0.994081,1.000000,4.992082
allc,1.00,6,76,0.996070,1.000000,5.016237
allc,1.00,6,77,0.992619,1.000000,4.823361
allc,1.00,6,78,0.990830,1.000000,4.565238
allc,1.00,6,79,0.993863,1.000000,4.808445
allc,1.00,6,80,0.994744,1.000000,4.849182
allc,1.00,6,81,0.990121,1.000000,4.925897
allc,1.00,6,82,0.993394,1.000000,4.737964
allc,1.00,6,83,0.996521,1.000000,5.031619
allc,1.00,6,84,0.991040,1.000000,4.763762
allc,1.00,6,85,0.991756,1.000000,4.855297
allc,1.00,6,86,0.992146,1.000000,4.906096
allc,1.00,6,87,0.991977,1.000000,4.681323
allc,1.00,6,88,0.995807,1.000000,4.849420
allc,1.00,6,89,0.995704,1.000000,4.960386
allc,1.00,6,90,0.988645,1.000000,4.754460
allc,1.00,6,91,0.995162,1.000000,4.909595
allc,1.00,6,92,0.992280,1.000000,4.848250
allc,1.00,6,93,0.995906,1.000000,4.961751
allc,1.00,6,94,0.996025,1.000000,5.072950
allc,1.00,6,95,0.988858,1.000000,4.880006
allc,1.00,6,96,0.996633,1.000000,5.019049
allc,1.00,6,97,0.996854,1.000000,5.094373
allc,1.00,6,98,0.995267,1.000000,4.870920
allc,1.00,6,99,0.988260,1.000000,4.768372
allc,1.00,6,100,0.991960,1.000000,4.818200
allc,1.00,6,101,0.992382,1.000000,4.717529
allc,1.00,6,102,0.993146,1.000000,5.017423
allc,1.00,6,103,0.996160,1.000000,5.118687
allc,1.00,6,104,0.996802,1.000000,5.306059
allc,1.00,6,105,0.994048,1.000000,4.878641
allc,1.00,6,106,0.989845,1.000000,4.642150
allc,1.00,6,107,0.985076,1.000000,4.626945
allc,1.00,6,108,0.993166,1.000000,4.542330
allc,1.00,6,109,0.995239,1.000000,4.995316
allc,1.00,6,110,0.994864,1.000000,4.841484
allc,1.00,6,111,0.992684,1.000000,4.782438
allc,1.00,6,112,0.988494,1.000000,4.930806
allc,1.00,6,113,0.992488,1.000000,4.968352
allc,1.00,6,114,0.997468,1.000000,5.171766
allc,1.00,6,115,0.991396,1.000000,4.883501
allc,1.00,6,116,0.996985,1.000000,4.893259
allc,1.00,6,117,0.993036,1.000000,4.768724
allc,1.00,6,118,0.993672,1.000000,4.889602
allc,1.00,6,119,0.995359,1.000000,4.928169
allc,1.00,6,120,0.997119,1.000000,5.001250
allc,1.00,6,121,0.994668,1.000000,4.900823
allc,1.00,6,122,0.990333,1.000000,4.832403
allc,1.00,6,123,0.994630,1.000000,5.110506
allc,1.00,6,124,0.996046,1.000000,4.923088
allc,1.00,6,125,0.991399,1.000000,4.668071
allc,1.00,6,126,0.983197,1.000000,4.621752
allc,1.00,6,127,0.986511,1.000000,4.621209
allc,1.00,6,128,0.991111,1.000000,4.760444
allc,1.00,6,129,0.995110,1.000000,5.009347
allc,1.00,6,130,0.994109,1.000000,4.890352
allc,1.00,6,131,0.990219,1.000000,4.482222
allc,1.00,6,132,0.996455,1.000000,5.103556
allc,1.00,6,133,0.989505,1.000000,4.878137
allc,1.00,6,134,0.990240,1.000000,5.006039
allc,1.00,6,135,0.994541,1.000000,4.908641
allc,1.00,6,136,0.995272,1.000000,5.047127
allc,1.00,6,137,0.992496,1.000000,4.830787
allc,1.00,6,138,0.993055,1.000000,4.675605
allc,1.00,6,139,0.996375,1.000000,4.881456
allc,1.00,6,140,0.995426,1.000000,5.070206
allc,1.00,6,141,0.995713,1.000000,4.872811
allc,1.00,6,142,0.993657,1.000000,4.959512
allc,1.00,6,143,0.997480,1.000000,5.077043
allc,1.00,6,144,0.994390,1.000000,4.833704
allc,1.00,6,145,0.994364,1.000000,4.998797
allc,1.00,6,146,0.994240,1.000000,4.961751
allc,1.00,6,147,0.993433,1.000000,4.808272
allc,1.00,6,148,0.997267,1.000000,4.806001
allc,1.00,6,149,0.990669,1.000000,4.803366
allc,1.00,6,150,0.994603,1.000000,4.905867
allc,1.00,6,151,0.993633,1.000000,4.744388
allc,1.00,6,152,0.995584,1.000000,4.951532
allc,1.00,6,153,0.996109,1.000000,4.964693
allc,1.00,6,154,0.996296,1.000000,5.049650
allc,1.00,6,155,0.994539,1.000000,5.032040
allc,1.00,6,156,0.994541,1.000000,5.012863
allc,1.00,6,157,0.982453,1.000000,4.707572
allc,1.00,6,158,0.995228,1.000000,5.007288
allc,1.00,6,159,0.992175,1.000000,4.869633
allc,1.00,6,160,0.995894,1.000000,4.979169
allc,1.00,6,161,0.994789,1.000000,5.040068
allc,1.00,6,162,0.991711,1.000000,4.830882
allc,1.00,6,163,0.992225,1.000000,4.921198
allc,1.00,6,164,0.997188,1.000000,5.101521
allc,1.00,6,165,0.997297,1.000000,5.038377
allc,1.00,6,166,0.988518,1.000000,4.968262
allc,1.00,6,167,0.992534,1.000000,4.884030
allc,1.00,6,168,0.994212,1.000000,4.899454
allc,1.00,6,169,0.996408,1.000000,5.074702
allc,1.00,6,170,0.996870,1.000000,5.096232
allc,1.00,6,171,0.992337,1.000000,4.845096
allc,1.00,6,172,0.996048,1.000000,5.005866
allc,1.00,6,173,0.990671,1.000000,4.925917
allc,1.00,6,174,0.995311,1.000000,4.912755
allc,1.00,6,175,0.992696,1.000000,4.725846
allc,1.00,6,176,0.992647,1.000000,4.794206
allc,1.00,6,177,0.992391,1.000000,5.031479
allc,1.00,6,178,0.993376,1.000000,4.933271
allc,1.00,6,179,0.994536,1.000000,4.995409
allc,1.00,6,180,0.987124,1.000000,4.685760
allc,1.00,6,181,0.997018,1.000000,4.982880
allc,1.00,6,182,0.993236,1.000000,4.860369
allc,1.00,6,183,0.997776,1.000000,5.156209
allc,1.00,6,184,0.997856,1.000000,5.149686
allc,1.00,6,185,0.986514,1.000000,4.571396
allc,1.00,6,186,0.988813,1.000000,4.782992
allc,1.00,6,187,0.996989,1.000000,4.916505
allc,1.00,6,188,0.996423,1.000000,5.274079
allc,1.00,6,189,0.987523,1.000000,4.611953
allc,1.00,6,190,0.994349,1.000000,5.019490
allc,1.00,6,191,0.988639,1.000000,4.731474
allc,1.00,6,192,0.979406,1.000000,4.584440
allc,1.00,6,193,0.991275,1.000000,4.921581
allc,1.00,6,194,0.997396,1.000000,5.163060
allc,1.00,6,195,0.990951,1.000000,4.805377
allc,1.00,6,196,0.997015,1.000000,4.880398
allc,1.00,6,197,0.994649,1.000000,4.679542
allc,1.00,6,198,0.991992,1.000000,4.905906
allc,1.00,6,199,0.987566,1.000000,4.589430
allc,1.00,6,200,0.986310,1.000000,4.765407
allc,1.00,6,201,0.997069,1.000000,4.900706
allc,1.00,6,202,0.995446,1.000000,5.093327
allc,1.00,6,203,0.997327,1.000000,5.039043
allc,1.00,6,204,0.992325,1.000000,4.942100
allc,1.00,6,205,0.993511,1.000000,4.621003
allc,1.00,6,206,0.997578,1.000000,5.063257
allc,1.00,6,207,0.997369,1.000000,5.001288
allc,1.00,6,208,0.995720,1.000000,4.862368
allc,1.00,6,209,0.995406,1.000000,4.900735
allc,1.00,6,210,0.996523,1.000000,4.944198
allc,1.00,6,211,0.994763,1.000000,4.939262
allc,1.00,6,212,0.991779,1.000000,4.704614
allc,1.00,6,213,0.991726,1.000000,4.713805
allc,1.00,6,214,0.993353,1.000000,4.919414
allc,1.00,6,215,0.994856,1.000000,4.872675
allc,1.00,6,216,0.995513,1.000000,5.020870
allc,1.00,6,217,0.994807,1.000000,4.840100
allc,1.00,6,218,0.995114,1.000000,4.648611
allc,1.00,6,219,0.993574,1.000000,4.872322
allc,1.00,6,220,0.994771,1.000000,5.049374
allc,1.00,6,221,0.992926,1.000000,4.828550
allc,1.00,6,222,0.996666,1.000000,5.054395
allc,1.00,6,223,0.995525,1.000000,5.031137
allc,1.00,6,224,0.995303,1.000000,4.976163
allc,1.00,6,225,0.994714,1.000000,4.841809
allc,1.00,6,226,0.990396,1.000000,4.880501
allc,1.00,6,227,0.992492,1.000000,4.826599
allc,1.00,6,228,0.994845,1.000000,4.875503
allc,1.00,6,229,0.994859,1.000000,4.955450
allc,1.00,6,230,0.995090,1.000000,4.946324
allc,1.00,6,231,0.991421,1.000000,4.759243
allc,1.00,6,232,0.988365,1.000000,4.750419
allc,1.00,6,233,0.994461,1.000000,4.951291
allc,1.00,6,234,0.991902,1.000000,4.940802
allc,1.00,6,235,0.995064,1.000000,4.858996
allc,1.00,6,236,0.988172,1.000000,4.593404
allc,1.00,6,237,0.991953,1.000000,4.738503
allc,1.00,6,238,0.993255,1.000000,4.773800
allc,1.00,6,239,0.995886,1.000000,4.977283
allc,1.00,6,240,0.994211,1.000000,5.172764
allc,1.00,6,241,0.994151,1.000000,5.067295
allc,1.00,6,242,0.996754,1.000000,5.157116
allc,1.00,6,243,0.995285,1.000000,4.930702
allc,1.00,6,244,0.995114,1.000000,4.811095
allc,1.00,6,245,0.993519,1.000000,4.743816
allc,1.00,6,246,0.988425,1.000000,4.623068
allc,1.00,6,247,0.993535,1.000000,4.833183
allc,1.00,6,248,0.994910,1.000000,4.974732
allc,1.00,6,249,0.992002,1.000000,4.864809
allc,1.00,6,250,0.992985,1.000000,4.921147
allc,1.00,6,251,0.994647,1.000000,4.830420
allc,1.00,6,252,0.995354,1.000000,5.022425
allc,1.00,6,253,0.996592,1.000000,5.002854
allc,1.00,6,254,0.995277,1.000000,5.138338
allc,1.00,6,255,0.993397,1.000000,4.805318
allc,1.00,6,256,0.994703,1.000000,4.919834
allc,1.00,6,257,0.997954,1.000000,5.068578
allc,1.00,6,258,0.995979,1.000000,4.976950
allc,1.00,6,259,0.991180,1.000000,4.858074
allc,1.00,6,260,0.990968,1.000000,4.646708
allc,1.00,6,261,0.989725,1.000000,4.857313
allc,1.00,6,262,0.993645,1.000000,4.930019
allc,1.00,6,263,0.994332,1.000000,4.955183
allc,1.00,6,264,0.994301,1.000000,4.963248
allc,1.00,6,265,0.994703,1.000000,4.974821
allc,1.00,6,266,0.996615,1.000000,5.031253
allc,1.00,6,267,0.993266,1.000000,4.974058
allc,1.00,6,268,0.990000,1.000000,4.767735
allc,1.00,6,269,0.990441,1.000000,4.730267
allc,1.00,6,270,0.992050,1.000000,4.879254
allc,1.00,6,271,0.992796,1.000000,4.941125
allc,1.00,6,272,0.997459,1.000000,5.132972
allc,1.00,6,273,0.990428,1.000000,4.865693
allc,1.00,6,274,0.993834,1.000000,4.983988
allc,1.00,6,275,0.995577,1.000000,4.798454
allc,1.00,6,276,0.995163,1.000000,5.008471
allc,1.00,6,277,0.994032,1.000000,4.888534
allc,1.00,6,278,0.994157,1.000000,4.930306
allc,1.00,6,279,0.989229,1.000000,4.873724
allc,1.00,6,280,0.991184,1.000000,4.801677
allc,1.00,6,281,0.993331,1.000000,4.778181
allc,1.00,6,282,0.987499,1.000000,4.762659
allc,1.00,6,283,0.993537,1.000000,4.883489
allc,1.00,6,284,0.994946,1.000000,4.930026
allc,1.00,6,285,0.989825,1.000000,4.732138
allc,1.00,6,286,0.996180,1.000000,5.049600
allc,1.00,6,287,0.994015,1.000000,4.788504
allc,1.00,6,288,0.995779,1.000000,4.982528
allc,1.00,6,289,0.996046,1.000000,5.007943
allc,1.00,6,290,0.994690,1.000000,5.034874
allc,1.00,6,291,0.985862,1.000000,4.723727
allc,1.00,6,292,0.994403,1.000000,4.817506
allc,1.00,6,293,0.981941,1.000000,4.502612
allc,1.00,6,294,0.994344,1.000000,4.780036
allc,1.00,6,295,0.993692,1.000000,4.978280
allc,1.00,6,296,0.990012,1.000000,4.834039
allc,1.00,6,297,0.994810,1.000000,4.994352
allc,1.00,6,298,0.994882,1.000000,4.812883
allc,1.00,6,299,0.995249,1.000000,4.971842
allc,1.00,6,300,0.993817,1.000000,4.862814
allc,1.00,6,301,0.991132,1.000000,4.797009
allc,1.00,6,302,0.994078,1.000000,4.918378
allc,1.00,6,303,0.995714,1.000000,4.941231
allc,1.00,6,304,0.993296,1.000000,4.913831
allc,1.00,6,305,0.995853,1.000000,4.861536
allc,1.00,6,306,0.994425,1.000000,4.902261
allc,1.00,6,307,0.994833,1.000000,4.878945
allc,1.00,6,308,0.992224,1.000000,4.779994
allc,1.00,6,309,0.993193,1.000000,4.867328
allc,1.00,6,310,0.993050,1.000000,4.859455
allc,1.00,6,311,0.995507,1.000000,4.947188
allc,1.00,6,312,0.994844,1.000000,4.955235
allc,1.00,6,313,0.994649,1.000000,4.965835
allc,1.00,6,314,0.979056,1.000000,4.730682
allc,1.00,6,315,0.993919,1.000000,4.905250
allc,1.00,6,316,0.992123,1.000000,4.773389
allc,1.00,6,317,0.983958,1.000000,4.725107
allc,1.00,6,318,0.995648,1.000000,4.871399
allc,1.00,6,319,0.992876,1.000000,4.804534
allc,1.00,6,320,0.989285,1.000000,4.830019
allc,1.00,6,321,0.996829,1.000000,4.904900
allc,1.00,6,322,0.992074,1.000000,4.891417
allc,1.00,6,323,0.992371,1.000000,4.672869
allc,1.00,6,324,0.990456,1.000000,4.672378
allc,1.00,6,325,0.991247,1.000000,4.642931
allc,1.00,6,326,0.995539,1.000000,4.859835
allc,1.00,6,327,0.991890,1.000000,4.856148
allc,1.00,6,328,0.995205,1.000000,4.962933
allc,1.00,6,329,0.995295,1.000000,4.868154
allc,1.00,6,330,0.996422,1.000000,5.049078
allc,1.00,6,331,0.994540,1.000000,4.964673
allc,1.00,6,332,0.994067,1.000000,5.110485
allc,1.00,6,333,0.990318,1.000000,4.723528
allc,1.00,6,334,0.992868,1.000000,4.818512
allc,1.00,6,335,0.996015,1.000000,4.969060
allc,1.00,6,336,0.986428,1.000000,4.654847
allc,1.00,6,337,0.987399,1.000000,4.769628
allc,1.00,6,338,0.992744,1.000000,4.823171
allc,1.00,6,339,0.988363,1.000000,4.851611
allc,1.00,6,340,0.995003,1.000000,4.818274
allc,1.00,6,341,0.990889,1.000000,4.752969
allc,1.00,6,342,0.994552,1.000000,4.865922
allc,1.00,6,343,0.997034,1.000000,5.077080
allc,1.00,6,344,0.991938,1.000000,4.787496
allc,1.00,6,345,0.997671,1.000000,5.107342
allc,1.00,6,346,0.996514,1.000000,5.130667
allc,1.00,6,347,0.995718,1.000000,4.984648
allc,1.00,6,348,0.993407,1.000000,4.895614
allc,1.00,6,349,0.990537,1.000000,4.643747
allc,1.00,6,350,0.996451,1.000000,5.083728
allc,1.00,6,351,0.990609,1.000000,4.956181
allc,1.00,6,352,0.990241,1.000000,4.994778
allc,1.00,6,353,0.996984,1.000000,5.075791
allc,1.00,6,354,0.993329,1.000000,4.815240
allc,1.00,6,355,0.992207,1.000000,4.666953
allc,1.00,6,356,0.994964,1.000000,4.929983
allc,1.00,6,357,0.989756,1.000000,4.577219
allc,1.00,6,358,0.996917,1.000000,5.155120
allc,1.00,6,359,0.996554,1.000000,5.160639
allc,1.00,6,360,0.991021,1.000000,4.799555
allc,1.00,6,361,0.990696,1.000000,4.775393
allc,1.00,6,362,0.990489,1.000000,4.840342
allc,1.00,6,363,0.995234,1.000000,4.768617
allc,1.00,6,364,0.989664,1.000000,4.666737
allc,1.00,6,365,0.985121,1.000000,4.693368
allc,1.00,6,366,0.986618,1.000000,4.695153
allc,1.00,6,367,0.996257,1.000000,5.111751
allc,1.00,6,368,0.993558,1.000000,4.792041
allc,1.00,6,369,0.998079,1.000000,5.026993
allc,1.00,6,370,0.996190,1.000000,4.796995
allc,1.00,6,371,0.994280,1.000000,4.783612
allc,1.00,6,372,0.989483,1.000000,4.751147
allc,1.00,6,373,0.996609,1.000000,4.901773
allc,1.00,6,374,0.987869,1.000000,4.719629
allc,1.00,6,375,0.996971,1.000000,4.865489
allc,1.00,6,376,0.997562,1.000000,5.236534
allc,1.00,6,377,0.992514,1.000000,4.873347
allc,1.00,6,378,0.994632,1.000000,4.842702
allc,1.00,6,379,0.989111,1.000000,4.855237
allc,1.00,6,380,0.991757,1.000000,4.641900
allc,1.00,6,381,0.989812,1.000000,4.697940
allc,1.00,6,382,0.990987,1.000000,4.810757
allc,1.00,6,383,0.993002,1.000000,4.877555
allc,1.00,6,384,0.990153,1.000000,4.639769
allc,1.00,6,385,0.997975,1.000000,5.210840
allc,1.00,6,386,0.993352,1.000000,4.780841
allc,1.00,6,387,0.992868,1.000000,4.731577
allc,1.00,6,388,0.995641,1.000000,4.883529
allc,1.00,6,389,0.992968,1.000000,4.760994
allc,1.00,6,390,0.991491,1.000000,4.952063
allc,1.00,6,391,0.991157,1.000000,4.878242
allc,1.00,6,392,0.994049,1.000000,4.996347
allc,1.00,6,393,0.994064,1.000000,4.913599
allc,1.00,6,394,0.989382,1.000000,4.758468
allc,1.00,6,395,0.987527,1.000000,4.643265
allc,1.00,6,396,0.996733,1.000000,4.919077
allc,1.00,6,397,0.994102,1.000000,4.981559
allc,1.00,6,398,0.994972,1.000000,4.891923
allc,1.00,6,399,0.991403,1.000000,4.786716
allc,1.00,6,400,0.997153,1.000000,5.048502
allc,1.00,6,401,0.993772,1.000000,5.047414
allc,1.00,6,402,0.990902,1.000000,4.799416
allc,1.00,6,403,0.991117,1.000000,4.748938
allc,1.00,6,404,0.994315,1.000000,4.978691
allc,1.00,6,405,0.994179,1.000000,5.055843
allc,1.00,6,406,0.994529,1.000000,4.798958
allc,1.00,6,407,0.992869,1.000000,4.638481
allc,1.00,6,408,0.993444,1.000000,4.755000
allc,1.00,6,409,0.996269,1.000000,4.899301
allc,1.00,6,410,0.994298,1.000000,4.946559
allc,1.00,6,411,0.997710,1.000000,5.302912
allc,1.00,6,412,0.994694,1.000000,5.077764
allc,1.00,6,413,0.993733,1.000000,4.908313
allc,1.00,6,414,0.988508,1.000000,4.761863
allc,1.00,6,415,0.979330,1.000000,4.671371
allc,1.00,6,416,0.995890,1.000000,5.144308
allc,1.00,6,417,0.991843,1.000000,4.854358
allc,1.00,6,418,0.994370,1.000000,4.974657
allc,1.00,6,419,0.992648,1.000000,4.860342
allc,1.00,6,420,0.991055,1.000000,4.729038
allc,1.00,6,421,0.995246,1.000000,4.770247
allc,1.00,6,422,0.990695,1.000000,4.721267
allc,1.00,6,423,0.994261,1.000000,4.916849
allc,1.00,6,424,0.992345,1.000000,4.772635
allc,1.00,6,425,0.992640,1.000000,4.969447
allc,1.00,6,426,0.988950,1.000000,4.793256
allc,1.00,6,427,0.992915,1.000000,4.885840
allc,1.00,6,428,0.993512,1.000000,4.904272
allc,1.00,6,429,0.994893,1.000000,4.940126
allc,1.00,6,430,0.996333,1.000000,5.014932
allc,1.00,6,431,0.995758,1.000000,5.029596
allc,1.00,6,432,0.995089,1.000000,4.864909
allc,1.00,6,433,0.995460,1.000000,4.726568
allc,1.00,6,434,0.991371,1.000000,4.728359
allc,1.00,6,435,0.992219,1.000000,4.842213
allc,1.00,6,436,0.986302,1.000000,4.626083
allc,1.00,6,437,0.993282,1.000000,4.806461
allc,1.00,6,438,0.993877,1.000000,4.899231
allc,1.00,6,439,0.993980,1.000000,4.636781
allc,1.00,6,440,0.993146,1.000000,5.021356
allc,1.00,6,441,0.994899,1.000000,4.913834
allc,1.00,6,442,0.994050,1.000000,4.996837
allc,1.00,6,443,0.992531,1.000000,4.890678
allc,1.00,6,444,0.997058,1.000000,5.157565
allc,1.00,6,445,0.993385,1.000000,4.996144
allc,1.00,6,446,0.993363,1.000000,4.841662
allc,1.00,6,447,0.994543,1.000000,4.801810
allc,1.00,6,448,0.995193,1.000000,5.119235
allc,1.00,6,449,0.994443,1.000000,4.975135
allc,1.00,6,450,0.993285,1.000000,4.791420
allc,1.00,6,451,0.995835,1.000000,4.936872
allc,1.00,6,452,0.994531,1.000000,4.688172
allc,1.00,6,453,0.995371,1.000000,4.993925
allc,1.00,6,454,0.979013,1.000000,4.586367
allc,1.00,6,455,0.995252,1.000000,4.870080
allc,1.00,6,456,0.994002,1.000000,4.935933
allc,1.00,6,457,0.993823,1.000000,5.050361
allc,1.00,6,458,0.993226,1.000000,4.745830
allc,1.00,6,459,0.996186,1.000000,4.803916
allc,1.00,6,460,0.995898,1.000000,4.942453
allc,1.00,6,461,0.994591,1.000000,4.858400
allc,1.00,6,462,0.993185,1.000000,4.971968
allc,1.00,6,463,0.993512,1.000000,4.966424
allc,1.00,6,464,0.994353,1.000000,5.077328
allc,1.00,6,465,0.995785,1.000000,4.934626
allc,1.00,6,466,0.995614,1.000000,4.957142
allc,1.00,6,467,0.992192,1.000000,4.672348
allc,1.00,6,468,0.996229,1.000000,4.963062
allc,1.00,6,469,0.987783,1.000000,4.634755
allc,1.00,6,470,0.991477,1.000000,4.769919
allc,1.00,6,471,0.989310,1.000000,4.714688
allc,1.00,6,472,0.995933,1.000000,5.017946
allc,1.00,6,473,0.993876,1.000000,4.845145
allc,1.00,6,474,0.994202,1.000000,4.992580
allc,1.00,6,475,0.995173,1.000000,5.012352
allc,1.00,6,476,0.996549,1.000000,5.052456
allc,1.00,6,477,0.992174,1.000000,4.854047
allc,1.00,6,478,0.994143,1.000000,4.864098
allc,1.00,6,479,0.996441,1.000000,4.934280
allc,1.00,6,480,0.995812,1.000000,4.890010
allc,1.00,6,481,0.993536,1.000000,4.739474
allc,1.00,6,482,0.993195,1.000000,4.646748
allc,1.00,6,483,0.991922,1.000000,4.782894
allc,1.00,6,484,0.991563,1.000000,4.734700
allc,1.00,6,485,0.995156,1.000000,4.905843
allc,1.00,6,486,0.994429,1.000000,4.908316
allc,1.00,6,487,0.994391,1.000000,5.013028
allc,1.00,6,488,0.996066,1.000000,5.099690
allc,1.00,6,489,0.994839,1.000000,5.052996
allc,1.00,6,490,0.995723,1.000000,4.890233
allc,1.00,6,491,0.990776,1.000000,4.750393
allc,1.00,6,492,0.995744,1.000000,4.912963
allc,1.00,6,493,0.990664,1.000000,4.747303
allc,1.00,6,494,0.993948,1.000000,4.976429
allc,1.00,6,495,0.993583,1.000000,5.085764
allc,1.00,6,496,0.990979,1.000000,4.794847
allc,1.00,6,497,0.985816,1.000000,4.749760
allc,1.00,6,498,0.992056,1.000000,4.936667
allc,1.00,6,499,0.992225,1.000000,4.785111
coupled,0.00,7,0,0.977435,1.000000,4.547833
coupled,0.00,7,1,0.982480,1.000000,4.865742
coupled,0.00,7,2,0.988298,1.000000,4.806475
coupled,0.00,7,3,0.985862,1.000000,4.595138
coupled,0.00,7,4,0.978736,1.000000,4.506105
coupled,0.00,7,5,0.983491,1.000000,4.895203
coupled,0.00,7,6,0.987447,1.000000,4.637136
coupled,0.00,7,7,0.981756,1.000000,4.728096
coupled,0.00,7,8,0.981338,1.000000,4.729082
coupled,0.00,7,9,0.982286,1.000000,4.700927
coupled,0.00,7,10,0.985401,1.000000,4.776818
coupled,0.00,7,11,0.982341,1.000000,4.683161
coupled,0.00,7,12,0.986208,1.000000,4.427991
coupled,0.00,7,13,0.970051,1.000000,4.630469
coupled,0.00,7,14,0.977469,1.000000,4.541928
coupled,0.00,7,15,0.970786,1.000000,4.735154
coupled,0.00,7,16,0.985252,1.000000,4.742455
coupled,0.00,7,17,0.980027,1.000000,4.503532
coupled,0.00,7,18,0.964812,1.000000,4.724423
coupled,0.00,7,19,0.983618,1.000000,5.148873
coupled,0.00,7,20,0.990751,1.000000,4.946601
coupled,0.00,7,21,0.989631,1.000000,4.794948
coupled,0.00,7,22,0.985778,1.000000,4.578842
coupled,0.00,7,23,0.976408,1.000000,4.608755
coupled,0.00,7,24,0.980714,1.000000,4.588786
coupled,0.00,7,25,0.983516,1.000000,4.659182
coupled,0.00,7,26,0.983034,1.000000,4.891537
coupled,0.00,7,27,0.986597,1.000000,4.700316
coupled,0.00,7,28,0.984346,1.000000,4.826551
coupled,0.00,7,29,0.989161,1.000000,4.715291
coupled,0.00,7,30,0.978536,1.000000,4.749511
coupled,0.00,7,31,0.984953,1.000000,4.464491
coupled,0.00,7,32,0.974188,1.000000,4.491677
coupled,0.00,7,33,0.984970,1.000000,4.924909
coupled,0.00,7,34,0.983735,1.000000,4.295744
coupled,0.00,7,35,0.976750,1.000000,4.533457
coupled,0.00,7,36,0.976715,1.000000,4.571221
coupled,0.00,7,37,0.985257,1.000000,4.551956
coupled,0.00,7,38,0.984390,1.000000,4.801800
coupled,0.00,7,39,0.980092,1.000000,4.581642
coupled,0.00,7,40,0.984519,1.000000,4.612800
coupled,0.00,7,41,0.982328,1.000000,4.571018
coupled,0.00,7,42,0.983046,1.000000,4.563975
coupled,0.00,7,43,0.977228,1.000000,4.869252
coupled,0.00,7,44,0.983554,1.000000,4.737793
coupled,0.00,7,45,0.981819,1.000000,4.554220
coupled,0.00,7,46,0.982403,1.000000,4.687830
coupled,0.00,7,47,0.985183,1.000000,4.425009
coupled,0.00,7,48,0.975789,1.000000,4.582667
coupled,0.00,7,49,0.980611,1.000000,4.462350
coupled,0.00,7,50,0.978416,1.000000,4.341783
coupled,0.00,7,51,0.978683,1.000000,4.416568
coupled,0.00,7,52,0.978119,1.000000,4.641293
coupled,0.00,7,53,0.982195,1.000000,4.670642
coupled,0.00,7,54,0.984013,1.000000,4.741315
coupled,0.00,7,55,0.982104,1.000000,4.841850
coupled,0.00,7,56,0.986858,1.000000,5.004889
coupled,0.00,7,57,0.989152,1.000000,4.697559
coupled,0.00,7,58,0.982939,1.000000,4.467740
coupled,0.00,7,59,0.979924,1.000000,4.563125
coupled,0.00,7,60,0.985471,1.000000,4.643310
coupled,0.00,7,61,0.977442,1.000000,4.775416
coupled,0.00,7,62,0.985257,1.000000,4.526391
coupled,0.00,7,63,0.982779,1.000000,4.643616
coupled,0.00,7,64,0.984398,1.000000,4.676795
coupled,0.00,7,65,0.982740,1.000000,4.676882
coupled,0.00,7,66,0.970181,1.000000,4.781618
coupled,0.00,7,67,0.985681,1.000000,4.536545
coupled,0.00,7,68,0.983152,1.000000,4.353718
coupled,0.00,7,69,0.981644,1.000000,4.489819
coupled,0.00,7,70,0.979904,1.000000,4.569351
coupled,0.00,7,71,0.982520,1.000000,4.559519
coupled,0.00,7,72,0.983749,1.000000,4.713646
coupled,0.00,7,73,0.987450,1.000000,4.530500
coupled,0.00,7,74,0.980214,1.000000,4.783458
coupled,0.00,7,75,0.992135,1.000000,4.460671
coupled,0.00,7,76,0.975993,1.000000,4.740612
coupled,0.00,7,77,0.982866,1.000000,4.442047
coupled,0.00,7,78,0.980423,1.000000,4.447906
coupled,0.00,7,79,0.978461,1.000000,4.582559
coupled,0.00,7,80,0.981406,1.000000,4.703096
coupled,0.00,7,81,0.985526,1.000000,4.721915
coupled,0.00,7,82,0.978377,1.000000,4.708028
coupled,0.00,7,83,0.988387,1.000000,4.671371
coupled,0.00,7,84,0.977780,1.000000,4.446905
coupled,0.00,7,85,0.972564,1.000000,4.375334
coupled,0.00,7,86,0.973067,1.000000,4.839176
coupled,0.00,7,87,0.988217,1.000000,4.718701
coupled,0.00,7,88,0.987163,1.000000,4.762441
coupled,0.00,7,89,0.988456,1.000000,4.760622
coupled,0.00,7,90,0.987763,1.000000,4.665312
coupled,0.00,7,91,0.987404,1.000000,4.989616
coupled,0.00,7,92,0.988832,1.000000,4.341464
coupled,0.00,7,93,0.971895,1.000000,4.513024
coupled,0.00,7,94,0.980167,1.000000,4.755745
coupled,0.00,7,95,0.983521,1.000000,4.462357
coupled,0.00,7,96,0.979254,1.000000,4.357215
coupled,0.00,7,97,0.981040,1.000000,4.692399
coupled,0.00,7,98,0.980851,1.000000,4.960199
coupled,0.00,7,99,0.988492,1.000000,4.970155
coupled,0.00,7,100,0.991021,1.000000,4.742361
coupled,0.00,7,101,0.988267,1.000000,4.640734
coupled,0.00,7,102,0.985312,1.000000,4.555483
coupled,0.00,7,103,0.982120,1.000000,4.859082
coupled,0.00,7,104,0.980252,1.000000,4.718597
coupled,0.00,7,105,0.985108,1.000000,4.731978
coupled,0.00,7,106,0.986687,1.000000,5.079226
coupled,0.00,7,107,0.985698,1.000000,4.456964
coupled,0.00,7,108,0.975217,1.000000,4.585663
coupled,0.00,7,109,0.985197,1.000000,4.756236
coupled,0.00,7,110,0.981685,1.000000,4.760085
coupled,0.00,7,111,0.987553,1.000000,4.800953
coupled,0.00,7,112,0.986570,1.000000,4.834102
coupled,0.00,7,113,0.986755,1.000000,4.417778
coupled,0.00,7,114,0.978201,1.000000,4.819456
coupled,0.00,7,115,0.977043,1.000000,4.710962
coupled,0.00,7,116,0.985833,1.000000,4.457834
coupled,0.00,7,117,0.975595,1.000000,4.440382
coupled,0.00,7,118,0.979009,1.000000,4.558513
coupled,0.00,7,119,0.981857,1.000000,4.487196
coupled,0.00,7,120,0.973249,1.000000,4.336881
coupled,0.00,7,121,0.976733,1.000000,4.463680
coupled,0.00,7,122,0.982187,1.000000,4.609839
coupled,0.00,7,123,0.982966,1.000000,4.654564
coupled,0.00,7,124,0.985509,1.000000,4.595517
coupled,0.00,7,125,0.978188,1.000000,4.568669
coupled,0.00,7,126,0.978914,1.000000,4.514013
coupled,0.00,7,127,0.978796,1.000000,4.524752
coupled,0.00,7,128,0.980414,1.000000,4.737671
coupled,0.00,7,129,0.986115,1.000000,4.696311
coupled,0.00,7,130,0.981449,1.000000,4.835259
coupled,0.00,7,131,0.984948,1.000000,4.821319
coupled,0.00,7,132,0.987981,1.000000,4.731348
coupled,0.00,7,133,0.990345,1.000000,4.849971
coupled,0.00,7,134,0.991293,1.000000,4.653507
coupled,0.00,7,135,0.985282,1.000000,4.624500
coupled,0.00,7,136,0.984537,1.000000,4.522161
coupled,0.00,7,137,0.976339,1.000000,4.578538
coupled,0.00,7,138,0.982810,1.000000,4.582529
coupled,0.00,7,139,0.981880,1.000000,4.449266
coupled,0.00,7,140,0.976125,1.000000,4.644795
coupled,0.00,7,141,0.987404,1.000000,4.512744
coupled,0.00,7,142,0.982841,1.000000,4.345523
coupled,0.00,7,143,0.977194,1.000000,4.531166
coupled,0.00,7,144,0.976800,1.000000,4.473624
coupled,0.00,7,145,0.978118,1.000000,4.676934
coupled,0.00,7,146,0.986879,1.000000,4.715411
coupled,0.00,7,147,0.986979,1.000000,4.470111
coupled,0.00,7,148,0.980090,1.000000,4.594337
coupled,0.00,7,149,0.983060,1.000000,4.362187
coupled,0.00,7,150,0.977998,1.000000,4.571134
coupled,0.00,7,151,0.984449,1.000000,4.695157
coupled,0.00,7,152,0.983782,1.000000,4.462841
coupled,0.00,7,153,0.973577,1.000000,4.681057
coupled,0.00,7,154,0.987993,1.000000,4.615433
coupled,0.00,7,155,0.978720,1.000000,4.572026
coupled,0.00,7,156,0.978222,1.000000,4.782774
coupled,0.00,7,157,0.986809,1.000000,4.785585
coupled,0.00,7,158,0.987728,1.000000,4.633372
coupled,0.00,7,159,0.985923,1.000000,4.441452
coupled,0.00,7,160,0.980076,1.000000,4.558151
coupled,0.00,7,161,0.984252,1.000000,4.799319
coupled,0.00,7,162,0.987783,1.000000,4.537363
coupled,0.00,7,163,0.979110,1.000000,4.561905
coupled,0.00,7,164,0.983209,1.000000,4.520517
coupled,0.00,7,165,0.984786,1.000000,4.631970
coupled,0.00,7,166,0.985134,1.000000,4.582471
coupled,0.00,7,167,0.980011,1.000000,4.687752
coupled,0.00,7,168,0.984493,1.000000,4.437384
coupled,0.00,7,169,0.977562,1.000000,4.435835
coupled,0.00,7,170,0.980211,1.000000,4.745003
coupled,0.00,7,171,0.986501,1.000000,4.560124
coupled,0.00,7,172,0.982413,1.000000,4.664150
coupled,0.00,7,173,0.980320,1.000000,4.609688
coupled,0.00,7,174,0.982466,1.000000,4.673429
coupled,0.00,7,175,0.981991,1.000000,4.797743
coupled,0.00,7,176,0.985996,1.000000,4.793405
coupled,0.00,7,177,0.983552,1.000000,4.512639
coupled,0.00,7,178,0.972787,1.000000,4.612481
coupled,0.00,7,179,0.983586,1.000000,4.563332
coupled,0.00,7,180,0.986342,1.000000,4.385636
coupled,0.00,7,181,0.974844,1.000000,4.638349
coupled,0.00,7,182,0.983083,1.000000,4.805405
coupled,0.00,7,183,0.989106,1.000000,4.501188
coupled,0.00,7,184,0.971075,1.000000,4.666202
coupled,0.00,7,185,0.978723,1.000000,4.882450
coupled,0.00,7,186,0.986621,1.000000,4.763473
coupled,0.00,7,187,0.987335,1.000000,4.913911
coupled,0.00,7,188,0.988623,1.000000,4.623286
coupled,0.00,7,189,0.978435,1.000000,4.691557
coupled,0.00,7,190,0.985561,1.000000,4.831616
coupled,0.00,7,191,0.988258,1.000000,5.061936
coupled,0.00,7,192,0.988902,1.000000,4.761750
coupled,0.00,7,193,0.984316,1.000000,4.757425
coupled,0.00,7,194,0.985329,1.000000,4.629891
coupled,0.00,7,195,0.983570,1.000000,4.575142
coupled,0.00,7,196,0.983043,1.000000,4.386867
coupled,0.00,7,197,0.975940,1.000000,4.929752
coupled,0.00,7,198,0.985109,1.000000,4.759965
coupled,0.00,7,199,0.982388,1.000000,4.872364
coupled,0.00,7,200,0.984380,1.000000,4.241262
coupled,0.00,7,201,0.970161,1.000000,4.461970
coupled,0.00,7,202,0.973164,1.000000,4.429016
coupled,0.00,7,203,0.980404,1.000000,4.443877
coupled,0.00,7,204,0.979063,1.000000,4.673356
coupled,0.00,7,205,0.988908,1.000000,4.669788
coupled,0.00,7,206,0.985704,1.000000,4.969972
coupled,0.00,7,207,0.987080,1.000000,4.899131
coupled,0.00,7,208,0.988848,1.000000,4.756209
coupled,0.00,7,209,0.989233,1.000000,4.660160
coupled,0.00,7,210,0.984159,1.000000,4.703127
coupled,0.00,7,211,0.982006,1.000000,4.585554
coupled,0.00,7,212,0.978239,1.000000,4.331844
coupled,0.00,7,213,0.978817,1.000000,4.452419
coupled,0.00,7,214,0.979568,1.000000,4.713678
coupled,0.00,7,215,0.987482,1.000000,4.602868
coupled,0.00,7,216,0.981454,1.000000,4.779068
coupled,0.00,7,217,0.981335,1.000000,4.801268
coupled,0.00,7,218,0.986915,1.000000,4.576928
coupled,0.00,7,219,0.984628,1.000000,4.253714
coupled,0.00,7,220,0.962908,1.000000,4.716486
coupled,0.00,7,221,0.986781,1.000000,4.814883
coupled,0.00,7,222,0.984637,1.000000,4.603885
coupled,0.00,7,223,0.983171,1.000000,4.436258
coupled,0.00,7,224,0.972466,1.000000,4.216535
coupled,0.00,7,225,0.971594,1.000000,4.869520
coupled,0.00,7,226,0.989368,1.000000,4.709558
coupled,0.00,7,227,0.984151,1.000000,4.889851
coupled,0.00,7,228,0.990282,1.000000,4.705835
coupled,0.00,7,229,0.978854,1.000000,4.812864
coupled,0.00,7,230,0.990483,1.000000,4.732010
coupled,0.00,7,231,0.985543,1.000000,4.832501
coupled,0.00,7,232,0.985011,1.000000,4.712428
coupled,0.00,7,233,0.986405,1.000000,4.882460
coupled,0.00,7,234,0.984507,1.000000,4.726055
coupled,0.00,7,235,0.979692,1.000000,5.070586
coupled,0.00,7,236,0.988752,1.000000,4.593770
coupled,0.00,7,237,0.979881,1.000000,4.903879
coupled,0.00,7,238,0.989384,1.000000,4.586859
coupled,0.00,7,239,0.981108,1.000000,4.609319
coupled,0.00,7,240,0.975504,1.000000,4.871916
coupled,0.00,7,241,0.990839,1.000000,4.872038
coupled,0.00,7,242,0.982227,1.000000,4.625178
coupled,0.00,7,243,0.983644,1.000000,4.569761
coupled,0.00,7,244,0.987582,1.000000,4.657965
coupled,0.00,7,245,0.982624,1.000000,4.761637
coupled,0.00,7,246,0.987486,1.000000,4.611850
coupled,0.00,7,247,0.988779,1.000000,4.691972
coupled,0.00,7,248,0.983006,1.000000,4.632643
coupled,0.00,7,249,0.985137,1.000000,4.434410
coupled,0.00,7,250,0.975700,1.000000,4.605968
coupled,0.00,7,251,0.984428,1.000000,4.530548
coupled,0.00,7,252,0.984344,1.000000,4.491870
coupled,0.00,7,253,0.980293,1.000000,4.779904
coupled,0.00,7,254,0.988433,1.000000,4.507848
coupled,0.00,7,255,0.979000,1.000000,4.615643
coupled,0.00,7,256,0.980932,1.000000,4.504673
coupled,0.00,7,257,0.988257,1.000000,4.540635
coupled,0.00,7,258,0.980488,1.000000,4.368908
coupled,0.00,7,259,0.977858,1.000000,4.447513
coupled,0.00,7,260,0.981560,1.000000,4.375075
coupled,0.00,7,261,0.974248,1.000000,4.585390
coupled,0.00,7,262,0.983459,1.000000,4.830618
coupled,0.00,7,263,0.988924,1.000000,4.776806
coupled,0.00,7,264,0.983304,1.000000,4.709671
coupled,0.00,7,265,0.985345,1.000000,4.567424
coupled,0.00,7,266,0.982136,1.000000,4.541212
coupled,0.00,7,267,0.980007,1.000000,4.769789
coupled,0.00,7,268,0.980690,1.000000,4.814529
coupled,0.00,7,269,0.984677,1.000000,4.896960
coupled,0.00,7,270,0.983769,1.000000,4.875256
coupled,0.00,7,271,0.985670,1.000000,4.719378
coupled,0.00,7,272,0.978822,1.000000,4.705486
coupled,0.00,7,273,0.977168,1.000000,4.674441
coupled,0.00,7,274,0.985356,1.000000,4.731678
coupled,0.00,7,275,0.983711,1.000000,4.713660
coupled,0.00,7,276,0.990365,1.000000,4.996977
coupled,0.00,7,277,0.988581,1.000000,4.775817
coupled,0.00,7,278,0.990369,1.000000,4.678867
coupled,0.00,7,279,0.982973,1.000000,4.516891
coupled,0.00,7,280,0.981453,1.000000,4.676948
coupled,0.00,7,281,0.984784,1.000000,5.045328
coupled,0.00,7,282,0.991212,1.000000,4.585369
coupled,0.00,7,283,0.977701,1.000000,4.549074
coupled,0.00,7,284,0.975506,1.000000,4.544609
coupled,0.00,7,285,0.982179,1.000000,4.531780
coupled,0.00,7,286,0.980809,1.000000,4.652280
coupled,0.00,7,287,0.983327,1.000000,4.964292
coupled,0.00,7,288,0.987393,1.000000,4.816722
coupled,0.00,7,289,0.987319,1.000000,4.731713
coupled,0.00,7,290,0.984793,1.000000,4.670837
coupled,0.00,7,291,0.980715,1.000000,4.830554
coupled,0.00,7,292,0.988261,1.000000,5.045078
coupled,0.00,7,293,0.984782,1.000000,4.717938
coupled,0.00,7,294,0.985396,1.000000,4.691167
coupled,0.00,7,295,0.980938,1.000000,4.688889
coupled,0.00,7,296,0.986798,1.000000,4.556592
coupled,0.00,7,297,0.986381,1.000000,4.405466
coupled,0.00,7,298,0.976587,1.000000,4.492131
coupled,0.00,7,299,0.980416,1.000000,4.340621
coupled,0.00,7,300,0.968713,1.000000,4.454882
coupled,0.00,7,301,0.981995,1.000000,4.636058
coupled,0.00,7,302,0.986328,1.000000,4.679990
coupled,0.00,7,303,0.985866,1.000000,4.469845
coupled,0.00,7,304,0.978821,1.000000,4.483258
coupled,0.00,7,305,0.978473,1.000000,4.661648
coupled,0.00,7,306,0.978323,1.000000,4.836438
coupled,0.00,7,307,0.986037,1.000000,4.806469
coupled,0.00,7,308,0.981686,1.000000,4.787814
coupled,0.00,7,309,0.986800,1.000000,4.895449
coupled,0.00,7,310,0.991352,1.000000,4.939263
coupled,0.00,7,311,0.988836,1.000000,4.511139
coupled,0.00,7,312,0.982344,1.000000,4.502354
coupled,0.00,7,313,0.981549,1.000000,4.734831
coupled,0.00,7,314,0.981798,1.000000,4.546959
coupled,0.00,7,315,0.985902,1.000000,4.727730
coupled,0.00,7,316,0.984540,1.000000,4.920549
coupled,0.00,7,317,0.983793,1.000000,4.381449
coupled,0.00,7,318,0.980237,1.000000,4.462036
coupled,0.00,7,319,0.979485,1.000000,4.634694
coupled,0.00,7,320,0.979098,1.000000,4.643660
coupled,0.00,7,321,0.980102,1.000000,4.681791
coupled,0.00,7,322,0.979278,1.000000,4.592372
coupled,0.00,7,323,0.979193,1.000000,4.412874
coupled,0.00,7,324,0.976344,1.000000,4.716236
coupled,0.00,7,325,0.977458,1.000000,4.718810
coupled,0.00,7,326,0.983648,1.000000,4.497339
coupled,0.00,7,327,0.974603,1.000000,4.559341
coupled,0.00,7,328,0.981799,1.000000,4.461711
coupled,0.00,7,329,0.977731,1.000000,4.634090
coupled,0.00,7,330,0.974194,1.000000,4.691572
coupled,0.00,7,331,0.985069,1.000000,4.948294
coupled,0.00,7,332,0.989704,1.000000,4.865051
coupled,0.00,7,333,0.985884,1.000000,4.831366
coupled,0.00,7,334,0.988675,1.000000,4.458793
coupled,0.00,7,335,0.978181,1.000000,4.536233
coupled,0.00,7,336,0.985288,1.000000,4.593208
coupled,0.00,7,337,0.970629,1.000000,4.556882
coupled,0.00,7,338,0.972594,1.000000,4.666026
coupled,0.00,7,339,0.979344,1.000000,4.701583
coupled,0.00,7,340,0.984201,1.000000,4.552279
coupled,0.00,7,341,0.982051,1.000000,4.608462
coupled,0.00,7,342,0.986966,1.000000,4.715821
coupled,0.00,7,343,0.978253,1.000000,4.801295
coupled,0.00,7,344,0.986268,1.000000,4.330145
coupled,0.00,7,345,0.977201,1.000000,4.499548
coupled,0.00,7,346,0.984135,1.000000,4.794059
coupled,0.00,7,347,0.986759,1.000000,4.720340
coupled,0.00,7,348,0.982432,1.000000,4.788119
coupled,0.00,7,349,0.982082,1.000000,4.592322
coupled,0.00,7,350,0.984261,1.000000,4.446247
coupled,0.00,7,351,0.980242,1.000000,4.581075
coupled,0.00,7,352,0.983721,1.000000,4.493796
coupled,0.00,7,353,0.985495,1.000000,4.466686
coupled,0.00,7,354,0.979836,1.000000,4.784866
coupled,0.00,7,355,0.977385,1.000000,4.693345
coupled,0.00,7,356,0.983063,1.000000,4.893793
coupled,0.00,7,357,0.986592,1.000000,4.461117
coupled,0.00,7,358,0.980840,1.000000,4.671690
coupled,0.00,7,359,0.987970,1.000000,4.662371
coupled,0.00,7,360,0.978505,1.000000,4.568356
coupled,0.00,7,361,0.979107,1.000000,4.657571
coupled,0.00,7,362,0.985277,1.000000,4.688589
coupled,0.00,7,363,0.988026,1.000000,4.429458
coupled,0.00,7,364,0.978358,1.000000,4.857537
coupled,0.00,7,365,0.985010,1.000000,4.631524
coupled,0.00,7,366,0.983333,1.000000,4.541344
coupled,0.00,7,367,0.983032,1.000000,4.573135
coupled,0.00,7,368,0.982875,1.000000,4.309635
coupled,0.00,7,369,0.973019,1.000000,4.723390
coupled,0.00,7,370,0.985769,1.000000,4.665800
coupled,0.00,7,371,0.981938,1.000000,4.824812
coupled,0.00,7,372,0.984009,1.000000,4.550987
coupled,0.00,7,373,0.975586,1.000000,4.541369
coupled,0.00,7,374,0.980493,1.000000,4.552075
coupled,0.00,7,375,0.979285,1.000000,4.660891
coupled,0.00,7,376,0.982770,1.000000,4.643596
coupled,0.00,7,377,0.983702,1.000000,4.649831
coupled,0.00,7,378,0.984376,1.000000,4.805253
coupled,0.00,7,379,0.986219,1.000000,4.526237
coupled,0.00,7,380,0.984246,1.000000,4.744992
coupled,0.00,7,381,0.988633,1.000000,4.732050
coupled,0.00,7,382,0.983409,1.000000,4.508134
coupled,0.00,7,383,0.979925,1.000000,4.832855
coupled,0.00,7,384,0.985352,1.000000,4.386158
coupled,0.00,7,385,0.969053,1.000000,4.615907
coupled,0.00,7,386,0.981520,1.000000,4.636711
coupled,0.00,7,387,0.983409,1.000000,4.673941
coupled,0.00,7,388,0.981901,1.000000,4.497293
coupled,0.00,7,389,0.977693,1.000000,4.789167
coupled,0.00,7,390,0.983087,1.000000,4.749543
coupled,0.00,7,391,0.985268,1.000000,4.516025
coupled,0.00,7,392,0.973100,1.000000,4.743693
coupled,0.00,7,393,0.988072,1.000000,4.906622
coupled,0.00,7,394,0.987507,1.000000,4.718536
coupled,0.00,7,395,0.982213,1.000000,4.653618
coupled,0.00,7,396,0.985631,1.000000,4.306234
coupled,0.00,7,397,0.976777,1.000000,4.540908
coupled,0.00,7,398,0.975997,1.000000,4.714008
coupled,0.00,7,399,0.983041,1.000000,4.709319
coupled,0.00,7,400,0.984959,1.000000,4.654649
coupled,0.00,7,401,0.983348,1.000000,4.645531
coupled,0.00,7,402,0.976429,1.000000,4.733086
coupled,0.00,7,403,0.984698,1.000000,4.723979
coupled,0.00,7,404,0.987035,1.000000,4.679899
coupled,0.00,7,405,0.981611,1.000000,4.822776
coupled,0.00,7,406,0.985468,1.000000,4.562435
coupled,0.00,7,407,0.979662,1.000000,4.437444
coupled,0.00,7,408,0.979603,1.000000,4.599547
coupled,0.00,7,409,0.985161,1.000000,4.539146
coupled,0.00,7,410,0.971256,1.000000,4.667711
coupled,0.00,7,411,0.983629,1.000000,4.687902
coupled,0.00,7,412,0.987030,1.000000,4.662547
coupled,0.00,7,413,0.982390,1.000000,4.597713
coupled,0.00,7,414,0.975728,1.000000,4.618036
coupled,0.00,7,415,0.978458,1.000000,4.348497
coupled,0.00,7,416,0.981182,1.000000,4.591926
coupled,0.00,7,417,0.973990,1.000000,4.447745
coupled,0.00,7,418,0.969894,1.000000,4.669766
coupled,0.00,7,419,0.978740,1.000000,4.604691
coupled,0.00,7,420,0.983124,1.000000,4.623034
coupled,0.00,7,421,0.985851,1.000000,4.820233
coupled,0.00,7,422,0.983121,1.000000,4.687643
coupled,0.00,7,423,0.989114,1.000000,4.575509
coupled,0.00,7,424,0.980818,1.000000,4.886684
coupled,0.00,7,425,0.990798,1.000000,4.579543
coupled,0.00,7,426,0.976704,1.000000,4.898876
coupled,0.00,7,427,0.983281,1.000000,4.796439
coupled,0.00,7,428,0.982504,1.000000,4.843665
coupled,0.00,7,429,0.985770,1.000000,4.472772
coupled,0.00,7,430,0.978704,1.000000,4.623102
coupled,0.00,7,431,0.984224,1.000000,4.437133
coupled,0.00,7,432,0.977233,1.000000,4.494506
coupled,0.00,7,433,0.972712,1.000000,4.415399
coupled,0.00,7,434,0.980509,1.000000,4.822888
coupled,0.00,7,435,0.984479,1.000000,4.824793
coupled,0.00,7,436,0.988119,1.000000,4.712189
coupled,0.00,7,437,0.977455,1.000000,4.572869
coupled,0.00,7,438,0.985687,1.000000,4.444988
coupled,0.00,7,439,0.972099,1.000000,4.761376
coupled,0.00,7,440,0.981925,1.000000,4.843519
coupled,0.00,7,441,0.989124,1.000000,4.841024
coupled,0.00,7,442,0.982377,1.000000,4.677761
coupled,0.00,7,443,0.982985,1.000000,4.767993
coupled,0.00,7,444,0.988451,1.000000,4.362049
coupled,0.00,7,445,0.972923,1.000000,4.446123
coupled,0.00,7,446,0.979029,1.000000,4.832003
coupled,0.00,7,447,0.990880,1.000000,4.818416
coupled,0.00,7,448,0.981718,1.000000,4.746406
coupled,0.00,7,449,0.987406,1.000000,4.689166
coupled,0.00,7,450,0.986428,1.000000,4.708205
coupled,0.00,7,451,0.975311,1.000000,4.650604
coupled,0.00,7,452,0.975996,1.000000,4.758129
coupled,0.00,7,453,0.981216,1.000000,5.028146
coupled,0.00,7,454,0.985969,1.000000,4.847561
coupled,0.00,7,455,0.982604,1.000000,4.851298
coupled,0.00,7,456,0.989333,1.000000,4.577255
coupled,0.00,7,457,0.983832,1.000000,4.598247
coupled,0.00,7,458,0.987163,1.000000,4.669279
coupled,0.00,7,459,0.980735,1.000000,4.771982
coupled,0.00,7,460,0.985593,1.000000,4.347355
coupled,0.00,7,461,0.978511,1.000000,4.583854
coupled,0.00,7,462,0.980774,1.000000,4.628712
coupled,0.00,7,463,0.985864,1.000000,4.717114
coupled,0.00,7,464,0.980951,1.000000,4.612379
coupled,0.00,7,465,0.978908,1.000000,4.335556
coupled,0.00,7,466,0.977189,1.000000,4.479563
coupled,0.00,7,467,0.980707,1.000000,4.539952
coupled,0.00,7,468,0.973986,1.000000,4.643054
coupled,0.00,7,469,0.975537,1.000000,4.574112
coupled,0.00,7,470,0.982233,1.000000,4.956147
coupled,0.00,7,471,0.985424,1.000000,5.103668
coupled,0.00,7,472,0.992614,1.000000,4.750186
coupled,0.00,7,473,0.984400,1.000000,4.625549
coupled,0.00,7,474,0.983298,1.000000,4.301958
coupled,0.00,7,475,0.976591,1.000000,4.477002
coupled,0.00,7,476,0.985291,1.000000,4.834477
coupled,0.00,7,477,0.986641,1.000000,4.631703
coupled,0.00,7,478,0.988234,1.000000,4.697207
coupled,0.00,7,479,0.983602,1.000000,4.400171
coupled,0.00,7,480,0.977797,1.000000,4.462695
coupled,0.00,7,481,0.967776,1.000000,4.554895
coupled,0.00,7,482,0.982830,1.000000,4.574999
coupled,0.00,7,483,0.987545,1.000000,4.866253
coupled,0.00,7,484,0.988306,1.000000,4.677552
coupled,0.00,7,485,0.984267,1.000000,4.570551
coupled,0.00,7,486,0.985516,1.000000,4.561428
coupled,0.00,7,487,0.976971,1.000000,4.650270
coupled,0.00,7,488,0.980844,1.000000,4.694997
coupled,0.00,7,489,0.982914,1.000000,4.537786
coupled,0.00,7,490,0.979548,1.000000,4.540117
coupled,0.00,7,491,0.977329,1.000000,4.580329
coupled,0.00,7,492,0.982443,1.000000,4.682439
coupled,0.00,7,493,0.983450,1.000000,4.795696
coupled,0.00,7,494,0.987577,1.000000,4.834128
coupled,0.00,7,495,0.985897,1.000000,4.680359
coupled,0.00,7,496,0.980362,1.000000,4.805833
coupled,0.00,7,497,0.984313,1.000000,4.757916
coupled,0.00,7,498,0.989309,1.000000,4.549869
coupled,0.00,7,499,0.983859,1.000000,4.406739
coupled,0.50,7,0,0.987729,0.993865,4.746192
coupled,0.50,7,1,0.984472,0.992236,4.758019
coupled,0.50,7,2,0.981050,0.990525,4.606028
coupled,0.50,7,3,0.977501,0.988750,4.672005
coupled,0.50,7,4,0.987748,0.993874,4.624080
coupled,0.50,7,5,0.980431,0.990215,4.646705
coupled,0.50,7,6,0.986932,0.993466,4.778561
coupled,0.50,7,7,0.979426,0.989713,4.650188
coupled,0.50,7,8,0.985807,0.992904,4.616878
coupled,0.50,7,9,0.981898,0.990949,4.484924
coupled,0.50,7,10,0.980899,0.990449,4.478161
coupled,0.50,7,11,0.973539,0.986770,4.519665
coupled,0.50,7,12,0.966712,0.983356,4.858880
coupled,0.50,7,13,0.986476,0.993238,4.796933
coupled,0.50,7,14,0.985935,0.992968,4.513254
coupled,0.50,7,15,0.979801,0.989900,4.523796
coupled,0.50,7,16,0.986034,0.993017,4.466604
coupled,0.50,7,17,0.982977,0.991488,4.447393
coupled,0.50,7,18,0.974804,0.987402,4.683814
coupled,0.50,7,19,0.986088,0.993044,4.846248
coupled,0.50,7,20,0.984903,0.992452,4.640590
coupled,0.50,7,21,0.981320,0.990660,4.556867
coupled,0.50,7,22,0.982851,0.991425,4.580751
coupled,0.50,7,23,0.980368,0.990184,4.816076
coupled,0.50,7,24,0.987451,0.993725,4.590139
coupled,0.50,7,25,0.981559,0.990780,5.006891
coupled,0.50,7,26,0.988851,0.994426,4.771938
coupled,0.50,7,27,0.980160,0.990080,4.469445
coupled,0.50,7,28,0.979148,0.989574,4.945687
coupled,0.50,7,29,0.989826,0.994913,4.514683
coupled,0.50,7,30,0.978751,0.989375,4.932976
coupled,0.50,7,31,0.990047,0.995024,4.765369
coupled,0.50,7,32,0.981256,0.990628,4.764959
coupled,0.50,7,33,0.987374,0.993687,4.712085
coupled,0.50,7,34,0.984320,0.992160,4.734872
coupled,0.50,7,35,0.983648,0.991824,4.400864
coupled,0.50,7,36,0.980254,0.990127,4.317029
coupled,0.50,7,37,0.979638,0.989819,4.531621
coupled,0.50,7,38,0.976190,0.988095,4.323556
coupled,0.50,7,39,0.974285,0.987143,4.326108
coupled,0.50,7,40,0.974079,0.987040,4.536887
coupled,0.50,7,41,0.981782,0.990891,4.620766
coupled,0.50,7,42,0.980837,0.990419,4.524369
coupled,0.50,7,43,0.979933,0.989967,4.567752
coupled,0.50,7,44,0.976674,0.988337,4.662691
coupled,0.50,7,45,0.981768,0.990884,4.516041
coupled,0.50,7,46,0.978758,0.989379,4.658660
coupled,0.50,7,47,0.982632,0.991316,4.735766
coupled,0.50,7,48,0.986170,0.993085,4.459833
coupled,0.50,7,49,0.979943,0.989972,4.684769
coupled,0.50,7,50,0.979319,0.989660,4.959355
coupled,0.50,7,51,0.988957,0.994478,4.529215
coupled,0.50,7,52,0.982124,0.991062,4.457077
coupled,0.50,7,53,0.977906,0.988953,4.703492
coupled,0.50,7,54,0.986696,0.993348,4.543671
coupled,0.50,7,55,0.978887,0.989444,4.945952
coupled,0.50,7,56,0.984603,0.992301,4.452452
coupled,0.50,7,57,0.982893,0.991447,4.693954
coupled,0.50,7,58,0.986279,0.993139,4.834645
coupled,0.50,7,59,0.986976,0.993488,4.703278
coupled,0.50,7,60,0.982629,0.991314,4.547186
coupled,0.50,7,61,0.964764,0.982382,4.784602
coupled,0.50,7,62,0.983011,0.991506,4.593270
coupled,0.50,7,63,0.980962,0.990481,4.422946
coupled,0.50,7,64,0.976197,0.988099,4.546024
coupled,0.50,7,65,0.977168,0.988584,4.635344
coupled,0.50,7,66,0.980464,0.990232,4.635061
coupled,0.50,7,67,0.980208,0.990104,4.648928
coupled,0.50,7,68,0.987918,0.993959,4.580908
coupled,0.50,7,69,0.981571,0.990785,4.561751
coupled,0.50,7,70,0.979068,0.989534,4.441508
coupled,0.50,7,71,0.980845,0.990422,4.670636
coupled,0.50,7,72,0.984793,0.992397,4.778958
coupled,0.50,7,73,0.981992,0.990996,4.412272
coupled,0.50,7,74,0.977346,0.988673,4.696782
coupled,0.50,7,75,0.977935,0.988967,4.523450
coupled,0.50,7,76,0.987195,0.993597,4.310506
coupled,0.50,7,77,0.972542,0.986271,4.608292
coupled,0.50,7,78,0.984913,0.992457,4.646611
coupled,0.50,7,79,0.987189,0.993595,4.775919
coupled,0.50,7,80,0.987533,0.993766,4.583979
coupled,0.50,7,81,0.980976,0.990488,4.573737
coupled,0.50,7,82,0.982693,0.991347,4.646029
coupled,0.50,7,83,0.984966,0.992483,4.871506
coupled,0.50,7,84,0.987173,0.993586,4.803985
coupled,0.50,7,85,0.985943,0.992971,5.046819
coupled,0.50,7,86,0.988864,0.994432,4.910263
coupled,0.50,7,87,0.987377,0.993688,4.618836
coupled,0.50,7,88,0.979449,0.989724,4.942343
coupled,0.50,7,89,0.983787,0.991893,4.959065
coupled,0.50,7,90,0.988390,0.994195,4.649483
coupled,0.50,7,91,0.982482,0.991241,4.686591
coupled,0.50,7,92,0.989401,0.994701,4.639944
coupled,0.50,7,93,0.984573,0.992287,4.622166
coupled,0.50,7,94,0.979864,0.989932,4.930687
coupled,0.50,7,95,0.984022,0.992011,4.845424
coupled,0.50,7,96,0.988524,0.994262,4.627242
coupled,0.50,7,97,0.979833,0.989917,4.558481
coupled,0.50,7,98,0.981393,0.990696,4.455858
coupled,0.50,7,99,0.981268,0.990634,4.629206
coupled,0.50,7,100,0.986103,0.993052,4.601399
coupled,0.50,7,101,0.977996,0.988998,4.600203
coupled,0.50,7,102,0.977937,0.988968,4.623866
coupled,0.50,7,103,0.984139,0.992069,4.709219
coupled,0.50,7,104,0.988065,0.994032,4.811444
coupled,0.50,7,105,0.984460,0.992230,4.807282
coupled,0.50,7,106,0.987076,0.993538,4.824417
coupled,0.50,7,107,0.989054,0.994527,4.723980
coupled,0.50,7,108,0.985533,0.992766,4.794374
coupled,0.50,7,109,0.984716,0.992358,4.495445
coupled,0.50,7,110,0.975216,0.987608,4.746527
coupled,0.50,7,111,0.982383,0.991191,4.521659
coupled,0.50,7,112,0.974893,0.987446,4.674156
coupled,0.50,7,113,0.985668,0.992834,4.693380
coupled,0.50,7,114,0.984923,0.992462,4.767491
coupled,0.50,7,115,0.988025,0.994013,4.461825
coupled,0.50,7,116,0.980607,0.990303,4.480949
coupled,0.50,7,117,0.978817,0.989409,4.685982
coupled,0.50,7,118,0.984293,0.992146,4.680097
coupled,0.50,7,119,0.985299,0.992650,4.637570
coupled,0.50,7,120,0.982497,0.991248,5.025115
coupled,0.50,7,121,0.984962,0.992481,4.798862
coupled,0.50,7,122,0.986097,0.993049,4.841333
coupled,0.50,7,123,0.987115,0.993557,4.697106
coupled,0.50,7,124,0.986954,0.993477,4.455515
coupled,0.50,7,125,0.982876,0.991438,4.655195
coupled,0.50,7,126,0.981517,0.990758,4.641654
coupled,0.50,7,127,0.986434,0.993217,4.756529
coupled,0.50,7,128,0.984625,0.992312,4.508638
coupled,0.50,7,129,0.979469,0.989734,4.557824
coupled,0.50,7,130,0.984189,0.992095,4.531284
coupled,0.50,7,131,0.979038,0.989519,4.808004
coupled,0.50,7,132,0.981800,0.990900,4.898928
coupled,0.50,7,133,0.981740,0.990870,4.773889
coupled,0.50,7,134,0.985936,0.992968,4.675731
coupled,0.50,7,135,0.983583,0.991792,4.685445
coupled,0.50,7,136,0.986984,0.993492,4.579191
coupled,0.50,7,137,0.974124,0.987062,4.536859
coupled,0.50,7,138,0.981942,0.990971,4.598712
coupled,0.50,7,139,0.986415,0.993207,4.676628
coupled,0.50,7,140,0.979298,0.989649,4.657015
coupled,0.50,7,141,0.982133,0.991066,4.623810
coupled,0.50,7,142,0.981924,0.990962,4.560485
coupled,0.50,7,143,0.982041,0.991020,4.830922
coupled,0.50,7,144,0.986549,0.993275,4.661280
coupled,0.50,7,145,0.985788,0.992894,4.686396
coupled,0.50,7,146,0.985044,0.992522,4.710744
coupled,0.50,7,147,0.984388,0.992194,4.962785
coupled,0.50,7,148,0.990591,0.995296,4.416084
coupled,0.50,7,149,0.976925,0.988462,4.434132
coupled,0.50,7,150,0.970541,0.985271,4.294660
coupled,0.50,7,151,0.975728,0.987864,4.900460
coupled,0.50,7,152,0.987127,0.993563,4.728779
coupled,0.50,7,153,0.985935,0.992968,4.702979
coupled,0.50,7,154,0.982365,0.991182,4.655068
coupled,0.50,7,155,0.977393,0.988697,4.770995
coupled,0.50,7,156,0.986110,0.993055,4.380788
coupled,0.50,7,157,0.978862,0.989431,4.445101
coupled,0.50,7,158,0.975612,0.987806,4.662493
coupled,0.50,7,159,0.985484,0.992742,4.735799
coupled,0.50,7,160,0.982238,0.991119,4.501124
coupled,0.50,7,161,0.981475,0.990737,4.625584
coupled,0.50,7,162,0.981428,0.990714,4.559251
coupled,0.50,7,163,0.976922,0.988461,4.559441
coupled,0.50,7,164,0.976994,0.988497,4.408161
coupled,0.50,7,165,0.978396,0.989198,4.800118
coupled,0.50,7,166,0.976452,0.988226,4.401839
coupled,0.50,7,167,0.979851,0.989925,4.597441
coupled,0.50,7,168,0.983009,0.991504,4.438986
coupled,0.50,7,169,0.976203,0.988101,4.541513
coupled,0.50,7,170,0.978006,0.989003,4.435275
coupled,0.50,7,171,0.978023,0.989012,4.597147
coupled,0.50,7,172,0.986033,0.993016,4.724927
coupled,0.50,7,173,0.988062,0.994031,4.558549
coupled,0.50,7,174,0.980856,0.990428,4.546599
coupled,0.50,7,175,0.976943,0.988472,4.656107
coupled,0.50,7,176,0.981008,0.990504,4.420845
coupled,0.50,7,177,0.971847,0.985923,4.745303
coupled,0.50,7,178,0.985562,0.992781,4.917955
coupled,0.50,7,179,0.989446,0.994723,4.752754
coupled,0.50,7,180,0.988262,0.994131,4.915691
coupled,0.50,7,181,0.988718,0.994359,4.691062
coupled,0.50,7,182,0.983370,0.991685,4.738005
coupled,0.50,7,183,0.984641,0.992320,4.722098
coupled,0.50,7,184,0.983179,0.991589,4.591448
coupled,0.50,7,185,0.983804,0.991902,4.530377
coupled,0.50,7,186,0.987246,0.993623,4.642014
coupled,0.50,7,187,0.984246,0.992123,4.592558
coupled,0.50,7,188,0.982643,0.991321,4.426347
coupled,0.50,7,189,0.968497,0.984249,4.756343
coupled,0.50,7,190,0.985384,0.992692,4.743547
coupled,0.50,7,191,0.985104,0.992552,4.703663
coupled,0.50,7,192,0.984636,0.992318,4.829660
coupled,0.50,7,193,0.989838,0.994919,4.323931
coupled,0.50,7,194,0.976817,0.988408,4.641545
coupled,0.50,7,195,0.981161,0.990580,4.513566
coupled,0.50,7,196,0.979172,0.989586,4.846838
coupled,0.50,7,197,0.983615,0.991807,4.715808
coupled,0.50,7,198,0.980722,0.990361,4.561752
coupled,0.50,7,199,0.975264,0.987632,4.554187
coupled,0.50,7,200,0.980408,0.990204,4.764169
coupled,0.50,7,201,0.984961,0.992480,4.559486
coupled,0.50,7,202,0.973875,0.986938,4.846738
coupled,0.50,7,203,0.987436,0.993718,4.934522
coupled,0.50,7,204,0.986895,0.993447,4.759272
coupled,0.50,7,205,0.985541,0.992770,4.979892
coupled,0.50,7,206,0.987442,0.993721,4.578050
coupled,0.50,7,207,0.979513,0.989756,4.685543
coupled,0.50,7,208,0.981350,0.990675,4.455687
coupled,0.50,7,209,0.986317,0.993158,4.755022
coupled,0.50,7,210,0.985891,0.992946,4.499827
coupled,0.50,7,211,0.984646,0.992323,4.371860
coupled,0.50,7,212,0.977629,0.988815,4.504282
coupled,0.50,7,213,0.980325,0.990162,4.773295
coupled,0.50,7,214,0.988075,0.994038,4.984841
coupled,0.50,7,215,0.987099,0.993549,4.586119
coupled,0.50,7,216,0.984556,0.992278,4.752483
coupled,0.50,7,217,0.986189,0.993095,4.641402
coupled,0.50,7,218,0.984642,0.992321,4.393156
coupled,0.50,7,219,0.968021,0.984011,4.746239
coupled,0.50,7,220,0.985397,0.992698,4.449574
coupled,0.50,7,221,0.981855,0.990927,4.569185
coupled,0.50,7,222,0.982544,0.991272,4.593721
coupled,0.50,7,223,0.984276,0.992138,4.583946
coupled,0.50,7,224,0.987043,0.993522,4.992067
coupled,0.50,7,225,0.987205,0.993602,4.667630
coupled,0.50,7,226,0.978797,0.989398,4.709431
coupled,0.50,7,227,0.980456,0.990228,4.550829
coupled,0.50,7,228,0.982204,0.991102,4.816543
coupled,0.50,7,229,0.980732,0.990366,4.623354
coupled,0.50,7,230,0.980009,0.990004,4.736659
coupled,0.50,7,231,0.984672,0.992336,4.751030
coupled,0.50,7,232,0.987007,0.993503,4.803873
coupled,0.50,7,233,0.981236,0.990618,4.889047
coupled,0.50,7,234,0.986981,0.993490,4.664469
coupled,0.50,7,235,0.984739,0.992369,4.747478
coupled,0.50,7,236,0.983438,0.991719,4.703078
coupled,0.50,7,237,0.981948,0.990974,4.738468
coupled,0.50,7,238,0.980999,0.990500,4.789798
coupled,0.50,7,239,0.986363,0.993181,4.855884
coupled,0.50,7,240,0.986328,0.993164,4.473828
coupled,0.50,7,241,0.976181,0.988091,4.431260
coupled,0.50,7,242,0.974097,0.987049,4.690236
coupled,0.50,7,243,0.984704,0.992352,4.771278
coupled,0.50,7,244,0.986630,0.993315,4.815431
coupled,0.50,7,245,0.987167,0.993583,4.781209
coupled,0.50,7,246,0.989242,0.994621,4.656316
coupled,0.50,7,247,0.983693,0.991847,4.798718
coupled,0.50,7,248,0.986453,0.993227,4.731036
coupled,0.50,7,249,0.985001,0.992501,4.738743
coupled,0.50,7,250,0.977106,0.988553,4.563440
coupled,0.50,7,251,0.968844,0.984422,4.638393
coupled,0.50,7,252,0.977924,0.988962,4.571314
coupled,0.50,7,253,0.977997,0.988999,4.647486
coupled,0.50,7,254,0.988098,0.994049,4.817004
coupled,0.50,7,255,0.982897,0.991449,4.690367
coupled,0.50,7,256,0.976496,0.988248,4.843826
coupled,0.50,7,257,0.984290,0.992145,4.909759
coupled,0.50,7,258,0.989483,0.994741,4.689166
coupled,0.50,7,259,0.979970,0.989985,4.495461
coupled,0.50,7,260,0.982326,0.991163,4.702200
coupled,0.50,7,261,0.985678,0.992839,4.813709
coupled,0.50,7,262,0.982883,0.991441,4.722593
coupled,0.50,7,263,0.987538,0.993769,4.607028
coupled,0.50,7,264,0.980180,0.990090,4.613372
coupled,0.50,7,265,0.982412,0.991206,4.673799
coupled,0.50,7,266,0.986367,0.993184,4.571783
coupled,0.50,7,267,0.982534,0.991267,4.475714
coupled,0.50,7,268,0.978628,0.989314,4.774587
coupled,0.50,7,269,0.987866,0.993933,4.854088
coupled,0.50,7,270,0.983628,0.991814,4.593268
coupled,0.50,7,271,0.983954,0.991977,4.647533
coupled,0.50,7,272,0.978720,0.989360,4.714055
coupled,0.50,7,273,0.983009,0.991505,4.345396
coupled,0.50,7,274,0.971544,0.985772,4.675718
coupled,0.50,7,275,0.986240,0.993120,4.803772
coupled,0.50,7,276,0.991899,0.995949,4.436177
coupled,0.50,7,277,0.977562,0.988781,4.655531
coupled,0.50,7,278,0.985410,0.992705,4.853255
coupled,0.50,7,279,0.988477,0.994239,4.808569
coupled,0.50,7,280,0.986919,0.993460,4.509907
coupled,0.50,7,281,0.973505,0.986753,4.583091
coupled,0.50,7,282,0.980925,0.990462,4.495836
coupled,0.50,7,283,0.979848,0.989924,4.683040
coupled,0.50,7,284,0.982714,0.991357,4.810939
coupled,0.50,7,285,0.983352,0.991676,4.589629
coupled,0.50,7,286,0.985127,0.992563,4.691798
coupled,0.50,7,287,0.984817,0.992409,4.818745
coupled,0.50,7,288,0.985300,0.992650,4.904534
coupled,0.50,7,289,0.986030,0.993015,4.603350
coupled,0.50,7,290,0.986168,0.993084,4.612896
coupled,0.50,7,291,0.982210,0.991105,4.703824
coupled,0.50,7,292,0.978929,0.989464,4.753643
coupled,0.50,7,293,0.977257,0.988629,4.536478
coupled,0.50,7,294,0.980566,0.990283,4.334580
coupled,0.50,7,295,0.971073,0.985536,4.305481
coupled,0.50,7,296,0.973379,0.986690,4.628641
coupled,0.50,7,297,0.986712,0.993356,4.636968
coupled,0.50,7,298,0.981192,0.990596,4.437355
coupled,0.50,7,299,0.982630,0.991315,4.586368
coupled,0.50,7,300,0.982885,0.991443,4.825065
coupled,0.50,7,301,0.987935,0.993967,4.619701
coupled,0.50,7,302,0.981540,0.990770,4.762919
coupled,0.50,7,303,0.984956,0.992478,4.665710
coupled,0.50,7,304,0.979413,0.989706,4.737926
coupled,0.50,7,305,0.988509,0.994255,4.648891
coupled,0.50,7,306,0.985938,0.992969,4.687208
coupled,0.50,7,307,0.979981,0.989991,4.788820
coupled,0.50,7,308,0.984039,0.992019,4.716314
coupled,0.50,7,309,0.983980,0.991990,4.451014
coupled,0.50,7,310,0.978672,0.989336,4.614721
coupled,0.50,7,311,0.979592,0.989796,4.618141
coupled,0.50,7,312,0.985169,0.992585,4.755541
coupled,0.50,7,313,0.988359,0.994179,4.725589
coupled,0.50,7,314,0.988587,0.994293,4.662606
coupled,0.50,7,315,0.984257,0.992128,4.655143
coupled,0.50,7,316,0.983650,0.991825,4.426114
coupled,0.50,7,317,0.983410,0.991705,4.539635
coupled,0.50,7,318,0.983346,0.991673,4.788710
coupled,0.50,7,319,0.983955,0.991978,4.647968
coupled,0.50,7,320,0.980088,0.990044,4.616609
coupled,0.50,7,321,0.983482,0.991741,4.580655
coupled,0.50,7,322,0.967982,0.983991,4.531044
coupled,0.50,7,323,0.978496,0.989248,4.616167
coupled,0.50,7,324,0.978360,0.989180,4.696594
coupled,0.50,7,325,0.982134,0.991067,4.771156
coupled,0.50,7,326,0.985862,0.992931,4.639110
coupled,0.50,7,327,0.981945,0.990972,4.513497
coupled,0.50,7,328,0.980568,0.990284,4.361010
coupled,0.50,7,329,0.976460,0.988230,4.665779
coupled,0.50,7,330,0.982983,0.991491,4.590007
coupled,0.50,7,331,0.975417,0.987709,4.517810
coupled,0.50,7,332,0.984238,0.992119,4.628449
coupled,0.50,7,333,0.987169,0.993585,4.856201
coupled,0.50,7,334,0.988089,0.994044,4.963892
coupled,0.50,7,335,0.984654,0.992327,4.609371
coupled,0.50,7,336,0.984929,0.992465,4.532430
coupled,0.50,7,337,0.983234,0.991617,4.926965
coupled,0.50,7,338,0.982710,0.991355,4.820099
coupled,0.50,7,339,0.988720,0.994360,4.710187
coupled,0.50,7,340,0.980741,0.990370,4.560764
coupled,0.50,7,341,0.982975,0.991487,4.614405
coupled,0.50,7,342,0.976457,0.988228,4.590992
coupled,0.50,7,343,0.982017,0.991009,4.718232
coupled,0.50,7,344,0.984347,0.992173,4.845118
coupled,0.50,7,345,0.985616,0.992808,4.696113
coupled,0.50,7,346,0.983397,0.991699,4.625545
coupled,0.50,7,347,0.985226,0.992613,4.778330
coupled,0.50,7,348,0.987004,0.993502,4.654591
coupled,0.50,7,349,0.981388,0.990694,4.673522
coupled,0.50,7,350,0.982139,0.991069,4.876115
coupled,0.50,7,351,0.985891,0.992945,4.782212
coupled,0.50,7,352,0.983988,0.991994,4.813540
coupled,0.50,7,353,0.989092,0.994546,4.685125
coupled,0.50,7,354,0.987248,0.993624,4.680259
coupled,0.50,7,355,0.974930,0.987465,4.382074
coupled,0.50,7,356,0.971433,0.985716,4.565560
coupled,0.50,7,357,0.983110,0.991555,4.504084
coupled,0.50,7,358,0.981927,0.990963,4.723164
coupled,0.50,7,359,0.986243,0.993122,4.438911
coupled,0.50,7,360,0.982868,0.991434,4.927963
coupled,0.50,7,361,0.986863,0.993431,4.630961
coupled,0.50,7,362,0.983829,0.991915,4.341094
coupled,0.50,7,363,0.971977,0.985988,4.475699
coupled,0.50,7,364,0.982447,0.991224,4.552232
coupled,0.50,7,365,0.984710,0.992355,4.706429
coupled,0.50,7,366,0.986981,0.993490,4.808517
coupled,0.50,7,367,0.984010,0.992005,4.789385
coupled,0.50,7,368,0.985921,0.992961,4.890695
coupled,0.50,7,369,0.987776,0.993888,4.649142
coupled,0.50,7,370,0.987294,0.993647,4.856261
coupled,0.50,7,371,0.986298,0.993149,4.585392
coupled,0.50,7,372,0.983823,0.991912,4.948536
coupled,0.50,7,373,0.987089,0.993544,4.614173
coupled,0.50,7,374,0.985435,0.992718,4.517096
coupled,0.50,7,375,0.976046,0.988023,4.675650
coupled,0.50,7,376,0.987707,0.993853,4.760493
coupled,0.50,7,377,0.988981,0.994491,4.768567
coupled,0.50,7,378,0.987355,0.993678,4.805082
coupled,0.50,7,379,0.985036,0.992518,4.657350
coupled,0.50,7,380,0.983087,0.991543,4.629695
coupled,0.50,7,381,0.984959,0.992479,4.430916
coupled,0.50,7,382,0.975647,0.987823,4.631392
coupled,0.50,7,383,0.983007,0.991504,4.577778
coupled,0.50,7,384,0.986670,0.993335,4.748850
coupled,0.50,7,385,0.971543,0.985772,4.786548
coupled,0.50,7,386,0.988118,0.994059,5.027939
coupled,0.50,7,387,0.986376,0.993188,4.840264
coupled,0.50,7,388,0.983406,0.991703,4.808880
coupled,0.50,7,389,0.979788,0.989894,5.005659
coupled,0.50,7,390,0.991008,0.995504,4.756227
coupled,0.50,7,391,0.982285,0.991142,4.338283
coupled,0.50,7,392,0.978355,0.989177,4.507714
coupled,0.50,7,393,0.973370,0.986685,4.541654
coupled,0.50,7,394,0.979512,0.989756,4.574423
coupled,0.50,7,395,0.984170,0.992085,4.688991
coupled,0.50,7,396,0.987353,0.993676,4.818493
coupled,0.50,7,397,0.989338,0.994669,4.859415
coupled,0.50,7,398,0.986259,0.993130,4.949423
coupled,0.50,7,399,0.986950,0.993475,4.741674
coupled,0.50,7,400,0.983994,0.991997,5.002996
coupled,0.50,7,401,0.989015,0.994507,4.669202
coupled,0.50,7,402,0.984589,0.992294,4.643788
coupled,0.50,7,403,0.985792,0.992896,4.667052
coupled,0.50,7,404,0.986277,0.993138,4.568351
coupled,0.50,7,405,0.979561,0.989780,4.626007
coupled,0.50,7,406,0.982309,0.991155,4.433550
coupled,0.50,7,407,0.983167,0.991584,4.714218
coupled,0.50,7,408,0.984281,0.992140,4.705975
coupled,0.50,7,409,0.985541,0.992771,4.468725
coupled,0.50,7,410,0.978004,0.989002,4.616920
coupled,0.50,7,411,0.983297,0.991649,4.612912
coupled,0.50,7,412,0.980654,0.990327,4.765547
coupled,0.50,7,413,0.984877,0.992439,4.852329
coupled,0.50,7,414,0.990632,0.995316,4.589535
coupled,0.50,7,415,0.980292,0.990146,4.713729
coupled,0.50,7,416,0.987886,0.993943,4.694142
coupled,0.50,7,417,0.978605,0.989303,4.888096
coupled,0.50,7,418,0.987094,0.993547,4.573158
coupled,0.50,7,419,0.980345,0.990173,4.386113
coupled,0.50,7,420,0.978436,0.989218,4.715012
coupled,0.50,7,421,0.985698,0.992849,4.516051
coupled,0.50,7,422,0.979294,0.989647,4.683167
coupled,0.50,7,423,0.984683,0.992342,4.233795
coupled,0.50,7,424,0.979345,0.989672,4.456824
coupled,0.50,7,425,0.983764,0.991882,4.793096
coupled,0.50,7,426,0.980755,0.990378,4.541080
coupled,0.50,7,427,0.981996,0.990998,4.508427
coupled,0.50,7,428,0.979692,0.989846,4.478790
coupled,0.50,7,429,0.981651,0.990825,4.369648
coupled,0.50,7,430,0.980371,0.990186,4.676006
coupled,0.50,7,431,0.983543,0.991771,4.497051
coupled,0.50,7,432,0.985152,0.992576,4.594955
coupled,0.50,7,433,0.986297,0.993149,4.540079
coupled,0.50,7,434,0.982732,0.991366,4.445347
coupled,0.50,7,435,0.974698,0.987349,4.532270
coupled,0.50,7,436,0.979223,0.989612,4.624933
coupled,0.50,7,437,0.983548,0.991774,4.755775
coupled,0.50,7,438,0.984177,0.992089,4.905395
coupled,0.50,7,439,0.988286,0.994143,4.711394
coupled,0.50,7,440,0.984688,0.992344,4.907855
coupled,0.50,7,441,0.987724,0.993862,4.891662
coupled,0.50,7,442,0.985025,0.992512,4.520334
coupled,0.50,7,443,0.988174,0.994087,4.624162
coupled,0.50,7,444,0.982549,0.991275,4.726324
coupled,0.50,7,445,0.980993,0.990496,4.660171
coupled,0.50,7,446,0.979361,0.989680,4.160009
coupled,0.50,7,447,0.969335,0.984667,4.310488
coupled,0.50,7,448,0.971053,0.985527,4.439085
coupled,0.50,7,449,0.981674,0.990837,4.606145
coupled,0.50,7,450,0.980042,0.990021,4.432556
coupled,0.50,7,451,0.978632,0.989316,4.529348
coupled,0.50,7,452,0.983566,0.991783,4.742221
coupled,0.50,7,453,0.985141,0.992570,4.760888
coupled,0.50,7,454,0.982884,0.991442,4.557056
coupled,0.50,7,455,0.987472,0.993736,4.656886
coupled,0.50,7,456,0.987315,0.993657,4.757335
coupled,0.50,7,457,0.982626,0.991313,4.614850
coupled,0.50,7,458,0.981423,0.990712,4.549682
coupled,0.50,7,459,0.981204,0.990602,4.598664
coupled,0.50,7,460,0.984527,0.992263,4.667362
coupled,0.50,7,461,0.977313,0.988657,4.808427
coupled,0.50,7,462,0.990858,0.995429,4.798728
coupled,0.50,7,463,0.986860,0.993430,4.619407
coupled,0.50,7,464,0.980012,0.990006,4.753535
coupled,0.50,7,465,0.986605,0.993303,4.640698
coupled,0.50,7,466,0.979831,0.989916,4.618508
coupled,0.50,7,467,0.986956,0.993478,4.736654
coupled,0.50,7,468,0.979933,0.989966,4.712440
coupled,0.50,7,469,0.986199,0.993100,4.592623
coupled,0.50,7,470,0.982069,0.991034,4.449980
coupled,0.50,7,471,0.984235,0.992118,4.762376
coupled,0.50,7,472,0.988470,0.994235,4.472370
coupled,0.50,7,473,0.977109,0.988554,4.570456
coupled,0.50,7,474,0.984184,0.992092,4.840049
coupled,0.50,7,475,0.990866,0.995433,4.671143
coupled,0.50,7,476,0.985019,0.992509,4.315300
coupled,0.50,7,477,0.978737,0.989368,4.435626
coupled,0.50,7,478,0.974933,0.987466,4.521561
coupled,0.50,7,479,0.983326,0.991663,4.469461
coupled,0.50,7,480,0.973968,0.986984,4.337093
coupled,0.50,7,481,0.975285,0.987642,4.637916
coupled,0.50,7,482,0.977246,0.988623,4.600355
coupled,0.50,7,483,0.987270,0.993635,4.790816
coupled,0.50,7,484,0.985087,0.992543,4.739386
coupled,0.50,7,485,0.985489,0.992744,4.546004
coupled,0.50,7,486,0.980871,0.990435,4.584634
coupled,0.50,7,487,0.976071,0.988036,4.552868
coupled,0.50,7,488,0.981050,0.990525,4.608466
coupled,0.50,7,489,0.988199,0.994100,4.538872
coupled,0.50,7,490,0.983188,0.991594,4.804726
coupled,0.50,7,491,0.988393,0.994197,4.579202
coupled,0.50,7,492,0.986517,0.993258,4.729678
coupled,0.50,7,493,0.980401,0.990201,4.657856
coupled,0.50,7,494,0.981951,0.990976,4.499203
coupled,0.50,7,495,0.978277,0.989139,4.619024
coupled,0.50,7,496,0.980993,0.990496,4.931380
coupled,0.50,7,497,0.982096,0.991048,5.098716
coupled,0.50,7,498,0.992602,0.996301,4.766707
coupled,0.50,7,499,0.982853,0.991426,4.858009
coupled,1.00,7,0,0.981116,0.981116,4.592646
coupled,1.00,7,1,0.982106,0.982106,4.515857
coupled,1.00,7,2,0.986183,0.986183,4.621114
coupled,1.00,7,3,0.980050,0.980050,4.479936
coupled,1.00,7,4,0.983576,0.983576,4.840217
coupled,1.00,7,5,0.987034,0.987034,4.753248
coupled,1.00,7,6,0.981143,0.981143,4.316901
coupled,1.00,7,7,0.970679,0.970679,4.399520
coupled,1.00,7,8,0.971135,0.971135,4.526434
coupled,1.00,7,9,0.981028,0.981028,4.583044
coupled,1.00,7,10,0.979292,0.979292,4.902741
coupled,1.00,7,11,0.984190,0.984190,4.630592
coupled,1.00,7,12,0.979781,0.979781,4.691234
coupled,1.00,7,13,0.981265,0.981265,4.752770
coupled,1.00,7,14,0.987940,0.987940,4.678831
coupled,1.00,7,15,0.978861,0.978861,4.692071
coupled,1.00,7,16,0.982350,0.982350,4.539296
coupled,1.00,7,17,0.981162,0.981162,4.425150
coupled,1.00,7,18,0.979771,0.979771,4.360192
coupled,1.00,7,19,0.976184,0.976184,4.753050
coupled,1.00,7,20,0.987767,0.987767,4.624684
coupled,1.00,7,21,0.986941,0.986941,4.647003
coupled,1.00,7,22,0.983724,0.983724,4.511970
coupled,1.00,7,23,0.982111,0.982111,4.741065
coupled,1.00,7,24,0.988897,0.988897,4.711843
coupled,1.00,7,25,0.981330,0.981330,4.356606
coupled,1.00,7,26,0.969556,0.969556,4.640526
coupled,1.00,7,27,0.981224,0.981224,4.611165
coupled,1.00,7,28,0.980963,0.980963,4.595603
coupled,1.00,7,29,0.980918,0.980918,4.772871
coupled,1.00,7,30,0.989720,0.989720,4.813960
coupled,1.00,7,31,0.987883,0.987883,4.533591
coupled,1.00,7,32,0.975185,0.975185,4.645398
coupled,1.00,7,33,0.978539,0.978539,4.434845
coupled,1.00,7,34,0.986677,0.986677,4.499736
coupled,1.00,7,35,0.972056,0.972056,4.620432
coupled,1.00,7,36,0.980097,0.980097,4.828443
coupled,1.00,7,37,0.987517,0.987517,4.682973
coupled,1.00,7,38,0.983144,0.983144,4.609379
coupled,1.00,7,39,0.972433,0.972433,4.269931
coupled,1.00,7,40,0.970071,0.970071,4.648913
coupled,1.00,7,41,0.990555,0.990555,4.584834
coupled,1.00,7,42,0.982831,0.982831,4.436374
coupled,1.00,7,43,0.964840,0.964840,4.684515
coupled,1.00,7,44,0.982087,0.982087,4.544695
coupled,1.00,7,45,0.977838,0.977838,4.651831
coupled,1.00,7,46,0.988138,0.988138,4.653157
coupled,1.00,7,47,0.985239,0.985239,4.550243
coupled,1.00,7,48,0.980037,0.980037,4.785960
coupled,1.00,7,49,0.988184,0.988184,4.389391
coupled,1.00,7,50,0.973866,0.973866,4.666656
coupled,1.00,7,51,0.980733,0.980733,4.963075
coupled,1.00,7,52,0.989550,0.989550,4.780865
coupled,1.00,7,53,0.980224,0.980224,4.875633
coupled,1.00,7,54,0.988504,0.988504,4.961798
coupled,1.00,7,55,0.989779,0.989779,4.674165
coupled,1.00,7,56,0.979036,0.979036,4.479832
coupled,1.00,7,57,0.985912,0.985912,4.561230
coupled,1.00,7,58,0.979917,0.979917,4.571162
coupled,1.00,7,59,0.982231,0.982231,4.702414
coupled,1.00,7,60,0.989070,0.989070,4.663170
coupled,1.00,7,61,0.983752,0.983752,4.684572
coupled,1.00,7,62,0.984695,0.984695,4.702752
coupled,1.00,7,63,0.984575,0.984575,4.531017
coupled,1.00,7,64,0.972254,0.972254,4.851327
coupled,1.00,7,65,0.989807,0.989807,4.551356
coupled,1.00,7,66,0.982372,0.982372,4.370307
coupled,1.00,7,67,0.976975,0.976975,4.498413
coupled,1.00,7,68,0.975541,0.975541,4.612026
coupled,1.00,7,69,0.986330,0.986330,4.772800
coupled,1.00,7,70,0.979700,0.979700,4.769053
coupled,1.00,7,71,0.985328,0.985328,4.274699
coupled,1.00,7,72,0.971327,0.971327,4.582453
coupled,1.00,7,73,0.975607,0.975607,4.820993
coupled,1.00,7,74,0.988376,0.988376,4.631949
coupled,1.00,7,75,0.986704,0.986704,4.954806
coupled,1.00,7,76,0.990330,0.990330,4.699752
coupled,1.00,7,77,0.983770,0.983770,4.686012
coupled,1.00,7,78,0.975945,0.975945,4.424314
coupled,1.00,7,79,0.970988,0.970988,4.414163
coupled,1.00,7,80,0.978597,0.978597,4.579271
coupled,1.00,7,81,0.978923,0.978923,4.451388
coupled,1.00,7,82,0.976979,0.976979,4.714031
coupled,1.00,7,83,0.981718,0.981718,4.532823
coupled,1.00,7,84,0.977013,0.977013,4.469181
coupled,1.00,7,85,0.981959,0.981959,4.501492
coupled,1.00,7,86,0.979148,0.979148,4.805647
coupled,1.00,7,87,0.986608,0.986608,4.455195
coupled,1.00,7,88,0.975697,0.975697,4.760105
coupled,1.00,7,89,0.983401,0.983401,4.963600
coupled,1.00,7,90,0.990448,0.990448,4.771788
coupled,1.00,7,91,0.975081,0.975081,4.803324
coupled,1.00,7,92,0.985265,0.985265,4.719037
coupled,1.00,7,93,0.978231,0.978231,4.694357
coupled,1.00,7,94,0.985879,0.985879,4.714595
coupled,1.00,7,95,0.983897,0.983897,4.765802
coupled,1.00,7,96,0.987481,0.987481,4.493816
coupled,1.00,7,97,0.977185,0.977185,4.476854
coupled,1.00,7,98,0.971321,0.971321,4.686174
coupled,1.00,7,99,0.981778,0.981778,4.626088
coupled,1.00,7,100,0.985559,0.985559,4.608843
coupled,1.00,7,101,0.975273,0.975273,4.618899
coupled,1.00,7,102,0.982438,0.982438,4.487591
coupled,1.00,7,103,0.977861,0.977861,4.752258
coupled,1.00,7,104,0.983407,0.983407,4.587481
coupled,1.00,7,105,0.985387,0.985387,4.915594
coupled,1.00,7,106,0.987452,0.987452,4.659532
coupled,1.00,7,107,0.985608,0.985608,4.577661
coupled,1.00,7,108,0.980195,0.980195,4.612695
coupled,1.00,7,109,0.982102,0.982102,4.811894
coupled,1.00,7,110,0.990487,0.990487,4.807152
coupled,1.00,7,111,0.988437,0.988437,4.584568
coupled,1.00,7,112,0.979425,0.979425,4.721908
coupled,1.00,7,113,0.986196,0.986196,4.809888
coupled,1.00,7,114,0.985648,0.985648,4.678717
coupled,1.00,7,115,0.985498,0.985498,4.681452
coupled,1.00,7,116,0.986138,0.986138,4.678806
coupled,1.00,7,117,0.986969,0.986969,4.143104
coupled,1.00,7,118,0.974528,0.974528,4.442481
coupled,1.00,7,119,0.980082,0.980082,4.656071
coupled,1.00,7,120,0.984527,0.984527,4.664953
coupled,1.00,7,121,0.983264,0.983264,4.353228
coupled,1.00,7,122,0.978476,0.978476,4.742096
coupled,1.00,7,123,0.989072,0.989072,4.615117
coupled,1.00,7,124,0.985187,0.985187,4.768973
coupled,1.00,7,125,0.986578,0.986578,4.523048
coupled,1.00,7,126,0.984886,0.984886,4.535855
coupled,1.00,7,127,0.978185,0.978185,4.788646
coupled,1.00,7,128,0.987661,0.987661,4.670120
coupled,1.00,7,129,0.979865,0.979865,4.824132
coupled,1.00,7,130,0.984337,0.984337,4.632822
coupled,1.00,7,131,0.985765,0.985765,4.551598
coupled,1.00,7,132,0.986765,0.986765,4.805661
coupled,1.00,7,133,0.985782,0.985782,4.702326
coupled,1.00,7,134,0.984760,0.984760,4.577812
coupled,1.00,7,135,0.978953,0.978953,4.865442
coupled,1.00,7,136,0.987701,0.987701,4.602819
coupled,1.00,7,137,0.984603,0.984603,4.755762
coupled,1.00,7,138,0.988875,0.988875,4.677484
coupled,1.00,7,139,0.983663,0.983663,4.968708
coupled,1.00,7,140,0.986566,0.986566,5.000674
coupled,1.00,7,141,0.991330,0.991330,4.589628
coupled,1.00,7,142,0.979638,0.979638,4.842708
coupled,1.00,7,143,0.982877,0.982877,4.895167
coupled,1.00,7,144,0.981807,0.981807,4.824727
coupled,1.00,7,145,0.988530,0.988530,4.649901
coupled,1.00,7,146,0.984939,0.984939,4.850554
coupled,1.00,7,147,0.988897,0.988897,4.749716
coupled,1.00,7,148,0.987737,0.987737,4.652921
coupled,1.00,7,149,0.975620,0.975620,4.879080
coupled,1.00,7,150,0.988125,0.988125,4.710055
coupled,1.00,7,151,0.978381,0.978381,4.215135
coupled,1.00,7,152,0.967319,0.967319,4.568654
coupled,1.00,7,153,0.978631,0.978631,4.598023
coupled,1.00,7,154,0.984770,0.984770,4.489181
coupled,1.00,7,155,0.979329,0.979329,4.520318
coupled,1.00,7,156,0.981024,0.981024,4.631376
coupled,1.00,7,157,0.983934,0.983934,4.746726
coupled,1.00,7,158,0.984256,0.984256,4.768340
coupled,1.00,7,159,0.982101,0.982101,4.724735
coupled,1.00,7,160,0.985684,0.985684,4.682637
coupled,1.00,7,161,0.983269,0.983269,4.614732
coupled,1.00,7,162,0.985827,0.985827,4.396997
coupled,1.00,7,163,0.974353,0.974353,4.686720
coupled,1.00,7,164,0.983574,0.983574,4.498227
coupled,1.00,7,165,0.977522,0.977522,4.535309
coupled,1.00,7,166,0.984518,0.984518,4.831405
coupled,1.00,7,167,0.987769,0.987769,4.764170
coupled,1.00,7,168,0.984822,0.984822,4.659719
coupled,1.00,7,169,0.984790,0.984790,4.642888
coupled,1.00,7,170,0.984555,0.984555,4.408593
coupled,1.00,7,171,0.974644,0.974644,4.594694
coupled,1.00,7,172,0.980955,0.980955,4.505959
coupled,1.00,7,173,0.986086,0.986086,4.586879
coupled,1.00,7,174,0.985049,0.985049,4.366278
coupled,1.00,7,175,0.979059,0.979059,4.551374
coupled,1.00,7,176,0.979462,0.979462,4.471240
coupled,1.00,7,177,0.982250,0.982250,4.481677
coupled,1.00,7,178,0.971810,0.971810,4.721243
coupled,1.00,7,179,0.984244,0.984244,4.705116
coupled,1.00,7,180,0.984215,0.984215,4.577216
coupled,1.00,7,181,0.981306,0.981306,4.304566
coupled,1.00,7,182,0.980249,0.980249,4.531840
coupled,1.00,7,183,0.988598,0.988598,4.654010
coupled,1.00,7,184,0.981222,0.981222,4.728970
coupled,1.00,7,185,0.989431,0.989431,4.835217
coupled,1.00,7,186,0.987755,0.987755,4.419378
coupled,1.00,7,187,0.974013,0.974013,4.561808
coupled,1.00,7,188,0.981726,0.981726,4.659616
coupled,1.00,7,189,0.982536,0.982536,4.570461
coupled,1.00,7,190,0.977761,0.977761,4.773831
coupled,1.00,7,191,0.989885,0.989885,4.438275
coupled,1.00,7,192,0.979904,0.979904,4.594464
coupled,1.00,7,193,0.980309,0.980309,4.596460
coupled,1.00,7,194,0.966775,0.966775,4.514025
coupled,1.00,7,195,0.978699,0.978699,4.654327
coupled,1.00,7,196,0.986282,0.986282,4.765758
coupled,1.00,7,197,0.986116,0.986116,4.949986
coupled,1.00,7,198,0.988254,0.988254,4.795110
coupled,1.00,7,199,0.986864,0.986864,4.738957
coupled,1.00,7,200,0.988365,0.988365,4.751654
coupled,1.00,7,201,0.989359,0.989359,4.664176
coupled,1.00,7,202,0.983188,0.983188,4.781531
coupled,1.00,7,203,0.987059,0.987059,4.744716
coupled,1.00,7,204,0.987779,0.987779,4.592176
coupled,1.00,7,205,0.987110,0.987110,4.886511
coupled,1.00,7,206,0.987062,0.987062,4.775506
coupled,1.00,7,207,0.977989,0.977989,4.339992
coupled,1.00,7,208,0.976440,0.976440,4.642328
coupled,1.00,7,209,0.981438,0.981438,4.876825
coupled,1.00,7,210,0.986906,0.986906,4.705980
coupled,1.00,7,211,0.981994,0.981994,4.945925
coupled,1.00,7,212,0.989025,0.989025,4.507790
coupled,1.00,7,213,0.972464,0.972464,4.761051
coupled,1.00,7,214,0.988311,0.988311,4.421104
coupled,1.00,7,215,0.974668,0.974668,4.635854
coupled,1.00,7,216,0.984004,0.984004,4.259402
coupled,1.00,7,217,0.971060,0.971060,4.617134
coupled,1.00,7,218,0.981451,0.981451,4.696817
coupled,1.00,7,219,0.983001,0.983001,4.503830
coupled,1.00,7,220,0.982025,0.982025,4.717931
coupled,1.00,7,221,0.987190,0.987190,4.654921
coupled,1.00,7,222,0.978584,0.978584,4.611568
coupled,1.00,7,223,0.981243,0.981243,4.911365
coupled,1.00,7,224,0.980669,0.980669,4.617570
coupled,1.00,7,225,0.981487,0.981487,4.622928
coupled,1.00,7,226,0.987463,0.987463,4.518646
coupled,1.00,7,227,0.975561,0.975561,4.581447
coupled,1.00,7,228,0.985680,0.985680,4.637440
coupled,1.00,7,229,0.985199,0.985199,4.783436
coupled,1.00,7,230,0.987691,0.987691,4.733014
coupled,1.00,7,231,0.984772,0.984772,4.899973
coupled,1.00,7,232,0.987732,0.987732,4.845217
coupled,1.00,7,233,0.990305,0.990305,4.618171
coupled,1.00,7,234,0.982261,0.982261,4.561319
coupled,1.00,7,235,0.979079,0.979079,4.750929
coupled,1.00,7,236,0.980684,0.980684,4.665284
coupled,1.00,7,237,0.984684,0.984684,4.496064
coupled,1.00,7,238,0.975825,0.975825,4.345161
coupled,1.00,7,239,0.978101,0.978101,4.533660
coupled,1.00,7,240,0.978723,0.978723,4.409188
coupled,1.00,7,241,0.979014,0.979014,4.621788
coupled,1.00,7,242,0.978285,0.978285,4.342889
coupled,1.00,7,243,0.975100,0.975100,4.508066
coupled,1.00,7,244,0.983704,0.983704,4.675603
coupled,1.00,7,245,0.984276,0.984276,4.680816
coupled,1.00,7,246,0.981226,0.981226,4.569483
coupled,1.00,7,247,0.970394,0.970394,4.425944
coupled,1.00,7,248,0.970991,0.970991,5.012205
coupled,1.00,7,249,0.987369,0.987369,4.842547
coupled,1.00,7,250,0.977642,0.977642,4.926559
coupled,1.00,7,251,0.985244,0.985244,4.723055
coupled,1.00,7,252,0.972528,0.972528,4.559938
coupled,1.00,7,253,0.980981,0.980981,4.316205
coupled,1.00,7,254,0.978772,0.978772,4.711495
coupled,1.00,7,255,0.978529,0.978529,4.567208
coupled,1.00,7,256,0.977650,0.977650,4.385736
coupled,1.00,7,257,0.978601,0.978601,4.378575
coupled,1.00,7,258,0.975871,0.975871,4.577312
coupled,1.00,7,259,0.981646,0.981646,4.625855
coupled,1.00,7,260,0.984261,0.984261,4.879811
coupled,1.00,7,261,0.981124,0.981124,4.673278
coupled,1.00,7,262,0.987650,0.987650,4.490574
coupled,1.00,7,263,0.986022,0.986022,4.734143
coupled,1.00,7,264,0.975588,0.975588,4.603590
coupled,1.00,7,265,0.979104,0.979104,4.540725
coupled,1.00,7,266,0.983830,0.983830,4.772979
coupled,1.00,7,267,0.988052,0.988052,4.898977
coupled,1.00,7,268,0.988169,0.988169,4.487391
coupled,1.00,7,269,0.981927,0.981927,4.510968
coupled,1.00,7,270,0.976370,0.976370,4.928426
coupled,1.00,7,271,0.985713,0.985713,4.504637
coupled,1.00,7,272,0.984914,0.984914,4.474185
coupled,1.00,7,273,0.981578,0.981578,4.403929
coupled,1.00,7,274,0.971101,0.971101,4.777929
coupled,1.00,7,275,0.978880,0.978880,4.768040
coupled,1.00,7,276,0.987414,0.987414,4.689192
coupled,1.00,7,277,0.984664,0.984664,4.648574
coupled,1.00,7,278,0.976839,0.976839,4.413063
coupled,1.00,7,279,0.967369,0.967369,4.474623
coupled,1.00,7,280,0.980109,0.980109,4.443139
coupled,1.00,7,281,0.972185,0.972185,4.648132
coupled,1.00,7,282,0.981831,0.981831,4.459330
coupled,1.00,7,283,0.980581,0.980581,4.724169
coupled,1.00,7,284,0.990817,0.990817,4.506410
coupled,1.00,7,285,0.983455,0.983455,4.513749
coupled,1.00,7,286,0.986064,0.986064,4.486909
coupled,1.00,7,287,0.978720,0.978720,4.692580
coupled,1.00,7,288,0.980752,0.980752,4.846549
coupled,1.00,7,289,0.992564,0.992564,4.794136
coupled,1.00,7,290,0.985510,0.985510,4.677847
coupled,1.00,7,291,0.985287,0.985287,4.804800
coupled,1.00,7,292,0.987190,0.987190,4.812445
coupled,1.00,7,293,0.984886,0.984886,4.731730
coupled,1.00,7,294,0.981860,0.981860,4.445557
coupled,1.00,7,295,0.981789,0.981789,4.512214
coupled,1.00,7,296,0.977985,0.977985,4.744789
coupled,1.00,7,297,0.986375,0.986375,4.653932
coupled,1.00,7,298,0.977683,0.977683,4.819031
coupled,1.00,7,299,0.991551,0.991551,4.631325
coupled,1.00,7,300,0.980483,0.980483,4.354800
coupled,1.00,7,301,0.976660,0.976660,4.415983
coupled,1.00,7,302,0.978823,0.978823,4.807121
coupled,1.00,7,303,0.985884,0.985884,4.459947
coupled,1.00,7,304,0.979638,0.979638,4.388923
coupled,1.00,7,305,0.980677,0.980677,4.344438
coupled,1.00,7,306,0.971168,0.971168,4.426154
coupled,1.00,7,307,0.981979,0.981979,4.392207
coupled,1.00,7,308,0.976513,0.976513,4.634946
coupled,1.00,7,309,0.985513,0.985513,4.692461
coupled,1.00,7,310,0.981632,0.981632,4.423060
coupled,1.00,7,311,0.982105,0.982105,4.536114
coupled,1.00,7,312,0.980204,0.980204,4.726903
coupled,1.00,7,313,0.985465,0.985465,4.654150
coupled,1.00,7,314,0.980234,0.980234,4.978647
coupled,1.00,7,315,0.986922,0.986922,4.696197
coupled,1.00,7,316,0.984209,0.984209,4.556583
coupled,1.00,7,317,0.982451,0.982451,4.351595
coupled,1.00,7,318,0.973213,0.973213,4.274527
coupled,1.00,7,319,0.977159,0.977159,4.389818
coupled,1.00,7,320,0.980161,0.980161,4.615802
coupled,1.00,7,321,0.982458,0.982458,4.763546
coupled,1.00,7,322,0.982432,0.982432,4.706117
coupled,1.00,7,323,0.985823,0.985823,4.543945
coupled,1.00,7,324,0.977206,0.977206,4.284427
coupled,1.00,7,325,0.978666,0.978666,4.605567
coupled,1.00,7,326,0.984299,0.984299,4.643622
coupled,1.00,7,327,0.983557,0.983557,4.641252
coupled,1.00,7,328,0.984057,0.984057,4.927310
coupled,1.00,7,329,0.982797,0.982797,4.713569
coupled,1.00,7,330,0.985821,0.985821,4.755000
coupled,1.00,7,331,0.984991,0.984991,4.688702
coupled,1.00,7,332,0.983914,0.983914,4.687203
coupled,1.00,7,333,0.979082,0.979082,4.650282
coupled,1.00,7,334,0.974840,0.974840,4.725009
coupled,1.00,7,335,0.980239,0.980239,4.726889
coupled,1.00,7,336,0.987021,0.987021,4.603999
coupled,1.00,7,337,0.980424,0.980424,4.420893
coupled,1.00,7,338,0.982248,0.982248,4.447425
coupled,1.00,7,339,0.983340,0.983340,4.486940
coupled,1.00,7,340,0.978910,0.978910,4.823654
coupled,1.00,7,341,0.984967,0.984967,4.656200
coupled,1.00,7,342,0.981140,0.981140,4.479314
coupled,1.00,7,343,0.977397,0.977397,4.575276
coupled,1.00,7,344,0.979406,0.979406,4.667587
coupled,1.00,7,345,0.983627,0.983627,4.551110
coupled,1.00,7,346,0.980213,0.980213,4.759306
coupled,1.00,7,347,0.981544,0.981544,4.675385
coupled,1.00,7,348,0.987871,0.987871,4.834068
coupled,1.00,7,349,0.987279,0.987279,4.951681
coupled,1.00,7,350,0.988319,0.988319,4.526933
coupled,1.00,7,351,0.984114,0.984114,4.599834
coupled,1.00,7,352,0.986139,0.986139,4.663501
coupled,1.00,7,353,0.979405,0.979405,4.664785
coupled,1.00,7,354,0.981057,0.981057,4.894510
coupled,1.00,7,355,0.990108,0.990108,4.681053
coupled,1.00,7,356,0.981181,0.981181,4.544878
coupled,1.00,7,357,0.968904,0.968904,4.497514
coupled,1.00,7,358,0.983889,0.983889,4.766427
coupled,1.00,7,359,0.983361,0.983361,4.683932
coupled,1.00,7,360,0.982024,0.982024,4.813017
coupled,1.00,7,361,0.991306,0.991306,4.674199
coupled,1.00,7,362,0.985089,0.985089,4.433534
coupled,1.00,7,363,0.981055,0.981055,4.426463
coupled,1.00,7,364,0.981563,0.981563,4.444146
coupled,1.00,7,365,0.974998,0.974998,4.612493
coupled,1.00,7,366,0.980351,0.980351,4.581462
coupled,1.00,7,367,0.984968,0.984968,4.766573
coupled,1.00,7,368,0.984541,0.984541,4.877803
coupled,1.00,7,369,0.988101,0.988101,4.349313
coupled,1.00,7,370,0.972970,0.972970,4.414726
coupled,1.00,7,371,0.966172,0.966172,4.647926
coupled,1.00,7,372,0.979855,0.979855,4.638581
coupled,1.00,7,373,0.985225,0.985225,4.754051
coupled,1.00,7,374,0.987143,0.987143,4.633064
coupled,1.00,7,375,0.975512,0.975512,4.558831
coupled,1.00,7,376,0.984601,0.984601,4.546913
coupled,1.00,7,377,0.984397,0.984397,4.625574
coupled,1.00,7,378,0.985207,0.985207,4.663558
coupled,1.00,7,379,0.969724,0.969724,4.522313
coupled,1.00,7,380,0.977600,0.977600,4.532324
coupled,1.00,7,381,0.984061,0.984061,4.405334
coupled,1.00,7,382,0.982437,0.982437,4.585459
coupled,1.00,7,383,0.976498,0.976498,4.517879
coupled,1.00,7,384,0.979416,0.979416,4.695926
coupled,1.00,7,385,0.984827,0.984827,4.786364
coupled,1.00,7,386,0.984419,0.984419,4.969940
coupled,1.00,7,387,0.990344,0.990344,4.689107
coupled,1.00,7,388,0.988215,0.988215,4.494413
coupled,1.00,7,389,0.977499,0.977499,4.531725
coupled,1.00,7,390,0.976241,0.976241,4.397987
coupled,1.00,7,391,0.979602,0.979602,4.694053
coupled,1.00,7,392,0.985770,0.985770,4.504960
coupled,1.00,7,393,0.977119,0.977119,4.587863
coupled,1.00,7,394,0.984651,0.984651,4.583786
coupled,1.00,7,395,0.981480,0.981480,4.425444
coupled,1.00,7,396,0.975787,0.975787,4.659972
coupled,1.00,7,397,0.986107,0.986107,4.594554
coupled,1.00,7,398,0.985786,0.985786,4.595984
coupled,1.00,7,399,0.981890,0.981890,4.547020
coupled,1.00,7,400,0.977642,0.977642,4.629670
coupled,1.00,7,401,0.977240,0.977240,4.605085
coupled,1.00,7,402,0.982671,0.982671,4.680017
coupled,1.00,7,403,0.988752,0.988752,4.958218
coupled,1.00,7,404,0.984032,0.984032,4.747903
coupled,1.00,7,405,0.977437,0.977437,4.785952
coupled,1.00,7,406,0.983735,0.983735,4.671323
coupled,1.00,7,407,0.985757,0.985757,4.867174
coupled,1.00,7,408,0.988551,0.988551,4.678976
coupled,1.00,7,409,0.983888,0.983888,4.687572
coupled,1.00,7,410,0.988318,0.988318,4.576121
coupled,1.00,7,411,0.977170,0.977170,4.667513
coupled,1.00,7,412,0.981558,0.981558,4.463421
coupled,1.00,7,413,0.982646,0.982646,4.762923
coupled,1.00,7,414,0.982674,0.982674,4.729802
coupled,1.00,7,415,0.981335,0.981335,4.972896
coupled,1.00,7,416,0.986465,0.986465,4.526069
coupled,1.00,7,417,0.980293,0.980293,4.764864
coupled,1.00,7,418,0.988887,0.988887,4.535360
coupled,1.00,7,419,0.981868,0.981868,4.307192
coupled,1.00,7,420,0.977566,0.977566,4.481708
coupled,1.00,7,421,0.983445,0.983445,4.691428
coupled,1.00,7,422,0.984407,0.984407,4.657123
coupled,1.00,7,423,0.983103,0.983103,4.756363
coupled,1.00,7,424,0.985419,0.985419,5.097216
coupled,1.00,7,425,0.985645,0.985645,4.554133
coupled,1.00,7,426,0.978376,0.978376,4.553287
coupled,1.00,7,427,0.982703,0.982703,4.745339
coupled,1.00,7,428,0.979720,0.979720,4.659656
coupled,1.00,7,429,0.980629,0.980629,4.214294
coupled,1.00,7,430,0.971336,0.971336,4.476512
coupled,1.00,7,431,0.973912,0.973912,4.569199
coupled,1.00,7,432,0.986961,0.986961,4.629276
coupled,1.00,7,433,0.983268,0.983268,4.349486
coupled,1.00,7,434,0.974856,0.974856,4.424508
coupled,1.00,7,435,0.979118,0.979118,4.341670
coupled,1.00,7,436,0.971794,0.971794,4.719457
coupled,1.00,7,437,0.989758,0.989758,4.600704
coupled,1.00,7,438,0.981364,0.981364,4.720049
coupled,1.00,7,439,0.983365,0.983365,4.561094
coupled,1.00,7,440,0.987323,0.987323,4.480198
coupled,1.00,7,441,0.979845,0.979845,4.603146
coupled,1.00,7,442,0.982907,0.982907,4.543567
coupled,1.00,7,443,0.977604,0.977604,4.650850
coupled,1.00,7,444,0.985252,0.985252,4.522504
coupled,1.00,7,445,0.982133,0.982133,4.730742
coupled,1.00,7,446,0.984406,0.984406,4.504703
coupled,1.00,7,447,0.979872,0.979872,4.742431
coupled,1.00,7,448,0.986613,0.986613,4.518961
coupled,1.00,7,449,0.982002,0.982002,4.491744
coupled,1.00,7,450,0.982883,0.982883,4.558781
coupled,1.00,7,451,0.981333,0.981333,4.721474
coupled,1.00,7,452,0.980980,0.980980,4.514475
coupled,1.00,7,453,0.983419,0.983419,4.668615
coupled,1.00,7,454,0.982534,0.982534,4.622321
coupled,1.00,7,455,0.985569,0.985569,4.746747
coupled,1.00,7,456,0.987441,0.987441,4.581137
coupled,1.00,7,457,0.978428,0.978428,4.573811
coupled,1.00,7,458,0.983784,0.983784,4.563486
coupled,1.00,7,459,0.980258,0.980258,4.320200
coupled,1.00,7,460,0.976918,0.976918,4.836774
coupled,1.00,7,461,0.983176,0.983176,4.698720
coupled,1.00,7,462,0.978424,0.978424,4.602837
coupled,1.00,7,463,0.984040,0.984040,4.626742
coupled,1.00,7,464,0.984187,0.984187,4.906838
coupled,1.00,7,465,0.983765,0.983765,4.699633
coupled,1.00,7,466,0.983417,0.983417,4.895301
coupled,1.00,7,467,0.991117,0.991117,4.585594
coupled,1.00,7,468,0.978259,0.978259,4.670388
coupled,1.00,7,469,0.981436,0.981436,4.904187
coupled,1.00,7,470,0.986522,0.986522,4.620106
coupled,1.00,7,471,0.985840,0.985840,4.636882
coupled,1.00,7,472,0.983717,0.983717,4.519081
coupled,1.00,7,473,0.978105,0.978105,4.671112
coupled,1.00,7,474,0.982652,0.982652,4.790308
coupled,1.00,7,475,0.985024,0.985024,4.567032
coupled,1.00,7,476,0.986247,0.986247,4.603077
coupled,1.00,7,477,0.977096,0.977096,4.623466
coupled,1.00,7,478,0.985528,0.985528,4.580535
coupled,1.00,7,479,0.978835,0.978835,4.533993
coupled,1.00,7,480,0.970224,0.970224,4.519721
coupled,1.00,7,481,0.984642,0.984642,4.563837
coupled,1.00,7,482,0.978601,0.978601,4.547500
coupled,1.00,7,483,0.980786,0.980786,4.484064
coupled,1.00,7,484,0.980438,0.980438,4.508885
coupled,1.00,7,485,0.981024,0.981024,4.979737
coupled,1.00,7,486,0.992904,0.992904,4.810822
coupled,1.00,7,487,0.980173,0.980173,4.424314
coupled,1.00,7,488,0.976232,0.976232,4.474983
coupled,1.00,7,489,0.969616,0.969616,4.512116
coupled,1.00,7,490,0.981297,0.981297,4.466060
coupled,1.00,7,491,0.983655,0.983655,4.302994
coupled,1.00,7,492,0.981543,0.981543,4.693189
coupled,1.00,7,493,0.985379,0.985379,5.064833
coupled,1.00,7,494,0.990395,0.990395,4.734236
coupled,1.00,7,495,0.982502,0.982502,4.790087
coupled,1.00,7,496,0.986308,0.986308,4.728349
coupled,1.00,7,497,0.977878,0.977878,4.545948
coupled,1.00,7,498,0.980744,0.980744,4.722877
coupled,1.00,7,499,0.985805,0.985805,4.615683
allc,1.00,7,0,0.979980,1.000000,4.482170
allc,1.00,7,1,0.985535,1.000000,4.862918
allc,1.00,7,2,0.986501,1.000000,4.708799
allc,1.00,7,3,0.984553,1.000000,4.470556
allc,1.00,7,4,0.980933,1.000000,4.677877
allc,1.00,7,5,0.984253,1.000000,4.496268
allc,1.00,7,6,0.982346,1.000000,4.597933
allc,1.00,7,7,0.984220,1.000000,4.742829
allc,1.00,7,8,0.984682,1.000000,4.703934
allc,1.00,7,9,0.985106,1.000000,4.817911
allc,1.00,7,10,0.975482,1.000000,4.456027
allc,1.00,7,11,0.983657,1.000000,4.753522
allc,1.00,7,12,0.980174,1.000000,4.630834
allc,1.00,7,13,0.977446,1.000000,4.684520
allc,1.00,7,14,0.972871,1.000000,4.532464
allc,1.00,7,15,0.981450,1.000000,4.535689
allc,1.00,7,16,0.978309,1.000000,4.350135
allc,1.00,7,17,0.982490,1.000000,4.490610
allc,1.00,7,18,0.985996,1.000000,4.660670
allc,1.00,7,19,0.973196,1.000000,4.345447
allc,1.00,7,20,0.966710,1.000000,4.294001
allc,1.00,7,21,0.979542,1.000000,4.655280
allc,1.00,7,22,0.979095,1.000000,4.475651
allc,1.00,7,23,0.978092,1.000000,4.364756
allc,1.00,7,24,0.987836,1.000000,4.706953
allc,1.00,7,25,0.986404,1.000000,4.841590
allc,1.00,7,26,0.984309,1.000000,4.794227
allc,1.00,7,27,0.984959,1.000000,4.741616
allc,1.00,7,28,0.984320,1.000000,4.565125
allc,1.00,7,29,0.974435,1.000000,4.532370
allc,1.00,7,30,0.971545,1.000000,4.521370
allc,1.00,7,31,0.984788,1.000000,4.635189
allc,1.00,7,32,0.981898,1.000000,4.529617
allc,1.00,7,33,0.986644,1.000000,4.692719
allc,1.00,7,34,0.974309,1.000000,4.334874
allc,1.00,7,35,0.981652,1.000000,4.565948
allc,1.00,7,36,0.989413,1.000000,4.923859
allc,1.00,7,37,0.985072,1.000000,4.666319
allc,1.00,7,38,0.974212,1.000000,4.576417
allc,1.00,7,39,0.987122,1.000000,4.798643
allc,1.00,7,40,0.979832,1.000000,4.374740
allc,1.00,7,41,0.986301,1.000000,4.725632
allc,1.00,7,42,0.987805,1.000000,4.984989
allc,1.00,7,43,0.986253,1.000000,4.856330
allc,1.00,7,44,0.987575,1.000000,4.838317
allc,1.00,7,45,0.984815,1.000000,4.707218
allc,1.00,7,46,0.983846,1.000000,4.596824
allc,1.00,7,47,0.988642,1.000000,4.694106
allc,1.00,7,48,0.988977,1.000000,4.875040
allc,1.00,7,49,0.983160,1.000000,4.695284
allc,1.00,7,50,0.974486,1.000000,4.510389
allc,1.00,7,51,0.988646,1.000000,4.864558
allc,1.00,7,52,0.985941,1.000000,4.771718
allc,1.00,7,53,0.984163,1.000000,4.748622
allc,1.00,7,54,0.987816,1.000000,4.801156
allc,1.00,7,55,0.980299,1.000000,4.588309
allc,1.00,7,56,0.979572,1.000000,4.650904
allc,1.00,7,57,0.986161,1.000000,4.679985
allc,1.00,7,58,0.977193,1.000000,4.637500
allc,1.00,7,59,0.981939,1.000000,4.614707
allc,1.00,7,60,0.975430,1.000000,4.526020
allc,1.00,7,61,0.985253,1.000000,4.789146
allc,1.00,7,62,0.982793,1.000000,4.660707
allc,1.00,7,63,0.981206,1.000000,4.748867
allc,1.00,7,64,0.985965,1.000000,4.611972
allc,1.00,7,65,0.986291,1.000000,4.768212
allc,1.00,7,66,0.985107,1.000000,4.855989
allc,1.00,7,67,0.984340,1.000000,4.729614
allc,1.00,7,68,0.978670,1.000000,4.628935
allc,1.00,7,69,0.979757,1.000000,4.614960
allc,1.00,7,70,0.992195,1.000000,4.948565
allc,1.00,7,71,0.986448,1.000000,4.662026
allc,1.00,7,72,0.985780,1.000000,4.615115
allc,1.00,7,73,0.979717,1.000000,4.523618
allc,1.00,7,74,0.986224,1.000000,4.845725
allc,1.00,7,75,0.979199,1.000000,4.708143
allc,1.00,7,76,0.981691,1.000000,4.572785
allc,1.00,7,77,0.982936,1.000000,4.653179
allc,1.00,7,78,0.985271,1.000000,4.536043
allc,1.00,7,79,0.987157,1.000000,4.615955
allc,1.00,7,80,0.985003,1.000000,4.477631
allc,1.00,7,81,0.989133,1.000000,4.747281
allc,1.00,7,82,0.984325,1.000000,4.887196
allc,1.00,7,83,0.969936,1.000000,4.429888
allc,1.00,7,84,0.979753,1.000000,4.482044
allc,1.00,7,85,0.983403,1.000000,4.507720
allc,1.00,7,86,0.984192,1.000000,4.615456
allc,1.00,7,87,0.980554,1.000000,4.660338
allc,1.00,7,88,0.979237,1.000000,4.458256
allc,1.00,7,89,0.969864,1.000000,4.495531
allc,1.00,7,90,0.978568,1.000000,4.494145
allc,1.00,7,91,0.984014,1.000000,4.712459
allc,1.00,7,92,0.979702,1.000000,4.547040
allc,1.00,7,93,0.981306,1.000000,4.376260
allc,1.00,7,94,0.981805,1.000000,4.524214
allc,1.00,7,95,0.986351,1.000000,4.866532
allc,1.00,7,96,0.985554,1.000000,4.610792
allc,1.00,7,97,0.985945,1.000000,4.610020
allc,1.00,7,98,0.973355,1.000000,4.529811
allc,1.00,7,99,0.985872,1.000000,4.728901
allc,1.00,7,100,0.984445,1.000000,4.672322
allc,1.00,7,101,0.976772,1.000000,4.464791
allc,1.00,7,102,0.980550,1.000000,4.741183
allc,1.00,7,103,0.980381,1.000000,4.559552
allc,1.00,7,104,0.982713,1.000000,4.551985
allc,1.00,7,105,0.980670,1.000000,4.477069
allc,1.00,7,106,0.990960,1.000000,4.801205
allc,1.00,7,107,0.986538,1.000000,4.791891
allc,1.00,7,108,0.985142,1.000000,4.602020
allc,1.00,7,109,0.984391,1.000000,4.652002
allc,1.00,7,110,0.986937,1.000000,4.896457
allc,1.00,7,111,0.986736,1.000000,4.943287
allc,1.00,7,112,0.988784,1.000000,4.685961
allc,1.00,7,113,0.989516,1.000000,4.986367
allc,1.00,7,114,0.988153,1.000000,4.762317
allc,1.00,7,115,0.984632,1.000000,4.721805
allc,1.00,7,116,0.981270,1.000000,4.660390
allc,1.00,7,117,0.981497,1.000000,4.572773
allc,1.00,7,118,0.982223,1.000000,4.526211
allc,1.00,7,119,0.989177,1.000000,4.903314
allc,1.00,7,120,0.984777,1.000000,4.775607
allc,1.00,7,121,0.987376,1.000000,4.770409
allc,1.00,7,122,0.988079,1.000000,4.818198
allc,1.00,7,123,0.975876,1.000000,4.376166
allc,1.00,7,124,0.987263,1.000000,4.520900
allc,1.00,7,125,0.976834,1.000000,4.735792
allc,1.00,7,126,0.982962,1.000000,4.428898
allc,1.00,7,127,0.978586,1.000000,4.399498
allc,1.00,7,128,0.985626,1.000000,4.838653
allc,1.00,7,129,0.972483,1.000000,4.780026
allc,1.00,7,130,0.983669,1.000000,4.609930
allc,1.00,7,131,0.981507,1.000000,4.509384
allc,1.00,7,132,0.980161,1.000000,4.482663
allc,1.00,7,133,0.987772,1.000000,4.695032
allc,1.00,7,134,0.982801,1.000000,4.777105
allc,1.00,7,135,0.984392,1.000000,4.812039
allc,1.00,7,136,0.971738,1.000000,4.419859
allc,1.00,7,137,0.978850,1.000000,4.336495
allc,1.00,7,138,0.991087,1.000000,4.813402
allc,1.00,7,139,0.984420,1.000000,4.720736
allc,1.00,7,140,0.976237,1.000000,4.531705
allc,1.00,7,141,0.988212,1.000000,4.916247
allc,1.00,7,142,0.983877,1.000000,4.856823
allc,1.00,7,143,0.983904,1.000000,4.693392
allc,1.00,7,144,0.975282,1.000000,4.565593
allc,1.00,7,145,0.983997,1.000000,4.833356
allc,1.00,7,146,0.987817,1.000000,4.692661
allc,1.00,7,147,0.982947,1.000000,4.803523
allc,1.00,7,148,0.985023,1.000000,4.446359
allc,1.00,7,149,0.981004,1.000000,4.864537
allc,1.00,7,150,0.985745,1.000000,4.741074
allc,1.00,7,151,0.966695,1.000000,4.506543
allc,1.00,7,152,0.977767,1.000000,4.625421
allc,1.00,7,153,0.988420,1.000000,4.686380
allc,1.00,7,154,0.988151,1.000000,4.791889
allc,1.00,7,155,0.986360,1.000000,4.604289
allc,1.00,7,156,0.987506,1.000000,4.838994
allc,1.00,7,157,0.985705,1.000000,4.721385
allc,1.00,7,158,0.976216,1.000000,4.635764
allc,1.00,7,159,0.984940,1.000000,4.770988
allc,1.00,7,160,0.982441,1.000000,4.476548
allc,1.00,7,161,0.990392,1.000000,4.779200
allc,1.00,7,162,0.985598,1.000000,4.688392
allc,1.00,7,163,0.968361,1.000000,4.405092
allc,1.00,7,164,0.984430,1.000000,4.468447
allc,1.00,7,165,0.987808,1.000000,4.675008
allc,1.00,7,166,0.993182,1.000000,4.820628
allc,1.00,7,167,0.990544,1.000000,4.794465
allc,1.00,7,168,0.981690,1.000000,4.662580
allc,1.00,7,169,0.977320,1.000000,4.591340
allc,1.00,7,170,0.973344,1.000000,4.447192
allc,1.00,7,171,0.984518,1.000000,4.643836
allc,1.00,7,172,0.988093,1.000000,4.691578
allc,1.00,7,173,0.980287,1.000000,4.525701
allc,1.00,7,174,0.968529,1.000000,4.570529
allc,1.00,7,175,0.980492,1.000000,4.468806
allc,1.00,7,176,0.983213,1.000000,4.495017
allc,1.00,7,177,0.984192,1.000000,4.693794
allc,1.00,7,178,0.984714,1.000000,4.900624
allc,1.00,7,179,0.989087,1.000000,4.888624
allc,1.00,7,180,0.988339,1.000000,4.937227
allc,1.00,7,181,0.978766,1.000000,4.603977
allc,1.00,7,182,0.978785,1.000000,4.434469
allc,1.00,7,183,0.981726,1.000000,4.432548
allc,1.00,7,184,0.974343,1.000000,4.657297
allc,1.00,7,185,0.980875,1.000000,4.661245
allc,1.00,7,186,0.982225,1.000000,4.777178
allc,1.00,7,187,0.986512,1.000000,4.874956
allc,1.00,7,188,0.984329,1.000000,4.811482
allc,1.00,7,189,0.984686,1.000000,4.976423
allc,1.00,7,190,0.987793,1.000000,4.852366
allc,1.00,7,191,0.987101,1.000000,5.038076
allc,1.00,7,192,0.974183,1.000000,4.516446
allc,1.00,7,193,0.983223,1.000000,4.750583
allc,1.00,7,194,0.985324,1.000000,4.623622
allc,1.00,7,195,0.986397,1.000000,4.729689
allc,1.00,7,196,0.984951,1.000000,4.850020
allc,1.00,7,197,0.982954,1.000000,4.559763
allc,1.00,7,198,0.985287,1.000000,4.650381
allc,1.00,7,199,0.980381,1.000000,4.749911
allc,1.00,7,200,0.982639,1.000000,4.637748
allc,1.00,7,201,0.961247,1.000000,4.451377
allc,1.00,7,202,0.982970,1.000000,4.666634
allc,1.00,7,203,0.984534,1.000000,4.540888
allc,1.00,7,204,0.977920,1.000000,4.497706
allc,1.00,7,205,0.985374,1.000000,4.597246
allc,1.00,7,206,0.979520,1.000000,4.583196
allc,1.00,7,207,0.981443,1.000000,4.841828
allc,1.00,7,208,0.979234,1.000000,4.648184
allc,1.00,7,209,0.983125,1.000000,4.677875
allc,1.00,7,210,0.986186,1.000000,4.816243
allc,1.00,7,211,0.984835,1.000000,4.739719
allc,1.00,7,212,0.974906,1.000000,4.562086
allc,1.00,7,213,0.988882,1.000000,4.978877
allc,1.00,7,214,0.985529,1.000000,4.761256
allc,1.00,7,215,0.981467,1.000000,4.828882
allc,1.00,7,216,0.986750,1.000000,4.815974
allc,1.00,7,217,0.986206,1.000000,4.781735
allc,1.00,7,218,0.986251,1.000000,4.763858
allc,1.00,7,219,0.988244,1.000000,4.792655
allc,1.00,7,220,0.987294,1.000000,4.779602
allc,1.00,7,221,0.986707,1.000000,4.717912
allc,1.00,7,222,0.984316,1.000000,4.650184
allc,1.00,7,223,0.983900,1.000000,4.681654
allc,1.00,7,224,0.980348,1.000000,4.686576
allc,1.00,7,225,0.977473,1.000000,4.520356
allc,1.00,7,226,0.986533,1.000000,4.691584
allc,1.00,7,227,0.984620,1.000000,4.731668
allc,1.00,7,228,0.990026,1.000000,4.869381
allc,1.00,7,229,0.981460,1.000000,4.719198
allc,1.00,7,230,0.985412,1.000000,5.000369
allc,1.00,7,231,0.986788,1.000000,4.799106
allc,1.00,7,232,0.985770,1.000000,4.699075
allc,1.00,7,233,0.985902,1.000000,4.578562
allc,1.00,7,234,0.980836,1.000000,4.672464
allc,1.00,7,235,0.985668,1.000000,4.599244
allc,1.00,7,236,0.982391,1.000000,4.750699
allc,1.00,7,237,0.985082,1.000000,4.863821
allc,1.00,7,238,0.984088,1.000000,4.704254
allc,1.00,7,239,0.982270,1.000000,4.556767
allc,1.00,7,240,0.977941,1.000000,4.399637
allc,1.00,7,241,0.983843,1.000000,4.468836
allc,1.00,7,242,0.987168,1.000000,4.688119
allc,1.00,7,243,0.973874,1.000000,4.529645
allc,1.00,7,244,0.986439,1.000000,4.677133
allc,1.00,7,245,0.980512,1.000000,4.927676
allc,1.00,7,246,0.984619,1.000000,4.606087
allc,1.00,7,247,0.978979,1.000000,4.725709
allc,1.00,7,248,0.984317,1.000000,4.809454
allc,1.00,7,249,0.985795,1.000000,4.682609
allc,1.00,7,250,0.988729,1.000000,4.841593
allc,1.00,7,251,0.984022,1.000000,4.789301
allc,1.00,7,252,0.972563,1.000000,4.243650
allc,1.00,7,253,0.975321,1.000000,4.747308
allc,1.00,7,254,0.985575,1.000000,4.522560
allc,1.00,7,255,0.971882,1.000000,4.383428
allc,1.00,7,256,0.975623,1.000000,4.399053
allc,1.00,7,257,0.979691,1.000000,4.567873
allc,1.00,7,258,0.986118,1.000000,4.797001
allc,1.00,7,259,0.980029,1.000000,4.597507
allc,1.00,7,260,0.981377,1.000000,4.594590
allc,1.00,7,261,0.986002,1.000000,4.837769
allc,1.00,7,262,0.982537,1.000000,4.653195
allc,1.00,7,263,0.974985,1.000000,4.307296
allc,1.00,7,264,0.982314,1.000000,4.723887
allc,1.00,7,265,0.980806,1.000000,4.608255
allc,1.00,7,266,0.988019,1.000000,4.811767
allc,1.00,7,267,0.983310,1.000000,4.657694
allc,1.00,7,268,0.984082,1.000000,4.703150
allc,1.00,7,269,0.981451,1.000000,4.632281
allc,1.00,7,270,0.977355,1.000000,4.553351
allc,1.00,7,271,0.980068,1.000000,4.483435
allc,1.00,7,272,0.989533,1.000000,4.861033
allc,1.00,7,273,0.983726,1.000000,4.871546
allc,1.00,7,274,0.985326,1.000000,4.703105
allc,1.00,7,275,0.976828,1.000000,4.367671
allc,1.00,7,276,0.987108,1.000000,4.811982
allc,1.00,7,277,0.976248,1.000000,4.481202
allc,1.00,7,278,0.983377,1.000000,4.587346
allc,1.00,7,279,0.977504,1.000000,4.445505
allc,1.00,7,280,0.979409,1.000000,4.515998
allc,1.00,7,281,0.984589,1.000000,4.804884
allc,1.00,7,282,0.977499,1.000000,4.399810
allc,1.00,7,283,0.983398,1.000000,4.846833
allc,1.00,7,284,0.986644,1.000000,4.489314
allc,1.00,7,285,0.981813,1.000000,4.518930
allc,1.00,7,286,0.983685,1.000000,4.759901
allc,1.00,7,287,0.983740,1.000000,4.592591
allc,1.00,7,288,0.980907,1.000000,4.525265
allc,1.00,7,289,0.986852,1.000000,4.780017
allc,1.00,7,290,0.972849,1.000000,4.374182
allc,1.00,7,291,0.972990,1.000000,4.454988
allc,1.00,7,292,0.976446,1.000000,4.634702
allc,1.00,7,293,0.979012,1.000000,4.577976
allc,1.00,7,294,0.983460,1.000000,4.787332
allc,1.00,7,295,0.984504,1.000000,4.790668
allc,1.00,7,296,0.977839,1.000000,4.699316
allc,1.00,7,297,0.984782,1.000000,4.589779
allc,1.00,7,298,0.978149,1.000000,4.605993
allc,1.00,7,299,0.983041,1.000000,4.496019
allc,1.00,7,300,0.985347,1.000000,4.607168
allc,1.00,7,301,0.971528,1.000000,4.619975
allc,1.00,7,302,0.988651,1.000000,4.834429
allc,1.00,7,303,0.990236,1.000000,5.108713
allc,1.00,7,304,0.982729,1.000000,4.825514
allc,1.00,7,305,0.983675,1.000000,4.588014
allc,1.00,7,306,0.984202,1.000000,4.498304
allc,1.00,7,307,0.982574,1.000000,4.632679
allc,1.00,7,308,0.982367,1.000000,4.588012
allc,1.00,7,309,0.990146,1.000000,4.769094
allc,1.00,7,310,0.989975,1.000000,4.955229
allc,1.00,7,311,0.988287,1.000000,4.937831
allc,1.00,7,312,0.985630,1.000000,4.765835
allc,1.00,7,313,0.977934,1.000000,4.307875
allc,1.00,7,314,0.979810,1.000000,4.482321
allc,1.00,7,315,0.986899,1.000000,4.629371
allc,1.00,7,316,0.979344,1.000000,4.559159
allc,1.00,7,317,0.975288,1.000000,4.444773
allc,1.00,7,318,0.981606,1.000000,4.465988
allc,1.00,7,319,0.989986,1.000000,4.639847
allc,1.00,7,320,0.978857,1.000000,4.579008
allc,1.00,7,321,0.979600,1.000000,4.408734
allc,1.00,7,322,0.982953,1.000000,4.408790
allc,1.00,7,323,0.983171,1.000000,4.499003
allc,1.00,7,324,0.974047,1.000000,4.503098
allc,1.00,7,325,0.987647,1.000000,4.775686
allc,1.00,7,326,0.978807,1.000000,4.422335
allc,1.00,7,327,0.986157,1.000000,4.736918
allc,1.00,7,328,0.987922,1.000000,4.910867
allc,1.00,7,329,0.981255,1.000000,4.791950
allc,1.00,7,330,0.978502,1.000000,4.421416
allc,1.00,7,331,0.983750,1.000000,4.678750
allc,1.00,7,332,0.983225,1.000000,4.905859
allc,1.00,7,333,0.980128,1.000000,4.877164
allc,1.00,7,334,0.978924,1.000000,4.590205
allc,1.00,7,335,0.978454,1.000000,4.507554
allc,1.00,7,336,0.983995,1.000000,4.542022
allc,1.00,7,337,0.984270,1.000000,4.567822
allc,1.00,7,338,0.981104,1.000000,4.573207
allc,1.00,7,339,0.981600,1.000000,4.506602
allc,1.00,7,340,0.983689,1.000000,4.787905
allc,1.00,7,341,0.982127,1.000000,4.450201
allc,1.00,7,342,0.983304,1.000000,4.658888
allc,1.00,7,343,0.986815,1.000000,4.734471
allc,1.00,7,344,0.985554,1.000000,4.828838
allc,1.00,7,345,0.980763,1.000000,4.534737
allc,1.00,7,346,0.982164,1.000000,4.557280
allc,1.00,7,347,0.985767,1.000000,4.745494
allc,1.00,7,348,0.985073,1.000000,4.489415
allc,1.00,7,349,0.990110,1.000000,4.819732
allc,1.00,7,350,0.982009,1.000000,4.676809
allc,1.00,7,351,0.981945,1.000000,4.759016
allc,1.00,7,352,0.986413,1.000000,4.883128
allc,1.00,7,353,0.980903,1.000000,4.650252
allc,1.00,7,354,0.982782,1.000000,4.600358
allc,1.00,7,355,0.981373,1.000000,4.741786
allc,1.00,7,356,0.987929,1.000000,4.727467
allc,1.00,7,357,0.986240,1.000000,4.682133
allc,1.00,7,358,0.984579,1.000000,4.632726
allc,1.00,7,359,0.974255,1.000000,4.484466
allc,1.00,7,360,0.980278,1.000000,4.714170
allc,1.00,7,361,0.991233,1.000000,4.951923
allc,1.00,7,362,0.983000,1.000000,4.687097
allc,1.00,7,363,0.985408,1.000000,4.790318
allc,1.00,7,364,0.981056,1.000000,4.613030
allc,1.00,7,365,0.985994,1.000000,4.574637
allc,1.00,7,366,0.974205,1.000000,4.520187
allc,1.00,7,367,0.981882,1.000000,4.677254
allc,1.00,7,368,0.983596,1.000000,4.598048
allc,1.00,7,369,0.987444,1.000000,4.714018
allc,1.00,7,370,0.978604,1.000000,4.682763
allc,1.00,7,371,0.983293,1.000000,4.766930
allc,1.00,7,372,0.981713,1.000000,4.696112
allc,1.00,7,373,0.973673,1.000000,4.443305
allc,1.00,7,374,0.982292,1.000000,4.708262
allc,1.00,7,375,0.986962,1.000000,4.661546
allc,1.00,7,376,0.987622,1.000000,4.862135
allc,1.00,7,377,0.984486,1.000000,4.850047
allc,1.00,7,378,0.983708,1.000000,4.798363
allc,1.00,7,379,0.983727,1.000000,4.705142
allc,1.00,7,380,0.987662,1.000000,4.657303
allc,1.00,7,381,0.985401,1.000000,4.744787
allc,1.00,7,382,0.978986,1.000000,4.490816
allc,1.00,7,383,0.988365,1.000000,4.740527
allc,1.00,7,384,0.981170,1.000000,4.636893
allc,1.00,7,385,0.984579,1.000000,4.673055
allc,1.00,7,386,0.980242,1.000000,4.518192
allc,1.00,7,387,0.986742,1.000000,4.748987
allc,1.00,7,388,0.986037,1.000000,4.716926
allc,1.00,7,389,0.989322,1.000000,4.889999
allc,1.00,7,390,0.981967,1.000000,4.744637
allc,1.00,7,391,0.980610,1.000000,4.489407
allc,1.00,7,392,0.977691,1.000000,4.795588
allc,1.00,7,393,0.987838,1.000000,4.971035
allc,1.00,7,394,0.986619,1.000000,4.625917
allc,1.00,7,395,0.986477,1.000000,4.772682
allc,1.00,7,396,0.984136,1.000000,4.676765
allc,1.00,7,397,0.973167,1.000000,4.506264
allc,1.00,7,398,0.982684,1.000000,4.491887
allc,1.00,7,399,0.990076,1.000000,4.665542
allc,1.00,7,400,0.973779,1.000000,4.615581
allc,1.00,7,401,0.973370,1.000000,4.500262
allc,1.00,7,402,0.982376,1.000000,4.582422
allc,1.00,7,403,0.979358,1.000000,4.439674
allc,1.00,7,404,0.978466,1.000000,4.309494
allc,1.00,7,405,0.979311,1.000000,4.569793
allc,1.00,7,406,0.978912,1.000000,4.474077
allc,1.00,7,407,0.989270,1.000000,4.788873
allc,1.00,7,408,0.983979,1.000000,4.625355
allc,1.00,7,409,0.986992,1.000000,4.823094
allc,1.00,7,410,0.978569,1.000000,4.602693
allc,1.00,7,411,0.978812,1.000000,4.401968
allc,1.00,7,412,0.971807,1.000000,4.427511
allc,1.00,7,413,0.982313,1.000000,4.672656
allc,1.00,7,414,0.986591,1.000000,4.724387
allc,1.00,7,415,0.987175,1.000000,4.661624
allc,1.00,7,416,0.968500,1.000000,4.411132
allc,1.00,7,417,0.981542,1.000000,4.592254
allc,1.00,7,418,0.981146,1.000000,4.706801
allc,1.00,7,419,0.979189,1.000000,4.662246
allc,1.00,7,420,0.988264,1.000000,4.837447
allc,1.00,7,421,0.986752,1.000000,4.855370
allc,1.00,7,422,0.983225,1.000000,4.442001
allc,1.00,7,423,0.967294,1.000000,4.492093
allc,1.00,7,424,0.982852,1.000000,4.684255
allc,1.00,7,425,0.983065,1.000000,4.603808
allc,1.00,7,426,0.982434,1.000000,4.646804
allc,1.00,7,427,0.982282,1.000000,4.595069
allc,1.00,7,428,0.989669,1.000000,4.984531
allc,1.00,7,429,0.983281,1.000000,4.757121
allc,1.00,7,430,0.982750,1.000000,4.498199
allc,1.00,7,431,0.986601,1.000000,4.695700
allc,1.00,7,432,0.982826,1.000000,4.669084
allc,1.00,7,433,0.985550,1.000000,4.699210
allc,1.00,7,434,0.981532,1.000000,4.713757
allc,1.00,7,435,0.984251,1.000000,4.823190
allc,1.00,7,436,0.982765,1.000000,4.715449
allc,1.00,7,437,0.983460,1.000000,4.726458
allc,1.00,7,438,0.972927,1.000000,4.441038
allc,1.00,7,439,0.986340,1.000000,4.609574
allc,1.00,7,440,0.989178,1.000000,4.894889
allc,1.00,7,441,0.981040,1.000000,4.520952
allc,1.00,7,442,0.986171,1.000000,4.721716
allc,1.00,7,443,0.986681,1.000000,4.664157
allc,1.00,7,444,0.986287,1.000000,4.689474
allc,1.00,7,445,0.979402,1.000000,4.542337
allc,1.00,7,446,0.981258,1.000000,4.601710
allc,1.00,7,447,0.980245,1.000000,4.656494
allc,1.00,7,448,0.979337,1.000000,4.724232
allc,1.00,7,449,0.987939,1.000000,4.515941
allc,1.00,7,450,0.976399,1.000000,4.567655
allc,1.00,7,451,0.976924,1.000000,4.600531
allc,1.00,7,452,0.979446,1.000000,4.435440
allc,1.00,7,453,0.973666,1.000000,4.551369
allc,1.00,7,454,0.982400,1.000000,4.777884
allc,1.00,7,455,0.988865,1.000000,4.987610
allc,1.00,7,456,0.982042,1.000000,4.542572
allc,1.00,7,457,0.982266,1.000000,4.738296
allc,1.00,7,458,0.983657,1.000000,4.688983
allc,1.00,7,459,0.982328,1.000000,4.637961
allc,1.00,7,460,0.984012,1.000000,4.514255
allc,1.00,7,461,0.985453,1.000000,4.749906
allc,1.00,7,462,0.988074,1.000000,4.925084
allc,1.00,7,463,0.984859,1.000000,4.890146
allc,1.00,7,464,0.990142,1.000000,4.966474
allc,1.00,7,465,0.986254,1.000000,4.887109
allc,1.00,7,466,0.982771,1.000000,4.691635
allc,1.00,7,467,0.982653,1.000000,4.836470
allc,1.00,7,468,0.983503,1.000000,4.686347
allc,1.00,7,469,0.977754,1.000000,4.494386
allc,1.00,7,470,0.984080,1.000000,4.459209
allc,1.00,7,471,0.984745,1.000000,4.740115
allc,1.00,7,472,0.990251,1.000000,4.940131
allc,1.00,7,473,0.987819,1.000000,4.762884
allc,1.00,7,474,0.982727,1.000000,4.666852
allc,1.00,7,475,0.977926,1.000000,4.568302
allc,1.00,7,476,0.979387,1.000000,4.583994
allc,1.00,7,477,0.990131,1.000000,4.742700
allc,1.00,7,478,0.978989,1.000000,4.526286
allc,1.00,7,479,0.987347,1.000000,4.725237
allc,1.00,7,480,0.986496,1.000000,4.875542
allc,1.00,7,481,0.981751,1.000000,4.785125
allc,1.00,7,482,0.985090,1.000000,4.575181
allc,1.00,7,483,0.980602,1.000000,4.556006
allc,1.00,7,484,0.983513,1.000000,4.507944
allc,1.00,7,485,0.987442,1.000000,4.677266
allc,1.00,7,486,0.979370,1.000000,4.715323
allc,1.00,7,487,0.980803,1.000000,4.441081
allc,1.00,7,488,0.979560,1.000000,4.624758
allc,1.00,7,489,0.974101,1.000000,4.536364
allc,1.00,7,490,0.988367,1.000000,4.697886
allc,1.00,7,491,0.986845,1.000000,4.722884
allc,1.00,7,492,0.981837,1.000000,4.818659
allc,1.00,7,493,0.983448,1.000000,4.624981
allc,1.00,7,494,0.968656,1.000000,4.628831
allc,1.00,7,495,0.982342,1.000000,4.524472
allc,1.00,7,496,0.984019,1.000000,4.601075
allc,1.00,7,497,0.977052,1.000000,4.566170
allc,1.00,7,498,0.981544,1.000000,4.531213
allc,1.00,7,499,0.981326,1.000000,4.460652
coupled,0.00,8,0,0.965321,1.000000,4.664246
coupled,0.00,8,1,0.967161,1.000000,4.582861
coupled,0.00,8,2,0.954097,1.000000,4.473709
coupled,0.00,8,3,0.966593,1.000000,4.827287
coupled,0.00,8,4,0.967231,1.000000,4.663081
coupled,0.00,8,5,0.961070,1.000000,4.662074
coupled,0.00,8,6,0.964440,1.000000,4.457115
coupled,0.00,8,7,0.956888,1.000000,4.467928
coupled,0.00,8,8,0.958942,1.000000,4.873379
coupled,0.00,8,9,0.963405,1.000000,4.677875
coupled,0.00,8,10,0.979919,1.000000,4.665172
coupled,0.00,8,11,0.964831,1.000000,4.784866
coupled,0.00,8,12,0.972991,1.000000,4.733713
coupled,0.00,8,13,0.958302,1.000000,4.801482
coupled,0.00,8,14,0.963706,1.000000,4.848622
coupled,0.00,8,15,0.973443,1.000000,4.674071
coupled,0.00,8,16,0.962987,1.000000,4.640115
coupled,0.00,8,17,0.971857,1.000000,4.744842
coupled,0.00,8,18,0.982297,1.000000,4.420803
coupled,0.00,8,19,0.961748,1.000000,4.830135
coupled,0.00,8,20,0.977796,1.000000,4.502860
coupled,0.00,8,21,0.961832,1.000000,4.637437
coupled,0.00,8,22,0.962589,1.000000,4.826849
coupled,0.00,8,23,0.978751,1.000000,4.776638
coupled,0.00,8,24,0.977122,1.000000,4.909809
coupled,0.00,8,25,0.979277,1.000000,4.632023
coupled,0.00,8,26,0.974410,1.000000,4.856463
coupled,0.00,8,27,0.980133,1.000000,4.729510
coupled,0.00,8,28,0.969081,1.000000,4.913431
coupled,0.00,8,29,0.976061,1.000000,4.694516
coupled,0.00,8,30,0.960033,1.000000,4.763165
coupled,0.00,8,31,0.975465,1.000000,4.675222
coupled,0.00,8,32,0.968755,1.000000,4.457672
coupled,0.00,8,33,0.967768,1.000000,4.866659
coupled,0.00,8,34,0.977306,1.000000,4.659857
coupled,0.00,8,35,0.973538,1.000000,5.058141
coupled,0.00,8,36,0.979312,1.000000,4.954579
coupled,0.00,8,37,0.978813,1.000000,4.645935
coupled,0.00,8,38,0.971695,1.000000,4.361277
coupled,0.00,8,39,0.944042,1.000000,4.702797
coupled,0.00,8,40,0.974034,1.000000,4.635910
coupled,0.00,8,41,0.963431,1.000000,4.835750
coupled,0.00,8,42,0.976978,1.000000,4.685935
coupled,0.00,8,43,0.971053,1.000000,4.593399
coupled,0.00,8,44,0.975995,1.000000,4.846701
coupled,0.00,8,45,0.974073,1.000000,4.688995
coupled,0.00,8,46,0.980815,1.000000,4.532193
coupled,0.00,8,47,0.957585,1.000000,4.610603
coupled,0.00,8,48,0.966416,1.000000,4.661730
coupled,0.00,8,49,0.968716,1.000000,4.770963
coupled,0.00,8,50,0.963602,1.000000,4.698961
coupled,0.00,8,51,0.964511,1.000000,4.814213
coupled,0.00,8,52,0.964921,1.000000,4.861146
coupled,0.00,8,53,0.976685,1.000000,4.524893
coupled,0.00,8,54,0.963683,1.000000,4.690678
coupled,0.00,8,55,0.954463,1.000000,4.710670
coupled,0.00,8,56,0.965757,1.000000,4.760279
coupled,0.00,8,57,0.976932,1.000000,4.756521
coupled,0.00,8,58,0.983614,1.000000,4.680859
coupled,0.00,8,59,0.956821,1.000000,4.751782
coupled,0.00,8,60,0.968006,1.000000,4.795910
coupled,0.00,8,61,0.978738,1.000000,4.855838
coupled,0.00,8,62,0.978803,1.000000,4.797403
coupled,0.00,8,63,0.977843,1.000000,4.944833
coupled,0.00,8,64,0.974559,1.000000,5.026663
coupled,0.00,8,65,0.977132,1.000000,4.849276
coupled,0.00,8,66,0.966468,1.000000,4.550089
coupled,0.00,8,67,0.966291,1.000000,4.545465
coupled,0.00,8,68,0.975214,1.000000,4.580576
coupled,0.00,8,69,0.957030,1.000000,4.722583
coupled,0.00,8,70,0.971569,1.000000,4.589624
coupled,0.00,8,71,0.969159,1.000000,4.687081
coupled,0.00,8,72,0.970700,1.000000,4.835032
coupled,0.00,8,73,0.971692,1.000000,4.840873
coupled,0.00,8,74,0.979046,1.000000,4.496247
coupled,0.00,8,75,0.950634,1.000000,4.777257
coupled,0.00,8,76,0.972777,1.000000,4.876419
coupled,0.00,8,77,0.977722,1.000000,4.535970
coupled,0.00,8,78,0.967260,1.000000,4.751888
coupled,0.00,8,79,0.972528,1.000000,4.720353
coupled,0.00,8,80,0.978258,1.000000,4.993078
coupled,0.00,8,81,0.972891,1.000000,4.764574
coupled,0.00,8,82,0.978386,1.000000,4.725448
coupled,0.00,8,83,0.974568,1.000000,4.746470
coupled,0.00,8,84,0.966451,1.000000,4.499557
coupled,0.00,8,85,0.959479,1.000000,4.678382
coupled,0.00,8,86,0.968163,1.000000,4.957483
coupled,0.00,8,87,0.979203,1.000000,5.076053
coupled,0.00,8,88,0.983042,1.000000,4.798008
coupled,0.00,8,89,0.959931,1.000000,4.761148
coupled,0.00,8,90,0.975618,1.000000,4.463272
coupled,0.00,8,91,0.950699,1.000000,4.913414
coupled,0.00,8,92,0.975813,1.000000,4.833786
coupled,0.00,8,93,0.977251,1.000000,4.740595
coupled,0.00,8,94,0.971502,1.000000,4.346123
coupled,0.00,8,95,0.937682,1.000000,4.671312
coupled,0.00,8,96,0.977039,1.000000,4.830463
coupled,0.00,8,97,0.979003,1.000000,4.693305
coupled,0.00,8,98,0.968435,1.000000,4.659418
coupled,0.00,8,99,0.971506,1.000000,4.711723
coupled,0.00,8,100,0.960043,1.000000,5.013411
coupled,0.00,8,101,0.978001,1.000000,4.776410
coupled,0.00,8,102,0.977680,1.000000,4.622156
coupled,0.00,8,103,0.956076,1.000000,4.407420
coupled,0.00,8,104,0.953608,1.000000,4.693556
coupled,0.00,8,105,0.965801,1.000000,4.561874
coupled,0.00,8,106,0.963884,1.000000,4.798427
coupled,0.00,8,107,0.965921,1.000000,4.966670
coupled,0.00,8,108,0.975790,1.000000,4.745793
coupled,0.00,8,109,0.969816,1.000000,4.881682
coupled,0.00,8,110,0.959690,1.000000,4.681531
coupled,0.00,8,111,0.964675,1.000000,4.615689
coupled,0.00,8,112,0.965693,1.000000,4.423945
coupled,0.00,8,113,0.956815,1.000000,4.611079
coupled,0.00,8,114,0.975507,1.000000,4.228131
coupled,0.00,8,115,0.953882,1.000000,4.553866
coupled,0.00,8,116,0.970938,1.000000,4.450687
coupled,0.00,8,117,0.971284,1.000000,4.560656
coupled,0.00,8,118,0.972252,1.000000,4.737905
coupled,0.00,8,119,0.970742,1.000000,4.574531
coupled,0.00,8,120,0.960239,1.000000,4.764591
coupled,0.00,8,121,0.964106,1.000000,4.725597
coupled,0.00,8,122,0.968638,1.000000,4.867539
coupled,0.00,8,123,0.981497,1.000000,4.444530
coupled,0.00,8,124,0.950990,1.000000,4.687059
coupled,0.00,8,125,0.968004,1.000000,4.709081
coupled,0.00,8,126,0.971976,1.000000,4.901998
coupled,0.00,8,127,0.975259,1.000000,4.932408
coupled,0.00,8,128,0.973368,1.000000,4.757582
coupled,0.00,8,129,0.975215,1.000000,4.592192
coupled,0.00,8,130,0.970568,1.000000,4.714703
coupled,0.00,8,131,0.965175,1.000000,4.762342
coupled,0.00,8,132,0.966431,1.000000,4.976405
coupled,0.00,8,133,0.969941,1.000000,4.693706
coupled,0.00,8,134,0.958462,1.000000,4.601722
coupled,0.00,8,135,0.958050,1.000000,4.860148
coupled,0.00,8,136,0.965450,1.000000,4.640460
coupled,0.00,8,137,0.967267,1.000000,4.298385
coupled,0.00,8,138,0.952039,1.000000,4.531833
coupled,0.00,8,139,0.971403,1.000000,4.792255
coupled,0.00,8,140,0.974587,1.000000,4.771629
coupled,0.00,8,141,0.961737,1.000000,4.820527
coupled,0.00,8,142,0.969691,1.000000,4.880578
coupled,0.00,8,143,0.969112,1.000000,4.667600
coupled,0.00,8,144,0.962454,1.000000,4.709116
coupled,0.00,8,145,0.974020,1.000000,4.524868
coupled,0.00,8,146,0.973388,1.000000,4.934926
coupled,0.00,8,147,0.970456,1.000000,4.996448
coupled,0.00,8,148,0.980555,1.000000,4.838737
coupled,0.00,8,149,0.968394,1.000000,4.871947
coupled,0.00,8,150,0.975432,1.000000,4.890345
coupled,0.00,8,151,0.980904,1.000000,4.944667
coupled,0.00,8,152,0.971088,1.000000,4.564519
coupled,0.00,8,153,0.953429,1.000000,4.562617
coupled,0.00,8,154,0.969204,1.000000,4.448042
coupled,0.00,8,155,0.963788,1.000000,4.376665
coupled,0.00,8,156,0.963830,1.000000,4.457830
coupled,0.00,8,157,0.962310,1.000000,4.949562
coupled,0.00,8,158,0.970695,1.000000,4.686449
coupled,0.00,8,159,0.967542,1.000000,4.554745
coupled,0.00,8,160,0.963575,1.000000,4.734245
coupled,0.00,8,161,0.974889,1.000000,4.384595
coupled,0.00,8,162,0.956170,1.000000,4.810704
coupled,0.00,8,163,0.979755,1.000000,4.684956
coupled,0.00,8,164,0.966488,1.000000,4.599998
coupled,0.00,8,165,0.959671,1.000000,4.515762
coupled,0.00,8,166,0.962431,1.000000,4.683051
coupled,0.00,8,167,0.966733,1.000000,4.573128
coupled,0.00,8,168,0.957647,1.000000,4.718722
coupled,0.00,8,169,0.978048,1.000000,4.863366
coupled,0.00,8,170,0.976109,1.000000,4.545366
coupled,0.00,8,171,0.947763,1.000000,4.493747
coupled,0.00,8,172,0.965405,1.000000,4.479820
coupled,0.00,8,173,0.963189,1.000000,4.733298
coupled,0.00,8,174,0.961555,1.000000,4.728595
coupled,0.00,8,175,0.969140,1.000000,4.576647
coupled,0.00,8,176,0.963704,1.000000,4.725654
coupled,0.00,8,177,0.963885,1.000000,4.622086
coupled,0.00,8,178,0.965181,1.000000,4.476856
coupled,0.00,8,179,0.964657,1.000000,4.569697
coupled,0.00,8,180,0.952348,1.000000,4.761012
coupled,0.00,8,181,0.974681,1.000000,4.708909
coupled,0.00,8,182,0.969541,1.000000,4.738964
coupled,0.00,8,183,0.973556,1.000000,4.879509
coupled,0.00,8,184,0.975874,1.000000,4.713369
coupled,0.00,8,185,0.969742,1.000000,4.684239
coupled,0.00,8,186,0.969965,1.000000,4.825597
coupled,0.00,8,187,0.973252,1.000000,4.407029
coupled,0.00,8,188,0.960178,1.000000,4.576540
coupled,0.00,8,189,0.942395,1.000000,4.531778
coupled,0.00,8,190,0.960004,1.000000,4.715453
coupled,0.00,8,191,0.966544,1.000000,4.817803
coupled,0.00,8,192,0.977815,1.000000,4.565821
coupled,0.00,8,193,0.957645,1.000000,4.474093
coupled,0.00,8,194,0.970391,1.000000,4.953634
coupled,0.00,8,195,0.980238,1.000000,4.734015
coupled,0.00,8,196,0.974093,1.000000,4.739736
coupled,0.00,8,197,0.975576,1.000000,4.563086
coupled,0.00,8,198,0.966784,1.000000,4.612471
coupled,0.00,8,199,0.962936,1.000000,4.642192
coupled,0.00,8,200,0.968162,1.000000,4.948910
coupled,0.00,8,201,0.973016,1.000000,4.660581
coupled,0.00,8,202,0.962299,1.000000,4.330547
coupled,0.00,8,203,0.960013,1.000000,4.642055
coupled,0.00,8,204,0.976842,1.000000,4.597803
coupled,0.00,8,205,0.971858,1.000000,4.630187
coupled,0.00,8,206,0.958394,1.000000,4.732811
coupled,0.00,8,207,0.976485,1.000000,4.385755
coupled,0.00,8,208,0.935533,1.000000,4.812072
coupled,0.00,8,209,0.979348,1.000000,4.614206
coupled,0.00,8,210,0.966727,1.000000,4.530263
coupled,0.00,8,211,0.964928,1.000000,5.042637
coupled,0.00,8,212,0.980174,1.000000,4.550683
coupled,0.00,8,213,0.960507,1.000000,4.564337
coupled,0.00,8,214,0.960967,1.000000,4.841045
coupled,0.00,8,215,0.975085,1.000000,4.907127
coupled,0.00,8,216,0.981634,1.000000,4.525303
coupled,0.00,8,217,0.956794,1.000000,4.781243
coupled,0.00,8,218,0.978692,1.000000,4.667124
coupled,0.00,8,219,0.948197,1.000000,4.519913
coupled,0.00,8,220,0.958629,1.000000,4.535691
coupled,0.00,8,221,0.969146,1.000000,4.597642
coupled,0.00,8,222,0.983035,1.000000,4.552532
coupled,0.00,8,223,0.969438,1.000000,4.793970
coupled,0.00,8,224,0.964930,1.000000,4.551055
coupled,0.00,8,225,0.965642,1.000000,4.681666
coupled,0.00,8,226,0.966256,1.000000,4.507818
coupled,0.00,8,227,0.957577,1.000000,4.779288
coupled,0.00,8,228,0.973952,1.000000,4.860875
coupled,0.00,8,229,0.974713,1.000000,4.825956
coupled,0.00,8,230,0.966809,1.000000,4.749914
coupled,0.00,8,231,0.974743,1.000000,4.721835
coupled,0.00,8,232,0.969778,1.000000,4.847450
coupled,0.00,8,233,0.973338,1.000000,4.971999
coupled,0.00,8,234,0.981018,1.000000,4.707685
coupled,0.00,8,235,0.978488,1.000000,4.696145
coupled,0.00,8,236,0.975048,1.000000,4.426664
coupled,0.00,8,237,0.964276,1.000000,4.910154
coupled,0.00,8,238,0.971336,1.000000,4.637839
coupled,0.00,8,239,0.960976,1.000000,4.620501
coupled,0.00,8,240,0.969383,1.000000,4.529853
coupled,0.00,8,241,0.966956,1.000000,4.444014
coupled,0.00,8,242,0.955101,1.000000,4.858045
coupled,0.00,8,243,0.965432,1.000000,4.592206
coupled,0.00,8,244,0.954602,1.000000,4.799041
coupled,0.00,8,245,0.962130,1.000000,4.678864
coupled,0.00,8,246,0.965907,1.000000,4.571729
coupled,0.00,8,247,0.953359,1.000000,4.555606
coupled,0.00,8,248,0.976068,1.000000,4.687351
coupled,0.00,8,249,0.975819,1.000000,4.573276
coupled,0.00,8,250,0.978720,1.000000,4.592245
coupled,0.00,8,251,0.965810,1.000000,4.528142
coupled,0.00,8,252,0.966759,1.000000,4.622770
coupled,0.00,8,253,0.963031,1.000000,4.812861
coupled,0.00,8,254,0.975440,1.000000,5.012940
coupled,0.00,8,255,0.975203,1.000000,4.637420
coupled,0.00,8,256,0.964926,1.000000,4.730321
coupled,0.00,8,257,0.973417,1.000000,4.722817
coupled,0.00,8,258,0.971507,1.000000,4.924818
coupled,0.00,8,259,0.983579,1.000000,4.735617
coupled,0.00,8,260,0.968758,1.000000,4.931841
coupled,0.00,8,261,0.970380,1.000000,4.700412
coupled,0.00,8,262,0.973712,1.000000,4.543757
coupled,0.00,8,263,0.962832,1.000000,4.545950
coupled,0.00,8,264,0.949216,1.000000,4.763051
coupled,0.00,8,265,0.975727,1.000000,4.671911
coupled,0.00,8,266,0.969390,1.000000,4.748156
coupled,0.00,8,267,0.978256,1.000000,4.545678
coupled,0.00,8,268,0.966012,1.000000,4.610405
coupled,0.00,8,269,0.968596,1.000000,4.796851
coupled,0.00,8,270,0.981307,1.000000,4.619167
coupled,0.00,8,271,0.973595,1.000000,4.805594
coupled,0.00,8,272,0.969977,1.000000,4.459972
coupled,0.00,8,273,0.948573,1.000000,5.015273
coupled,0.00,8,274,0.977591,1.000000,4.893140
coupled,0.00,8,275,0.979350,1.000000,4.582850
coupled,0.00,8,276,0.957817,1.000000,4.468044
coupled,0.00,8,277,0.967852,1.000000,4.743280
coupled,0.00,8,278,0.976330,1.000000,4.746529
coupled,0.00,8,279,0.970520,1.000000,4.696636
coupled,0.00,8,280,0.963978,1.000000,4.757210
coupled,0.00,8,281,0.965879,1.000000,4.800056
coupled,0.00,8,282,0.975406,1.000000,4.728009
coupled,0.00,8,283,0.969569,1.000000,4.411204
coupled,0.00,8,284,0.963702,1.000000,4.483477
coupled,0.00,8,285,0.960946,1.000000,4.589216
coupled,0.00,8,286,0.969829,1.000000,4.708105
coupled,0.00,8,287,0.967824,1.000000,4.744470
coupled,0.00,8,288,0.971933,1.000000,4.634379
coupled,0.00,8,289,0.953370,1.000000,4.528875
coupled,0.00,8,290,0.962837,1.000000,4.691114
coupled,0.00,8,291,0.955098,1.000000,4.662120
coupled,0.00,8,292,0.968439,1.000000,4.940754
coupled,0.00,8,293,0.968449,1.000000,4.596907
coupled,0.00,8,294,0.970036,1.000000,4.773766
coupled,0.00,8,295,0.983181,1.000000,4.745344
coupled,0.00,8,296,0.960220,1.000000,4.661847
coupled,0.00,8,297,0.970000,1.000000,4.859577
coupled,0.00,8,298,0.981964,1.000000,4.654917
coupled,0.00,8,299,0.975269,1.000000,4.752315
coupled,0.00,8,300,0.968154,1.000000,4.712824
coupled,0.00,8,301,0.980871,1.000000,4.610293
coupled,0.00,8,302,0.965620,1.000000,4.727721
coupled,0.00,8,303,0.969045,1.000000,4.801107
coupled,0.00,8,304,0.965262,1.000000,4.681361
coupled,0.00,8,305,0.966695,1.000000,4.972776
coupled,0.00,8,306,0.979625,1.000000,4.499773
coupled,0.00,8,307,0.961597,1.000000,4.788844
coupled,0.00,8,308,0.975330,1.000000,4.706611
coupled,0.00,8,309,0.973452,1.000000,4.472178
coupled,0.00,8,310,0.938699,1.000000,4.489880
coupled,0.00,8,311,0.956346,1.000000,4.707842
coupled,0.00,8,312,0.970212,1.000000,4.662616
coupled,0.00,8,313,0.974678,1.000000,4.543046
coupled,0.00,8,314,0.959932,1.000000,4.930763
coupled,0.00,8,315,0.967932,1.000000,4.828290
coupled,0.00,8,316,0.977232,1.000000,4.902896
coupled,0.00,8,317,0.972675,1.000000,4.644984
coupled,0.00,8,318,0.970708,1.000000,4.546018
coupled,0.00,8,319,0.964848,1.000000,4.624076
coupled,0.00,8,320,0.959266,1.000000,4.611652
coupled,0.00,8,321,0.969737,1.000000,4.424979
coupled,0.00,8,322,0.970894,1.000000,4.475025
coupled,0.00,8,323,0.964122,1.000000,4.893622
coupled,0.00,8,324,0.981644,1.000000,4.653429
coupled,0.00,8,325,0.974376,1.000000,4.724417
coupled,0.00,8,326,0.978624,1.000000,4.810381
coupled,0.00,8,327,0.976063,1.000000,4.433451
coupled,0.00,8,328,0.947515,1.000000,4.554114
coupled,0.00,8,329,0.971253,1.000000,4.716063
coupled,0.00,8,330,0.974811,1.000000,4.665714
coupled,0.00,8,331,0.969091,1.000000,4.605032
coupled,0.00,8,332,0.971283,1.000000,4.746982
coupled,0.00,8,333,0.966083,1.000000,4.702051
coupled,0.00,8,334,0.971768,1.000000,4.870703
coupled,0.00,8,335,0.976882,1.000000,4.679658
coupled,0.00,8,336,0.965711,1.000000,4.710130
coupled,0.00,8,337,0.969617,1.000000,4.737893
coupled,0.00,8,338,0.965812,1.000000,4.687154
coupled,0.00,8,339,0.964648,1.000000,4.596080
coupled,0.00,8,340,0.971271,1.000000,4.557720
coupled,0.00,8,341,0.969008,1.000000,4.886124
coupled,0.00,8,342,0.980775,1.000000,4.913281
coupled,0.00,8,343,0.981146,1.000000,4.668552
coupled,0.00,8,344,0.963604,1.000000,4.716428
coupled,0.00,8,345,0.964589,1.000000,4.866604
coupled,0.00,8,346,0.974106,1.000000,4.781161
coupled,0.00,8,347,0.976490,1.000000,4.648224
coupled,0.00,8,348,0.961416,1.000000,4.485545
coupled,0.00,8,349,0.959196,1.000000,4.610605
coupled,0.00,8,350,0.973462,1.000000,4.570329
coupled,0.00,8,351,0.957483,1.000000,4.733169
coupled,0.00,8,352,0.964010,1.000000,4.233407
coupled,0.00,8,353,0.930885,1.000000,4.597236
coupled,0.00,8,354,0.966113,1.000000,4.543237
coupled,0.00,8,355,0.956034,1.000000,4.366768
coupled,0.00,8,356,0.947230,1.000000,4.448328
coupled,0.00,8,357,0.959771,1.000000,4.799177
coupled,0.00,8,358,0.975714,1.000000,4.798928
coupled,0.00,8,359,0.968813,1.000000,4.718195
coupled,0.00,8,360,0.976163,1.000000,4.610824
coupled,0.00,8,361,0.959443,1.000000,4.732473
coupled,0.00,8,362,0.972000,1.000000,4.796977
coupled,0.00,8,363,0.970450,1.000000,4.880538
coupled,0.00,8,364,0.974312,1.000000,4.576302
coupled,0.00,8,365,0.960528,1.000000,4.591320
coupled,0.00,8,366,0.950051,1.000000,4.517660
coupled,0.00,8,367,0.961880,1.000000,4.405723
coupled,0.00,8,368,0.967785,1.000000,4.482613
coupled,0.00,8,369,0.968016,1.000000,4.528308
coupled,0.00,8,370,0.966932,1.000000,4.680988
coupled,0.00,8,371,0.965500,1.000000,4.583795
coupled,0.00,8,372,0.973039,1.000000,4.751114
coupled,0.00,8,373,0.965468,1.000000,4.723008
coupled,0.00,8,374,0.967218,1.000000,4.600401
coupled,0.00,8,375,0.964065,1.000000,4.599021
coupled,0.00,8,376,0.973328,1.000000,4.677538
coupled,0.00,8,377,0.963858,1.000000,4.716340
coupled,0.00,8,378,0.966782,1.000000,4.691002
coupled,0.00,8,379,0.970229,1.000000,4.588702
coupled,0.00,8,380,0.971699,1.000000,4.743971
coupled,0.00,8,381,0.970818,1.000000,4.774628
coupled,0.00,8,382,0.977249,1.000000,4.541619
coupled,0.00,8,383,0.952308,1.000000,4.473749
coupled,0.00,8,384,0.949972,1.000000,4.777818
coupled,0.00,8,385,0.966322,1.000000,4.821208
coupled,0.00,8,386,0.972976,1.000000,4.769745
coupled,0.00,8,387,0.972563,1.000000,4.751291
coupled,0.00,8,388,0.951872,1.000000,4.464101
coupled,0.00,8,389,0.965675,1.000000,4.655660
coupled,0.00,8,390,0.968621,1.000000,4.830416
coupled,0.00,8,391,0.966255,1.000000,4.860442
coupled,0.00,8,392,0.966231,1.000000,4.992103
coupled,0.00,8,393,0.972280,1.000000,4.669469
coupled,0.00,8,394,0.978178,1.000000,4.752278
coupled,0.00,8,395,0.965068,1.000000,4.762860
coupled,0.00,8,396,0.966987,1.000000,4.996439
coupled,0.00,8,397,0.982056,1.000000,4.960124
coupled,0.00,8,398,0.979035,1.000000,4.600251
coupled,0.00,8,399,0.969721,1.000000,4.610186
coupled,0.00,8,400,0.957106,1.000000,4.701878
coupled,0.00,8,401,0.965567,1.000000,4.768116
coupled,0.00,8,402,0.973967,1.000000,4.822616
coupled,0.00,8,403,0.972815,1.000000,4.672773
coupled,0.00,8,404,0.970305,1.000000,4.963364
coupled,0.00,8,405,0.971944,1.000000,4.881144
coupled,0.00,8,406,0.976068,1.000000,4.701960
coupled,0.00,8,407,0.967905,1.000000,4.707755
coupled,0.00,8,408,0.967965,1.000000,4.754240
coupled,0.00,8,409,0.974120,1.000000,4.754337
coupled,0.00,8,410,0.968801,1.000000,4.888476
coupled,0.00,8,411,0.979875,1.000000,5.079560
coupled,0.00,8,412,0.985360,1.000000,4.641435
coupled,0.00,8,413,0.963864,1.000000,4.505102
coupled,0.00,8,414,0.962291,1.000000,4.802089
coupled,0.00,8,415,0.978090,1.000000,4.648126
coupled,0.00,8,416,0.970014,1.000000,4.860156
coupled,0.00,8,417,0.977816,1.000000,4.968648
coupled,0.00,8,418,0.971469,1.000000,4.936047
coupled,0.00,8,419,0.974761,1.000000,5.019922
coupled,0.00,8,420,0.976687,1.000000,4.806526
coupled,0.00,8,421,0.974904,1.000000,4.642765
coupled,0.00,8,422,0.966088,1.000000,4.608056
coupled,0.00,8,423,0.964042,1.000000,4.838004
coupled,0.00,8,424,0.971780,1.000000,4.846349
coupled,0.00,8,425,0.970878,1.000000,4.700007
coupled,0.00,8,426,0.970520,1.000000,4.940464
coupled,0.00,8,427,0.977150,1.000000,4.825494
coupled,0.00,8,428,0.963724,1.000000,4.956901
coupled,0.00,8,429,0.983232,1.000000,4.740328
coupled,0.00,8,430,0.975264,1.000000,4.640452
coupled,0.00,8,431,0.969595,1.000000,4.443018
coupled,0.00,8,432,0.963196,1.000000,4.744654
coupled,0.00,8,433,0.977474,1.000000,4.714302
coupled,0.00,8,434,0.964476,1.000000,4.818680
coupled,0.00,8,435,0.973921,1.000000,4.747040
coupled,0.00,8,436,0.974897,1.000000,4.601993
coupled,0.00,8,437,0.958457,1.000000,4.641216
coupled,0.00,8,438,0.966503,1.000000,4.969569
coupled,0.00,8,439,0.972965,1.000000,4.785689
coupled,0.00,8,440,0.969068,1.000000,4.783203
coupled,0.00,8,441,0.970723,1.000000,4.554602
coupled,0.00,8,442,0.966862,1.000000,4.750427
coupled,0.00,8,443,0.973343,1.000000,4.704601
coupled,0.00,8,444,0.971191,1.000000,4.682399
coupled,0.00,8,445,0.972893,1.000000,4.755018
coupled,0.00,8,446,0.975100,1.000000,4.758426
coupled,0.00,8,447,0.970804,1.000000,4.678220
coupled,0.00,8,448,0.969178,1.000000,4.752362
coupled,0.00,8,449,0.972343,1.000000,4.817084
coupled,0.00,8,450,0.972087,1.000000,4.642173
coupled,0.00,8,451,0.959213,1.000000,5.044723
coupled,0.00,8,452,0.983788,1.000000,4.806746
coupled,0.00,8,453,0.966616,1.000000,4.993712
coupled,0.00,8,454,0.969795,1.000000,4.779013
coupled,0.00,8,455,0.974349,1.000000,4.321687
coupled,0.00,8,456,0.957683,1.000000,4.565876
coupled,0.00,8,457,0.956345,1.000000,4.693514
coupled,0.00,8,458,0.958979,1.000000,4.606595
coupled,0.00,8,459,0.967140,1.000000,4.701114
coupled,0.00,8,460,0.976396,1.000000,4.694966
coupled,0.00,8,461,0.972882,1.000000,4.674323
coupled,0.00,8,462,0.966243,1.000000,4.709155
coupled,0.00,8,463,0.981590,1.000000,4.712169
coupled,0.00,8,464,0.970592,1.000000,4.733027
coupled,0.00,8,465,0.964626,1.000000,4.727092
coupled,0.00,8,466,0.961571,1.000000,4.773567
coupled,0.00,8,467,0.970575,1.000000,4.728788
coupled,0.00,8,468,0.963152,1.000000,4.812814
coupled,0.00,8,469,0.980107,1.000000,4.899142
coupled,0.00,8,470,0.984131,1.000000,4.895234
coupled,0.00,8,471,0.968606,1.000000,4.433056
coupled,0.00,8,472,0.960577,1.000000,4.502699
coupled,0.00,8,473,0.966494,1.000000,4.624511
coupled,0.00,8,474,0.967764,1.000000,4.701617
coupled,0.00,8,475,0.969959,1.000000,4.731493
coupled,0.00,8,476,0.953566,1.000000,4.434116
coupled,0.00,8,477,0.960307,1.000000,4.701620
coupled,0.00,8,478,0.970326,1.000000,4.711629
coupled,0.00,8,479,0.980071,1.000000,4.890763
coupled,0.00,8,480,0.973731,1.000000,4.725582
coupled,0.00,8,481,0.955911,1.000000,4.849667
coupled,0.00,8,482,0.968065,1.000000,4.874422
coupled,0.00,8,483,0.976312,1.000000,4.407120
coupled,0.00,8,484,0.955403,1.000000,4.658195
coupled,0.00,8,485,0.966657,1.000000,4.659326
coupled,0.00,8,486,0.967699,1.000000,4.795674
coupled,0.00,8,487,0.949853,1.000000,4.589406
coupled,0.00,8,488,0.967973,1.000000,4.543259
coupled,0.00,8,489,0.971602,1.000000,4.635661
coupled,0.00,8,490,0.968076,1.000000,4.438866
coupled,0.00,8,491,0.965442,1.000000,4.784368
coupled,0.00,8,492,0.969764,1.000000,4.589888
coupled,0.00,8,493,0.966189,1.000000,4.666671
coupled,0.00,8,494,0.963783,1.000000,4.770543
coupled,0.00,8,495,0.971425,1.000000,4.593402
coupled,0.00,8,496,0.964089,1.000000,4.684201
coupled,0.00,8,497,0.967337,1.000000,4.729545
coupled,0.00,8,498,0.983865,1.000000,4.770597
coupled,0.00,8,499,0.971916,1.000000,4.821063
coupled,0.50,8,0,0.955218,0.977609,4.878180
coupled,0.50,8,1,0.982942,0.991471,4.958501
coupled,0.50,8,2,0.974733,0.987366,4.827897
coupled,0.50,8,3,0.966754,0.983377,4.892562
coupled,0.50,8,4,0.983912,0.991956,4.652195
coupled,0.50,8,5,0.965116,0.982558,4.625097
coupled,0.50,8,6,0.954434,0.977217,4.619491
coupled,0.50,8,7,0.970932,0.985466,4.454233
coupled,0.50,8,8,0.962342,0.981171,4.760372
coupled,0.50,8,9,0.972507,0.986253,4.855390
coupled,0.50,8,10,0.969302,0.984651,4.835260
coupled,0.50,8,11,0.976947,0.988474,4.671930
coupled,0.50,8,12,0.961150,0.980575,4.575893
coupled,0.50,8,13,0.967770,0.983885,4.399871
coupled,0.50,8,14,0.955563,0.977781,4.640837
coupled,0.50,8,15,0.965269,0.982635,4.709135
coupled,0.50,8,16,0.957261,0.978631,4.659611
coupled,0.50,8,17,0.980211,0.990105,4.664092
coupled,0.50,8,18,0.962712,0.981356,4.813407
coupled,0.50,8,19,0.958918,0.979459,4.776654
coupled,0.50,8,20,0.979400,0.989700,4.873449
coupled,0.50,8,21,0.970865,0.985433,4.744531
coupled,0.50,8,22,0.976351,0.988175,4.856629
coupled,0.50,8,23,0.971103,0.985552,4.929633
coupled,0.50,8,24,0.979557,0.989778,4.613026
coupled,0.50,8,25,0.968767,0.984384,4.739748
coupled,0.50,8,26,0.963895,0.981948,4.607897
coupled,0.50,8,27,0.974914,0.987457,4.505159
coupled,0.50,8,28,0.977935,0.988967,4.616924
coupled,0.50,8,29,0.976780,0.988390,4.569126
coupled,0.50,8,30,0.962718,0.981359,4.439072
coupled,0.50,8,31,0.969010,0.984505,4.423985
coupled,0.50,8,32,0.967453,0.983727,4.447251
coupled,0.50,8,33,0.960988,0.980494,4.722527
coupled,0.50,8,34,0.970872,0.985436,4.554446
coupled,0.50,8,35,0.961456,0.980728,4.614142
coupled,0.50,8,36,0.968278,0.984139,4.498972
coupled,0.50,8,37,0.965011,0.982506,4.780186
coupled,0.50,8,38,0.981586,0.990793,5.004107
coupled,0.50,8,39,0.985735,0.992867,4.787445
coupled,0.50,8,40,0.974639,0.987319,4.667225
coupled,0.50,8,41,0.963179,0.981589,4.579692
coupled,0.50,8,42,0.973728,0.986864,4.652876
coupled,0.50,8,43,0.957352,0.978676,4.666375
coupled,0.50,8,44,0.974665,0.987333,4.805560
coupled,0.50,8,45,0.966311,0.983155,4.870586
coupled,0.50,8,46,0.972844,0.986422,4.730402
coupled,0.50,8,47,0.966462,0.983231,4.673415
coupled,0.50,8,48,0.963081,0.981540,4.747572
coupled,0.50,8,49,0.958116,0.979058,4.595876
coupled,0.50,8,50,0.974090,0.987045,4.607304
coupled,0.50,8,51,0.967675,0.983837,4.625957
coupled,0.50,8,52,0.973688,0.986844,4.617648
coupled,0.50,8,53,0.964154,0.982077,4.525471
coupled,0.50,8,54,0.959877,0.979938,5.079535
coupled,0.50,8,55,0.982576,0.991288,4.677297
coupled,0.50,8,56,0.965954,0.982977,4.822113
coupled,0.50,8,57,0.974205,0.987103,4.726742
coupled,0.50,8,58,0.968009,0.984004,4.613167
coupled,0.50,8,59,0.966365,0.983182,4.607026
coupled,0.50,8,60,0.967618,0.983809,4.997268
coupled,0.50,8,61,0.982749,0.991375,5.079636
coupled,0.50,8,62,0.983648,0.991824,4.840051
coupled,0.50,8,63,0.978339,0.989169,4.943063
coupled,0.50,8,64,0.979961,0.989981,4.728043
coupled,0.50,8,65,0.972920,0.986460,4.703196
coupled,0.50,8,66,0.969591,0.984795,4.749951
coupled,0.50,8,67,0.977345,0.988673,4.750558
coupled,0.50,8,68,0.973199,0.986599,4.928598
coupled,0.50,8,69,0.966068,0.983034,4.639945
coupled,0.50,8,70,0.962074,0.981037,4.325770
coupled,0.50,8,71,0.956142,0.978071,4.647477
coupled,0.50,8,72,0.968241,0.984121,4.717910
coupled,0.50,8,73,0.971034,0.985517,4.575298
coupled,0.50,8,74,0.956996,0.978498,4.718131
coupled,0.50,8,75,0.966890,0.983445,4.605628
coupled,0.50,8,76,0.968281,0.984140,4.696667
coupled,0.50,8,77,0.965270,0.982635,4.773382
coupled,0.50,8,78,0.973389,0.986695,4.893754
coupled,0.50,8,79,0.979942,0.989971,4.716564
coupled,0.50,8,80,0.971772,0.985886,4.402302
coupled,0.50,8,81,0.966885,0.983442,4.538440
coupled,0.50,8,82,0.972640,0.986320,4.510899
coupled,0.50,8,83,0.956578,0.978289,4.291197
coupled,0.50,8,84,0.950984,0.975492,4.576410
coupled,0.50,8,85,0.971031,0.985515,4.644190
coupled,0.50,8,86,0.966968,0.983484,4.562552
coupled,0.50,8,87,0.959551,0.979775,4.521916
coupled,0.50,8,88,0.957679,0.978840,4.623867
coupled,0.50,8,89,0.962920,0.981460,4.383633
coupled,0.50,8,90,0.941930,0.970965,4.601307
coupled,0.50,8,91,0.967495,0.983747,4.643061
coupled,0.50,8,92,0.971266,0.985633,4.719748
coupled,0.50,8,93,0.965656,0.982828,4.553647
coupled,0.50,8,94,0.967650,0.983825,4.692181
coupled,0.50,8,95,0.969256,0.984628,4.595184
coupled,0.50,8,96,0.962995,0.981498,4.633546
coupled,0.50,8,97,0.968785,0.984392,4.712183
coupled,0.50,8,98,0.969485,0.984743,4.412055
coupled,0.50,8,99,0.957603,0.978802,4.737104
coupled,0.50,8,100,0.972460,0.986230,4.681839
coupled,0.50,8,101,0.972402,0.986201,4.805765
coupled,0.50,8,102,0.973972,0.986986,4.734725
coupled,0.50,8,103,0.973997,0.986998,4.759340
coupled,0.50,8,104,0.980213,0.990106,4.733160
coupled,0.50,8,105,0.973685,0.986842,4.795313
coupled,0.50,8,106,0.962705,0.981352,4.801648
coupled,0.50,8,107,0.974961,0.987480,5.045379
coupled,0.50,8,108,0.974433,0.987217,5.073671
coupled,0.50,8,109,0.984894,0.992447,4.803716
coupled,0.50,8,110,0.972921,0.986460,4.788403
coupled,0.50,8,111,0.966861,0.983430,4.684297
coupled,0.50,8,112,0.962713,0.981356,4.653394
coupled,0.50,8,113,0.971328,0.985664,4.837412
coupled,0.50,8,114,0.981857,0.990928,4.889509
coupled,0.50,8,115,0.984500,0.992250,5.061746
coupled,0.50,8,116,0.977647,0.988824,5.035863
coupled,0.50,8,117,0.974819,0.987410,5.037391
coupled,0.50,8,118,0.982831,0.991415,4.814288
coupled,0.50,8,119,0.980500,0.990250,4.561929
coupled,0.50,8,120,0.961002,0.980501,4.633395
coupled,0.50,8,121,0.968205,0.984102,4.894378
coupled,0.50,8,122,0.971628,0.985814,4.496810
coupled,0.50,8,123,0.950800,0.975400,4.634574
coupled,0.50,8,124,0.964608,0.982304,4.493710
coupled,0.50,8,125,0.969379,0.984690,4.504120
coupled,0.50,8,126,0.954607,0.977303,4.839655
coupled,0.50,8,127,0.977990,0.988995,4.721192
coupled,0.50,8,128,0.969246,0.984623,4.731661
coupled,0.50,8,129,0.971128,0.985564,4.709460
coupled,0.50,8,130,0.973420,0.986710,4.565093
coupled,0.50,8,131,0.964843,0.982422,4.517479
coupled,0.50,8,132,0.963151,0.981576,4.930700
coupled,0.50,8,133,0.976466,0.988233,4.829546
coupled,0.50,8,134,0.967162,0.983581,4.771937
coupled,0.50,8,135,0.970397,0.985198,4.700566
coupled,0.50,8,136,0.973823,0.986911,4.592915
coupled,0.50,8,137,0.970132,0.985066,4.821408
coupled,0.50,8,138,0.983667,0.991833,4.694799
coupled,0.50,8,139,0.972560,0.986280,4.739835
coupled,0.50,8,140,0.982462,0.991231,4.872577
coupled,0.50,8,141,0.988849,0.994425,4.777507
coupled,0.50,8,142,0.948742,0.974371,4.578761
coupled,0.50,8,143,0.973823,0.986911,4.660309
coupled,0.50,8,144,0.963340,0.981670,4.477155
coupled,0.50,8,145,0.964751,0.982375,4.616171
coupled,0.50,8,146,0.966117,0.983059,4.707283
coupled,0.50,8,147,0.963610,0.981805,4.819093
coupled,0.50,8,148,0.972125,0.986062,4.633489
coupled,0.50,8,149,0.968218,0.984109,4.735458
coupled,0.50,8,150,0.976464,0.988232,4.956782
coupled,0.50,8,151,0.987173,0.993586,4.899162
coupled,0.50,8,152,0.985519,0.992759,4.817232
coupled,0.50,8,153,0.975220,0.987610,4.885678
coupled,0.50,8,154,0.976945,0.988473,4.739008
coupled,0.50,8,155,0.971734,0.985867,4.859634
coupled,0.50,8,156,0.975462,0.987731,4.507007
coupled,0.50,8,157,0.956515,0.978258,4.654395
coupled,0.50,8,158,0.961711,0.980855,4.589944
coupled,0.50,8,159,0.970539,0.985269,4.251477
coupled,0.50,8,160,0.941024,0.970512,4.666652
coupled,0.50,8,161,0.965803,0.982901,4.800825
coupled,0.50,8,162,0.969878,0.984939,4.537422
coupled,0.50,8,163,0.947376,0.973688,4.566224
coupled,0.50,8,164,0.968937,0.984469,4.825811
coupled,0.50,8,165,0.975099,0.987550,4.737491
coupled,0.50,8,166,0.976831,0.988416,4.814390
coupled,0.50,8,167,0.969508,0.984754,4.639268
coupled,0.50,8,168,0.970804,0.985402,4.746028
coupled,0.50,8,169,0.969764,0.984882,4.890108
coupled,0.50,8,170,0.971552,0.985776,4.567641
coupled,0.50,8,171,0.966098,0.983049,4.847205
coupled,0.50,8,172,0.972417,0.986209,4.737157
coupled,0.50,8,173,0.967246,0.983623,4.802670
coupled,0.50,8,174,0.971917,0.985958,4.694241
coupled,0.50,8,175,0.977537,0.988768,4.778060
coupled,0.50,8,176,0.969931,0.984965,4.720850
coupled,0.50,8,177,0.968850,0.984425,4.420254
coupled,0.50,8,178,0.960069,0.980035,4.641812
coupled,0.50,8,179,0.958632,0.979316,4.613719
coupled,0.50,8,180,0.974457,0.987229,4.640878
coupled,0.50,8,181,0.969924,0.984962,4.708272
coupled,0.50,8,182,0.966392,0.983196,4.837462
coupled,0.50,8,183,0.979346,0.989673,4.706660
coupled,0.50,8,184,0.971096,0.985548,4.786221
coupled,0.50,8,185,0.978942,0.989471,4.646042
coupled,0.50,8,186,0.966649,0.983324,4.717121
coupled,0.50,8,187,0.959123,0.979562,4.606504
coupled,0.50,8,188,0.962153,0.981076,4.385734
coupled,0.50,8,189,0.953662,0.976831,4.842119
coupled,0.50,8,190,0.965873,0.982937,4.757589
coupled,0.50,8,191,0.968302,0.984151,4.600824
coupled,0.50,8,192,0.963415,0.981707,4.504576
coupled,0.50,8,193,0.977580,0.988790,4.822281
coupled,0.50,8,194,0.970065,0.985032,4.557315
coupled,0.50,8,195,0.964619,0.982310,4.804742
coupled,0.50,8,196,0.967458,0.983729,4.784037
coupled,0.50,8,197,0.966879,0.983440,4.786389
coupled,0.50,8,198,0.967011,0.983505,4.701854
coupled,0.50,8,199,0.968333,0.984166,4.715029
coupled,0.50,8,200,0.960861,0.980431,4.772255
coupled,0.50,8,201,0.973392,0.986696,4.949811
coupled,0.50,8,202,0.975176,0.987588,4.610961
coupled,0.50,8,203,0.965683,0.982842,4.672445
coupled,0.50,8,204,0.969727,0.984864,4.676044
coupled,0.50,8,205,0.971662,0.985831,4.660757
coupled,0.50,8,206,0.959180,0.979590,4.721662
coupled,0.50,8,207,0.966001,0.983000,4.635956
coupled,0.50,8,208,0.968043,0.984021,4.731736
coupled,0.50,8,209,0.977273,0.988637,4.863772
coupled,0.50,8,210,0.962025,0.981012,4.869663
coupled,0.50,8,211,0.966691,0.983345,4.897692
coupled,0.50,8,212,0.978189,0.989095,4.767153
coupled,0.50,8,213,0.977279,0.988639,4.657120
coupled,0.50,8,214,0.966373,0.983186,4.808583
coupled,0.50,8,215,0.979031,0.989516,4.991854
coupled,0.50,8,216,0.978748,0.989374,4.445524
coupled,0.50,8,217,0.966386,0.983193,4.812307
coupled,0.50,8,218,0.967313,0.983657,4.890176
coupled,0.50,8,219,0.970202,0.985101,4.787812
coupled,0.50,8,220,0.967364,0.983682,4.636381
coupled,0.50,8,221,0.965686,0.982843,4.583119
coupled,0.50,8,222,0.965301,0.982650,4.797580
coupled,0.50,8,223,0.978875,0.989438,4.970815
coupled,0.50,8,224,0.975232,0.987616,4.639191
coupled,0.50,8,225,0.969269,0.984635,4.741959
coupled,0.50,8,226,0.974367,0.987184,4.710430
coupled,0.50,8,227,0.967408,0.983704,4.746649
coupled,0.50,8,228,0.966704,0.983352,4.648196
coupled,0.50,8,229,0.948646,0.974323,4.594702
coupled,0.50,8,230,0.962463,0.981231,4.732303
coupled,0.50,8,231,0.975861,0.987930,4.832905
coupled,0.50,8,232,0.964713,0.982356,4.508481
coupled,0.50,8,233,0.945358,0.972679,4.286164
coupled,0.50,8,234,0.954324,0.977162,4.720526
coupled,0.50,8,235,0.969018,0.984509,4.783712
coupled,0.50,8,236,0.969421,0.984710,5.006047
coupled,0.50,8,237,0.983120,0.991560,4.861905
coupled,0.50,8,238,0.959535,0.979768,4.651675
coupled,0.50,8,239,0.959739,0.979869,4.485028
coupled,0.50,8,240,0.957563,0.978782,4.560259
coupled,0.50,8,241,0.953180,0.976590,4.616466
coupled,0.50,8,242,0.958511,0.979256,4.776823
coupled,0.50,8,243,0.965177,0.982588,4.791484
coupled,0.50,8,244,0.976192,0.988096,4.873572
coupled,0.50,8,245,0.969325,0.984663,4.941025
coupled,0.50,8,246,0.985633,0.992817,4.549081
coupled,0.50,8,247,0.966474,0.983237,4.709434
coupled,0.50,8,248,0.968247,0.984124,4.571999
coupled,0.50,8,249,0.961224,0.980612,4.830358
coupled,0.50,8,250,0.975393,0.987696,4.950646
coupled,0.50,8,251,0.985108,0.992554,4.778926
coupled,0.50,8,252,0.957396,0.978698,4.807243
coupled,0.50,8,253,0.969338,0.984669,4.423006
coupled,0.50,8,254,0.946825,0.973412,4.529265
coupled,0.50,8,255,0.969090,0.984545,4.470470
coupled,0.50,8,256,0.961788,0.980894,4.700977
coupled,0.50,8,257,0.968662,0.984331,4.494881
coupled,0.50,8,258,0.947810,0.973905,4.586426
coupled,0.50,8,259,0.966445,0.983222,4.913407
coupled,0.50,8,260,0.979531,0.989766,4.757857
coupled,0.50,8,261,0.982248,0.991124,4.657486
coupled,0.50,8,262,0.972114,0.986057,4.926819
coupled,0.50,8,263,0.966895,0.983448,4.698652
coupled,0.50,8,264,0.975157,0.987579,4.812300
coupled,0.50,8,265,0.981010,0.990505,4.561715
coupled,0.50,8,266,0.966767,0.983383,4.721487
coupled,0.50,8,267,0.971661,0.985830,4.710988
coupled,0.50,8,268,0.974187,0.987093,4.758957
coupled,0.50,8,269,0.965358,0.982679,4.552353
coupled,0.50,8,270,0.960214,0.980107,4.599762
coupled,0.50,8,271,0.962955,0.981478,4.485338
coupled,0.50,8,272,0.965339,0.982669,4.738123
coupled,0.50,8,273,0.981430,0.990715,4.918661
coupled,0.50,8,274,0.979002,0.989501,4.995450
coupled,0.50,8,275,0.966034,0.983017,4.985539
coupled,0.50,8,276,0.980646,0.990323,4.959079
coupled,0.50,8,277,0.976934,0.988467,4.541770
coupled,0.50,8,278,0.957159,0.978580,4.894160
coupled,0.50,8,279,0.980917,0.990458,4.982074
coupled,0.50,8,280,0.982660,0.991330,4.872763
coupled,0.50,8,281,0.963078,0.981539,4.828950
coupled,0.50,8,282,0.962034,0.981017,4.889214
coupled,0.50,8,283,0.970186,0.985093,4.632521
coupled,0.50,8,284,0.952426,0.976213,4.831708
coupled,0.50,8,285,0.966409,0.983204,4.770644
coupled,0.50,8,286,0.973545,0.986773,4.859885
coupled,0.50,8,287,0.975635,0.987818,4.676142
coupled,0.50,8,288,0.965538,0.982769,4.716085
coupled,0.50,8,289,0.972693,0.986347,4.858781
coupled,0.50,8,290,0.974326,0.987163,4.673004
coupled,0.50,8,291,0.968712,0.984356,4.626989
coupled,0.50,8,292,0.963992,0.981996,4.739786
coupled,0.50,8,293,0.975604,0.987802,4.542776
coupled,0.50,8,294,0.957979,0.978989,4.350590
coupled,0.50,8,295,0.955703,0.977851,4.687390
coupled,0.50,8,296,0.967037,0.983518,4.816406
coupled,0.50,8,297,0.974956,0.987478,4.628098
coupled,0.50,8,298,0.950766,0.975383,4.928735
coupled,0.50,8,299,0.968906,0.984453,4.825722
coupled,0.50,8,300,0.966099,0.983050,4.661290
coupled,0.50,8,301,0.974184,0.987092,4.722766
coupled,0.50,8,302,0.971685,0.985842,4.945791
coupled,0.50,8,303,0.969837,0.984918,4.995246
coupled,0.50,8,304,0.977781,0.988891,4.886566
coupled,0.50,8,305,0.971386,0.985693,4.633974
coupled,0.50,8,306,0.968526,0.984263,4.579373
coupled,0.50,8,307,0.968381,0.984190,4.544623
coupled,0.50,8,308,0.963372,0.981686,4.393058
coupled,0.50,8,309,0.951764,0.975882,4.596740
coupled,0.50,8,310,0.965129,0.982564,4.325333
coupled,0.50,8,311,0.950434,0.975217,4.725333
coupled,0.50,8,312,0.971826,0.985913,4.887373
coupled,0.50,8,313,0.970647,0.985323,4.831293
coupled,0.50,8,314,0.973537,0.986768,4.938540
coupled,0.50,8,315,0.974386,0.987193,4.804988
coupled,0.50,8,316,0.978232,0.989116,4.607493
coupled,0.50,8,317,0.974315,0.987157,4.575138
coupled,0.50,8,318,0.955613,0.977806,4.775559
coupled,0.50,8,319,0.970470,0.985235,4.720913
coupled,0.50,8,320,0.974884,0.987442,4.684958
coupled,0.50,8,321,0.967386,0.983693,4.505635
coupled,0.50,8,322,0.964395,0.982197,4.685467
coupled,0.50,8,323,0.964659,0.982330,4.807052
coupled,0.50,8,324,0.962554,0.981277,4.658661
coupled,0.50,8,325,0.965485,0.982743,4.728708
coupled,0.50,8,326,0.966068,0.983034,4.755069
coupled,0.50,8,327,0.969710,0.984855,4.804792
coupled,0.50,8,328,0.974245,0.987123,4.621596
coupled,0.50,8,329,0.966668,0.983334,4.721359
coupled,0.50,8,330,0.976087,0.988044,4.560158
coupled,0.50,8,331,0.973102,0.986551,4.694109
coupled,0.50,8,332,0.968958,0.984479,4.801198
coupled,0.50,8,333,0.972387,0.986194,4.696434
coupled,0.50,8,334,0.969025,0.984512,4.804796
coupled,0.50,8,335,0.983101,0.991550,4.691635
coupled,0.50,8,336,0.966662,0.983331,4.406332
coupled,0.50,8,337,0.949580,0.974790,4.355348
coupled,0.50,8,338,0.945203,0.972601,4.833008
coupled,0.50,8,339,0.974687,0.987344,4.799611
coupled,0.50,8,340,0.975179,0.987589,4.585265
coupled,0.50,8,341,0.958561,0.979281,4.657401
coupled,0.50,8,342,0.971549,0.985775,4.380974
coupled,0.50,8,343,0.953210,0.976605,4.659186
coupled,0.50,8,344,0.965031,0.982515,4.515316
coupled,0.50,8,345,0.963011,0.981505,4.465023
coupled,0.50,8,346,0.960127,0.980064,4.494336
coupled,0.50,8,347,0.957825,0.978912,4.879592
coupled,0.50,8,348,0.973089,0.986545,4.508802
coupled,0.50,8,349,0.958899,0.979449,4.552081
coupled,0.50,8,350,0.963989,0.981994,4.605375
coupled,0.50,8,351,0.957655,0.978827,4.436089
coupled,0.50,8,352,0.960458,0.980229,4.685780
coupled,0.50,8,353,0.963415,0.981708,4.740919
coupled,0.50,8,354,0.966185,0.983092,4.734636
coupled,0.50,8,355,0.966182,0.983091,4.548790
coupled,0.50,8,356,0.961683,0.980842,4.941061
coupled,0.50,8,357,0.969379,0.984689,4.433838
coupled,0.50,8,358,0.968090,0.984045,4.525594
coupled,0.50,8,359,0.964306,0.982153,4.755144
coupled,0.50,8,360,0.974230,0.987115,4.704856
coupled,0.50,8,361,0.973262,0.986631,4.612640
coupled,0.50,8,362,0.977673,0.988836,4.715907
coupled,0.50,8,363,0.959383,0.979692,4.370626
coupled,0.50,8,364,0.959801,0.979900,4.722118
coupled,0.50,8,365,0.968268,0.984134,4.856558
coupled,0.50,8,366,0.968600,0.984300,4.577020
coupled,0.50,8,367,0.977632,0.988816,4.525397
coupled,0.50,8,368,0.959375,0.979687,4.561919
coupled,0.50,8,369,0.972226,0.986113,4.568285
coupled,0.50,8,370,0.969145,0.984572,4.707972
coupled,0.50,8,371,0.965947,0.982974,4.597845
coupled,0.50,8,372,0.969735,0.984867,4.641439
coupled,0.50,8,373,0.966542,0.983271,4.730440
coupled,0.50,8,374,0.974072,0.987036,4.581114
coupled,0.50,8,375,0.965282,0.982641,4.658637
coupled,0.50,8,376,0.965167,0.982583,4.801982
coupled,0.50,8,377,0.977663,0.988832,4.759644
coupled,0.50,8,378,0.965195,0.982598,4.682569
coupled,0.50,8,379,0.975669,0.987835,4.834281
coupled,0.50,8,380,0.963237,0.981618,4.775774
coupled,0.50,8,381,0.975054,0.987527,4.594076
coupled,0.50,8,382,0.962714,0.981357,4.780297
coupled,0.50,8,383,0.973765,0.986883,4.890500
coupled,0.50,8,384,0.979690,0.989845,4.577774
coupled,0.50,8,385,0.972180,0.986090,4.679199
coupled,0.50,8,386,0.975028,0.987514,4.639858
coupled,0.50,8,387,0.955882,0.977941,4.805868
coupled,0.50,8,388,0.972643,0.986322,4.762709
coupled,0.50,8,389,0.973228,0.986614,4.942388
coupled,0.50,8,390,0.970637,0.985319,4.772755
coupled,0.50,8,391,0.976093,0.988047,4.544777
coupled,0.50,8,392,0.956081,0.978041,4.755428
coupled,0.50,8,393,0.972287,0.986144,4.421815
coupled,0.50,8,394,0.965449,0.982724,4.606643
coupled,0.50,8,395,0.974675,0.987337,4.683627
coupled,0.50,8,396,0.966950,0.983475,4.691331
coupled,0.50,8,397,0.970328,0.985164,4.767062
coupled,0.50,8,398,0.968479,0.984239,4.806589
coupled,0.50,8,399,0.972424,0.986212,4.676976
coupled,0.50,8,400,0.978599,0.989300,4.707251
coupled,0.50,8,401,0.979673,0.989837,4.686484
coupled,0.50,8,402,0.963762,0.981881,4.721560
coupled,0.50,8,403,0.974091,0.987045,4.519966
coupled,0.50,8,404,0.963762,0.981881,4.421145
coupled,0.50,8,405,0.953527,0.976764,4.630983
coupled,0.50,8,406,0.968556,0.984278,4.536467
coupled,0.50,8,407,0.971838,0.985919,5.012587
coupled,0.50,8,408,0.980784,0.990392,4.830170
coupled,0.50,8,409,0.971630,0.985815,4.820296
coupled,0.50,8,410,0.976053,0.988027,4.617001
coupled,0.50,8,411,0.972702,0.986351,4.960262
coupled,0.50,8,412,0.972228,0.986114,4.819989
coupled,0.50,8,413,0.979085,0.989542,4.782096
coupled,0.50,8,414,0.969569,0.984785,4.788413
coupled,0.50,8,415,0.971293,0.985647,4.832150
coupled,0.50,8,416,0.979536,0.989768,4.720825
coupled,0.50,8,417,0.974960,0.987480,4.590921
coupled,0.50,8,418,0.973233,0.986617,4.528286
coupled,0.50,8,419,0.959877,0.979938,4.664311
coupled,0.50,8,420,0.969720,0.984860,4.624660
coupled,0.50,8,421,0.970416,0.985208,4.754244
coupled,0.50,8,422,0.954720,0.977360,4.709973
coupled,0.50,8,423,0.979679,0.989840,4.644430
coupled,0.50,8,424,0.968920,0.984460,4.612075
coupled,0.50,8,425,0.953499,0.976749,4.576968
coupled,0.50,8,426,0.975206,0.987603,4.698153
coupled,0.50,8,427,0.970497,0.985249,4.678569
coupled,0.50,8,428,0.966302,0.983151,4.719596
coupled,0.50,8,429,0.973100,0.986550,4.734163
coupled,0.50,8,430,0.960813,0.980407,4.812434
coupled,0.50,8,431,0.971555,0.985778,4.494721
coupled,0.50,8,432,0.965924,0.982962,4.446874
coupled,0.50,8,433,0.962274,0.981137,4.595515
coupled,0.50,8,434,0.974579,0.987289,4.737718
coupled,0.50,8,435,0.963176,0.981588,4.189169
coupled,0.50,8,436,0.948684,0.974342,4.391969
coupled,0.50,8,437,0.956946,0.978473,4.459559
coupled,0.50,8,438,0.962608,0.981304,4.376673
coupled,0.50,8,439,0.950917,0.975458,4.460270
coupled,0.50,8,440,0.960726,0.980363,4.614295
coupled,0.50,8,441,0.967811,0.983905,4.588263
coupled,0.50,8,442,0.951276,0.975638,4.702968
coupled,0.50,8,443,0.963156,0.981578,4.985092
coupled,0.50,8,444,0.980094,0.990047,4.921035
coupled,0.50,8,445,0.967469,0.983735,4.941797
coupled,0.50,8,446,0.981703,0.990851,4.775395
coupled,0.50,8,447,0.977929,0.988965,4.768252
coupled,0.50,8,448,0.975765,0.987883,4.831710
coupled,0.50,8,449,0.970420,0.985210,4.849048
coupled,0.50,8,450,0.976252,0.988126,4.656872
coupled,0.50,8,451,0.964307,0.982154,4.830118
coupled,0.50,8,452,0.978478,0.989239,4.782297
coupled,0.50,8,453,0.973403,0.986702,4.846795
coupled,0.50,8,454,0.966113,0.983056,4.898149
coupled,0.50,8,455,0.965240,0.982620,4.888651
coupled,0.50,8,456,0.979031,0.989516,4.741817
coupled,0.50,8,457,0.969037,0.984518,4.703015
coupled,0.50,8,458,0.968521,0.984261,4.812224
coupled,0.50,8,459,0.968326,0.984163,4.901039
coupled,0.50,8,460,0.977800,0.988900,4.854287
coupled,0.50,8,461,0.980706,0.990353,4.641008
coupled,0.50,8,462,0.970221,0.985110,4.555642
coupled,0.50,8,463,0.968298,0.984149,4.713590
coupled,0.50,8,464,0.968447,0.984224,4.403322
coupled,0.50,8,465,0.931589,0.965794,4.421975
coupled,0.50,8,466,0.963712,0.981856,4.601825
coupled,0.50,8,467,0.959774,0.979887,4.550222
coupled,0.50,8,468,0.969170,0.984585,4.518277
coupled,0.50,8,469,0.962090,0.981045,5.023396
coupled,0.50,8,470,0.971123,0.985561,4.740377
coupled,0.50,8,471,0.962778,0.981389,4.709215
coupled,0.50,8,472,0.975700,0.987850,4.895258
coupled,0.50,8,473,0.978336,0.989168,4.777134
coupled,0.50,8,474,0.961002,0.980501,4.672338
coupled,0.50,8,475,0.972628,0.986314,4.509793
coupled,0.50,8,476,0.959188,0.979594,4.611667
coupled,0.50,8,477,0.959219,0.979610,4.684744
coupled,0.50,8,478,0.969575,0.984788,4.776962
coupled,0.50,8,479,0.972965,0.986482,4.888773
coupled,0.50,8,480,0.974185,0.987092,4.615139
coupled,0.50,8,481,0.968656,0.984328,4.596524
coupled,0.50,8,482,0.969801,0.984901,4.729958
coupled,0.50,8,483,0.967592,0.983796,4.547243
coupled,0.50,8,484,0.965833,0.982916,4.633634
coupled,0.50,8,485,0.966933,0.983466,4.926173
coupled,0.50,8,486,0.979507,0.989754,4.482269
coupled,0.50,8,487,0.968166,0.984083,4.644337
coupled,0.50,8,488,0.970590,0.985295,4.604228
coupled,0.50,8,489,0.967288,0.983644,4.331461
coupled,0.50,8,490,0.947628,0.973814,4.563852
coupled,0.50,8,491,0.958067,0.979033,4.552433
coupled,0.50,8,492,0.943850,0.971925,4.871342
coupled,0.50,8,493,0.972568,0.986284,4.841143
coupled,0.50,8,494,0.974216,0.987108,4.669440
coupled,0.50,8,495,0.969346,0.984673,4.553182
coupled,0.50,8,496,0.971439,0.985720,4.676292
coupled,0.50,8,497,0.961632,0.980816,4.532496
coupled,0.50,8,498,0.957983,0.978992,4.959069
coupled,0.50,8,499,0.972208,0.986104,4.625791
coupled,1.00,8,0,0.981693,0.981693,4.569985
coupled,1.00,8,1,0.971649,0.971649,4.769190
coupled,1.00,8,2,0.973568,0.973568,4.626778
coupled,1.00,8,3,0.970468,0.970468,4.768002
coupled,1.00,8,4,0.974458,0.974458,4.632018
coupled,1.00,8,5,0.950407,0.950407,4.537245
coupled,1.00,8,6,0.962221,0.962221,4.779721
coupled,1.00,8,7,0.967377,0.967377,4.822415
coupled,1.00,8,8,0.978323,0.978323,4.857976
coupled,1.00,8,9,0.963161,0.963161,4.846678
coupled,1.00,8,10,0.971376,0.971376,4.649529
coupled,1.00,8,11,0.960863,0.960863,4.834366
coupled,1.00,8,12,0.968550,0.968550,4.558884
coupled,1.00,8,13,0.955234,0.955234,4.753643
coupled,1.00,8,14,0.973794,0.973794,4.475100
coupled,1.00,8,15,0.966244,0.966244,4.285246
coupled,1.00,8,16,0.958130,0.958130,4.563831
coupled,1.00,8,17,0.968113,0.968113,4.827240
coupled,1.00,8,18,0.980476,0.980476,4.798545
coupled,1.00,8,19,0.971105,0.971105,4.584062
coupled,1.00,8,20,0.957120,0.957120,4.582970
coupled,1.00,8,21,0.968701,0.968701,4.812819
coupled,1.00,8,22,0.976000,0.976000,4.633714
coupled,1.00,8,23,0.974181,0.974181,4.734203
coupled,1.00,8,24,0.972720,0.972720,4.820301
coupled,1.00,8,25,0.968200,0.968200,4.706326
coupled,1.00,8,26,0.977750,0.977750,4.538999
coupled,1.00,8,27,0.969597,0.969597,4.504190
coupled,1.00,8,28,0.964693,0.964693,4.582380
coupled,1.00,8,29,0.962778,0.962778,4.892510
coupled,1.00,8,30,0.973730,0.973730,4.544947
coupled,1.00,8,31,0.965918,0.965918,4.794503
coupled,1.00,8,32,0.969913,0.969913,4.807578
coupled,1.00,8,33,0.973651,0.973651,4.712869
coupled,1.00,8,34,0.975436,0.975436,4.488833
coupled,1.00,8,35,0.970995,0.970995,4.608506
coupled,1.00,8,36,0.974028,0.974028,4.793460
coupled,1.00,8,37,0.960795,0.960795,4.750681
coupled,1.00,8,38,0.966718,0.966718,4.887458
coupled,1.00,8,39,0.980820,0.980820,4.749960
coupled,1.00,8,40,0.970005,0.970005,4.439603
coupled,1.00,8,41,0.950949,0.950949,4.616890
coupled,1.00,8,42,0.964704,0.964704,4.638418
coupled,1.00,8,43,0.968469,0.968469,4.587098
coupled,1.00,8,44,0.976786,0.976786,4.553335
coupled,1.00,8,45,0.961831,0.961831,4.646404
coupled,1.00,8,46,0.975064,0.975064,4.531424
coupled,1.00,8,47,0.965633,0.965633,4.739236
coupled,1.00,8,48,0.971570,0.971570,4.584166
coupled,1.00,8,49,0.965029,0.965029,5.120694
coupled,1.00,8,50,0.978166,0.978166,4.672446
coupled,1.00,8,51,0.962281,0.962281,4.687396
coupled,1.00,8,52,0.954333,0.954333,4.801555
coupled,1.00,8,53,0.967657,0.967657,4.747296
coupled,1.00,8,54,0.975645,0.975645,4.608853
coupled,1.00,8,55,0.970214,0.970214,4.929349
coupled,1.00,8,56,0.977791,0.977791,4.719086
coupled,1.00,8,57,0.971995,0.971995,4.821001
coupled,1.00,8,58,0.962704,0.962704,4.969325
coupled,1.00,8,59,0.979356,0.979356,4.779678
coupled,1.00,8,60,0.973658,0.973658,4.621944
coupled,1.00,8,61,0.976689,0.976689,4.494432
coupled,1.00,8,62,0.961264,0.961264,5.023313
coupled,1.00,8,63,0.983545,0.983545,5.164191
coupled,1.00,8,64,0.984417,0.984417,4.893023
coupled,1.00,8,65,0.974168,0.974168,4.907661
coupled,1.00,8,66,0.976145,0.976145,4.663538
coupled,1.00,8,67,0.969628,0.969628,4.506284
coupled,1.00,8,68,0.966685,0.966685,4.647062
coupled,1.00,8,69,0.978249,0.978249,4.621111
coupled,1.00,8,70,0.960580,0.960580,4.740596
coupled,1.00,8,71,0.964026,0.964026,4.814715
coupled,1.00,8,72,0.971167,0.971167,4.766429
coupled,1.00,8,73,0.974008,0.974008,4.803164
coupled,1.00,8,74,0.978177,0.978177,4.491326
coupled,1.00,8,75,0.965544,0.965544,4.491952
coupled,1.00,8,76,0.955583,0.955583,4.645089
coupled,1.00,8,77,0.969509,0.969509,4.868584
coupled,1.00,8,78,0.978148,0.978148,4.603703
coupled,1.00,8,79,0.969616,0.969616,4.548021
coupled,1.00,8,80,0.962822,0.962822,4.757013
coupled,1.00,8,81,0.977743,0.977743,4.808109
coupled,1.00,8,82,0.973879,0.973879,4.924607
coupled,1.00,8,83,0.983643,0.983643,4.710044
coupled,1.00,8,84,0.948762,0.948762,4.518445
coupled,1.00,8,85,0.963466,0.963466,4.473334
coupled,1.00,8,86,0.965331,0.965331,4.706759
coupled,1.00,8,87,0.958570,0.958570,4.774832
coupled,1.00,8,88,0.970816,0.970816,4.802025
coupled,1.00,8,89,0.968247,0.968247,4.584541
coupled,1.00,8,90,0.965791,0.965791,4.818678
coupled,1.00,8,91,0.978660,0.978660,4.850607
coupled,1.00,8,92,0.967338,0.967338,4.925755
coupled,1.00,8,93,0.969417,0.969417,5.043367
coupled,1.00,8,94,0.983093,0.983093,4.827266
coupled,1.00,8,95,0.973559,0.973559,4.420412
coupled,1.00,8,96,0.955971,0.955971,4.418913
coupled,1.00,8,97,0.944438,0.944438,4.653841
coupled,1.00,8,98,0.975159,0.975159,4.812721
coupled,1.00,8,99,0.971149,0.971149,4.977744
coupled,1.00,8,100,0.976813,0.976813,4.825742
coupled,1.00,8,101,0.972380,0.972380,4.911713
coupled,1.00,8,102,0.977485,0.977485,4.737551
coupled,1.00,8,103,0.971130,0.971130,4.590814
coupled,1.00,8,104,0.952329,0.952329,4.481605
coupled,1.00,8,105,0.961972,0.961972,4.727489
coupled,1.00,8,106,0.977938,0.977938,4.789486
coupled,1.00,8,107,0.981935,0.981935,4.642668
coupled,1.00,8,108,0.961127,0.961127,4.949249
coupled,1.00,8,109,0.977039,0.977039,4.739808
coupled,1.00,8,110,0.975472,0.975472,4.864229
coupled,1.00,8,111,0.975652,0.975652,4.650206
coupled,1.00,8,112,0.954573,0.954573,4.726559
coupled,1.00,8,113,0.971662,0.971662,4.467244
coupled,1.00,8,114,0.959376,0.959376,4.645803
coupled,1.00,8,115,0.967381,0.967381,4.662559
coupled,1.00,8,116,0.960124,0.960124,4.487486
coupled,1.00,8,117,0.972541,0.972541,4.748675
coupled,1.00,8,118,0.974382,0.974382,4.931511
coupled,1.00,8,119,0.966287,0.966287,4.772269
coupled,1.00,8,120,0.974267,0.974267,4.710114
coupled,1.00,8,121,0.974625,0.974625,4.601415
coupled,1.00,8,122,0.961227,0.961227,4.859404
coupled,1.00,8,123,0.976596,0.976596,4.801695
coupled,1.00,8,124,0.968344,0.968344,4.692271
coupled,1.00,8,125,0.969289,0.969289,4.659682
coupled,1.00,8,126,0.962444,0.962444,4.755532
coupled,1.00,8,127,0.967948,0.967948,4.520683
coupled,1.00,8,128,0.963644,0.963644,4.455676
coupled,1.00,8,129,0.936362,0.936362,4.641895
coupled,1.00,8,130,0.967408,0.967408,4.843929
coupled,1.00,8,131,0.975627,0.975627,4.895644
coupled,1.00,8,132,0.973890,0.973890,4.772676
coupled,1.00,8,133,0.977521,0.977521,4.843147
coupled,1.00,8,134,0.974026,0.974026,4.732012
coupled,1.00,8,135,0.966334,0.966334,5.041862
coupled,1.00,8,136,0.978514,0.978514,4.766200
coupled,1.00,8,137,0.970691,0.970691,4.771126
coupled,1.00,8,138,0.975043,0.975043,4.528050
coupled,1.00,8,139,0.968155,0.968155,4.599526
coupled,1.00,8,140,0.967118,0.967118,4.591577
coupled,1.00,8,141,0.968071,0.968071,4.471557
coupled,1.00,8,142,0.959089,0.959089,4.642662
coupled,1.00,8,143,0.969043,0.969043,4.578264
coupled,1.00,8,144,0.966227,0.966227,4.970804
coupled,1.00,8,145,0.977018,0.977018,4.652572
coupled,1.00,8,146,0.955407,0.955407,4.789005
coupled,1.00,8,147,0.979319,0.979319,5.092675
coupled,1.00,8,148,0.981838,0.981838,4.666442
coupled,1.00,8,149,0.959910,0.959910,4.558456
coupled,1.00,8,150,0.958396,0.958396,4.422207
coupled,1.00,8,151,0.961111,0.961111,4.721300
coupled,1.00,8,152,0.967878,0.967878,4.850478
coupled,1.00,8,153,0.979289,0.979289,4.806341
coupled,1.00,8,154,0.974667,0.974667,4.608301
coupled,1.00,8,155,0.967272,0.967272,4.727129
coupled,1.00,8,156,0.956527,0.956527,4.644045
coupled,1.00,8,157,0.954006,0.954006,4.815007
coupled,1.00,8,158,0.976619,0.976619,4.822912
coupled,1.00,8,159,0.972682,0.972682,4.523031
coupled,1.00,8,160,0.930851,0.930851,4.566538
coupled,1.00,8,161,0.966685,0.966685,4.895860
coupled,1.00,8,162,0.977184,0.977184,4.863875
coupled,1.00,8,163,0.976503,0.976503,4.761221
coupled,1.00,8,164,0.974540,0.974540,4.518941
coupled,1.00,8,165,0.962897,0.962897,4.873045
coupled,1.00,8,166,0.978387,0.978387,4.636239
coupled,1.00,8,167,0.965172,0.965172,4.872263
coupled,1.00,8,168,0.969917,0.969917,4.883600
coupled,1.00,8,169,0.976019,0.976019,4.615709
coupled,1.00,8,170,0.975410,0.975410,4.600535
coupled,1.00,8,171,0.967193,0.967193,4.748823
coupled,1.00,8,172,0.955120,0.955120,4.728859
coupled,1.00,8,173,0.971662,0.971662,4.415616
coupled,1.00,8,174,0.976871,0.976871,4.887520
coupled,1.00,8,175,0.977683,0.977683,4.537019
coupled,1.00,8,176,0.961603,0.961603,4.653252
coupled,1.00,8,177,0.965020,0.965020,4.687927
coupled,1.00,8,178,0.955401,0.955401,4.711948
coupled,1.00,8,179,0.957979,0.957979,4.919706
coupled,1.00,8,180,0.976455,0.976455,4.819770
coupled,1.00,8,181,0.976554,0.976554,4.751817
coupled,1.00,8,182,0.976127,0.976127,5.093621
coupled,1.00,8,183,0.981290,0.981290,4.639877
coupled,1.00,8,184,0.968213,0.968213,4.661411
coupled,1.00,8,185,0.967200,0.967200,4.634684
coupled,1.00,8,186,0.973021,0.973021,4.707861
coupled,1.00,8,187,0.975443,0.975443,4.842313
coupled,1.00,8,188,0.968642,0.968642,4.883696
coupled,1.00,8,189,0.968062,0.968062,4.817578
coupled,1.00,8,190,0.974841,0.974841,4.918482
coupled,1.00,8,191,0.975461,0.975461,4.704896
coupled,1.00,8,192,0.967920,0.967920,4.811681
coupled,1.00,8,193,0.978632,0.978632,5.085227
coupled,1.00,8,194,0.980144,0.980144,4.633735
coupled,1.00,8,195,0.964095,0.964095,4.827242
coupled,1.00,8,196,0.953346,0.953346,4.484514
coupled,1.00,8,197,0.969698,0.969698,4.751907
coupled,1.00,8,198,0.970462,0.970462,5.097278
coupled,1.00,8,199,0.984979,0.984979,4.795938
coupled,1.00,8,200,0.972528,0.972528,4.819750
coupled,1.00,8,201,0.977567,0.977567,5.013616
coupled,1.00,8,202,0.975502,0.975502,4.838193
coupled,1.00,8,203,0.975487,0.975487,4.758005
coupled,1.00,8,204,0.971827,0.971827,4.552459
coupled,1.00,8,205,0.968796,0.968796,4.669396
coupled,1.00,8,206,0.956194,0.956194,4.543069
coupled,1.00,8,207,0.965581,0.965581,4.711774
coupled,1.00,8,208,0.968173,0.968173,4.581781
coupled,1.00,8,209,0.954808,0.954808,4.688647
coupled,1.00,8,210,0.964104,0.964104,4.639831
coupled,1.00,8,211,0.958089,0.958089,4.647450
coupled,1.00,8,212,0.961900,0.961900,4.549991
coupled,1.00,8,213,0.960492,0.960492,4.467787
coupled,1.00,8,214,0.962032,0.962032,4.950484
coupled,1.00,8,215,0.978637,0.978637,4.716426
coupled,1.00,8,216,0.967050,0.967050,4.876245
coupled,1.00,8,217,0.975235,0.975235,4.720564
coupled,1.00,8,218,0.975218,0.975218,4.749182
coupled,1.00,8,219,0.976994,0.976994,4.527057
coupled,1.00,8,220,0.952961,0.952961,4.783571
coupled,1.00,8,221,0.968361,0.968361,4.618517
coupled,1.00,8,222,0.971003,0.971003,4.699208
coupled,1.00,8,223,0.973403,0.973403,4.634058
coupled,1.00,8,224,0.968541,0.968541,4.558470
coupled,1.00,8,225,0.961237,0.961237,4.396836
coupled,1.00,8,226,0.971023,0.971023,4.652958
coupled,1.00,8,227,0.969187,0.969187,4.717020
coupled,1.00,8,228,0.973055,0.973055,4.785801
coupled,1.00,8,229,0.967271,0.967271,4.557786
coupled,1.00,8,230,0.964895,0.964895,4.895776
coupled,1.00,8,231,0.977079,0.977079,4.564663
coupled,1.00,8,232,0.958341,0.958341,4.744174
coupled,1.00,8,233,0.975949,0.975949,4.709659
coupled,1.00,8,234,0.966012,0.966012,4.569050
coupled,1.00,8,235,0.956079,0.956079,4.804419
coupled,1.00,8,236,0.978865,0.978865,4.861448
coupled,1.00,8,237,0.972962,0.972962,4.946333
coupled,1.00,8,238,0.969647,0.969647,4.647598
coupled,1.00,8,239,0.973101,0.973101,4.693068
coupled,1.00,8,240,0.969997,0.969997,4.596098
coupled,1.00,8,241,0.963441,0.963441,4.692699
coupled,1.00,8,242,0.966927,0.966927,5.067556
coupled,1.00,8,243,0.974017,0.974017,4.566548
coupled,1.00,8,244,0.958792,0.958792,4.675169
coupled,1.00,8,245,0.959699,0.959699,4.519527
coupled,1.00,8,246,0.965873,0.965873,4.475917
coupled,1.00,8,247,0.947297,0.947297,4.665141
coupled,1.00,8,248,0.977479,0.977479,4.729654
coupled,1.00,8,249,0.975371,0.975371,4.898454
coupled,1.00,8,250,0.957241,0.957241,4.472606
coupled,1.00,8,251,0.963930,0.963930,4.354828
coupled,1.00,8,252,0.967937,0.967937,4.793451
coupled,1.00,8,253,0.974852,0.974852,4.833200
coupled,1.00,8,254,0.971702,0.971702,4.656854
coupled,1.00,8,255,0.972396,0.972396,4.830890
coupled,1.00,8,256,0.979081,0.979081,4.448047
coupled,1.00,8,257,0.960243,0.960243,4.550063
coupled,1.00,8,258,0.967354,0.967354,4.576707
coupled,1.00,8,259,0.969467,0.969467,4.709066
coupled,1.00,8,260,0.976253,0.976253,4.675831
coupled,1.00,8,261,0.958362,0.958362,4.497332
coupled,1.00,8,262,0.966404,0.966404,4.657243
coupled,1.00,8,263,0.970772,0.970772,4.726925
coupled,1.00,8,264,0.968951,0.968951,4.611600
coupled,1.00,8,265,0.975507,0.975507,4.838877
coupled,1.00,8,266,0.977791,0.977791,4.647760
coupled,1.00,8,267,0.959732,0.959732,4.638453
coupled,1.00,8,268,0.958394,0.958394,4.691263
coupled,1.00,8,269,0.977065,0.977065,4.806773
coupled,1.00,8,270,0.966493,0.966493,4.778017
coupled,1.00,8,271,0.966800,0.966800,4.893774
coupled,1.00,8,272,0.981300,0.981300,4.940150
coupled,1.00,8,273,0.972272,0.972272,5.050737
coupled,1.00,8,274,0.979450,0.979450,5.109197
coupled,1.00,8,275,0.975421,0.975421,4.823504
coupled,1.00,8,276,0.969907,0.969907,4.896606
coupled,1.00,8,277,0.973013,0.973013,4.790946
coupled,1.00,8,278,0.975355,0.975355,5.013303
coupled,1.00,8,279,0.970612,0.970612,4.448945
coupled,1.00,8,280,0.967214,0.967214,4.853274
coupled,1.00,8,281,0.980546,0.980546,4.630808
coupled,1.00,8,282,0.972491,0.972491,4.554279
coupled,1.00,8,283,0.963734,0.963734,4.747678
coupled,1.00,8,284,0.963168,0.963168,4.630457
coupled,1.00,8,285,0.965057,0.965057,4.592884
coupled,1.00,8,286,0.970885,0.970885,4.724903
coupled,1.00,8,287,0.964507,0.964507,4.793191
coupled,1.00,8,288,0.968202,0.968202,4.570213
coupled,1.00,8,289,0.965651,0.965651,4.556711
coupled,1.00,8,290,0.961466,0.961466,4.716397
coupled,1.00,8,291,0.976958,0.976958,4.753190
coupled,1.00,8,292,0.976714,0.976714,4.568575
coupled,1.00,8,293,0.952540,0.952540,4.700705
coupled,1.00,8,294,0.958962,0.958962,4.654415
coupled,1.00,8,295,0.952667,0.952667,4.595731
coupled,1.00,8,296,0.962957,0.962957,4.646275
coupled,1.00,8,297,0.967446,0.967446,4.658889
coupled,1.00,8,298,0.959984,0.959984,4.882223
coupled,1.00,8,299,0.976991,0.976991,4.866110
coupled,1.00,8,300,0.974546,0.974546,4.822803
coupled,1.00,8,301,0.981153,0.981153,4.734831
coupled,1.00,8,302,0.964701,0.964701,4.882671
coupled,1.00,8,303,0.979202,0.979202,4.753666
coupled,1.00,8,304,0.969091,0.969091,4.680531
coupled,1.00,8,305,0.964447,0.964447,4.658645
coupled,1.00,8,306,0.967189,0.967189,4.572768
coupled,1.00,8,307,0.966565,0.966565,4.818912
coupled,1.00,8,308,0.969618,0.969618,4.752720
coupled,1.00,8,309,0.962998,0.962998,4.473280
coupled,1.00,8,310,0.957303,0.957303,4.609314
coupled,1.00,8,311,0.975712,0.975712,4.902548
coupled,1.00,8,312,0.983658,0.983658,4.782323
coupled,1.00,8,313,0.977638,0.977638,4.664268
coupled,1.00,8,314,0.969476,0.969476,4.538722
coupled,1.00,8,315,0.948827,0.948827,4.612319
coupled,1.00,8,316,0.977406,0.977406,4.557133
coupled,1.00,8,317,0.973994,0.973994,4.941388
coupled,1.00,8,318,0.962554,0.962554,4.648481
coupled,1.00,8,319,0.968624,0.968624,4.496275
coupled,1.00,8,320,0.955730,0.955730,4.811703
coupled,1.00,8,321,0.955481,0.955481,4.520502
coupled,1.00,8,322,0.966114,0.966114,4.598203
coupled,1.00,8,323,0.966946,0.966946,4.621438
coupled,1.00,8,324,0.963749,0.963749,4.852626
coupled,1.00,8,325,0.978505,0.978505,4.258475
coupled,1.00,8,326,0.948873,0.948873,4.549688
coupled,1.00,8,327,0.960520,0.960520,4.689632
coupled,1.00,8,328,0.974986,0.974986,4.669103
coupled,1.00,8,329,0.968604,0.968604,4.651052
coupled,1.00,8,330,0.960716,0.960716,4.817402
coupled,1.00,8,331,0.964672,0.964672,4.873585
coupled,1.00,8,332,0.976330,0.976330,4.765240
coupled,1.00,8,333,0.968866,0.968866,4.487626
coupled,1.00,8,334,0.967437,0.967437,4.475124
coupled,1.00,8,335,0.976595,0.976595,4.551015
coupled,1.00,8,336,0.971931,0.971931,4.665699
coupled,1.00,8,337,0.959704,0.959704,4.715090
coupled,1.00,8,338,0.957754,0.957754,4.815911
coupled,1.00,8,339,0.978463,0.978463,4.796597
coupled,1.00,8,340,0.975581,0.975581,4.699760
coupled,1.00,8,341,0.965451,0.965451,4.691645
coupled,1.00,8,342,0.964134,0.964134,4.776025
coupled,1.00,8,343,0.966582,0.966582,4.664827
coupled,1.00,8,344,0.973821,0.973821,4.721056
coupled,1.00,8,345,0.966696,0.966696,4.768286
coupled,1.00,8,346,0.967464,0.967464,4.806453
coupled,1.00,8,347,0.981716,0.981716,4.297551
coupled,1.00,8,348,0.959710,0.959710,4.528083
coupled,1.00,8,349,0.961922,0.961922,4.749287
coupled,1.00,8,350,0.970680,0.970680,4.614051
coupled,1.00,8,351,0.966597,0.966597,4.943485
coupled,1.00,8,352,0.972660,0.972660,4.845161
coupled,1.00,8,353,0.975727,0.975727,4.516874
coupled,1.00,8,354,0.961598,0.961598,4.779279
coupled,1.00,8,355,0.956272,0.956272,4.763651
coupled,1.00,8,356,0.973403,0.973403,4.331533
coupled,1.00,8,357,0.954098,0.954098,4.450005
coupled,1.00,8,358,0.968036,0.968036,4.899097
coupled,1.00,8,359,0.980884,0.980884,4.970217
coupled,1.00,8,360,0.979905,0.979905,4.613442
coupled,1.00,8,361,0.968723,0.968723,4.539458
coupled,1.00,8,362,0.969423,0.969423,4.484174
coupled,1.00,8,363,0.970971,0.970971,4.611775
coupled,1.00,8,364,0.972222,0.972222,4.790146
coupled,1.00,8,365,0.966884,0.966884,4.972340
coupled,1.00,8,366,0.977978,0.977978,4.520916
coupled,1.00,8,367,0.962785,0.962785,4.496315
coupled,1.00,8,368,0.961222,0.961222,4.625384
coupled,1.00,8,369,0.977674,0.977674,4.689422
coupled,1.00,8,370,0.971375,0.971375,4.618795
coupled,1.00,8,371,0.961226,0.961226,4.822917
coupled,1.00,8,372,0.974962,0.974962,4.486012
coupled,1.00,8,373,0.955897,0.955897,4.725864
coupled,1.00,8,374,0.969930,0.969930,4.662393
coupled,1.00,8,375,0.968168,0.968168,4.738904
coupled,1.00,8,376,0.963827,0.963827,4.716070
coupled,1.00,8,377,0.970714,0.970714,4.816034
coupled,1.00,8,378,0.979371,0.979371,4.505566
coupled,1.00,8,379,0.952669,0.952669,4.782358
coupled,1.00,8,380,0.972399,0.972399,4.648401
coupled,1.00,8,381,0.959110,0.959110,4.700929
coupled,1.00,8,382,0.969389,0.969389,4.711735
coupled,1.00,8,383,0.964402,0.964402,4.711114
coupled,1.00,8,384,0.958481,0.958481,4.668445
coupled,1.00,8,385,0.973255,0.973255,4.676710
coupled,1.00,8,386,0.969622,0.969622,4.621352
coupled,1.00,8,387,0.970851,0.970851,4.785934
coupled,1.00,8,388,0.970105,0.970105,4.731129
coupled,1.00,8,389,0.980065,0.980065,4.568076
coupled,1.00,8,390,0.972860,0.972860,4.731003
coupled,1.00,8,391,0.950877,0.950877,4.822820
coupled,1.00,8,392,0.970395,0.970395,4.768937
coupled,1.00,8,393,0.974729,0.974729,4.965632
coupled,1.00,8,394,0.969387,0.969387,4.767866
coupled,1.00,8,395,0.975252,0.975252,4.713601
coupled,1.00,8,396,0.966312,0.966312,4.700154
coupled,1.00,8,397,0.961681,0.961681,5.005597
coupled,1.00,8,398,0.974593,0.974593,4.812249
coupled,1.00,8,399,0.968233,0.968233,4.637321
coupled,1.00,8,400,0.971608,0.971608,4.592464
coupled,1.00,8,401,0.968630,0.968630,4.544193
coupled,1.00,8,402,0.957415,0.957415,4.525136
coupled,1.00,8,403,0.963199,0.963199,4.678692
coupled,1.00,8,404,0.963980,0.963980,4.675154
coupled,1.00,8,405,0.973189,0.973189,4.578900
coupled,1.00,8,406,0.958833,0.958833,4.754067
coupled,1.00,8,407,0.964793,0.964793,4.657803
coupled,1.00,8,408,0.967280,0.967280,4.697967
coupled,1.00,8,409,0.962607,0.962607,4.507263
coupled,1.00,8,410,0.958838,0.958838,4.657068
coupled,1.00,8,411,0.970656,0.970656,4.437589
coupled,1.00,8,412,0.939773,0.939773,4.529323
coupled,1.00,8,413,0.971353,0.971353,4.797492
coupled,1.00,8,414,0.975961,0.975961,4.645818
coupled,1.00,8,415,0.958184,0.958184,4.624402
coupled,1.00,8,416,0.968109,0.968109,4.741083
coupled,1.00,8,417,0.969959,0.969959,4.489297
coupled,1.00,8,418,0.952872,0.952872,4.360564
coupled,1.00,8,419,0.956904,0.956904,4.661461
coupled,1.00,8,420,0.974270,0.974270,4.840369
coupled,1.00,8,421,0.977711,0.977711,4.661262
coupled,1.00,8,422,0.966884,0.966884,4.676854
coupled,1.00,8,423,0.973336,0.973336,4.525898
coupled,1.00,8,424,0.960690,0.960690,4.658287
coupled,1.00,8,425,0.964291,0.964291,4.751937
coupled,1.00,8,426,0.975049,0.975049,4.800895
coupled,1.00,8,427,0.965764,0.965764,4.805182
coupled,1.00,8,428,0.970804,0.970804,4.779991
coupled,1.00,8,429,0.968640,0.968640,4.597379
coupled,1.00,8,430,0.972709,0.972709,4.740190
coupled,1.00,8,431,0.977022,0.977022,4.633321
coupled,1.00,8,432,0.969405,0.969405,4.543730
coupled,1.00,8,433,0.962235,0.962235,4.615484
coupled,1.00,8,434,0.966035,0.966035,4.923514
coupled,1.00,8,435,0.969548,0.969548,4.548120
coupled,1.00,8,436,0.956864,0.956864,4.645423
coupled,1.00,8,437,0.969169,0.969169,4.629512
coupled,1.00,8,438,0.974543,0.974543,4.699441
coupled,1.00,8,439,0.961328,0.961328,4.682063
coupled,1.00,8,440,0.966436,0.966436,4.693690
coupled,1.00,8,441,0.983185,0.983185,4.359645
coupled,1.00,8,442,0.947558,0.947558,4.589824
coupled,1.00,8,443,0.962442,0.962442,4.472998
coupled,1.00,8,444,0.965865,0.965865,4.399874
coupled,1.00,8,445,0.962216,0.962216,4.804685
coupled,1.00,8,446,0.977288,0.977288,4.787596
coupled,1.00,8,447,0.961559,0.961559,4.550479
coupled,1.00,8,448,0.965058,0.965058,4.655323
coupled,1.00,8,449,0.956246,0.956246,4.418438
coupled,1.00,8,450,0.959938,0.959938,4.423366
coupled,1.00,8,451,0.958047,0.958047,4.708756
coupled,1.00,8,452,0.954675,0.954675,4.572976
coupled,1.00,8,453,0.961849,0.961849,4.447754
coupled,1.00,8,454,0.952386,0.952386,4.773049
coupled,1.00,8,455,0.983007,0.983007,4.763257
coupled,1.00,8,456,0.976727,0.976727,4.664022
coupled,1.00,8,457,0.962080,0.962080,4.776411
coupled,1.00,8,458,0.973366,0.973366,5.233933
coupled,1.00,8,459,0.983000,0.983000,4.806572
coupled,1.00,8,460,0.974943,0.974943,4.584487
coupled,1.00,8,461,0.973949,0.973949,4.583598
coupled,1.00,8,462,0.970716,0.970716,4.496617
coupled,1.00,8,463,0.965286,0.965286,4.574476
coupled,1.00,8,464,0.970540,0.970540,4.931163
coupled,1.00,8,465,0.982488,0.982488,4.749851
coupled,1.00,8,466,0.967692,0.967692,4.790973
coupled,1.00,8,467,0.976106,0.976106,4.576583
coupled,1.00,8,468,0.967958,0.967958,4.664213
coupled,1.00,8,469,0.966286,0.966286,4.600010
coupled,1.00,8,470,0.968122,0.968122,4.565021
coupled,1.00,8,471,0.946372,0.946372,4.307890
coupled,1.00,8,472,0.922353,0.922353,4.491420
coupled,1.00,8,473,0.958465,0.958465,4.833110
coupled,1.00,8,474,0.983508,0.983508,4.667772
coupled,1.00,8,475,0.961892,0.961892,4.784387
coupled,1.00,8,476,0.975002,0.975002,4.827543
coupled,1.00,8,477,0.969747,0.969747,4.888177
coupled,1.00,8,478,0.979150,0.979150,4.467270
coupled,1.00,8,479,0.968379,0.968379,4.701469
coupled,1.00,8,480,0.974139,0.974139,4.742759
coupled,1.00,8,481,0.965713,0.965713,4.854416
coupled,1.00,8,482,0.973384,0.973384,4.501085
coupled,1.00,8,483,0.971168,0.971168,4.613676
coupled,1.00,8,484,0.961625,0.961625,4.409458
coupled,1.00,8,485,0.972203,0.972203,4.810022
coupled,1.00,8,486,0.974196,0.974196,4.703857
coupled,1.00,8,487,0.959510,0.959510,4.544792
coupled,1.00,8,488,0.967156,0.967156,4.508067
coupled,1.00,8,489,0.961781,0.961781,4.605213
coupled,1.00,8,490,0.955084,0.955084,4.691644
coupled,1.00,8,491,0.964039,0.964039,4.674173
coupled,1.00,8,492,0.960892,0.960892,4.746166
coupled,1.00,8,493,0.965075,0.965075,4.756390
coupled,1.00,8,494,0.971596,0.971596,4.658423
coupled,1.00,8,495,0.969142,0.969142,4.773754
coupled,1.00,8,496,0.973102,0.973102,4.884410
coupled,1.00,8,497,0.971398,0.971398,4.803270
coupled,1.00,8,498,0.969629,0.969629,4.732928
coupled,1.00,8,499,0.962013,0.962013,4.621318
allc,1.00,8,0,0.962632,1.000000,4.616626
allc,1.00,8,1,0.966493,1.000000,4.679658
allc,1.00,8,2,0.952250,1.000000,4.582196
allc,1.00,8,3,0.961985,1.000000,4.429420
allc,1.00,8,4,0.967721,1.000000,4.598568
allc,1.00,8,5,0.978448,1.000000,4.767489
allc,1.00,8,6,0.983116,1.000000,4.858118
allc,1.00,8,7,0.977049,1.000000,4.913837
allc,1.00,8,8,0.977024,1.000000,4.863435
allc,1.00,8,9,0.974179,1.000000,4.752143
allc,1.00,8,10,0.967712,1.000000,4.790614
allc,1.00,8,11,0.984014,1.000000,4.863554
allc,1.00,8,12,0.972355,1.000000,4.740385
allc,1.00,8,13,0.970363,1.000000,4.724774
allc,1.00,8,14,0.972258,1.000000,4.568716
allc,1.00,8,15,0.979131,1.000000,4.942072
allc,1.00,8,16,0.970224,1.000000,4.793428
allc,1.00,8,17,0.972916,1.000000,4.821290
allc,1.00,8,18,0.979736,1.000000,4.820773
allc,1.00,8,19,0.974076,1.000000,4.906005
allc,1.00,8,20,0.987189,1.000000,5.239852
allc,1.00,8,21,0.977078,1.000000,4.787196
allc,1.00,8,22,0.969554,1.000000,4.753123
allc,1.00,8,23,0.961303,1.000000,4.517189
allc,1.00,8,24,0.976062,1.000000,4.876671
allc,1.00,8,25,0.973609,1.000000,4.695253
allc,1.00,8,26,0.965640,1.000000,4.697313
allc,1.00,8,27,0.961674,1.000000,4.540128
allc,1.00,8,28,0.978588,1.000000,4.995933
allc,1.00,8,29,0.975098,1.000000,4.799747
allc,1.00,8,30,0.960287,1.000000,4.544416
allc,1.00,8,31,0.974235,1.000000,4.840421
allc,1.00,8,32,0.980662,1.000000,4.769768
allc,1.00,8,33,0.969501,1.000000,4.718977
allc,1.00,8,34,0.970970,1.000000,4.641869
allc,1.00,8,35,0.973723,1.000000,4.832925
allc,1.00,8,36,0.967827,1.000000,4.556753
allc,1.00,8,37,0.965449,1.000000,4.601100
allc,1.00,8,38,0.962197,1.000000,4.552248
allc,1.00,8,39,0.975465,1.000000,4.628492
allc,1.00,8,40,0.962604,1.000000,4.422338
allc,1.00,8,41,0.972542,1.000000,4.578403
allc,1.00,8,42,0.969030,1.000000,4.669986
allc,1.00,8,43,0.971626,1.000000,4.619315
allc,1.00,8,44,0.974959,1.000000,4.650615
allc,1.00,8,45,0.976570,1.000000,5.041767
allc,1.00,8,46,0.967194,1.000000,4.890822
allc,1.00,8,47,0.975032,1.000000,4.648676
allc,1.00,8,48,0.971806,1.000000,4.794448
allc,1.00,8,49,0.971777,1.000000,4.812511
allc,1.00,8,50,0.973194,1.000000,4.803797
allc,1.00,8,51,0.966499,1.000000,4.796688
allc,1.00,8,52,0.970720,1.000000,4.849806
allc,1.00,8,53,0.964840,1.000000,4.711806
allc,1.00,8,54,0.964869,1.000000,4.726526
allc,1.00,8,55,0.973109,1.000000,4.829573
allc,1.00,8,56,0.967913,1.000000,4.686593
allc,1.00,8,57,0.964080,1.000000,4.579108
allc,1.00,8,58,0.974763,1.000000,4.813194
allc,1.00,8,59,0.973504,1.000000,4.819351
allc,1.00,8,60,0.956803,1.000000,4.701375
allc,1.00,8,61,0.979970,1.000000,4.797175
allc,1.00,8,62,0.978061,1.000000,4.899590
allc,1.00,8,63,0.978886,1.000000,4.891136
allc,1.00,8,64,0.968198,1.000000,4.676304
allc,1.00,8,65,0.977442,1.000000,4.697305
allc,1.00,8,66,0.975667,1.000000,4.793796
allc,1.00,8,67,0.975622,1.000000,4.770773
allc,1.00,8,68,0.971422,1.000000,4.711620
allc,1.00,8,69,0.961824,1.000000,4.661850
allc,1.00,8,70,0.972214,1.000000,4.632992
allc,1.00,8,71,0.982336,1.000000,4.922635
allc,1.00,8,72,0.957265,1.000000,4.651010
allc,1.00,8,73,0.971005,1.000000,4.685722
allc,1.00,8,74,0.969796,1.000000,4.767353
allc,1.00,8,75,0.974632,1.000000,4.688113
allc,1.00,8,76,0.977284,1.000000,4.807566
allc,1.00,8,77,0.974365,1.000000,4.569904
allc,1.00,8,78,0.950001,1.000000,4.335055
allc,1.00,8,79,0.977573,1.000000,4.687929
allc,1.00,8,80,0.966775,1.000000,4.648134
allc,1.00,8,81,0.981251,1.000000,4.930976
allc,1.00,8,82,0.967207,1.000000,4.777180
allc,1.00,8,83,0.973192,1.000000,4.780315
allc,1.00,8,84,0.958789,1.000000,4.599758
allc,1.00,8,85,0.972768,1.000000,4.648703
allc,1.00,8,86,0.980887,1.000000,4.802654
allc,1.00,8,87,0.967413,1.000000,4.626743
allc,1.00,8,88,0.936066,1.000000,4.433226
allc,1.00,8,89,0.966090,1.000000,4.674367
allc,1.00,8,90,0.961729,1.000000,4.474205
allc,1.00,8,91,0.975649,1.000000,4.864848
allc,1.00,8,92,0.977454,1.000000,4.752114
allc,1.00,8,93,0.964482,1.000000,4.515234
allc,1.00,8,94,0.983892,1.000000,4.865309
allc,1.00,8,95,0.959601,1.000000,4.631889
allc,1.00,8,96,0.974388,1.000000,4.748416
allc,1.00,8,97,0.978537,1.000000,4.964963
allc,1.00,8,98,0.976251,1.000000,4.837207
allc,1.00,8,99,0.971828,1.000000,4.801292
allc,1.00,8,100,0.980579,1.000000,4.858897
allc,1.00,8,101,0.975469,1.000000,4.841351
allc,1.00,8,102,0.975916,1.000000,4.846809
allc,1.00,8,103,0.954319,1.000000,4.327536
allc,1.00,8,104,0.973086,1.000000,4.580136
allc,1.00,8,105,0.963857,1.000000,4.665750
allc,1.00,8,106,0.959788,1.000000,4.477994
allc,1.00,8,107,0.978072,1.000000,4.769507
allc,1.00,8,108,0.965429,1.000000,4.904912
allc,1.00,8,109,0.955873,1.000000,4.425017
allc,1.00,8,110,0.966504,1.000000,4.591682
allc,1.00,8,111,0.966775,1.000000,4.470899
allc,1.00,8,112,0.953544,1.000000,4.618523
allc,1.00,8,113,0.974673,1.000000,4.672341
allc,1.00,8,114,0.975625,1.000000,4.905581
allc,1.00,8,115,0.976112,1.000000,4.736613
allc,1.00,8,116,0.968819,1.000000,4.736989
allc,1.00,8,117,0.960100,1.000000,4.639349
allc,1.00,8,118,0.958843,1.000000,4.708520
allc,1.00,8,119,0.973442,1.000000,4.675254
allc,1.00,8,120,0.966413,1.000000,4.530306
allc,1.00,8,121,0.967970,1.000000,4.760379
allc,1.00,8,122,0.962410,1.000000,4.848676
allc,1.00,8,123,0.976428,1.000000,4.940008
allc,1.00,8,124,0.974002,1.000000,4.839326
allc,1.00,8,125,0.971913,1.000000,4.905105
allc,1.00,8,126,0.968583,1.000000,4.710835
allc,1.00,8,127,0.967034,1.000000,4.720749
allc,1.00,8,128,0.974078,1.000000,4.720731
allc,1.00,8,129,0.972479,1.000000,4.873635
allc,1.00,8,130,0.971238,1.000000,4.653628
allc,1.00,8,131,0.972243,1.000000,4.618575
allc,1.00,8,132,0.974897,1.000000,4.639342
allc,1.00,8,133,0.970565,1.000000,4.684846
allc,1.00,8,134,0.970037,1.000000,4.768419
allc,1.00,8,135,0.979000,1.000000,4.716756
allc,1.00,8,136,0.971574,1.000000,4.723166
allc,1.00,8,137,0.964860,1.000000,4.610443
allc,1.00,8,138,0.963822,1.000000,4.630657
allc,1.00,8,139,0.970628,1.000000,4.728824
allc,1.00,8,140,0.950988,1.000000,4.714736
allc,1.00,8,141,0.977991,1.000000,4.870536
allc,1.00,8,142,0.957953,1.000000,4.606781
allc,1.00,8,143,0.958128,1.000000,4.898244
allc,1.00,8,144,0.961255,1.000000,4.690535
allc,1.00,8,145,0.971993,1.000000,4.704822
allc,1.00,8,146,0.976932,1.000000,5.064555
allc,1.00,8,147,0.979359,1.000000,4.932332
allc,1.00,8,148,0.975037,1.000000,4.879598
allc,1.00,8,149,0.968970,1.000000,4.615893
allc,1.00,8,150,0.975516,1.000000,4.861828
allc,1.00,8,151,0.962463,1.000000,4.483594
allc,1.00,8,152,0.971432,1.000000,4.569782
allc,1.00,8,153,0.977120,1.000000,4.937517
allc,1.00,8,154,0.979918,1.000000,4.750728
allc,1.00,8,155,0.974129,1.000000,4.829406
allc,1.00,8,156,0.964063,1.000000,4.631007
allc,1.00,8,157,0.965343,1.000000,4.608782
allc,1.00,8,158,0.970951,1.000000,4.604086
allc,1.00,8,159,0.971300,1.000000,4.861336
allc,1.00,8,160,0.965419,1.000000,4.635812
allc,1.00,8,161,0.951332,1.000000,4.504833
allc,1.00,8,162,0.972333,1.000000,4.777285
allc,1.00,8,163,0.952968,1.000000,4.413019
allc,1.00,8,164,0.984775,1.000000,4.788173
allc,1.00,8,165,0.958398,1.000000,4.583927
allc,1.00,8,166,0.957011,1.000000,4.644906
allc,1.00,8,167,0.969409,1.000000,4.631097
allc,1.00,8,168,0.965884,1.000000,4.650622
allc,1.00,8,169,0.968434,1.000000,4.725311
allc,1.00,8,170,0.975138,1.000000,4.788611
allc,1.00,8,171,0.975137,1.000000,4.785319
allc,1.00,8,172,0.964026,1.000000,4.711966
allc,1.00,8,173,0.964521,1.000000,4.483433
allc,1.00,8,174,0.958011,1.000000,4.499557
allc,1.00,8,175,0.978205,1.000000,4.776070
allc,1.00,8,176,0.983942,1.000000,4.911679
allc,1.00,8,177,0.974677,1.000000,4.803200
allc,1.00,8,178,0.978305,1.000000,5.005762
allc,1.00,8,179,0.972548,1.000000,4.662541
allc,1.00,8,180,0.967353,1.000000,4.771786
allc,1.00,8,181,0.984727,1.000000,4.776033
allc,1.00,8,182,0.951269,1.000000,4.326308
allc,1.00,8,183,0.977746,1.000000,4.933412
allc,1.00,8,184,0.975762,1.000000,4.785568
allc,1.00,8,185,0.969587,1.000000,4.598422
allc,1.00,8,186,0.982596,1.000000,5.027526
allc,1.00,8,187,0.972235,1.000000,4.773170
allc,1.00,8,188,0.966511,1.000000,4.641586
allc,1.00,8,189,0.959977,1.000000,4.692588
allc,1.00,8,190,0.975856,1.000000,4.859017
allc,1.00,8,191,0.955225,1.000000,4.829718
allc,1.00,8,192,0.962658,1.000000,4.654527
allc,1.00,8,193,0.969596,1.000000,4.603309
allc,1.00,8,194,0.974135,1.000000,4.846877
allc,1.00,8,195,0.958188,1.000000,4.798255
allc,1.00,8,196,0.964726,1.000000,4.787887
allc,1.00,8,197,0.966700,1.000000,4.600106
allc,1.00,8,198,0.969701,1.000000,4.585061
allc,1.00,8,199,0.965385,1.000000,4.548917
allc,1.00,8,200,0.961477,1.000000,4.608658
allc,1.00,8,201,0.952928,1.000000,4.680379
allc,1.00,8,202,0.979214,1.000000,4.564837
allc,1.00,8,203,0.967802,1.000000,4.618574
allc,1.00,8,204,0.969904,1.000000,4.713379
allc,1.00,8,205,0.969524,1.000000,4.796410
allc,1.00,8,206,0.975422,1.000000,4.739213
allc,1.00,8,207,0.953363,1.000000,4.465592
allc,1.00,8,208,0.971343,1.000000,4.630266
allc,1.00,8,209,0.970208,1.000000,4.580564
allc,1.00,8,210,0.974969,1.000000,4.881177
allc,1.00,8,211,0.962657,1.000000,4.616755
allc,1.00,8,212,0.972344,1.000000,4.627136
allc,1.00,8,213,0.981315,1.000000,4.920920
allc,1.00,8,214,0.971165,1.000000,4.534879
allc,1.00,8,215,0.974442,1.000000,4.740496
allc,1.00,8,216,0.984067,1.000000,4.982619
allc,1.00,8,217,0.979006,1.000000,5.001004
allc,1.00,8,218,0.973597,1.000000,4.743435
allc,1.00,8,219,0.983425,1.000000,4.951455
allc,1.00,8,220,0.964250,1.000000,4.753818
allc,1.00,8,221,0.961198,1.000000,4.621727
allc,1.00,8,222,0.966073,1.000000,4.702549
allc,1.00,8,223,0.973494,1.000000,4.725509
allc,1.00,8,224,0.972993,1.000000,4.556706
allc,1.00,8,225,0.967177,1.000000,4.895639
allc,1.00,8,226,0.974903,1.000000,5.181042
allc,1.00,8,227,0.965935,1.000000,4.806149
allc,1.00,8,228,0.979600,1.000000,4.608473
allc,1.00,8,229,0.970510,1.000000,4.762841
allc,1.00,8,230,0.960846,1.000000,4.657484
allc,1.00,8,231,0.955155,1.000000,4.521053
allc,1.00,8,232,0.984151,1.000000,4.957647
allc,1.00,8,233,0.975108,1.000000,4.629589
allc,1.00,8,234,0.963474,1.000000,4.693780
allc,1.00,8,235,0.969578,1.000000,4.470972
allc,1.00,8,236,0.961985,1.000000,4.692762
allc,1.00,8,237,0.964168,1.000000,4.506470
allc,1.00,8,238,0.971834,1.000000,4.575953
allc,1.00,8,239,0.972210,1.000000,4.696657
allc,1.00,8,240,0.976608,1.000000,4.796464
allc,1.00,8,241,0.964733,1.000000,4.503537
allc,1.00,8,242,0.970539,1.000000,4.697056
allc,1.00,8,243,0.969481,1.000000,4.692341
allc,1.00,8,244,0.968854,1.000000,4.722326
allc,1.00,8,245,0.978119,1.000000,4.949857
allc,1.00,8,246,0.965600,1.000000,4.763298
allc,1.00,8,247,0.980918,1.000000,4.876771
allc,1.00,8,248,0.979105,1.000000,4.783752
allc,1.00,8,249,0.975878,1.000000,4.924507
allc,1.00,8,250,0.960483,1.000000,4.650024
allc,1.00,8,251,0.979582,1.000000,4.980264
allc,1.00,8,252,0.956942,1.000000,4.522664
allc,1.00,8,253,0.966191,1.000000,4.810507
allc,1.00,8,254,0.972550,1.000000,4.874867
allc,1.00,8,255,0.973889,1.000000,4.887601
allc,1.00,8,256,0.977836,1.000000,4.873358
allc,1.00,8,257,0.983066,1.000000,4.800789
allc,1.00,8,258,0.983897,1.000000,4.906476
allc,1.00,8,259,0.962650,1.000000,4.376382
allc,1.00,8,260,0.975283,1.000000,4.694915
allc,1.00,8,261,0.945345,1.000000,4.483388
allc,1.00,8,262,0.976139,1.000000,4.708159
allc,1.00,8,263,0.985024,1.000000,5.069643
allc,1.00,8,264,0.956077,1.000000,4.648256
allc,1.00,8,265,0.966063,1.000000,4.587518
allc,1.00,8,266,0.968338,1.000000,4.552206
allc,1.00,8,267,0.966508,1.000000,4.551278
allc,1.00,8,268,0.956745,1.000000,4.565652
allc,1.00,8,269,0.966618,1.000000,4.690145
allc,1.00,8,270,0.978451,1.000000,4.743651
allc,1.00,8,271,0.972143,1.000000,4.898989
allc,1.00,8,272,0.969575,1.000000,4.564496
allc,1.00,8,273,0.970307,1.000000,4.854855
allc,1.00,8,274,0.975358,1.000000,4.971334
allc,1.00,8,275,0.972885,1.000000,4.857433
allc,1.00,8,276,0.973177,1.000000,4.794428
allc,1.00,8,277,0.977329,1.000000,4.784744
allc,1.00,8,278,0.965711,1.000000,4.692316
allc,1.00,8,279,0.982201,1.000000,4.873008
allc,1.00,8,280,0.975732,1.000000,5.015020
allc,1.00,8,281,0.968084,1.000000,4.512182
allc,1.00,8,282,0.973800,1.000000,4.766497
allc,1.00,8,283,0.971050,1.000000,4.788521
allc,1.00,8,284,0.971870,1.000000,4.733816
allc,1.00,8,285,0.967332,1.000000,4.540856
allc,1.00,8,286,0.963419,1.000000,4.492038
allc,1.00,8,287,0.973829,1.000000,4.867001
allc,1.00,8,288,0.958167,1.000000,4.444736
allc,1.00,8,289,0.958482,1.000000,4.253031
allc,1.00,8,290,0.968583,1.000000,4.614123
allc,1.00,8,291,0.965650,1.000000,4.530572
allc,1.00,8,292,0.967818,1.000000,4.454574
allc,1.00,8,293,0.974419,1.000000,4.655118
allc,1.00,8,294,0.960179,1.000000,4.729848
allc,1.00,8,295,0.976556,1.000000,4.849406
allc,1.00,8,296,0.961347,1.000000,4.580737
allc,1.00,8,297,0.974437,1.000000,4.471334
allc,1.00,8,298,0.973550,1.000000,4.845276
allc,1.00,8,299,0.959297,1.000000,4.452251
allc,1.00,8,300,0.968259,1.000000,4.676051
allc,1.00,8,301,0.961261,1.000000,4.940825
allc,1.00,8,302,0.970325,1.000000,4.569162
allc,1.00,8,303,0.976247,1.000000,4.854471
allc,1.00,8,304,0.954207,1.000000,4.661895
allc,1.00,8,305,0.974496,1.000000,4.741665
allc,1.00,8,306,0.968030,1.000000,4.395221
allc,1.00,8,307,0.959669,1.000000,4.571548
allc,1.00,8,308,0.970855,1.000000,4.608117
allc,1.00,8,309,0.963160,1.000000,4.411253
allc,1.00,8,310,0.979593,1.000000,4.795542
allc,1.00,8,311,0.974175,1.000000,4.993695
allc,1.00,8,312,0.980364,1.000000,4.989360
allc,1.00,8,313,0.965166,1.000000,4.669429
allc,1.00,8,314,0.956573,1.000000,4.889378
allc,1.00,8,315,0.976765,1.000000,4.942125
allc,1.00,8,316,0.976959,1.000000,4.906930
allc,1.00,8,317,0.985394,1.000000,5.034957
allc,1.00,8,318,0.972138,1.000000,5.006300
allc,1.00,8,319,0.981635,1.000000,4.891648
allc,1.00,8,320,0.982587,1.000000,4.953278
allc,1.00,8,321,0.965883,1.000000,4.770813
allc,1.00,8,322,0.964990,1.000000,4.730929
allc,1.00,8,323,0.968683,1.000000,4.817699
allc,1.00,8,324,0.979279,1.000000,4.955350
allc,1.00,8,325,0.972014,1.000000,4.632374
allc,1.00,8,326,0.979478,1.000000,4.892575
allc,1.00,8,327,0.959963,1.000000,4.462256
allc,1.00,8,328,0.964831,1.000000,4.805686
allc,1.00,8,329,0.967662,1.000000,4.731610
allc,1.00,8,330,0.973002,1.000000,4.754413
allc,1.00,8,331,0.971900,1.000000,4.903101
allc,1.00,8,332,0.981569,1.000000,4.986822
allc,1.00,8,333,0.965902,1.000000,4.595060
allc,1.00,8,334,0.981080,1.000000,5.002417
allc,1.00,8,335,0.959200,1.000000,4.729958
allc,1.00,8,336,0.968646,1.000000,4.720700
allc,1.00,8,337,0.967102,1.000000,4.569027
allc,1.00,8,338,0.971734,1.000000,4.803860
allc,1.00,8,339,0.972380,1.000000,4.798843
allc,1.00,8,340,0.976459,1.000000,4.652055
allc,1.00,8,341,0.969286,1.000000,4.807099
allc,1.00,8,342,0.975958,1.000000,4.823152
allc,1.00,8,343,0.956789,1.000000,4.738305
allc,1.00,8,344,0.979686,1.000000,4.885322
allc,1.00,8,345,0.973084,1.000000,4.675629
allc,1.00,8,346,0.978510,1.000000,4.670017
allc,1.00,8,347,0.957478,1.000000,4.485042
allc,1.00,8,348,0.972250,1.000000,4.689567
allc,1.00,8,349,0.984062,1.000000,4.997572
allc,1.00,8,350,0.969999,1.000000,4.756622
allc,1.00,8,351,0.958898,1.000000,4.624578
allc,1.00,8,352,0.977667,1.000000,4.865005
allc,1.00,8,353,0.974057,1.000000,4.832062
allc,1.00,8,354,0.965673,1.000000,4.548316
allc,1.00,8,355,0.978227,1.000000,5.004862
allc,1.00,8,356,0.967995,1.000000,4.546722
allc,1.00,8,357,0.963011,1.000000,4.593235
allc,1.00,8,358,0.981173,1.000000,4.857647
allc,1.00,8,359,0.980961,1.000000,4.757671
allc,1.00,8,360,0.977536,1.000000,4.873103
allc,1.00,8,361,0.970141,1.000000,4.672595
allc,1.00,8,362,0.980682,1.000000,4.887992
allc,1.00,8,363,0.979554,1.000000,4.905904
allc,1.00,8,364,0.969339,1.000000,4.719159
allc,1.00,8,365,0.970019,1.000000,4.646631
allc,1.00,8,366,0.973285,1.000000,4.965941
allc,1.00,8,367,0.976273,1.000000,4.768790
allc,1.00,8,368,0.976103,1.000000,4.711980
allc,1.00,8,369,0.966693,1.000000,4.478442
allc,1.00,8,370,0.968548,1.000000,4.651889
allc,1.00,8,371,0.954655,1.000000,4.537360
allc,1.00,8,372,0.960139,1.000000,4.751670
allc,1.00,8,373,0.975617,1.000000,4.850899
allc,1.00,8,374,0.980372,1.000000,5.219565
allc,1.00,8,375,0.976214,1.000000,4.943805
allc,1.00,8,376,0.968522,1.000000,4.741187
allc,1.00,8,377,0.972306,1.000000,4.633922
allc,1.00,8,378,0.973699,1.000000,4.819914
allc,1.00,8,379,0.968221,1.000000,4.830271
allc,1.00,8,380,0.965594,1.000000,4.796163
allc,1.00,8,381,0.957571,1.000000,4.252625
allc,1.00,8,382,0.963797,1.000000,4.643794
allc,1.00,8,383,0.982637,1.000000,4.958736
allc,1.00,8,384,0.969836,1.000000,4.696022
allc,1.00,8,385,0.967660,1.000000,4.726529
allc,1.00,8,386,0.971934,1.000000,4.786603
allc,1.00,8,387,0.967162,1.000000,4.539421
allc,1.00,8,388,0.972901,1.000000,4.724981
allc,1.00,8,389,0.971058,1.000000,4.731163
allc,1.00,8,390,0.977046,1.000000,4.809102
allc,1.00,8,391,0.962195,1.000000,4.611000
allc,1.00,8,392,0.953975,1.000000,4.599553
allc,1.00,8,393,0.977095,1.000000,4.608035
allc,1.00,8,394,0.963901,1.000000,4.582594
allc,1.00,8,395,0.963945,1.000000,4.601697
allc,1.00,8,396,0.968587,1.000000,4.808591
allc,1.00,8,397,0.972840,1.000000,4.646427
allc,1.00,8,398,0.970192,1.000000,4.771226
allc,1.00,8,399,0.981438,1.000000,4.927107
allc,1.00,8,400,0.966900,1.000000,4.673923
allc,1.00,8,401,0.974394,1.000000,4.563024
allc,1.00,8,402,0.976663,1.000000,4.716881
allc,1.00,8,403,0.974431,1.000000,4.684088
allc,1.00,8,404,0.943610,1.000000,4.393491
allc,1.00,8,405,0.979992,1.000000,4.922303
allc,1.00,8,406,0.951228,1.000000,4.897071
allc,1.00,8,407,0.978944,1.000000,4.998993
allc,1.00,8,408,0.975608,1.000000,4.880676
allc,1.00,8,409,0.975146,1.000000,4.570489
allc,1.00,8,410,0.964749,1.000000,4.681864
allc,1.00,8,411,0.964583,1.000000,4.665016
allc,1.00,8,412,0.971816,1.000000,4.531599
allc,1.00,8,413,0.978137,1.000000,4.988481
allc,1.00,8,414,0.968324,1.000000,4.914108
allc,1.00,8,415,0.982328,1.000000,5.012454
allc,1.00,8,416,0.966045,1.000000,4.606967
allc,1.00,8,417,0.974913,1.000000,4.789418
allc,1.00,8,418,0.959483,1.000000,4.709661
allc,1.00,8,419,0.979088,1.000000,4.750382
allc,1.00,8,420,0.976119,1.000000,4.713306
allc,1.00,8,421,0.966339,1.000000,4.630838
allc,1.00,8,422,0.974400,1.000000,4.764610
allc,1.00,8,423,0.978408,1.000000,4.942864
allc,1.00,8,424,0.968114,1.000000,4.648976
allc,1.00,8,425,0.974730,1.000000,4.629996
allc,1.00,8,426,0.972197,1.000000,4.874798
allc,1.00,8,427,0.965508,1.000000,4.755218
allc,1.00,8,428,0.974618,1.000000,4.957071
allc,1.00,8,429,0.968510,1.000000,4.616326
allc,1.00,8,430,0.967147,1.000000,4.701660
allc,1.00,8,431,0.967093,1.000000,4.551835
allc,1.00,8,432,0.973381,1.000000,4.677918
allc,1.00,8,433,0.967656,1.000000,4.632211
allc,1.00,8,434,0.976706,1.000000,4.836905
allc,1.00,8,435,0.972816,1.000000,4.671776
allc,1.00,8,436,0.973705,1.000000,4.911908
allc,1.00,8,437,0.980156,1.000000,4.713701
allc,1.00,8,438,0.982003,1.000000,4.719865
allc,1.00,8,439,0.956010,1.000000,4.723020
allc,1.00,8,440,0.966965,1.000000,4.760295
allc,1.00,8,441,0.971688,1.000000,4.496935
allc,1.00,8,442,0.971395,1.000000,4.775229
allc,1.00,8,443,0.954128,1.000000,4.265525
allc,1.00,8,444,0.964930,1.000000,4.384410
allc,1.00,8,445,0.969108,1.000000,4.510214
allc,1.00,8,446,0.979683,1.000000,4.591099
allc,1.00,8,447,0.964360,1.000000,4.670676
allc,1.00,8,448,0.965422,1.000000,4.592889
allc,1.00,8,449,0.964029,1.000000,4.771539
allc,1.00,8,450,0.982491,1.000000,4.931566
allc,1.00,8,451,0.966746,1.000000,4.779701
allc,1.00,8,452,0.951975,1.000000,4.413651
allc,1.00,8,453,0.972279,1.000000,4.832968
allc,1.00,8,454,0.954208,1.000000,4.357341
allc,1.00,8,455,0.983884,1.000000,4.735021
allc,1.00,8,456,0.972486,1.000000,4.501217
allc,1.00,8,457,0.963669,1.000000,4.657904
allc,1.00,8,458,0.952416,1.000000,4.481109
allc,1.00,8,459,0.970211,1.000000,4.508023
allc,1.00,8,460,0.984528,1.000000,5.003751
allc,1.00,8,461,0.973029,1.000000,4.614236
allc,1.00,8,462,0.980428,1.000000,4.924744
allc,1.00,8,463,0.975622,1.000000,4.824889
allc,1.00,8,464,0.980059,1.000000,4.826138
allc,1.00,8,465,0.972498,1.000000,4.565704
allc,1.00,8,466,0.961857,1.000000,4.682691
allc,1.00,8,467,0.958601,1.000000,4.581225
allc,1.00,8,468,0.965287,1.000000,4.705044
allc,1.00,8,469,0.979518,1.000000,4.967787
allc,1.00,8,470,0.974999,1.000000,4.709095
allc,1.00,8,471,0.970755,1.000000,4.774852
allc,1.00,8,472,0.973997,1.000000,4.728101
allc,1.00,8,473,0.969528,1.000000,4.728995
allc,1.00,8,474,0.964813,1.000000,4.668684
allc,1.00,8,475,0.972521,1.000000,4.758925
allc,1.00,8,476,0.967153,1.000000,4.648375
allc,1.00,8,477,0.968675,1.000000,4.684672
allc,1.00,8,478,0.968355,1.000000,4.802980
allc,1.00,8,479,0.968189,1.000000,4.903275
allc,1.00,8,480,0.958927,1.000000,4.456404
allc,1.00,8,481,0.963100,1.000000,4.563936
allc,1.00,8,482,0.968882,1.000000,4.630529
allc,1.00,8,483,0.964269,1.000000,4.747148
allc,1.00,8,484,0.970653,1.000000,4.522346
allc,1.00,8,485,0.977954,1.000000,4.671703
allc,1.00,8,486,0.972836,1.000000,4.822657
allc,1.00,8,487,0.963835,1.000000,4.884209
allc,1.00,8,488,0.971789,1.000000,4.741931
allc,1.00,8,489,0.980539,1.000000,4.721619
allc,1.00,8,490,0.979517,1.000000,4.942257
allc,1.00,8,491,0.958773,1.000000,4.456540
allc,1.00,8,492,0.979920,1.000000,4.625838
allc,1.00,8,493,0.970127,1.000000,4.639937
allc,1.00,8,494,0.974766,1.000000,4.818772
allc,1.00,8,495,0.972933,1.000000,4.767207
allc,1.00,8,496,0.960416,1.000000,4.842061
allc,1.00,8,497,0.968887,1.000000,4.748336
allc,1.00,8,498,0.964496,1.000000,4.952582
allc,1.00,8,499,0.953083,1.000000,4.622105
coupled,0.00,9,0,0.989182,1.000000,4.641035
coupled,0.00,9,1,0.989208,1.000000,4.869360
coupled,0.00,9,2,0.990717,1.000000,4.609853
coupled,0.00,9,3,0.988146,1.000000,4.817568
coupled,0.00,9,4,0.991537,1.000000,4.849338
coupled,0.00,9,5,0.991412,1.000000,4.538944
coupled,0.00,9,6,0.987881,1.000000,4.981912
coupled,0.00,9,7,0.992097,1.000000,4.648862
coupled,0.00,9,8,0.988704,1.000000,4.599007
coupled,0.00,9,9,0.987513,1.000000,4.796856
coupled,0.00,9,10,0.992807,1.000000,4.874939
coupled,0.00,9,11,0.990608,1.000000,4.720464
coupled,0.00,9,12,0.990411,1.000000,4.737854
coupled,0.00,9,13,0.992659,1.000000,4.972662
coupled,0.00,9,14,0.993254,1.000000,4.738292
coupled,0.00,9,15,0.986688,1.000000,4.639418
coupled,0.00,9,16,0.990423,1.000000,4.787707
coupled,0.00,9,17,0.989844,1.000000,4.981236
coupled,0.00,9,18,0.991447,1.000000,4.909584
coupled,0.00,9,19,0.989134,1.000000,4.673238
coupled,0.00,9,20,0.990161,1.000000,4.650634
coupled,0.00,9,21,0.990945,1.000000,4.792467
coupled,0.00,9,22,0.993106,1.000000,4.867941
coupled,0.00,9,23,0.990085,1.000000,4.698229
coupled,0.00,9,24,0.988588,1.000000,4.526325
coupled,0.00,9,25,0.989329,1.000000,4.493167
coupled,0.00,9,26,0.986498,1.000000,5.057598
coupled,0.00,9,27,0.993041,1.000000,5.016347
coupled,0.00,9,28,0.994000,1.000000,4.782640
coupled,0.00,9,29,0.991738,1.000000,4.612827
coupled,0.00,9,30,0.987701,1.000000,4.673316
coupled,0.00,9,31,0.991729,1.000000,4.623316
coupled,0.00,9,32,0.991428,1.000000,4.710971
coupled,0.00,9,33,0.988658,1.000000,4.911268
coupled,0.00,9,34,0.991689,1.000000,4.717880
coupled,0.00,9,35,0.986194,1.000000,4.924447
coupled,0.00,9,36,0.992314,1.000000,4.612775
coupled,0.00,9,37,0.987237,1.000000,4.828908
coupled,0.00,9,38,0.987336,1.000000,4.731405
coupled,0.00,9,39,0.991862,1.000000,4.854092
coupled,0.00,9,40,0.994347,1.000000,5.038603
coupled,0.00,9,41,0.991292,1.000000,4.670912
coupled,0.00,9,42,0.989877,1.000000,4.791450
coupled,0.00,9,43,0.989944,1.000000,4.727313
coupled,0.00,9,44,0.988019,1.000000,4.578904
coupled,0.00,9,45,0.985548,1.000000,4.502292
coupled,0.00,9,46,0.986275,1.000000,4.713766
coupled,0.00,9,47,0.988821,1.000000,4.798699
coupled,0.00,9,48,0.991171,1.000000,4.676103
coupled,0.00,9,49,0.991914,1.000000,4.542973
coupled,0.00,9,50,0.990615,1.000000,4.676533
coupled,0.00,9,51,0.990462,1.000000,4.679903
coupled,0.00,9,52,0.987520,1.000000,4.852852
coupled,0.00,9,53,0.991342,1.000000,4.824202
coupled,0.00,9,54,0.992634,1.000000,4.976888
coupled,0.00,9,55,0.989715,1.000000,4.687375
coupled,0.00,9,56,0.988053,1.000000,4.708714
coupled,0.00,9,57,0.989608,1.000000,4.617127
coupled,0.00,9,58,0.989849,1.000000,4.593819
coupled,0.00,9,59,0.992501,1.000000,4.686916
coupled,0.00,9,60,0.991298,1.000000,4.609309
coupled,0.00,9,61,0.985296,1.000000,4.828522
coupled,0.00,9,62,0.993217,1.000000,4.913396
coupled,0.00,9,63,0.993660,1.000000,4.779388
coupled,0.00,9,64,0.989762,1.000000,4.959187
coupled,0.00,9,65,0.990661,1.000000,4.719672
coupled,0.00,9,66,0.991045,1.000000,4.779020
coupled,0.00,9,67,0.987175,1.000000,4.551650
coupled,0.00,9,68,0.990118,1.000000,4.804704
coupled,0.00,9,69,0.988751,1.000000,4.712837
coupled,0.00,9,70,0.990129,1.000000,4.894706
coupled,0.00,9,71,0.989714,1.000000,4.752844
coupled,0.00,9,72,0.993542,1.000000,4.518479
coupled,0.00,9,73,0.987677,1.000000,4.776305
coupled,0.00,9,74,0.989953,1.000000,4.877623
coupled,0.00,9,75,0.992826,1.000000,4.940837
coupled,0.00,9,76,0.992345,1.000000,4.801280
coupled,0.00,9,77,0.993551,1.000000,4.823501
coupled,0.00,9,78,0.994021,1.000000,4.723059
coupled,0.00,9,79,0.989667,1.000000,4.972237
coupled,0.00,9,80,0.993686,1.000000,4.773311
coupled,0.00,9,81,0.989196,1.000000,4.823347
coupled,0.00,9,82,0.989873,1.000000,4.728786
coupled,0.00,9,83,0.991798,1.000000,4.580892
coupled,0.00,9,84,0.989121,1.000000,4.817399
coupled,0.00,9,85,0.987588,1.000000,4.524572
coupled,0.00,9,86,0.983199,1.000000,4.664712
coupled,0.00,9,87,0.987156,1.000000,4.778044
coupled,0.00,9,88,0.992094,1.000000,4.791982
coupled,0.00,9,89,0.983133,1.000000,4.607460
coupled,0.00,9,90,0.990113,1.000000,4.515280
coupled,0.00,9,91,0.988749,1.000000,4.674359
coupled,0.00,9,92,0.991531,1.000000,4.702792
coupled,0.00,9,93,0.990576,1.000000,4.536331
coupled,0.00,9,94,0.990285,1.000000,4.948346
coupled,0.00,9,95,0.991417,1.000000,4.750775
coupled,0.00,9,96,0.990817,1.000000,5.007359
coupled,0.00,9,97,0.991495,1.000000,4.604723
coupled,0.00,9,98,0.984145,1.000000,4.792129
coupled,0.00,9,99,0.994758,1.000000,4.503023
coupled,0.00,9,100,0.984590,1.000000,4.551283
coupled,0.00,9,101,0.987226,1.000000,4.558208
coupled,0.00,9,102,0.989173,1.000000,4.707372
coupled,0.00,9,103,0.989675,1.000000,4.649265
coupled,0.00,9,104,0.991422,1.000000,4.673582
coupled,0.00,9,105,0.990254,1.000000,4.574636
coupled,0.00,9,106,0.987105,1.000000,4.908529
coupled,0.00,9,107,0.990901,1.000000,4.769709
coupled,0.00,9,108,0.992872,1.000000,4.846600
coupled,0.00,9,109,0.990298,1.000000,4.908004
coupled,0.00,9,110,0.993452,1.000000,4.701176
coupled,0.00,9,111,0.989608,1.000000,4.940500
coupled,0.00,9,112,0.991422,1.000000,4.820667
coupled,0.00,9,113,0.991879,1.000000,4.581641
coupled,0.00,9,114,0.987951,1.000000,4.567975
coupled,0.00,9,115,0.991167,1.000000,4.632067
coupled,0.00,9,116,0.990173,1.000000,4.790834
coupled,0.00,9,117,0.991179,1.000000,5.072556
coupled,0.00,9,118,0.994145,1.000000,4.972827
coupled,0.00,9,119,0.992351,1.000000,4.788087
coupled,0.00,9,120,0.993659,1.000000,4.865740
coupled,0.00,9,121,0.989159,1.000000,5.052775
coupled,0.00,9,122,0.994418,1.000000,4.831425
coupled,0.00,9,123,0.991328,1.000000,4.847455
coupled,0.00,9,124,0.992946,1.000000,4.729624
coupled,0.00,9,125,0.991555,1.000000,4.980886
coupled,0.00,9,126,0.992352,1.000000,4.888710
coupled,0.00,9,127,0.989682,1.000000,4.684988
coupled,0.00,9,128,0.988943,1.000000,4.798583
coupled,0.00,9,129,0.991485,1.000000,5.088288
coupled,0.00,9,130,0.990209,1.000000,4.830349
coupled,0.00,9,131,0.992603,1.000000,4.950362
coupled,0.00,9,132,0.993423,1.000000,4.524173
coupled,0.00,9,133,0.990120,1.000000,4.745154
coupled,0.00,9,134,0.993289,1.000000,4.638876
coupled,0.00,9,135,0.991623,1.000000,4.830190
coupled,0.00,9,136,0.990799,1.000000,4.834845
coupled,0.00,9,137,0.991666,1.000000,4.866361
coupled,0.00,9,138,0.991265,1.000000,4.849173
coupled,0.00,9,139,0.989999,1.000000,5.016902
coupled,0.00,9,140,0.991308,1.000000,4.715076
coupled,0.00,9,141,0.992566,1.000000,4.604573
coupled,0.00,9,142,0.991049,1.000000,4.657045
coupled,0.00,9,143,0.985349,1.000000,4.717826
coupled,0.00,9,144,0.992122,1.000000,4.947413
coupled,0.00,9,145,0.995070,1.000000,4.532989
coupled,0.00,9,146,0.986470,1.000000,4.681419
coupled,0.00,9,147,0.989086,1.000000,4.799707
coupled,0.00,9,148,0.990987,1.000000,4.946515
coupled,0.00,9,149,0.992841,1.000000,4.875891
coupled,0.00,9,150,0.990508,1.000000,5.076998
coupled,0.00,9,151,0.994716,1.000000,5.255484
coupled,0.00,9,152,0.995629,1.000000,5.043114
coupled,0.00,9,153,0.991835,1.000000,5.098147
coupled,0.00,9,154,0.992809,1.000000,4.853202
coupled,0.00,9,155,0.992838,1.000000,4.950517
coupled,0.00,9,156,0.991641,1.000000,5.114926
coupled,0.00,9,157,0.991688,1.000000,4.559594
coupled,0.00,9,158,0.983919,1.000000,4.807278
coupled,0.00,9,159,0.988745,1.000000,4.950352
coupled,0.00,9,160,0.992650,1.000000,4.728921
coupled,0.00,9,161,0.989432,1.000000,4.613421
coupled,0.00,9,162,0.982791,1.000000,4.894264
coupled,0.00,9,163,0.993816,1.000000,4.628888
coupled,0.00,9,164,0.986747,1.000000,4.452724
coupled,0.00,9,165,0.983239,1.000000,4.968090
coupled,0.00,9,166,0.990820,1.000000,4.830343
coupled,0.00,9,167,0.992100,1.000000,4.752727
coupled,0.00,9,168,0.991613,1.000000,4.384860
coupled,0.00,9,169,0.983196,1.000000,4.319370
coupled,0.00,9,170,0.981397,1.000000,4.487272
coupled,0.00,9,171,0.986021,1.000000,4.705309
coupled,0.00,9,172,0.990261,1.000000,4.749249
coupled,0.00,9,173,0.990022,1.000000,4.879941
coupled,0.00,9,174,0.991117,1.000000,4.629196
coupled,0.00,9,175,0.989038,1.000000,4.585686
coupled,0.00,9,176,0.985670,1.000000,4.565852
coupled,0.00,9,177,0.989598,1.000000,4.354413
coupled,0.00,9,178,0.984526,1.000000,4.297926
coupled,0.00,9,179,0.984883,1.000000,4.805662
coupled,0.00,9,180,0.990799,1.000000,4.908385
coupled,0.00,9,181,0.992611,1.000000,4.939283
coupled,0.00,9,182,0.994211,1.000000,4.877849
coupled,0.00,9,183,0.990956,1.000000,4.798593
coupled,0.00,9,184,0.991210,1.000000,4.862388
coupled,0.00,9,185,0.991036,1.000000,5.049251
coupled,0.00,9,186,0.992612,1.000000,4.555682
coupled,0.00,9,187,0.983478,1.000000,4.845987
coupled,0.00,9,188,0.993209,1.000000,4.340733
coupled,0.00,9,189,0.980689,1.000000,4.736096
coupled,0.00,9,190,0.985861,1.000000,4.747117
coupled,0.00,9,191,0.987776,1.000000,4.806881
coupled,0.00,9,192,0.991241,1.000000,4.899618
coupled,0.00,9,193,0.992217,1.000000,4.533629
coupled,0.00,9,194,0.987168,1.000000,4.776284
coupled,0.00,9,195,0.987574,1.000000,4.803665
coupled,0.00,9,196,0.990399,1.000000,4.640320
coupled,0.00,9,197,0.988144,1.000000,4.738254
coupled,0.00,9,198,0.985581,1.000000,4.661764
coupled,0.00,9,199,0.990610,1.000000,4.854622
coupled,0.00,9,200,0.988681,1.000000,4.865624
coupled,0.00,9,201,0.991439,1.000000,4.871392
coupled,0.00,9,202,0.995099,1.000000,4.858874
coupled,0.00,9,203,0.993671,1.000000,4.924693
coupled,0.00,9,204,0.992513,1.000000,4.637537
coupled,0.00,9,205,0.987806,1.000000,4.821111
coupled,0.00,9,206,0.991281,1.000000,4.997741
coupled,0.00,9,207,0.994452,1.000000,5.084583
coupled,0.00,9,208,0.993990,1.000000,4.775632
coupled,0.00,9,209,0.992165,1.000000,4.883165
coupled,0.00,9,210,0.990964,1.000000,5.061002
coupled,0.00,9,211,0.993083,1.000000,5.070120
coupled,0.00,9,212,0.994044,1.000000,4.547470
coupled,0.00,9,213,0.989760,1.000000,4.886501
coupled,0.00,9,214,0.993154,1.000000,4.650498
coupled,0.00,9,215,0.986272,1.000000,4.534294
coupled,0.00,9,216,0.983382,1.000000,4.669115
coupled,0.00,9,217,0.991723,1.000000,4.878126
coupled,0.00,9,218,0.991440,1.000000,4.339358
coupled,0.00,9,219,0.986806,1.000000,4.569061
coupled,0.00,9,220,0.990608,1.000000,5.049750
coupled,0.00,9,221,0.995373,1.000000,4.747320
coupled,0.00,9,222,0.989463,1.000000,5.104714
coupled,0.00,9,223,0.994248,1.000000,4.666510
coupled,0.00,9,224,0.989204,1.000000,4.606290
coupled,0.00,9,225,0.986218,1.000000,4.603925
coupled,0.00,9,226,0.988305,1.000000,4.667998
coupled,0.00,9,227,0.988382,1.000000,4.919449
coupled,0.00,9,228,0.993490,1.000000,4.762668
coupled,0.00,9,229,0.990362,1.000000,4.849545
coupled,0.00,9,230,0.991486,1.000000,5.045613
coupled,0.00,9,231,0.993454,1.000000,4.821610
coupled,0.00,9,232,0.993116,1.000000,4.812919
coupled,0.00,9,233,0.990773,1.000000,5.014414
coupled,0.00,9,234,0.993402,1.000000,5.091311
coupled,0.00,9,235,0.994626,1.000000,4.989598
coupled,0.00,9,236,0.992570,1.000000,4.995500
coupled,0.00,9,237,0.991816,1.000000,4.998699
coupled,0.00,9,238,0.992149,1.000000,4.683913
coupled,0.00,9,239,0.989290,1.000000,4.629090
coupled,0.00,9,240,0.989083,1.000000,4.812336
coupled,0.00,9,241,0.991179,1.000000,4.674009
coupled,0.00,9,242,0.986740,1.000000,4.492669
coupled,0.00,9,243,0.988961,1.000000,4.757646
coupled,0.00,9,244,0.991898,1.000000,4.673534
coupled,0.00,9,245,0.992318,1.000000,4.744872
coupled,0.00,9,246,0.989641,1.000000,4.831574
coupled,0.00,9,247,0.994059,1.000000,4.971534
coupled,0.00,9,248,0.990233,1.000000,4.512759
coupled,0.00,9,249,0.978146,1.000000,4.885710
coupled,0.00,9,250,0.991938,1.000000,5.017107
coupled,0.00,9,251,0.990885,1.000000,4.939124
coupled,0.00,9,252,0.993239,1.000000,4.842712
coupled,0.00,9,253,0.989446,1.000000,5.042483
coupled,0.00,9,254,0.992085,1.000000,4.888846
coupled,0.00,9,255,0.992451,1.000000,4.980002
coupled,0.00,9,256,0.992674,1.000000,4.852327
coupled,0.00,9,257,0.989424,1.000000,4.829860
coupled,0.00,9,258,0.994155,1.000000,4.880624
coupled,0.00,9,259,0.993184,1.000000,4.759249
coupled,0.00,9,260,0.990938,1.000000,4.942156
coupled,0.00,9,261,0.993247,1.000000,5.002164
coupled,0.00,9,262,0.994065,1.000000,4.595390
coupled,0.00,9,263,0.985851,1.000000,4.645547
coupled,0.00,9,264,0.986386,1.000000,4.757397
coupled,0.00,9,265,0.989288,1.000000,4.602981
coupled,0.00,9,266,0.986033,1.000000,4.453453
coupled,0.00,9,267,0.989612,1.000000,4.988032
coupled,0.00,9,268,0.991986,1.000000,4.973955
coupled,0.00,9,269,0.992254,1.000000,4.777092
coupled,0.00,9,270,0.987630,1.000000,4.986886
coupled,0.00,9,271,0.991149,1.000000,4.861931
coupled,0.00,9,272,0.993345,1.000000,4.828298
coupled,0.00,9,273,0.990161,1.000000,4.882018
coupled,0.00,9,274,0.990756,1.000000,4.834900
coupled,0.00,9,275,0.991109,1.000000,4.577630
coupled,0.00,9,276,0.987721,1.000000,4.914073
coupled,0.00,9,277,0.989460,1.000000,4.967480
coupled,0.00,9,278,0.992606,1.000000,4.777493
coupled,0.00,9,279,0.993087,1.000000,4.576828
coupled,0.00,9,280,0.984575,1.000000,4.932356
coupled,0.00,9,281,0.993066,1.000000,4.889028
coupled,0.00,9,282,0.991001,1.000000,4.817650
coupled,0.00,9,283,0.991911,1.000000,4.512623
coupled,0.00,9,284,0.983446,1.000000,4.817219
coupled,0.00,9,285,0.992301,1.000000,4.934666
coupled,0.00,9,286,0.995627,1.000000,5.280221
coupled,0.00,9,287,0.993769,1.000000,5.292650
coupled,0.00,9,288,0.994537,1.000000,4.801899
coupled,0.00,9,289,0.989024,1.000000,4.592020
coupled,0.00,9,290,0.986220,1.000000,4.703257
coupled,0.00,9,291,0.988548,1.000000,4.731108
coupled,0.00,9,292,0.992669,1.000000,4.556737
coupled,0.00,9,293,0.989567,1.000000,4.605095
coupled,0.00,9,294,0.983543,1.000000,4.946371
coupled,0.00,9,295,0.993598,1.000000,4.932358
coupled,0.00,9,296,0.994330,1.000000,4.583444
coupled,0.00,9,297,0.986633,1.000000,4.614901
coupled,0.00,9,298,0.991304,1.000000,4.792102
coupled,0.00,9,299,0.991055,1.000000,4.972225
coupled,0.00,9,300,0.992580,1.000000,4.765309
coupled,0.00,9,301,0.986773,1.000000,4.840480
coupled,0.00,9,302,0.989502,1.000000,4.528737
coupled,0.00,9,303,0.982270,1.000000,4.690297
coupled,0.00,9,304,0.988891,1.000000,4.896600
coupled,0.00,9,305,0.991655,1.000000,4.975109
coupled,0.00,9,306,0.992731,1.000000,4.905084
coupled,0.00,9,307,0.993675,1.000000,4.830133
coupled,0.00,9,308,0.992707,1.000000,4.930292
coupled,0.00,9,309,0.991417,1.000000,4.758194
coupled,0.00,9,310,0.987297,1.000000,4.752092
coupled,0.00,9,311,0.991867,1.000000,4.770700
coupled,0.00,9,312,0.989369,1.000000,4.885013
coupled,0.00,9,313,0.989721,1.000000,4.758309
coupled,0.00,9,314,0.990646,1.000000,4.626358
coupled,0.00,9,315,0.984748,1.000000,4.546939
coupled,0.00,9,316,0.989611,1.000000,4.643993
coupled,0.00,9,317,0.987138,1.000000,4.886492
coupled,0.00,9,318,0.993501,1.000000,4.683887
coupled,0.00,9,319,0.990774,1.000000,4.694255
coupled,0.00,9,320,0.990638,1.000000,4.395161
coupled,0.00,9,321,0.981271,1.000000,4.841238
coupled,0.00,9,322,0.988711,1.000000,5.084612
coupled,0.00,9,323,0.993122,1.000000,4.492169
coupled,0.00,9,324,0.977126,1.000000,4.617437
coupled,0.00,9,325,0.985535,1.000000,4.617557
coupled,0.00,9,326,0.986440,1.000000,4.672728
coupled,0.00,9,327,0.992500,1.000000,4.917282
coupled,0.00,9,328,0.992727,1.000000,4.811932
coupled,0.00,9,329,0.992182,1.000000,4.815950
coupled,0.00,9,330,0.989131,1.000000,4.887784
coupled,0.00,9,331,0.983577,1.000000,5.111139
coupled,0.00,9,332,0.994351,1.000000,4.952227
coupled,0.00,9,333,0.994341,1.000000,4.751604
coupled,0.00,9,334,0.989159,1.000000,4.700079
coupled,0.00,9,335,0.984672,1.000000,4.818067
coupled,0.00,9,336,0.993489,1.000000,5.017892
coupled,0.00,9,337,0.994545,1.000000,5.006356
coupled,0.00,9,338,0.993411,1.000000,4.971836
coupled,0.00,9,339,0.995719,1.000000,4.860811
coupled,0.00,9,340,0.988637,1.000000,4.588775
coupled,0.00,9,341,0.988143,1.000000,4.670884
coupled,0.00,9,342,0.991891,1.000000,4.877592
coupled,0.00,9,343,0.985613,1.000000,4.520997
coupled,0.00,9,344,0.990489,1.000000,4.629203
coupled,0.00,9,345,0.988514,1.000000,4.562638
coupled,0.00,9,346,0.987824,1.000000,4.728867
coupled,0.00,9,347,0.990665,1.000000,4.662383
coupled,0.00,9,348,0.988165,1.000000,4.671215
coupled,0.00,9,349,0.990263,1.000000,4.640631
coupled,0.00,9,350,0.990974,1.000000,4.656160
coupled,0.00,9,351,0.985871,1.000000,4.653107
coupled,0.00,9,352,0.989348,1.000000,4.569783
coupled,0.00,9,353,0.988733,1.000000,4.792038
coupled,0.00,9,354,0.993515,1.000000,4.562179
coupled,0.00,9,355,0.987966,1.000000,4.531705
coupled,0.00,9,356,0.983917,1.000000,4.622629
coupled,0.00,9,357,0.987519,1.000000,4.631385
coupled,0.00,9,358,0.990977,1.000000,4.758445
coupled,0.00,9,359,0.988258,1.000000,4.780881
coupled,0.00,9,360,0.992216,1.000000,4.866107
coupled,0.00,9,361,0.990849,1.000000,4.550631
coupled,0.00,9,362,0.985342,1.000000,4.821883
coupled,0.00,9,363,0.991239,1.000000,4.924421
coupled,0.00,9,364,0.992878,1.000000,5.034659
coupled,0.00,9,365,0.995138,1.000000,4.685777
coupled,0.00,9,366,0.988296,1.000000,4.922275
coupled,0.00,9,367,0.992820,1.000000,4.701077
coupled,0.00,9,368,0.988776,1.000000,4.927581
coupled,0.00,9,369,0.990906,1.000000,4.879807
coupled,0.00,9,370,0.989496,1.000000,4.568839
coupled,0.00,9,371,0.990428,1.000000,4.851732
coupled,0.00,9,372,0.992970,1.000000,4.537765
coupled,0.00,9,373,0.989055,1.000000,4.523647
coupled,0.00,9,374,0.982518,1.000000,4.621824
coupled,0.00,9,375,0.988267,1.000000,4.951064
coupled,0.00,9,376,0.994861,1.000000,4.737426
coupled,0.00,9,377,0.991136,1.000000,4.648392
coupled,0.00,9,378,0.990690,1.000000,4.712501
coupled,0.00,9,379,0.990076,1.000000,4.623053
coupled,0.00,9,380,0.989831,1.000000,4.882830
coupled,0.00,9,381,0.990421,1.000000,5.136214
coupled,0.00,9,382,0.995703,1.000000,4.746676
coupled,0.00,9,383,0.992236,1.000000,4.660806
coupled,0.00,9,384,0.991988,1.000000,4.758612
coupled,0.00,9,385,0.988528,1.000000,4.867550
coupled,0.00,9,386,0.987861,1.000000,5.076499
coupled,0.00,9,387,0.988176,1.000000,4.653174
coupled,0.00,9,388,0.990574,1.000000,4.514615
coupled,0.00,9,389,0.984211,1.000000,4.897829
coupled,0.00,9,390,0.992060,1.000000,4.952482
coupled,0.00,9,391,0.992004,1.000000,4.835590
coupled,0.00,9,392,0.990707,1.000000,4.572509
coupled,0.00,9,393,0.988700,1.000000,4.908005
coupled,0.00,9,394,0.992563,1.000000,4.722755
coupled,0.00,9,395,0.992255,1.000000,4.721023
coupled,0.00,9,396,0.987054,1.000000,4.762663
coupled,0.00,9,397,0.988013,1.000000,4.916336
coupled,0.00,9,398,0.989096,1.000000,4.880184
coupled,0.00,9,399,0.993436,1.000000,5.156437
coupled,0.00,9,400,0.993634,1.000000,5.053397
coupled,0.00,9,401,0.993691,1.000000,4.865189
coupled,0.00,9,402,0.993185,1.000000,4.520328
coupled,0.00,9,403,0.985306,1.000000,4.725933
coupled,0.00,9,404,0.992780,1.000000,5.076945
coupled,0.00,9,405,0.993569,1.000000,4.567560
coupled,0.00,9,406,0.990050,1.000000,4.506058
coupled,0.00,9,407,0.984701,1.000000,4.807795
coupled,0.00,9,408,0.992395,1.000000,4.622048
coupled,0.00,9,409,0.988589,1.000000,4.702884
coupled,0.00,9,410,0.990700,1.000000,4.690810
coupled,0.00,9,411,0.988865,1.000000,4.682241
coupled,0.00,9,412,0.987232,1.000000,4.848159
coupled,0.00,9,413,0.991563,1.000000,4.857710
coupled,0.00,9,414,0.991334,1.000000,4.564155
coupled,0.00,9,415,0.979204,1.000000,4.754928
coupled,0.00,9,416,0.988087,1.000000,4.799846
coupled,0.00,9,417,0.992087,1.000000,4.968783
coupled,0.00,9,418,0.991406,1.000000,4.997836
coupled,0.00,9,419,0.991001,1.000000,4.621943
coupled,0.00,9,420,0.986068,1.000000,4.533475
coupled,0.00,9,421,0.989362,1.000000,4.822122
coupled,0.00,9,422,0.990627,1.000000,4.850298
coupled,0.00,9,423,0.989897,1.000000,4.894951
coupled,0.00,9,424,0.989516,1.000000,4.882684
coupled,0.00,9,425,0.992661,1.000000,4.742597
coupled,0.00,9,426,0.991665,1.000000,4.656902
coupled,0.00,9,427,0.988889,1.000000,4.623833
coupled,0.00,9,428,0.989065,1.000000,4.962126
coupled,0.00,9,429,0.992958,1.000000,4.805985
coupled,0.00,9,430,0.990688,1.000000,5.000067
coupled,0.00,9,431,0.992364,1.000000,4.861622
coupled,0.00,9,432,0.992579,1.000000,4.807666
coupled,0.00,9,433,0.987796,1.000000,4.872691
coupled,0.00,9,434,0.987641,1.000000,4.710822
coupled,0.00,9,435,0.991630,1.000000,4.945930
coupled,0.00,9,436,0.994648,1.000000,4.553867
coupled,0.00,9,437,0.989379,1.000000,4.837531
coupled,0.00,9,438,0.989122,1.000000,4.825846
coupled,0.00,9,439,0.985457,1.000000,4.786078
coupled,0.00,9,440,0.988942,1.000000,4.761429
coupled,0.00,9,441,0.989745,1.000000,4.663395
coupled,0.00,9,442,0.991412,1.000000,4.948720
coupled,0.00,9,443,0.992612,1.000000,4.857540
coupled,0.00,9,444,0.989671,1.000000,4.943936
coupled,0.00,9,445,0.994003,1.000000,4.825491
coupled,0.00,9,446,0.990360,1.000000,4.835890
coupled,0.00,9,447,0.989273,1.000000,4.856743
coupled,0.00,9,448,0.992974,1.000000,5.007936
coupled,0.00,9,449,0.988807,1.000000,5.014267
coupled,0.00,9,450,0.991387,1.000000,4.593624
coupled,0.00,9,451,0.989247,1.000000,4.800682
coupled,0.00,9,452,0.992452,1.000000,4.832324
coupled,0.00,9,453,0.986540,1.000000,4.651005
coupled,0.00,9,454,0.984466,1.000000,4.737847
coupled,0.00,9,455,0.991065,1.000000,4.827592
coupled,0.00,9,456,0.991770,1.000000,4.732385
coupled,0.00,9,457,0.990081,1.000000,4.775680
coupled,0.00,9,458,0.993304,1.000000,4.803490
coupled,0.00,9,459,0.993407,1.000000,4.575834
coupled,0.00,9,460,0.989138,1.000000,4.588740
coupled,0.00,9,461,0.986952,1.000000,4.624889
coupled,0.00,9,462,0.991213,1.000000,4.803847
coupled,0.00,9,463,0.990300,1.000000,5.129222
coupled,0.00,9,464,0.993243,1.000000,5.030256
coupled,0.00,9,465,0.994829,1.000000,4.956543
coupled,0.00,9,466,0.990142,1.000000,5.009685
coupled,0.00,9,467,0.993824,1.000000,4.934499
coupled,0.00,9,468,0.993129,1.000000,4.501092
coupled,0.00,9,469,0.982707,1.000000,4.714138
coupled,0.00,9,470,0.990281,1.000000,4.605690
coupled,0.00,9,471,0.990108,1.000000,4.593931
coupled,0.00,9,472,0.992090,1.000000,4.574377
coupled,0.00,9,473,0.984667,1.000000,4.840471
coupled,0.00,9,474,0.989733,1.000000,4.892389
coupled,0.00,9,475,0.989184,1.000000,4.932292
coupled,0.00,9,476,0.988740,1.000000,4.600964
coupled,0.00,9,477,0.986989,1.000000,4.662437
coupled,0.00,9,478,0.989578,1.000000,4.676564
coupled,0.00,9,479,0.986221,1.000000,4.914052
coupled,0.00,9,480,0.990441,1.000000,5.022429
coupled,0.00,9,481,0.993256,1.000000,4.947253
coupled,0.00,9,482,0.993071,1.000000,4.685053
coupled,0.00,9,483,0.988861,1.000000,4.858760
coupled,0.00,9,484,0.992369,1.000000,4.622091
coupled,0.00,9,485,0.989106,1.000000,4.662466
coupled,0.00,9,486,0.986713,1.000000,4.772990
coupled,0.00,9,487,0.988375,1.000000,4.705831
coupled,0.00,9,488,0.991267,1.000000,4.828758
coupled,0.00,9,489,0.990912,1.000000,4.642524
coupled,0.00,9,490,0.989011,1.000000,4.808698
coupled,0.00,9,491,0.991308,1.000000,4.796205
coupled,0.00,9,492,0.992907,1.000000,4.868475
coupled,0.00,9,493,0.987619,1.000000,4.875316
coupled,0.00,9,494,0.989559,1.000000,4.609404
coupled,0.00,9,495,0.988897,1.000000,4.908725
coupled,0.00,9,496,0.990475,1.000000,4.685491
coupled,0.00,9,497,0.986823,1.000000,4.528690
coupled,0.00,9,498,0.984691,1.000000,4.808385
coupled,0.00,9,499,0.987548,1.000000,4.644731
coupled,0.50,9,0,0.986168,0.993084,4.837628
coupled,0.50,9,1,0.989499,0.994749,4.735850
coupled,0.50,9,2,0.991757,0.995878,4.891889
coupled,0.50,9,3,0.990180,0.995090,4.685039
coupled,0.50,9,4,0.992302,0.996151,5.156135
coupled,0.50,9,5,0.993123,0.996562,4.614396
coupled,0.50,9,6,0.989585,0.994792,4.577106
coupled,0.50,9,7,0.990776,0.995388,4.740355
coupled,0.50,9,8,0.988954,0.994477,4.591491
coupled,0.50,9,9,0.987935,0.993967,4.720413
coupled,0.50,9,10,0.991289,0.995645,4.563899
coupled,0.50,9,11,0.987216,0.993608,5.039556
coupled,0.50,9,12,0.993970,0.996985,4.950817
coupled,0.50,9,13,0.991983,0.995991,4.879419
coupled,0.50,9,14,0.992259,0.996129,4.736585
coupled,0.50,9,15,0.990453,0.995227,4.799202
coupled,0.50,9,16,0.990657,0.995329,4.936061
coupled,0.50,9,17,0.992359,0.996179,4.942736
coupled,0.50,9,18,0.994150,0.997075,4.961705
coupled,0.50,9,19,0.992615,0.996307,4.674782
coupled,0.50,9,20,0.990507,0.995254,4.756288
coupled,0.50,9,21,0.993834,0.996917,4.987425
coupled,0.50,9,22,0.993345,0.996672,4.424225
coupled,0.50,9,23,0.985256,0.992628,4.831302
coupled,0.50,9,24,0.993244,0.996622,4.854406
coupled,0.50,9,25,0.993798,0.996899,4.772979
coupled,0.50,9,26,0.992430,0.996215,5.082729
coupled,0.50,9,27,0.993774,0.996887,4.975860
coupled,0.50,9,28,0.993496,0.996748,4.890622
coupled,0.50,9,29,0.992148,0.996074,4.635578
coupled,0.50,9,30,0.989991,0.994995,4.633110
coupled,0.50,9,31,0.989517,0.994759,4.981564
coupled,0.50,9,32,0.990281,0.995141,4.850814
coupled,0.50,9,33,0.990899,0.995449,4.723065
coupled,0.50,9,34,0.986865,0.993433,4.983340
coupled,0.50,9,35,0.994190,0.997095,4.966030
coupled,0.50,9,36,0.993229,0.996615,4.481336
coupled,0.50,9,37,0.985955,0.992977,4.709435
coupled,0.50,9,38,0.988393,0.994196,4.610225
coupled,0.50,9,39,0.986428,0.993214,4.988127
coupled,0.50,9,40,0.993114,0.996557,4.934238
coupled,0.50,9,41,0.992630,0.996315,4.787969
coupled,0.50,9,42,0.988404,0.994202,4.861052
coupled,0.50,9,43,0.991784,0.995892,4.846064
coupled,0.50,9,44,0.993234,0.996617,4.744224
coupled,0.50,9,45,0.992706,0.996353,4.672881
coupled,0.50,9,46,0.987477,0.993739,4.739445
coupled,0.50,9,47,0.991166,0.995583,4.922612
coupled,0.50,9,48,0.991453,0.995727,4.800218
coupled,0.50,9,49,0.992390,0.996195,4.727085
coupled,0.50,9,50,0.990459,0.995229,4.718278
coupled,0.50,9,51,0.992146,0.996073,4.650456
coupled,0.50,9,52,0.984623,0.992312,4.735760
coupled,0.50,9,53,0.990326,0.995163,4.864413
coupled,0.50,9,54,0.988954,0.994477,4.925853
coupled,0.50,9,55,0.993851,0.996925,4.776869
coupled,0.50,9,56,0.989898,0.994949,4.775955
coupled,0.50,9,57,0.988347,0.994174,4.882552
coupled,0.50,9,58,0.992620,0.996310,4.621108
coupled,0.50,9,59,0.990718,0.995359,5.063559
coupled,0.50,9,60,0.995610,0.997805,4.758180
coupled,0.50,9,61,0.992602,0.996301,4.686105
coupled,0.50,9,62,0.987165,0.993583,4.974429
coupled,0.50,9,63,0.987204,0.993602,4.988585
coupled,0.50,9,64,0.989169,0.994585,4.864910
coupled,0.50,9,65,0.990532,0.995266,4.586974
coupled,0.50,9,66,0.984896,0.992448,4.847058
coupled,0.50,9,67,0.991492,0.995746,4.691804
coupled,0.50,9,68,0.989375,0.994688,4.890779
coupled,0.50,9,69,0.991223,0.995612,4.822072
coupled,0.50,9,70,0.991543,0.995772,4.795138
coupled,0.50,9,71,0.991708,0.995854,4.506277
coupled,0.50,9,72,0.982277,0.991138,4.641112
coupled,0.50,9,73,0.990649,0.995325,4.715409
coupled,0.50,9,74,0.989381,0.994690,4.567509
coupled,0.50,9,75,0.984050,0.992025,4.752513
coupled,0.50,9,76,0.991728,0.995864,4.820133
coupled,0.50,9,77,0.992500,0.996250,4.622421
coupled,0.50,9,78,0.990597,0.995299,4.873962
coupled,0.50,9,79,0.990975,0.995488,4.702273
coupled,0.50,9,80,0.990723,0.995361,4.695959
coupled,0.50,9,81,0.991413,0.995707,4.736852
coupled,0.50,9,82,0.991396,0.995698,4.723951
coupled,0.50,9,83,0.987676,0.993838,4.577103
coupled,0.50,9,84,0.985399,0.992700,4.688256
coupled,0.50,9,85,0.991568,0.995784,4.762457
coupled,0.50,9,86,0.994504,0.997252,4.413282
coupled,0.50,9,87,0.982216,0.991108,4.685621
coupled,0.50,9,88,0.987697,0.993848,4.366308
coupled,0.50,9,89,0.981506,0.990753,4.499553
coupled,0.50,9,90,0.986904,0.993452,4.636179
coupled,0.50,9,91,0.985816,0.992908,4.912352
coupled,0.50,9,92,0.989266,0.994633,4.830305
coupled,0.50,9,93,0.990641,0.995320,4.696445
coupled,0.50,9,94,0.987911,0.993956,4.694008
coupled,0.50,9,95,0.989872,0.994936,4.536870
coupled,0.50,9,96,0.989472,0.994736,4.707843
coupled,0.50,9,97,0.987604,0.993802,4.761950
coupled,0.50,9,98,0.994391,0.997195,4.759551
coupled,0.50,9,99,0.988494,0.994247,4.549699
coupled,0.50,9,100,0.989887,0.994943,4.613155
coupled,0.50,9,101,0.991212,0.995606,4.717381
coupled,0.50,9,102,0.990139,0.995070,4.717070
coupled,0.50,9,103,0.990073,0.995036,4.670720
coupled,0.50,9,104,0.990770,0.995385,4.945917
coupled,0.50,9,105,0.990684,0.995342,4.929117
coupled,0.50,9,106,0.992840,0.996420,4.751963
coupled,0.50,9,107,0.990339,0.995169,4.865223
coupled,0.50,9,108,0.992629,0.996315,4.850063
coupled,0.50,9,109,0.993911,0.996955,4.705760
coupled,0.50,9,110,0.985600,0.992800,4.893079
coupled,0.50,9,111,0.990195,0.995097,5.011751
coupled,0.50,9,112,0.991907,0.995954,4.931483
coupled,0.50,9,113,0.987655,0.993828,4.950969
coupled,0.50,9,114,0.992789,0.996394,5.048406
coupled,0.50,9,115,0.991006,0.995503,4.877646
coupled,0.50,9,116,0.992029,0.996014,4.728633
coupled,0.50,9,117,0.989385,0.994693,4.710952
coupled,0.50,9,118,0.991235,0.995617,4.610235
coupled,0.50,9,119,0.988027,0.994014,4.673753
coupled,0.50,9,120,0.990311,0.995155,4.965610
coupled,0.50,9,121,0.993612,0.996806,5.124392
coupled,0.50,9,122,0.995130,0.997565,4.615485
coupled,0.50,9,123,0.988151,0.994076,4.724298
coupled,0.50,9,124,0.990888,0.995444,4.752693
coupled,0.50,9,125,0.985982,0.992991,4.799978
coupled,0.50,9,126,0.990042,0.995021,4.754303
coupled,0.50,9,127,0.992302,0.996151,4.746515
coupled,0.50,9,128,0.993306,0.996653,4.769466
coupled,0.50,9,129,0.988389,0.994194,4.886373
coupled,0.50,9,130,0.993266,0.996633,4.788920
coupled,0.50,9,131,0.992082,0.996041,5.093866
coupled,0.50,9,132,0.995541,0.997770,4.861026
coupled,0.50,9,133,0.990615,0.995307,4.746755
coupled,0.50,9,134,0.989807,0.994903,4.826854
coupled,0.50,9,135,0.992075,0.996038,4.757720
coupled,0.50,9,136,0.988376,0.994188,4.861981
coupled,0.50,9,137,0.988977,0.994488,4.668700
coupled,0.50,9,138,0.991994,0.995997,4.689665
coupled,0.50,9,139,0.991146,0.995573,4.695755
coupled,0.50,9,140,0.991816,0.995908,4.663196
coupled,0.50,9,141,0.985775,0.992887,4.648148
coupled,0.50,9,142,0.985784,0.992892,4.817127
coupled,0.50,9,143,0.989617,0.994808,4.938481
coupled,0.50,9,144,0.991127,0.995564,4.947997
coupled,0.50,9,145,0.993776,0.996888,4.954095
coupled,0.50,9,146,0.991128,0.995564,5.120844
coupled,0.50,9,147,0.993433,0.996717,5.034843
coupled,0.50,9,148,0.995139,0.997569,4.873930
coupled,0.50,9,149,0.992765,0.996383,5.021950
coupled,0.50,9,150,0.995319,0.997660,4.954605
coupled,0.50,9,151,0.993047,0.996523,4.867218
coupled,0.50,9,152,0.992479,0.996239,4.827359
coupled,0.50,9,153,0.990435,0.995217,4.578247
coupled,0.50,9,154,0.980899,0.990450,4.888757
coupled,0.50,9,155,0.990895,0.995448,4.736845
coupled,0.50,9,156,0.990774,0.995387,4.781498
coupled,0.50,9,157,0.989629,0.994815,4.856471
coupled,0.50,9,158,0.993598,0.996799,4.672972
coupled,0.50,9,159,0.991438,0.995719,4.582648
coupled,0.50,9,160,0.992149,0.996075,4.837694
coupled,0.50,9,161,0.992801,0.996400,4.976001
coupled,0.50,9,162,0.991885,0.995943,4.855815
coupled,0.50,9,163,0.992686,0.996343,4.931060
coupled,0.50,9,164,0.992258,0.996129,4.700967
coupled,0.50,9,165,0.991234,0.995617,4.787057
coupled,0.50,9,166,0.988458,0.994229,4.988629
coupled,0.50,9,167,0.990027,0.995014,4.755176
coupled,0.50,9,168,0.987273,0.993636,4.846596
coupled,0.50,9,169,0.990157,0.995079,4.767426
coupled,0.50,9,170,0.985912,0.992956,4.849232
coupled,0.50,9,171,0.990938,0.995469,4.746114
coupled,0.50,9,172,0.990422,0.995211,4.696604
coupled,0.50,9,173,0.991787,0.995893,4.791473
coupled,0.50,9,174,0.991144,0.995572,4.934759
coupled,0.50,9,175,0.991914,0.995957,4.948009
coupled,0.50,9,176,0.992729,0.996364,4.808328
coupled,0.50,9,177,0.991402,0.995701,5.005590
coupled,0.50,9,178,0.994914,0.997457,4.943115
coupled,0.50,9,179,0.993336,0.996668,4.853752
coupled,0.50,9,180,0.990626,0.995313,4.886299
coupled,0.50,9,181,0.992691,0.996346,4.753923
coupled,0.50,9,182,0.990777,0.995388,4.858288
coupled,0.50,9,183,0.990620,0.995310,5.003793
coupled,0.50,9,184,0.993086,0.996543,4.786725
coupled,0.50,9,185,0.990400,0.995200,4.687645
coupled,0.50,9,186,0.991931,0.995965,4.903906
coupled,0.50,9,187,0.990498,0.995249,4.989574
coupled,0.50,9,188,0.992877,0.996439,5.034487
coupled,0.50,9,189,0.992639,0.996319,4.663001
coupled,0.50,9,190,0.987560,0.993780,4.868299
coupled,0.50,9,191,0.988244,0.994122,4.704279
coupled,0.50,9,192,0.993567,0.996784,4.689217
coupled,0.50,9,193,0.988582,0.994291,4.564959
coupled,0.50,9,194,0.990075,0.995037,4.753306
coupled,0.50,9,195,0.989831,0.994916,4.901827
coupled,0.50,9,196,0.993028,0.996514,4.711738
coupled,0.50,9,197,0.985774,0.992887,4.945282
coupled,0.50,9,198,0.988813,0.994407,4.801340
coupled,0.50,9,199,0.990921,0.995461,4.923212
coupled,0.50,9,200,0.990220,0.995110,5.031263
coupled,0.50,9,201,0.993538,0.996769,4.958611
coupled,0.50,9,202,0.992766,0.996383,4.826273
coupled,0.50,9,203,0.991419,0.995709,4.778595
coupled,0.50,9,204,0.994825,0.997413,4.462463
coupled,0.50,9,205,0.983471,0.991735,4.351794
coupled,0.50,9,206,0.983742,0.991871,4.713015
coupled,0.50,9,207,0.987924,0.993962,4.766670
coupled,0.50,9,208,0.992547,0.996274,4.572104
coupled,0.50,9,209,0.987699,0.993849,4.550428
coupled,0.50,9,210,0.992166,0.996083,4.821476
coupled,0.50,9,211,0.993369,0.996685,4.710031
coupled,0.50,9,212,0.988221,0.994110,4.764311
coupled,0.50,9,213,0.992605,0.996303,4.321965
coupled,0.50,9,214,0.985624,0.992812,4.875513
coupled,0.50,9,215,0.991605,0.995802,4.659991
coupled,0.50,9,216,0.988330,0.994165,4.993377
coupled,0.50,9,217,0.986916,0.993458,4.871209
coupled,0.50,9,218,0.993280,0.996640,4.832928
coupled,0.50,9,219,0.989545,0.994773,4.929349
coupled,0.50,9,220,0.993695,0.996848,4.607822
coupled,0.50,9,221,0.990763,0.995381,4.652116
coupled,0.50,9,222,0.986913,0.993456,4.816080
coupled,0.50,9,223,0.988415,0.994207,4.740270
coupled,0.50,9,224,0.991701,0.995850,4.857246
coupled,0.50,9,225,0.993595,0.996798,4.993874
coupled,0.50,9,226,0.992788,0.996394,4.733673
coupled,0.50,9,227,0.991362,0.995681,4.671389
coupled,0.50,9,228,0.988668,0.994334,4.718992
coupled,0.50,9,229,0.992709,0.996354,4.822468
coupled,0.50,9,230,0.992197,0.996098,4.702259
coupled,0.50,9,231,0.991707,0.995854,4.755123
coupled,0.50,9,232,0.992920,0.996460,4.700946
coupled,0.50,9,233,0.990181,0.995091,4.669713
coupled,0.50,9,234,0.986707,0.993353,4.664880
coupled,0.50,9,235,0.987137,0.993569,4.690218
coupled,0.50,9,236,0.984555,0.992277,4.684428
coupled,0.50,9,237,0.990349,0.995175,4.678480
coupled,0.50,9,238,0.990150,0.995075,4.567330
coupled,0.50,9,239,0.985589,0.992794,4.496855
coupled,0.50,9,240,0.986723,0.993362,4.691052
coupled,0.50,9,241,0.987741,0.993870,4.898106
coupled,0.50,9,242,0.993554,0.996777,4.899206
coupled,0.50,9,243,0.994067,0.997034,4.684832
coupled,0.50,9,244,0.990095,0.995048,4.789050
coupled,0.50,9,245,0.988733,0.994367,4.885018
coupled,0.50,9,246,0.992654,0.996327,4.690216
coupled,0.50,9,247,0.985914,0.992957,5.132684
coupled,0.50,9,248,0.994298,0.997149,5.007138
coupled,0.50,9,249,0.991292,0.995646,4.892773
coupled,0.50,9,250,0.991043,0.995521,4.592785
coupled,0.50,9,251,0.987667,0.993833,4.758859
coupled,0.50,9,252,0.988011,0.994005,4.874931
coupled,0.50,9,253,0.990261,0.995131,4.732689
coupled,0.50,9,254,0.989263,0.994631,4.764937
coupled,0.50,9,255,0.990477,0.995238,4.807489
coupled,0.50,9,256,0.992952,0.996476,4.768371
coupled,0.50,9,257,0.990735,0.995367,4.997751
coupled,0.50,9,258,0.992948,0.996474,4.993091
coupled,0.50,9,259,0.992279,0.996140,5.166741
coupled,0.50,9,260,0.991038,0.995519,5.104815
coupled,0.50,9,261,0.992422,0.996211,4.854423
coupled,0.50,9,262,0.991450,0.995725,4.754556
coupled,0.50,9,263,0.988396,0.994198,4.829423
coupled,0.50,9,264,0.990600,0.995300,4.890102
coupled,0.50,9,265,0.990421,0.995211,4.716072
coupled,0.50,9,266,0.990939,0.995470,4.723057
coupled,0.50,9,267,0.992035,0.996017,4.793656
coupled,0.50,9,268,0.992052,0.996026,4.770882
coupled,0.50,9,269,0.991681,0.995841,4.613389
coupled,0.50,9,270,0.993262,0.996631,4.640851
coupled,0.50,9,271,0.988143,0.994071,4.842966
coupled,0.50,9,272,0.989525,0.994762,4.741850
coupled,0.50,9,273,0.988878,0.994439,4.841807
coupled,0.50,9,274,0.989743,0.994872,4.733708
coupled,0.50,9,275,0.992204,0.996102,5.019777
coupled,0.50,9,276,0.991651,0.995825,4.868434
coupled,0.50,9,277,0.990554,0.995277,4.791916
coupled,0.50,9,278,0.992349,0.996175,4.638672
coupled,0.50,9,279,0.991629,0.995814,4.985057
coupled,0.50,9,280,0.994068,0.997034,4.870753
coupled,0.50,9,281,0.985620,0.992810,4.811219
coupled,0.50,9,282,0.991637,0.995819,4.857431
coupled,0.50,9,283,0.990320,0.995160,4.834679
coupled,0.50,9,284,0.991444,0.995722,4.729595
coupled,0.50,9,285,0.991414,0.995707,4.785733
coupled,0.50,9,286,0.988925,0.994462,4.797015
coupled,0.50,9,287,0.991142,0.995571,4.862622
coupled,0.50,9,288,0.989683,0.994841,4.556838
coupled,0.50,9,289,0.987193,0.993596,4.531687
coupled,0.50,9,290,0.983737,0.991868,4.366693
coupled,0.50,9,291,0.982773,0.991387,4.770694
coupled,0.50,9,292,0.989715,0.994857,4.617748
coupled,0.50,9,293,0.990063,0.995032,4.706043
coupled,0.50,9,294,0.991052,0.995526,4.578640
coupled,0.50,9,295,0.990027,0.995014,4.535649
coupled,0.50,9,296,0.986904,0.993452,4.810542
coupled,0.50,9,297,0.991458,0.995729,4.860080
coupled,0.50,9,298,0.991934,0.995967,4.692307
coupled,0.50,9,299,0.987195,0.993598,4.736874
coupled,0.50,9,300,0.986353,0.993177,4.768904
coupled,0.50,9,301,0.991909,0.995954,4.911922
coupled,0.50,9,302,0.991740,0.995870,4.910285
coupled,0.50,9,303,0.992156,0.996078,5.058975
coupled,0.50,9,304,0.992505,0.996253,4.634714
coupled,0.50,9,305,0.989786,0.994893,5.037292
coupled,0.50,9,306,0.994081,0.997041,4.883079
coupled,0.50,9,307,0.990872,0.995436,4.582923
coupled,0.50,9,308,0.987903,0.993951,4.618420
coupled,0.50,9,309,0.989930,0.994965,4.512443
coupled,0.50,9,310,0.986303,0.993152,4.710912
coupled,0.50,9,311,0.991430,0.995715,4.893509
coupled,0.50,9,312,0.990446,0.995223,4.842014
coupled,0.50,9,313,0.990481,0.995240,4.795885
coupled,0.50,9,314,0.990689,0.995344,4.914465
coupled,0.50,9,315,0.992032,0.996016,4.861733
coupled,0.50,9,316,0.992652,0.996326,4.761791
coupled,0.50,9,317,0.989840,0.994920,5.025440
coupled,0.50,9,318,0.991638,0.995819,5.007929
coupled,0.50,9,319,0.992361,0.996181,5.089174
coupled,0.50,9,320,0.992951,0.996476,4.875710
coupled,0.50,9,321,0.990675,0.995337,4.750577
coupled,0.50,9,322,0.991503,0.995751,4.892927
coupled,0.50,9,323,0.989885,0.994943,4.559045
coupled,0.50,9,324,0.986772,0.993386,4.929855
coupled,0.50,9,325,0.993718,0.996859,4.661961
coupled,0.50,9,326,0.988938,0.994469,4.866303
coupled,0.50,9,327,0.991346,0.995673,4.723623
coupled,0.50,9,328,0.988916,0.994458,4.599684
coupled,0.50,9,329,0.983769,0.991884,4.689924
coupled,0.50,9,330,0.989971,0.994986,4.590859
coupled,0.50,9,331,0.988082,0.994041,4.735426
coupled,0.50,9,332,0.990783,0.995391,4.752814
coupled,0.50,9,333,0.989747,0.994874,4.843248
coupled,0.50,9,334,0.992492,0.996246,5.126386
coupled,0.50,9,335,0.994350,0.997175,4.805918
coupled,0.50,9,336,0.986642,0.993321,4.915318
coupled,0.50,9,337,0.993858,0.996929,4.881008
coupled,0.50,9,338,0.986748,0.993374,4.708446
coupled,0.50,9,339,0.989616,0.994808,4.797690
coupled,0.50,9,340,0.989353,0.994677,5.014852
coupled,0.50,9,341,0.993587,0.996793,4.934757
coupled,0.50,9,342,0.991297,0.995649,4.903961
coupled,0.50,9,343,0.993174,0.996587,4.615318
coupled,0.50,9,344,0.991214,0.995607,4.658605
coupled,0.50,9,345,0.989325,0.994662,4.775823
coupled,0.50,9,346,0.990263,0.995132,4.872366
coupled,0.50,9,347,0.991960,0.995980,4.786583
coupled,0.50,9,348,0.993557,0.996778,5.075782
coupled,0.50,9,349,0.991438,0.995719,5.160953
coupled,0.50,9,350,0.992305,0.996153,4.955197
coupled,0.50,9,351,0.990058,0.995029,5.106643
coupled,0.50,9,352,0.993582,0.996791,4.610206
coupled,0.50,9,353,0.985062,0.992531,5.040871
coupled,0.50,9,354,0.993895,0.996948,4.918735
coupled,0.50,9,355,0.993274,0.996637,4.900057
coupled,0.50,9,356,0.992305,0.996153,4.681493
coupled,0.50,9,357,0.988385,0.994192,4.777454
coupled,0.50,9,358,0.991081,0.995541,4.599582
coupled,0.50,9,359,0.988085,0.994043,4.761947
coupled,0.50,9,360,0.992556,0.996278,4.813369
coupled,0.50,9,361,0.990351,0.995176,4.844324
coupled,0.50,9,362,0.991224,0.995612,4.750354
coupled,0.50,9,363,0.989627,0.994814,4.878562
coupled,0.50,9,364,0.993294,0.996647,4.911496
coupled,0.50,9,365,0.993497,0.996749,4.749048
coupled,0.50,9,366,0.988039,0.994019,4.964464
coupled,0.50,9,367,0.994200,0.997100,5.036875
coupled,0.50,9,368,0.991986,0.995993,4.840473
coupled,0.50,9,369,0.990570,0.995285,5.097872
coupled,0.50,9,370,0.988979,0.994490,4.767956
coupled,0.50,9,371,0.990711,0.995356,4.688779
coupled,0.50,9,372,0.988630,0.994315,4.660567
coupled,0.50,9,373,0.992243,0.996121,4.742746
coupled,0.50,9,374,0.990127,0.995064,5.110316
coupled,0.50,9,375,0.993274,0.996637,4.999430
coupled,0.50,9,376,0.994055,0.997028,4.863411
coupled,0.50,9,377,0.993610,0.996805,4.767765
coupled,0.50,9,378,0.989496,0.994748,4.622529
coupled,0.50,9,379,0.991378,0.995689,4.666281
coupled,0.50,9,380,0.988492,0.994246,4.792996
coupled,0.50,9,381,0.991025,0.995512,4.844830
coupled,0.50,9,382,0.990890,0.995445,4.942914
coupled,0.50,9,383,0.991140,0.995570,5.021333
coupled,0.50,9,384,0.993107,0.996553,4.619679
coupled,0.50,9,385,0.988694,0.994347,4.680506
coupled,0.50,9,386,0.989629,0.994814,4.793429
coupled,0.50,9,387,0.991121,0.995561,4.555332
coupled,0.50,9,388,0.988090,0.994045,4.900052
coupled,0.50,9,389,0.990300,0.995150,4.588008
coupled,0.50,9,390,0.989315,0.994658,4.702804
coupled,0.50,9,391,0.987737,0.993869,4.762951
coupled,0.50,9,392,0.990003,0.995001,4.790614
coupled,0.50,9,393,0.982444,0.991222,4.512605
coupled,0.50,9,394,0.989261,0.994630,4.704636
coupled,0.50,9,395,0.990903,0.995451,4.894348
coupled,0.50,9,396,0.991999,0.996000,4.863377
coupled,0.50,9,397,0.992640,0.996320,4.914680
coupled,0.50,9,398,0.994539,0.997270,4.954344
coupled,0.50,9,399,0.994117,0.997058,4.868264
coupled,0.50,9,400,0.991583,0.995791,5.052006
coupled,0.50,9,401,0.993794,0.996897,4.604426
coupled,0.50,9,402,0.986922,0.993461,4.660555
coupled,0.50,9,403,0.990585,0.995292,4.685981
coupled,0.50,9,404,0.989291,0.994646,4.710958
coupled,0.50,9,405,0.989466,0.994733,4.980259
coupled,0.50,9,406,0.992785,0.996393,4.575957
coupled,0.50,9,407,0.989386,0.994693,4.600137
coupled,0.50,9,408,0.992720,0.996360,4.457479
coupled,0.50,9,409,0.982096,0.991048,4.760723
coupled,0.50,9,410,0.991343,0.995671,4.952935
coupled,0.50,9,411,0.990885,0.995442,4.980446
coupled,0.50,9,412,0.994269,0.997134,4.903512
coupled,0.50,9,413,0.992719,0.996359,4.829584
coupled,0.50,9,414,0.991395,0.995697,4.643470
coupled,0.50,9,415,0.988556,0.994278,4.758662
coupled,0.50,9,416,0.989962,0.994981,4.477063
coupled,0.50,9,417,0.982385,0.991193,4.595307
coupled,0.50,9,418,0.988570,0.994285,4.727875
coupled,0.50,9,419,0.991533,0.995767,4.745515
coupled,0.50,9,420,0.989810,0.994905,4.757199
coupled,0.50,9,421,0.989294,0.994647,4.932449
coupled,0.50,9,422,0.989978,0.994989,4.551947
coupled,0.50,9,423,0.989883,0.994941,4.657371
coupled,0.50,9,424,0.991287,0.995644,4.915250
coupled,0.50,9,425,0.994172,0.997086,4.874080
coupled,0.50,9,426,0.992655,0.996328,4.838006
coupled,0.50,9,427,0.989549,0.994775,5.040207
coupled,0.50,9,428,0.993173,0.996586,4.887141
coupled,0.50,9,429,0.991396,0.995698,4.647821
coupled,0.50,9,430,0.990445,0.995223,4.826205
coupled,0.50,9,431,0.990447,0.995224,4.929213
coupled,0.50,9,432,0.992637,0.996319,4.585500
coupled,0.50,9,433,0.984386,0.992193,4.832565
coupled,0.50,9,434,0.990325,0.995163,4.684360
coupled,0.50,9,435,0.992933,0.996467,4.899947
coupled,0.50,9,436,0.993176,0.996588,4.658145
coupled,0.50,9,437,0.987198,0.993599,4.698490
coupled,0.50,9,438,0.992214,0.996107,4.575045
coupled,0.50,9,439,0.990881,0.995440,4.683997
coupled,0.50,9,440,0.989843,0.994921,4.838781
coupled,0.50,9,441,0.992974,0.996487,4.873469
coupled,0.50,9,442,0.992295,0.996148,5.039200
coupled,0.50,9,443,0.994044,0.997022,5.028599
coupled,0.50,9,444,0.989887,0.994944,4.839531
coupled,0.50,9,445,0.992722,0.996361,4.952220
coupled,0.50,9,446,0.992398,0.996199,5.056452
coupled,0.50,9,447,0.992970,0.996485,5.050190
coupled,0.50,9,448,0.990957,0.995478,4.912266
coupled,0.50,9,449,0.987734,0.993867,5.052780
coupled,0.50,9,450,0.993811,0.996906,4.786778
coupled,0.50,9,451,0.990204,0.995102,4.779318
coupled,0.50,9,452,0.991779,0.995889,4.533726
coupled,0.50,9,453,0.986279,0.993140,4.920060
coupled,0.50,9,454,0.994207,0.997104,4.783829
coupled,0.50,9,455,0.991296,0.995648,4.890352
coupled,0.50,9,456,0.992529,0.996265,4.692309
coupled,0.50,9,457,0.991134,0.995567,4.715552
coupled,0.50,9,458,0.987546,0.993773,5.067841
coupled,0.50,9,459,0.993970,0.996985,4.878021
coupled,0.50,9,460,0.993057,0.996529,4.847888
coupled,0.50,9,461,0.992442,0.996221,5.140984
coupled,0.50,9,462,0.993834,0.996917,4.928577
coupled,0.50,9,463,0.989413,0.994707,4.660070
coupled,0.50,9,464,0.990335,0.995168,4.735674
coupled,0.50,9,465,0.988630,0.994315,4.876837
coupled,0.50,9,466,0.992741,0.996370,4.611206
coupled,0.50,9,467,0.986004,0.993002,4.709040
coupled,0.50,9,468,0.993400,0.996700,4.807629
coupled,0.50,9,469,0.988529,0.994264,4.797999
coupled,0.50,9,470,0.984802,0.992401,4.649613
coupled,0.50,9,471,0.985096,0.992548,4.843006
coupled,0.50,9,472,0.988879,0.994439,4.836162
coupled,0.50,9,473,0.993093,0.996547,4.830313
coupled,0.50,9,474,0.993623,0.996812,4.947341
coupled,0.50,9,475,0.991226,0.995613,4.668948
coupled,0.50,9,476,0.990136,0.995068,4.622754
coupled,0.50,9,477,0.986853,0.993427,4.750702
coupled,0.50,9,478,0.988528,0.994264,4.374453
coupled,0.50,9,479,0.987525,0.993763,4.685334
coupled,0.50,9,480,0.988860,0.994430,4.902126
coupled,0.50,9,481,0.988959,0.994480,4.804288
coupled,0.50,9,482,0.992450,0.996225,4.797902
coupled,0.50,9,483,0.990646,0.995323,4.700174
coupled,0.50,9,484,0.989435,0.994717,4.857070
coupled,0.50,9,485,0.993973,0.996987,4.885934
coupled,0.50,9,486,0.991603,0.995801,5.004277
coupled,0.50,9,487,0.991825,0.995913,4.733885
coupled,0.50,9,488,0.992867,0.996433,4.417125
coupled,0.50,9,489,0.985803,0.992901,4.612338
coupled,0.50,9,490,0.988838,0.994419,4.958501
coupled,0.50,9,491,0.993445,0.996723,4.824292
coupled,0.50,9,492,0.992046,0.996023,4.768870
coupled,0.50,9,493,0.990885,0.995442,4.852201
coupled,0.50,9,494,0.991228,0.995614,4.763258
coupled,0.50,9,495,0.991299,0.995649,4.981644
coupled,0.50,9,496,0.992892,0.996446,4.990007
coupled,0.50,9,497,0.994801,0.997401,4.779299
coupled,0.50,9,498,0.988538,0.994269,4.585471
coupled,0.50,9,499,0.992115,0.996058,4.470560
coupled,1.00,9,0,0.993917,0.993917,4.825138
coupled,1.00,9,1,0.992922,0.992922,4.676705
coupled,1.00,9,2,0.990013,0.990013,4.483302
coupled,1.00,9,3,0.986803,0.986803,4.574177
coupled,1.00,9,4,0.989093,0.989093,4.911108
coupled,1.00,9,5,0.992756,0.992756,4.783810
coupled,1.00,9,6,0.990897,0.990897,4.670552
coupled,1.00,9,7,0.991857,0.991857,4.687849
coupled,1.00,9,8,0.988632,0.988632,4.906236
coupled,1.00,9,9,0.993949,0.993949,4.914751
coupled,1.00,9,10,0.986931,0.986931,4.858629
coupled,1.00,9,11,0.992515,0.992515,4.778337
coupled,1.00,9,12,0.992004,0.992004,4.566608
coupled,1.00,9,13,0.987780,0.987780,4.601358
coupled,1.00,9,14,0.987308,0.987308,4.608009
coupled,1.00,9,15,0.990831,0.990831,4.789299
coupled,1.00,9,16,0.991481,0.991481,4.882950
coupled,1.00,9,17,0.993481,0.993481,4.519372
coupled,1.00,9,18,0.986824,0.986824,4.835459
coupled,1.00,9,19,0.991699,0.991699,4.860219
coupled,1.00,9,20,0.992517,0.992517,4.461131
coupled,1.00,9,21,0.987691,0.987691,4.561139
coupled,1.00,9,22,0.988436,0.988436,4.792181
coupled,1.00,9,23,0.989211,0.989211,4.999456
coupled,1.00,9,24,0.991133,0.991133,4.895556
coupled,1.00,9,25,0.993393,0.993393,4.837423
coupled,1.00,9,26,0.990365,0.990365,4.687355
coupled,1.00,9,27,0.989090,0.989090,4.803327
coupled,1.00,9,28,0.988691,0.988691,4.825942
coupled,1.00,9,29,0.992013,0.992013,4.935869
coupled,1.00,9,30,0.991041,0.991041,4.903128
coupled,1.00,9,31,0.990488,0.990488,4.877765
coupled,1.00,9,32,0.991242,0.991242,4.796663
coupled,1.00,9,33,0.989564,0.989564,4.789177
coupled,1.00,9,34,0.992865,0.992865,4.993283
coupled,1.00,9,35,0.991672,0.991672,4.931662
coupled,1.00,9,36,0.988478,0.988478,5.010319
coupled,1.00,9,37,0.992139,0.992139,4.414838
coupled,1.00,9,38,0.985797,0.985797,4.730252
coupled,1.00,9,39,0.990440,0.990440,4.980857
coupled,1.00,9,40,0.993535,0.993535,4.753820
coupled,1.00,9,41,0.993550,0.993550,4.645139
coupled,1.00,9,42,0.987976,0.987976,4.578271
coupled,1.00,9,43,0.987412,0.987412,4.666584
coupled,1.00,9,44,0.990922,0.990922,4.795607
coupled,1.00,9,45,0.990985,0.990985,4.845359
coupled,1.00,9,46,0.990995,0.990995,4.530196
coupled,1.00,9,47,0.982845,0.982845,4.802307
coupled,1.00,9,48,0.992146,0.992146,4.608109
coupled,1.00,9,49,0.990048,0.990048,4.834638
coupled,1.00,9,50,0.991812,0.991812,4.854980
coupled,1.00,9,51,0.991526,0.991526,5.232682
coupled,1.00,9,52,0.994940,0.994940,5.129052
coupled,1.00,9,53,0.991471,0.991471,5.113890
coupled,1.00,9,54,0.993031,0.993031,4.934638
coupled,1.00,9,55,0.993420,0.993420,4.784748
coupled,1.00,9,56,0.993045,0.993045,4.788925
coupled,1.00,9,57,0.991000,0.991000,4.608201
coupled,1.00,9,58,0.987191,0.987191,4.898164
coupled,1.00,9,59,0.995289,0.995289,5.120961
coupled,1.00,9,60,0.995194,0.995194,5.138881
coupled,1.00,9,61,0.994610,0.994610,4.839234
coupled,1.00,9,62,0.991462,0.991462,4.714485
coupled,1.00,9,63,0.993965,0.993965,4.636389
coupled,1.00,9,64,0.989255,0.989255,4.758261
coupled,1.00,9,65,0.993052,0.993052,4.773123
coupled,1.00,9,66,0.989531,0.989531,4.481157
coupled,1.00,9,67,0.986064,0.986064,4.650594
coupled,1.00,9,68,0.991268,0.991268,4.756785
coupled,1.00,9,69,0.990055,0.990055,4.613887
coupled,1.00,9,70,0.991346,0.991346,4.600710
coupled,1.00,9,71,0.986933,0.986933,4.812344
coupled,1.00,9,72,0.992605,0.992605,4.873967
coupled,1.00,9,73,0.992562,0.992562,4.757319
coupled,1.00,9,74,0.991329,0.991329,4.738295
coupled,1.00,9,75,0.990487,0.990487,4.595762
coupled,1.00,9,76,0.989521,0.989521,4.624315
coupled,1.00,9,77,0.988969,0.988969,4.876984
coupled,1.00,9,78,0.989525,0.989525,4.484947
coupled,1.00,9,79,0.986551,0.986551,4.517100
coupled,1.00,9,80,0.987042,0.987042,4.614587
coupled,1.00,9,81,0.989668,0.989668,4.697829
coupled,1.00,9,82,0.987668,0.987668,4.771638
coupled,1.00,9,83,0.989062,0.989062,4.992238
coupled,1.00,9,84,0.993261,0.993261,4.623041
coupled,1.00,9,85,0.990157,0.990157,4.979458
coupled,1.00,9,86,0.995177,0.995177,4.519249
coupled,1.00,9,87,0.986703,0.986703,4.753363
coupled,1.00,9,88,0.987401,0.987401,4.881749
coupled,1.00,9,89,0.993392,0.993392,4.562674
coupled,1.00,9,90,0.985672,0.985672,4.654337
coupled,1.00,9,91,0.988969,0.988969,4.748813
coupled,1.00,9,92,0.988118,0.988118,5.006963
coupled,1.00,9,93,0.994205,0.994205,4.622493
coupled,1.00,9,94,0.988952,0.988952,4.895979
coupled,1.00,9,95,0.989866,0.989866,4.626741
coupled,1.00,9,96,0.992447,0.992447,4.615060
coupled,1.00,9,97,0.986262,0.986262,4.691112
coupled,1.00,9,98,0.989750,0.989750,4.796441
coupled,1.00,9,99,0.991498,0.991498,4.576223
coupled,1.00,9,100,0.987557,0.987557,4.505082
coupled,1.00,9,101,0.984338,0.984338,4.820064
coupled,1.00,9,102,0.991904,0.991904,4.663565
coupled,1.00,9,103,0.990668,0.990668,4.923330
coupled,1.00,9,104,0.992752,0.992752,4.791254
coupled,1.00,9,105,0.992571,0.992571,4.631912
coupled,1.00,9,106,0.987947,0.987947,4.667388
coupled,1.00,9,107,0.991654,0.991654,4.548513
coupled,1.00,9,108,0.984961,0.984961,4.658974
coupled,1.00,9,109,0.993334,0.993334,4.447272
coupled,1.00,9,110,0.985432,0.985432,4.905907
coupled,1.00,9,111,0.993229,0.993229,4.917446
coupled,1.00,9,112,0.990847,0.990847,5.068105
coupled,1.00,9,113,0.992245,0.992245,4.750215
coupled,1.00,9,114,0.990884,0.990884,4.793324
coupled,1.00,9,115,0.989463,0.989463,4.556314
coupled,1.00,9,116,0.986958,0.986958,4.831995
coupled,1.00,9,117,0.993239,0.993239,4.649305
coupled,1.00,9,118,0.981529,0.981529,4.605976
coupled,1.00,9,119,0.988711,0.988711,4.828916
coupled,1.00,9,120,0.990133,0.990133,4.804462
coupled,1.00,9,121,0.992106,0.992106,4.790083
coupled,1.00,9,122,0.994796,0.994796,4.936563
coupled,1.00,9,123,0.988911,0.988911,4.660672
coupled,1.00,9,124,0.989519,0.989519,4.976723
coupled,1.00,9,125,0.991555,0.991555,4.874554
coupled,1.00,9,126,0.992704,0.992704,4.812349
coupled,1.00,9,127,0.991796,0.991796,4.786963
coupled,1.00,9,128,0.991730,0.991730,4.659452
coupled,1.00,9,129,0.982614,0.982614,4.683034
coupled,1.00,9,130,0.991148,0.991148,4.723899
coupled,1.00,9,131,0.990411,0.990411,4.786933
coupled,1.00,9,132,0.993804,0.993804,4.653852
coupled,1.00,9,133,0.989631,0.989631,4.918685
coupled,1.00,9,134,0.990999,0.990999,5.025040
coupled,1.00,9,135,0.993361,0.993361,4.870036
coupled,1.00,9,136,0.991729,0.991729,4.755584
coupled,1.00,9,137,0.990650,0.990650,4.703952
coupled,1.00,9,138,0.990025,0.990025,4.806557
coupled,1.00,9,139,0.991764,0.991764,4.659711
coupled,1.00,9,140,0.987111,0.987111,4.572416
coupled,1.00,9,141,0.989576,0.989576,4.777430
coupled,1.00,9,142,0.986583,0.986583,4.716125
coupled,1.00,9,143,0.989319,0.989319,4.716428
coupled,1.00,9,144,0.988870,0.988870,4.825117
coupled,1.00,9,145,0.993520,0.993520,4.793149
coupled,1.00,9,146,0.987808,0.987808,4.472097
coupled,1.00,9,147,0.986842,0.986842,4.665459
coupled,1.00,9,148,0.991842,0.991842,4.552452
coupled,1.00,9,149,0.986094,0.986094,4.763107
coupled,1.00,9,150,0.990616,0.990616,4.476628
coupled,1.00,9,151,0.987764,0.987764,4.697831
coupled,1.00,9,152,0.987529,0.987529,4.803420
coupled,1.00,9,153,0.990989,0.990989,4.959124
coupled,1.00,9,154,0.994213,0.994213,5.113310
coupled,1.00,9,155,0.993562,0.993562,4.657357
coupled,1.00,9,156,0.991150,0.991150,4.826727
coupled,1.00,9,157,0.991476,0.991476,4.754273
coupled,1.00,9,158,0.991048,0.991048,4.721122
coupled,1.00,9,159,0.992886,0.992886,4.797534
coupled,1.00,9,160,0.991200,0.991200,5.055861
coupled,1.00,9,161,0.994394,0.994394,4.841593
coupled,1.00,9,162,0.991912,0.991912,4.974721
coupled,1.00,9,163,0.989347,0.989347,4.778252
coupled,1.00,9,164,0.989907,0.989907,4.647720
coupled,1.00,9,165,0.987404,0.987404,4.609810
coupled,1.00,9,166,0.987602,0.987602,4.829042
coupled,1.00,9,167,0.992687,0.992687,4.734008
coupled,1.00,9,168,0.990130,0.990130,4.944728
coupled,1.00,9,169,0.990202,0.990202,4.952245
coupled,1.00,9,170,0.989228,0.989228,5.062751
coupled,1.00,9,171,0.992603,0.992603,4.832140
coupled,1.00,9,172,0.987968,0.987968,4.729745
coupled,1.00,9,173,0.991986,0.991986,4.941741
coupled,1.00,9,174,0.992212,0.992212,4.800816
coupled,1.00,9,175,0.993796,0.993796,4.900482
coupled,1.00,9,176,0.994473,0.994473,4.721625
coupled,1.00,9,177,0.991373,0.991373,4.761684
coupled,1.00,9,178,0.987000,0.987000,4.720172
coupled,1.00,9,179,0.985236,0.985236,4.728717
coupled,1.00,9,180,0.988755,0.988755,4.872943
coupled,1.00,9,181,0.991552,0.991552,4.817062
coupled,1.00,9,182,0.993192,0.993192,4.853725
coupled,1.00,9,183,0.989409,0.989409,4.916854
coupled,1.00,9,184,0.993020,0.993020,4.846974
coupled,1.00,9,185,0.989246,0.989246,4.683324
coupled,1.00,9,186,0.986645,0.986645,4.776303
coupled,1.00,9,187,0.990554,0.990554,4.854618
coupled,1.00,9,188,0.991886,0.991886,4.899766
coupled,1.00,9,189,0.990697,0.990697,4.981528
coupled,1.00,9,190,0.991310,0.991310,4.960562
coupled,1.00,9,191,0.995150,0.995150,4.945775
coupled,1.00,9,192,0.992457,0.992457,4.870411
coupled,1.00,9,193,0.989980,0.989980,4.974670
coupled,1.00,9,194,0.990254,0.990254,4.734801
coupled,1.00,9,195,0.992652,0.992652,4.624711
coupled,1.00,9,196,0.990694,0.990694,4.602528
coupled,1.00,9,197,0.987109,0.987109,4.488604
coupled,1.00,9,198,0.986636,0.986636,4.809249
coupled,1.00,9,199,0.993460,0.993460,5.093120
coupled,1.00,9,200,0.995721,0.995721,4.792729
coupled,1.00,9,201,0.991264,0.991264,5.034797
coupled,1.00,9,202,0.991795,0.991795,4.663056
coupled,1.00,9,203,0.983502,0.983502,4.631260
coupled,1.00,9,204,0.989437,0.989437,5.019446
coupled,1.00,9,205,0.993398,0.993398,4.708351
coupled,1.00,9,206,0.986169,0.986169,4.956727
coupled,1.00,9,207,0.993063,0.993063,4.695030
coupled,1.00,9,208,0.990159,0.990159,4.792235
coupled,1.00,9,209,0.992658,0.992658,4.857292
coupled,1.00,9,210,0.992215,0.992215,4.615469
coupled,1.00,9,211,0.991464,0.991464,4.520797
coupled,1.00,9,212,0.984209,0.984209,4.409131
coupled,1.00,9,213,0.988220,0.988220,4.759168
coupled,1.00,9,214,0.989476,0.989476,4.670224
coupled,1.00,9,215,0.991909,0.991909,4.867153
coupled,1.00,9,216,0.990580,0.990580,4.911661
coupled,1.00,9,217,0.991032,0.991032,4.628676
coupled,1.00,9,218,0.989470,0.989470,4.832725
coupled,1.00,9,219,0.992456,0.992456,4.972085
coupled,1.00,9,220,0.991701,0.991701,4.779266
coupled,1.00,9,221,0.992760,0.992760,5.062025
coupled,1.00,9,222,0.993469,0.993469,4.833418
coupled,1.00,9,223,0.990794,0.990794,4.878358
coupled,1.00,9,224,0.990904,0.990904,4.793453
coupled,1.00,9,225,0.990214,0.990214,4.717628
coupled,1.00,9,226,0.988295,0.988295,4.817400
coupled,1.00,9,227,0.992172,0.992172,4.555705
coupled,1.00,9,228,0.985655,0.985655,4.812258
coupled,1.00,9,229,0.991509,0.991509,4.748919
coupled,1.00,9,230,0.990037,0.990037,5.088937
coupled,1.00,9,231,0.994334,0.994334,4.879953
coupled,1.00,9,232,0.987141,0.987141,5.004010
coupled,1.00,9,233,0.991595,0.991595,5.136936
coupled,1.00,9,234,0.994862,0.994862,4.650294
coupled,1.00,9,235,0.985706,0.985706,4.565244
coupled,1.00,9,236,0.987958,0.987958,4.809284
coupled,1.00,9,237,0.991701,0.991701,4.726493
coupled,1.00,9,238,0.985662,0.985662,4.905602
coupled,1.00,9,239,0.994592,0.994592,4.528881
coupled,1.00,9,240,0.989103,0.989103,4.674888
coupled,1.00,9,241,0.991818,0.991818,4.773101
coupled,1.00,9,242,0.989361,0.989361,4.902280
coupled,1.00,9,243,0.993786,0.993786,4.976469
coupled,1.00,9,244,0.995024,0.995024,4.808703
coupled,1.00,9,245,0.991754,0.991754,4.877695
coupled,1.00,9,246,0.992541,0.992541,4.956836
coupled,1.00,9,247,0.992597,0.992597,4.744706
coupled,1.00,9,248,0.991382,0.991382,4.818802
coupled,1.00,9,249,0.993287,0.993287,4.713132
coupled,1.00,9,250,0.987673,0.987673,4.571805
coupled,1.00,9,251,0.988104,0.988104,4.580775
coupled,1.00,9,252,0.984458,0.984458,4.799686
coupled,1.00,9,253,0.992920,0.992920,4.665409
coupled,1.00,9,254,0.986871,0.986871,4.624898
coupled,1.00,9,255,0.990667,0.990667,4.902635
coupled,1.00,9,256,0.993293,0.993293,4.899706
coupled,1.00,9,257,0.990766,0.990766,4.647711
coupled,1.00,9,258,0.987746,0.987746,4.501206
coupled,1.00,9,259,0.986503,0.986503,4.709032
coupled,1.00,9,260,0.988588,0.988588,4.814389
coupled,1.00,9,261,0.992213,0.992213,4.961871
coupled,1.00,9,262,0.990797,0.990797,4.856425
coupled,1.00,9,263,0.991006,0.991006,4.630267
coupled,1.00,9,264,0.986155,0.986155,4.730693
coupled,1.00,9,265,0.990131,0.990131,4.732312
coupled,1.00,9,266,0.988921,0.988921,4.630473
coupled,1.00,9,267,0.991828,0.991828,4.792377
coupled,1.00,9,268,0.991258,0.991258,4.727018
coupled,1.00,9,269,0.986475,0.986475,4.867989
coupled,1.00,9,270,0.992159,0.992159,4.807761
coupled,1.00,9,271,0.991723,0.991723,5.116531
coupled,1.00,9,272,0.993259,0.993259,4.799682
coupled,1.00,9,273,0.987932,0.987932,4.780806
coupled,1.00,9,274,0.989767,0.989767,4.787034
coupled,1.00,9,275,0.989210,0.989210,4.804064
coupled,1.00,9,276,0.992580,0.992580,4.741590
coupled,1.00,9,277,0.988784,0.988784,4.660759
coupled,1.00,9,278,0.992769,0.992769,4.876963
coupled,1.00,9,279,0.993130,0.993130,4.760973
coupled,1.00,9,280,0.987500,0.987500,4.875259
coupled,1.00,9,281,0.990338,0.990338,4.698697
coupled,1.00,9,282,0.987887,0.987887,4.642392
coupled,1.00,9,283,0.988893,0.988893,4.438252
coupled,1.00,9,284,0.983875,0.983875,4.590014
coupled,1.00,9,285,0.985510,0.985510,4.706334
coupled,1.00,9,286,0.993488,0.993488,4.600554
coupled,1.00,9,287,0.988402,0.988402,4.602155
coupled,1.00,9,288,0.990180,0.990180,4.760575
coupled,1.00,9,289,0.991060,0.991060,4.936334
coupled,1.00,9,290,0.992840,0.992840,4.951282
coupled,1.00,9,291,0.988887,0.988887,4.821518
coupled,1.00,9,292,0.992261,0.992261,4.607401
coupled,1.00,9,293,0.986994,0.986994,4.914541
coupled,1.00,9,294,0.993616,0.993616,4.712423
coupled,1.00,9,295,0.990981,0.990981,4.671987
coupled,1.00,9,296,0.987492,0.987492,4.904201
coupled,1.00,9,297,0.991818,0.991818,4.811697
coupled,1.00,9,298,0.990456,0.990456,4.668539
coupled,1.00,9,299,0.981118,0.981118,4.923710
coupled,1.00,9,300,0.992738,0.992738,4.766015
coupled,1.00,9,301,0.989235,0.989235,4.666022
coupled,1.00,9,302,0.985709,0.985709,4.597020
coupled,1.00,9,303,0.990202,0.990202,4.763431
coupled,1.00,9,304,0.985526,0.985526,4.966271
coupled,1.00,9,305,0.990879,0.990879,4.611409
coupled,1.00,9,306,0.988350,0.988350,4.654421
coupled,1.00,9,307,0.992210,0.992210,4.725588
coupled,1.00,9,308,0.990674,0.990674,4.852969
coupled,1.00,9,309,0.991911,0.991911,4.929967
coupled,1.00,9,310,0.992819,0.992819,4.697280
coupled,1.00,9,311,0.989827,0.989827,4.692581
coupled,1.00,9,312,0.988677,0.988677,4.816266
coupled,1.00,9,313,0.986057,0.986057,4.728521
coupled,1.00,9,314,0.990743,0.990743,4.660136
coupled,1.00,9,315,0.987932,0.987932,4.645743
coupled,1.00,9,316,0.991972,0.991972,4.434714
coupled,1.00,9,317,0.983610,0.983610,4.547012
coupled,1.00,9,318,0.983121,0.983121,4.898900
coupled,1.00,9,319,0.993122,0.993122,4.917185
coupled,1.00,9,320,0.992579,0.992579,4.730937
coupled,1.00,9,321,0.987789,0.987789,4.825952
coupled,1.00,9,322,0.991498,0.991498,4.787256
coupled,1.00,9,323,0.990181,0.990181,4.807826
coupled,1.00,9,324,0.991462,0.991462,5.154392
coupled,1.00,9,325,0.996247,0.996247,4.796335
coupled,1.00,9,326,0.991992,0.991992,5.014761
coupled,1.00,9,327,0.992433,0.992433,4.741594
coupled,1.00,9,328,0.990530,0.990530,4.574356
coupled,1.00,9,329,0.984345,0.984345,4.908706
coupled,1.00,9,330,0.993071,0.993071,4.738016
coupled,1.00,9,331,0.990264,0.990264,4.734664
coupled,1.00,9,332,0.989313,0.989313,4.693088
coupled,1.00,9,333,0.994044,0.994044,4.935731
coupled,1.00,9,334,0.993506,0.993506,4.642135
coupled,1.00,9,335,0.990738,0.990738,5.033570
coupled,1.00,9,336,0.995315,0.995315,4.738151
coupled,1.00,9,337,0.986500,0.986500,4.938073
coupled,1.00,9,338,0.992351,0.992351,4.685900
coupled,1.00,9,339,0.990916,0.990916,4.815243
coupled,1.00,9,340,0.993315,0.993315,4.785154
coupled,1.00,9,341,0.993222,0.993222,4.711107
coupled,1.00,9,342,0.989377,0.989377,4.557858
coupled,1.00,9,343,0.990073,0.990073,4.482612
coupled,1.00,9,344,0.983355,0.983355,4.516450
coupled,1.00,9,345,0.987755,0.987755,4.639393
coupled,1.00,9,346,0.990613,0.990613,4.732470
coupled,1.00,9,347,0.991123,0.991123,4.957897
coupled,1.00,9,348,0.993144,0.993144,4.654970
coupled,1.00,9,349,0.988942,0.988942,5.062705
coupled,1.00,9,350,0.992668,0.992668,4.729185
coupled,1.00,9,351,0.989053,0.989053,4.505397
coupled,1.00,9,352,0.989394,0.989394,4.579309
coupled,1.00,9,353,0.987433,0.987433,4.539144
coupled,1.00,9,354,0.986862,0.986862,4.472112
coupled,1.00,9,355,0.985423,0.985423,4.607883
coupled,1.00,9,356,0.991477,0.991477,4.476598
coupled,1.00,9,357,0.986258,0.986258,4.761379
coupled,1.00,9,358,0.986964,0.986964,4.743498
coupled,1.00,9,359,0.991038,0.991038,4.648486
coupled,1.00,9,360,0.989413,0.989413,4.559341
coupled,1.00,9,361,0.991395,0.991395,4.757077
coupled,1.00,9,362,0.989346,0.989346,4.654414
coupled,1.00,9,363,0.987251,0.987251,4.605323
coupled,1.00,9,364,0.987161,0.987161,4.662135
coupled,1.00,9,365,0.984267,0.984267,4.743004
coupled,1.00,9,366,0.986847,0.986847,4.810748
coupled,1.00,9,367,0.990549,0.990549,4.772995
coupled,1.00,9,368,0.991039,0.991039,4.950606
coupled,1.00,9,369,0.989714,0.989714,4.644804
coupled,1.00,9,370,0.991599,0.991599,4.778457
coupled,1.00,9,371,0.992971,0.992971,4.701216
coupled,1.00,9,372,0.990756,0.990756,4.716633
coupled,1.00,9,373,0.989247,0.989247,4.912341
coupled,1.00,9,374,0.993069,0.993069,4.765234
coupled,1.00,9,375,0.986949,0.986949,4.719605
coupled,1.00,9,376,0.991489,0.991489,4.622265
coupled,1.00,9,377,0.988331,0.988331,4.514556
coupled,1.00,9,378,0.985446,0.985446,4.698594
coupled,1.00,9,379,0.991530,0.991530,4.970202
coupled,1.00,9,380,0.994493,0.994493,4.728521
coupled,1.00,9,381,0.989448,0.989448,4.780427
coupled,1.00,9,382,0.988040,0.988040,4.995075
coupled,1.00,9,383,0.993158,0.993158,4.567151
coupled,1.00,9,384,0.988545,0.988545,4.938925
coupled,1.00,9,385,0.990462,0.990462,4.499119
coupled,1.00,9,386,0.989620,0.989620,4.745657
coupled,1.00,9,387,0.991793,0.991793,4.871111
coupled,1.00,9,388,0.993096,0.993096,5.028603
coupled,1.00,9,389,0.992710,0.992710,5.060249
coupled,1.00,9,390,0.992813,0.992813,4.947905
coupled,1.00,9,391,0.992374,0.992374,4.791047
coupled,1.00,9,392,0.988815,0.988815,4.830957
coupled,1.00,9,393,0.992645,0.992645,4.974431
coupled,1.00,9,394,0.993277,0.993277,4.879982
coupled,1.00,9,395,0.992038,0.992038,4.499780
coupled,1.00,9,396,0.988258,0.988258,4.585253
coupled,1.00,9,397,0.982899,0.982899,4.494722
coupled,1.00,9,398,0.989798,0.989798,4.818506
coupled,1.00,9,399,0.991716,0.991716,4.724689
coupled,1.00,9,400,0.992763,0.992763,4.874634
coupled,1.00,9,401,0.993708,0.993708,4.600952
coupled,1.00,9,402,0.988636,0.988636,4.736802
coupled,1.00,9,403,0.987679,0.987679,4.795400
coupled,1.00,9,404,0.992592,0.992592,4.580992
coupled,1.00,9,405,0.986632,0.986632,5.018400
coupled,1.00,9,406,0.991581,0.991581,5.051403
coupled,1.00,9,407,0.993746,0.993746,4.769082
coupled,1.00,9,408,0.990453,0.990453,4.810442
coupled,1.00,9,409,0.991815,0.991815,5.080131
coupled,1.00,9,410,0.991671,0.991671,4.950527
coupled,1.00,9,411,0.993682,0.993682,4.735280
coupled,1.00,9,412,0.992466,0.992466,4.553775
coupled,1.00,9,413,0.987524,0.987524,4.691029
coupled,1.00,9,414,0.992746,0.992746,4.918290
coupled,1.00,9,415,0.994426,0.994426,4.848689
coupled,1.00,9,416,0.991587,0.991587,4.723091
coupled,1.00,9,417,0.993035,0.993035,4.640262
coupled,1.00,9,418,0.988746,0.988746,4.523951
coupled,1.00,9,419,0.986008,0.986008,4.745691
coupled,1.00,9,420,0.987305,0.987305,4.768301
coupled,1.00,9,421,0.987061,0.987061,5.138078
coupled,1.00,9,422,0.993273,0.993273,4.567312
coupled,1.00,9,423,0.987452,0.987452,4.657691
coupled,1.00,9,424,0.988519,0.988519,4.813950
coupled,1.00,9,425,0.990008,0.990008,4.485628
coupled,1.00,9,426,0.987959,0.987959,5.033908
coupled,1.00,9,427,0.994213,0.994213,4.711364
coupled,1.00,9,428,0.987892,0.987892,4.576957
coupled,1.00,9,429,0.990632,0.990632,4.737568
coupled,1.00,9,430,0.985061,0.985061,4.951840
coupled,1.00,9,431,0.992830,0.992830,4.719607
coupled,1.00,9,432,0.989442,0.989442,4.716788
coupled,1.00,9,433,0.991772,0.991772,4.622513
coupled,1.00,9,434,0.988454,0.988454,4.743745
coupled,1.00,9,435,0.990848,0.990848,4.879520
coupled,1.00,9,436,0.990997,0.990997,4.755454
coupled,1.00,9,437,0.986736,0.986736,4.749365
coupled,1.00,9,438,0.991828,0.991828,4.491938
coupled,1.00,9,439,0.988210,0.988210,4.935420
coupled,1.00,9,440,0.993335,0.993335,4.859038
coupled,1.00,9,441,0.990076,0.990076,4.784765
coupled,1.00,9,442,0.991270,0.991270,4.932071
coupled,1.00,9,443,0.991137,0.991137,4.882184
coupled,1.00,9,444,0.995798,0.995798,5.001305
coupled,1.00,9,445,0.993913,0.993913,4.803457
coupled,1.00,9,446,0.992485,0.992485,4.745540
coupled,1.00,9,447,0.988072,0.988072,4.669952
coupled,1.00,9,448,0.989181,0.989181,4.458125
coupled,1.00,9,449,0.986072,0.986072,4.700225
coupled,1.00,9,450,0.990278,0.990278,4.871387
coupled,1.00,9,451,0.988885,0.988885,4.430136
coupled,1.00,9,452,0.978279,0.978279,4.687089
coupled,1.00,9,453,0.988781,0.988781,4.775583
coupled,1.00,9,454,0.989273,0.989273,4.708860
coupled,1.00,9,455,0.989874,0.989874,5.057553
coupled,1.00,9,456,0.991480,0.991480,5.037748
coupled,1.00,9,457,0.993563,0.993563,4.759286
coupled,1.00,9,458,0.982751,0.982751,4.716589
coupled,1.00,9,459,0.981693,0.981693,4.585420
coupled,1.00,9,460,0.991570,0.991570,4.469431
coupled,1.00,9,461,0.988751,0.988751,4.621556
coupled,1.00,9,462,0.989758,0.989758,4.628341
coupled,1.00,9,463,0.989859,0.989859,4.838320
coupled,1.00,9,464,0.988696,0.988696,4.937454
coupled,1.00,9,465,0.989765,0.989765,4.697741
coupled,1.00,9,466,0.990309,0.990309,4.649348
coupled,1.00,9,467,0.986937,0.986937,4.620138
coupled,1.00,9,468,0.988520,0.988520,4.711792
coupled,1.00,9,469,0.989938,0.989938,4.574567
coupled,1.00,9,470,0.980770,0.980770,4.749583
coupled,1.00,9,471,0.989082,0.989082,4.802992
coupled,1.00,9,472,0.990837,0.990837,4.762735
coupled,1.00,9,473,0.990320,0.990320,4.919163
coupled,1.00,9,474,0.989392,0.989392,4.888305
coupled,1.00,9,475,0.991731,0.991731,4.912577
coupled,1.00,9,476,0.993868,0.993868,4.518274
coupled,1.00,9,477,0.983547,0.983547,4.369305
coupled,1.00,9,478,0.982843,0.982843,4.859735
coupled,1.00,9,479,0.986370,0.986370,4.780673
coupled,1.00,9,480,0.989895,0.989895,5.036601
coupled,1.00,9,481,0.991336,0.991336,4.802150
coupled,1.00,9,482,0.990166,0.990166,4.892072
coupled,1.00,9,483,0.990431,0.990431,4.681772
coupled,1.00,9,484,0.982853,0.982853,4.829439
coupled,1.00,9,485,0.992481,0.992481,4.584402
coupled,1.00,9,486,0.986625,0.986625,4.765906
coupled,1.00,9,487,0.989135,0.989135,4.737609
coupled,1.00,9,488,0.989595,0.989595,4.719332
coupled,1.00,9,489,0.986771,0.986771,4.731338
coupled,1.00,9,490,0.992056,0.992056,4.875743
coupled,1.00,9,491,0.990864,0.990864,4.812465
coupled,1.00,9,492,0.992704,0.992704,4.850748
coupled,1.00,9,493,0.990650,0.990650,4.710994
coupled,1.00,9,494,0.988570,0.988570,4.644112
coupled,1.00,9,495,0.985827,0.985827,4.828759
coupled,1.00,9,496,0.992279,0.992279,4.769673
coupled,1.00,9,497,0.987773,0.987773,4.753066
coupled,1.00,9,498,0.989774,0.989774,4.994925
coupled,1.00,9,499,0.994560,0.994560,4.921557
allc,1.00,9,0,0.988971,1.000000,4.314484
allc,1.00,9,1,0.989233,1.000000,4.621214
allc,1.00,9,2,0.986209,1.000000,4.735650
allc,1.00,9,3,0.988009,1.000000,4.759648
allc,1.00,9,4,0.987938,1.000000,4.757582
allc,1.00,9,5,0.985735,1.000000,4.542491
allc,1.00,9,6,0.985214,1.000000,4.685244
allc,1.00,9,7,0.993142,1.000000,4.734077
allc,1.00,9,8,0.991531,1.000000,4.718850
allc,1.00,9,9,0.986229,1.000000,4.758273
allc,1.00,9,10,0.988943,1.000000,4.775525
allc,1.00,9,11,0.991176,1.000000,5.060811
allc,1.00,9,12,0.992731,1.000000,4.993432
allc,1.00,9,13,0.993968,1.000000,5.053358
allc,1.00,9,14,0.984959,1.000000,4.657792
allc,1.00,9,15,0.989031,1.000000,4.668769
allc,1.00,9,16,0.988323,1.000000,4.888498
allc,1.00,9,17,0.992842,1.000000,4.926715
allc,1.00,9,18,0.989570,1.000000,4.793262
allc,1.00,9,19,0.988748,1.000000,4.530546
allc,1.00,9,20,0.989757,1.000000,4.665897
allc,1.00,9,21,0.988521,1.000000,4.752207
allc,1.00,9,22,0.984569,1.000000,4.584743
allc,1.00,9,23,0.989247,1.000000,4.752807
allc,1.00,9,24,0.992076,1.000000,4.902036
allc,1.00,9,25,0.988651,1.000000,4.581322
allc,1.00,9,26,0.993388,1.000000,4.932116
allc,1.00,9,27,0.987308,1.000000,4.745622
allc,1.00,9,28,0.991660,1.000000,4.868603
allc,1.00,9,29,0.995548,1.000000,5.088174
allc,1.00,9,30,0.991678,1.000000,5.030432
allc,1.00,9,31,0.986638,1.000000,4.570797
allc,1.00,9,32,0.988129,1.000000,4.739176
allc,1.00,9,33,0.986783,1.000000,4.719086
allc,1.00,9,34,0.992198,1.000000,4.755114
allc,1.00,9,35,0.992097,1.000000,4.843222
allc,1.00,9,36,0.988048,1.000000,4.623565
allc,1.00,9,37,0.993540,1.000000,4.879613
allc,1.00,9,38,0.987376,1.000000,4.606826
allc,1.00,9,39,0.992331,1.000000,4.964596
allc,1.00,9,40,0.993692,1.000000,4.966348
allc,1.00,9,41,0.982835,1.000000,4.519306
allc,1.00,9,42,0.990855,1.000000,4.641369
allc,1.00,9,43,0.994988,1.000000,4.935848
allc,1.00,9,44,0.992158,1.000000,4.977972
allc,1.00,9,45,0.991885,1.000000,4.888628
allc,1.00,9,46,0.990664,1.000000,4.823584
allc,1.00,9,47,0.991274,1.000000,4.736000
allc,1.00,9,48,0.990089,1.000000,4.820465
allc,1.00,9,49,0.991678,1.000000,5.033584
allc,1.00,9,50,0.992889,1.000000,4.775524
allc,1.00,9,51,0.992794,1.000000,4.805391
allc,1.00,9,52,0.992522,1.000000,4.762591
allc,1.00,9,53,0.989493,1.000000,4.771715
allc,1.00,9,54,0.990391,1.000000,4.739952
allc,1.00,9,55,0.988775,1.000000,4.745092
allc,1.00,9,56,0.990524,1.000000,4.684207
allc,1.00,9,57,0.992490,1.000000,4.904984
allc,1.00,9,58,0.990599,1.000000,4.886177
allc,1.00,9,59,0.990194,1.000000,4.840080
allc,1.00,9,60,0.990612,1.000000,4.887372
allc,1.00,9,61,0.990841,1.000000,4.694518
allc,1.00,9,62,0.990452,1.000000,4.692540
allc,1.00,9,63,0.991354,1.000000,4.721616
allc,1.00,9,64,0.987299,1.000000,4.581100
allc,1.00,9,65,0.991291,1.000000,4.939453
allc,1.00,9,66,0.990917,1.000000,4.979118
allc,1.00,9,67,0.990618,1.000000,4.862853
allc,1.00,9,68,0.989775,1.000000,4.756489
allc,1.00,9,69,0.989277,1.000000,4.915159
allc,1.00,9,70,0.991700,1.000000,4.738318
allc,1.00,9,71,0.993743,1.000000,4.939108
allc,1.00,9,72,0.989716,1.000000,4.704643
allc,1.00,9,73,0.992514,1.000000,4.990034
allc,1.00,9,74,0.992160,1.000000,4.851437
allc,1.00,9,75,0.989855,1.000000,4.567755
allc,1.00,9,76,0.985514,1.000000,4.600725
allc,1.00,9,77,0.992824,1.000000,4.870596
allc,1.00,9,78,0.993322,1.000000,4.985467
allc,1.00,9,79,0.981752,1.000000,4.454364
allc,1.00,9,80,0.986953,1.000000,4.652352
allc,1.00,9,81,0.991280,1.000000,4.692346
allc,1.00,9,82,0.990086,1.000000,4.716774
allc,1.00,9,83,0.986483,1.000000,4.740496
allc,1.00,9,84,0.992448,1.000000,4.870581
allc,1.00,9,85,0.995370,1.000000,5.050984
allc,1.00,9,86,0.987201,1.000000,4.690278
allc,1.00,9,87,0.991917,1.000000,4.721375
allc,1.00,9,88,0.988446,1.000000,4.683364
allc,1.00,9,89,0.989919,1.000000,4.607470
allc,1.00,9,90,0.990090,1.000000,4.814514
allc,1.00,9,91,0.990760,1.000000,4.804203
allc,1.00,9,92,0.986623,1.000000,4.730309
allc,1.00,9,93,0.989108,1.000000,4.543652
allc,1.00,9,94,0.986985,1.000000,4.744834
allc,1.00,9,95,0.991595,1.000000,4.857416
allc,1.00,9,96,0.988627,1.000000,4.661039
allc,1.00,9,97,0.994515,1.000000,4.975075
allc,1.00,9,98,0.991154,1.000000,4.870489
allc,1.00,9,99,0.991086,1.000000,4.739774
allc,1.00,9,100,0.991481,1.000000,4.757215
allc,1.00,9,101,0.990655,1.000000,4.759366
allc,1.00,9,102,0.987840,1.000000,4.609980
allc,1.00,9,103,0.990058,1.000000,4.703211
allc,1.00,9,104,0.990991,1.000000,4.852638
allc,1.00,9,105,0.984976,1.000000,4.519422
allc,1.00,9,106,0.993161,1.000000,5.001861
allc,1.00,9,107,0.990726,1.000000,4.776383
allc,1.00,9,108,0.988973,1.000000,4.707616
allc,1.00,9,109,0.989328,1.000000,4.661772
allc,1.00,9,110,0.990465,1.000000,4.726870
allc,1.00,9,111,0.991306,1.000000,4.703521
allc,1.00,9,112,0.980981,1.000000,4.505662
allc,1.00,9,113,0.992675,1.000000,4.766725
allc,1.00,9,114,0.992236,1.000000,4.965142
allc,1.00,9,115,0.984879,1.000000,4.621146
allc,1.00,9,116,0.991464,1.000000,5.027439
allc,1.00,9,117,0.992268,1.000000,4.798251
allc,1.00,9,118,0.993110,1.000000,4.890745
allc,1.00,9,119,0.992805,1.000000,5.078694
allc,1.00,9,120,0.993524,1.000000,4.728425
allc,1.00,9,121,0.988576,1.000000,4.775408
allc,1.00,9,122,0.990812,1.000000,4.824866
allc,1.00,9,123,0.989929,1.000000,4.971152
allc,1.00,9,124,0.992171,1.000000,4.777969
allc,1.00,9,125,0.988935,1.000000,4.689099
allc,1.00,9,126,0.994813,1.000000,4.937438
allc,1.00,9,127,0.992681,1.000000,5.088539
allc,1.00,9,128,0.992594,1.000000,4.922243
allc,1.00,9,129,0.989998,1.000000,4.761448
allc,1.00,9,130,0.994292,1.000000,5.176734
allc,1.00,9,131,0.990511,1.000000,4.751338
allc,1.00,9,132,0.990507,1.000000,4.613049
allc,1.00,9,133,0.988452,1.000000,4.629889
allc,1.00,9,134,0.994856,1.000000,5.076026
allc,1.00,9,135,0.993653,1.000000,4.898889
allc,1.00,9,136,0.991174,1.000000,4.889163
allc,1.00,9,137,0.988535,1.000000,4.817001
allc,1.00,9,138,0.989363,1.000000,4.717237
allc,1.00,9,139,0.989355,1.000000,4.807133
allc,1.00,9,140,0.993146,1.000000,4.868286
allc,1.00,9,141,0.993249,1.000000,4.932578
allc,1.00,9,142,0.991454,1.000000,4.862278
allc,1.00,9,143,0.991454,1.000000,4.907265
allc,1.00,9,144,0.990339,1.000000,4.807530
allc,1.00,9,145,0.993411,1.000000,5.039850
allc,1.00,9,146,0.990088,1.000000,4.753343
allc,1.00,9,147,0.987906,1.000000,4.591555
allc,1.00,9,148,0.994063,1.000000,4.870552
allc,1.00,9,149,0.990646,1.000000,4.750520
allc,1.00,9,150,0.989350,1.000000,4.696756
allc,1.00,9,151,0.989227,1.000000,4.745965
allc,1.00,9,152,0.991917,1.000000,4.882991
allc,1.00,9,153,0.989203,1.000000,4.861746
allc,1.00,9,154,0.989961,1.000000,4.650176
allc,1.00,9,155,0.994310,1.000000,5.002495
allc,1.00,9,156,0.993715,1.000000,5.030246
allc,1.00,9,157,0.991059,1.000000,4.902963
allc,1.00,9,158,0.991016,1.000000,4.735155
allc,1.00,9,159,0.988359,1.000000,4.652204
allc,1.00,9,160,0.983132,1.000000,4.498864
allc,1.00,9,161,0.992095,1.000000,4.915601
allc,1.00,9,162,0.989748,1.000000,4.827689
allc,1.00,9,163,0.990810,1.000000,4.857472
allc,1.00,9,164,0.988692,1.000000,4.552114
allc,1.00,9,165,0.990967,1.000000,4.732632
allc,1.00,9,166,0.987225,1.000000,4.501661
allc,1.00,9,167,0.989560,1.000000,4.681703
allc,1.00,9,168,0.994062,1.000000,4.815894
allc,1.00,9,169,0.989122,1.000000,4.619460
allc,1.00,9,170,0.994407,1.000000,4.893758
allc,1.00,9,171,0.990944,1.000000,5.091448
allc,1.00,9,172,0.991701,1.000000,4.725554
allc,1.00,9,173,0.984231,1.000000,4.611509
allc,1.00,9,174,0.987499,1.000000,4.670787
allc,1.00,9,175,0.991064,1.000000,4.581282
allc,1.00,9,176,0.990349,1.000000,4.923827
allc,1.00,9,177,0.989338,1.000000,4.862006
allc,1.00,9,178,0.994084,1.000000,4.821368
allc,1.00,9,179,0.993530,1.000000,4.909949
allc,1.00,9,180,0.991735,1.000000,4.865228
allc,1.00,9,181,0.986804,1.000000,4.609970
allc,1.00,9,182,0.987715,1.000000,4.463663
allc,1.00,9,183,0.991261,1.000000,4.799890
allc,1.00,9,184,0.989545,1.000000,4.817734
allc,1.00,9,185,0.991849,1.000000,4.763786
allc,1.00,9,186,0.992667,1.000000,4.902718
allc,1.00,9,187,0.992784,1.000000,4.807122
allc,1.00,9,188,0.989046,1.000000,4.633442
allc,1.00,9,189,0.994124,1.000000,4.954840
allc,1.00,9,190,0.993297,1.000000,5.064654
allc,1.00,9,191,0.993730,1.000000,5.108516
allc,1.00,9,192,0.987491,1.000000,4.601064
allc,1.00,9,193,0.991106,1.000000,4.715686
allc,1.00,9,194,0.989920,1.000000,4.785012
allc,1.00,9,195,0.992469,1.000000,4.980885
allc,1.00,9,196,0.992455,1.000000,5.042976
allc,1.00,9,197,0.992240,1.000000,4.805516
allc,1.00,9,198,0.991313,1.000000,4.638088
allc,1.00,9,199,0.987123,1.000000,4.662014
allc,1.00,9,200,0.992478,1.000000,4.863016
allc,1.00,9,201,0.994451,1.000000,5.083749
allc,1.00,9,202,0.989634,1.000000,4.790313
allc,1.00,9,203,0.990470,1.000000,4.877783
allc,1.00,9,204,0.986163,1.000000,4.765733
allc,1.00,9,205,0.990012,1.000000,4.701340
allc,1.00,9,206,0.991594,1.000000,4.834832
allc,1.00,9,207,0.991625,1.000000,4.821752
allc,1.00,9,208,0.992665,1.000000,5.017809
allc,1.00,9,209,0.988481,1.000000,4.802239
allc,1.00,9,210,0.990690,1.000000,4.741635
allc,1.00,9,211,0.990118,1.000000,4.620704
allc,1.00,9,212,0.992601,1.000000,4.876515
allc,1.00,9,213,0.987465,1.000000,4.692382
allc,1.00,9,214,0.992696,1.000000,4.646537
allc,1.00,9,215,0.993230,1.000000,4.748513
allc,1.00,9,216,0.992204,1.000000,4.769494
allc,1.00,9,217,0.991440,1.000000,5.057487
allc,1.00,9,218,0.989473,1.000000,4.727801
allc,1.00,9,219,0.992340,1.000000,4.736153
allc,1.00,9,220,0.993114,1.000000,4.816666
allc,1.00,9,221,0.993657,1.000000,4.962229
allc,1.00,9,222,0.990825,1.000000,4.871938
allc,1.00,9,223,0.991904,1.000000,4.801466
allc,1.00,9,224,0.993454,1.000000,4.959076
allc,1.00,9,225,0.991111,1.000000,4.754790
allc,1.00,9,226,0.990543,1.000000,4.808548
allc,1.00,9,227,0.988643,1.000000,4.638952
allc,1.00,9,228,0.992684,1.000000,4.853526
allc,1.00,9,229,0.990638,1.000000,4.994406
allc,1.00,9,230,0.993497,1.000000,4.973845
allc,1.00,9,231,0.985531,1.000000,4.638929
allc,1.00,9,232,0.988280,1.000000,4.797648
allc,1.00,9,233,0.992278,1.000000,4.991475
allc,1.00,9,234,0.993987,1.000000,4.908172
allc,1.00,9,235,0.988854,1.000000,4.591705
allc,1.00,9,236,0.991237,1.000000,4.782200
allc,1.00,9,237,0.991853,1.000000,5.036752
allc,1.00,9,238,0.985409,1.000000,4.433340
allc,1.00,9,239,0.989686,1.000000,4.596816
allc,1.00,9,240,0.990992,1.000000,4.682409
allc,1.00,9,241,0.987986,1.000000,4.685354
allc,1.00,9,242,0.993702,1.000000,4.984222
allc,1.00,9,243,0.992263,1.000000,5.013211
allc,1.00,9,244,0.990793,1.000000,4.694660
allc,1.00,9,245,0.988482,1.000000,4.589863
allc,1.00,9,246,0.991171,1.000000,4.733915
allc,1.00,9,247,0.980636,1.000000,4.551023
allc,1.00,9,248,0.991172,1.000000,4.980815
allc,1.00,9,249,0.992628,1.000000,4.763568
allc,1.00,9,250,0.991493,1.000000,4.804898
allc,1.00,9,251,0.992012,1.000000,4.863705
allc,1.00,9,252,0.983375,1.000000,4.624685
allc,1.00,9,253,0.987666,1.000000,4.600774
allc,1.00,9,254,0.988786,1.000000,4.657740
allc,1.00,9,255,0.992105,1.000000,4.881134
allc,1.00,9,256,0.989991,1.000000,4.805656
allc,1.00,9,257,0.988474,1.000000,4.682708
allc,1.00,9,258,0.988982,1.000000,4.623569
allc,1.00,9,259,0.988491,1.000000,4.820021
allc,1.00,9,260,0.990945,1.000000,4.995645
allc,1.00,9,261,0.991958,1.000000,4.864084
allc,1.00,9,262,0.991547,1.000000,5.003277
allc,1.00,9,263,0.990403,1.000000,4.665024
allc,1.00,9,264,0.992053,1.000000,4.807719
allc,1.00,9,265,0.988312,1.000000,4.577764
allc,1.00,9,266,0.989442,1.000000,4.523508
allc,1.00,9,267,0.991988,1.000000,4.933007
allc,1.00,9,268,0.989516,1.000000,4.577891
allc,1.00,9,269,0.984691,1.000000,4.733435
allc,1.00,9,270,0.990045,1.000000,4.936852
allc,1.00,9,271,0.991678,1.000000,4.625252
allc,1.00,9,272,0.990655,1.000000,4.651774
allc,1.00,9,273,0.990260,1.000000,4.683402
allc,1.00,9,274,0.987275,1.000000,4.625694
allc,1.00,9,275,0.991538,1.000000,4.710565
allc,1.00,9,276,0.987271,1.000000,4.543319
allc,1.00,9,277,0.986646,1.000000,4.714234
allc,1.00,9,278,0.994662,1.000000,5.082621
allc,1.00,9,279,0.988024,1.000000,4.701325
allc,1.00,9,280,0.991771,1.000000,4.977363
allc,1.00,9,281,0.991398,1.000000,4.760401
allc,1.00,9,282,0.993824,1.000000,4.821250
allc,1.00,9,283,0.990717,1.000000,4.738065
allc,1.00,9,284,0.991432,1.000000,4.830084
allc,1.00,9,285,0.992053,1.000000,4.600446
allc,1.00,9,286,0.989655,1.000000,4.700726
allc,1.00,9,287,0.991331,1.000000,5.037213
allc,1.00,9,288,0.991595,1.000000,4.735257
allc,1.00,9,289,0.992425,1.000000,5.106473
allc,1.00,9,290,0.990070,1.000000,5.033999
allc,1.00,9,291,0.989414,1.000000,4.521651
allc,1.00,9,292,0.989327,1.000000,4.682018
allc,1.00,9,293,0.993116,1.000000,5.008408
allc,1.00,9,294,0.989030,1.000000,4.809358
allc,1.00,9,295,0.993022,1.000000,4.989075
allc,1.00,9,296,0.990543,1.000000,4.920236
allc,1.00,9,297,0.994273,1.000000,5.063451
allc,1.00,9,298,0.989786,1.000000,4.711830
allc,1.00,9,299,0.992413,1.000000,4.822379
allc,1.00,9,300,0.991556,1.000000,4.693152
allc,1.00,9,301,0.991294,1.000000,4.895308
allc,1.00,9,302,0.991855,1.000000,4.980651
allc,1.00,9,303,0.990710,1.000000,4.846685
allc,1.00,9,304,0.991661,1.000000,4.635170
allc,1.00,9,305,0.987118,1.000000,4.432690
allc,1.00,9,306,0.984457,1.000000,4.562175
allc,1.00,9,307,0.985209,1.000000,4.625371
allc,1.00,9,308,0.988922,1.000000,4.725191
allc,1.00,9,309,0.991759,1.000000,4.906695
allc,1.00,9,310,0.993818,1.000000,5.072332
allc,1.00,9,311,0.991126,1.000000,4.659472
allc,1.00,9,312,0.993187,1.000000,5.017110
allc,1.00,9,313,0.989600,1.000000,4.740167
allc,1.00,9,314,0.987682,1.000000,4.498675
allc,1.00,9,315,0.989168,1.000000,4.631271
allc,1.00,9,316,0.994755,1.000000,5.065100
allc,1.00,9,317,0.988145,1.000000,4.679679
allc,1.00,9,318,0.991144,1.000000,4.720923
allc,1.00,9,319,0.987856,1.000000,4.904765
allc,1.00,9,320,0.992765,1.000000,4.992283
allc,1.00,9,321,0.991817,1.000000,4.813154
allc,1.00,9,322,0.989209,1.000000,4.560213
allc,1.00,9,323,0.989415,1.000000,4.539632
allc,1.00,9,324,0.989496,1.000000,4.615431
allc,1.00,9,325,0.992455,1.000000,4.936726
allc,1.00,9,326,0.991994,1.000000,4.834160
allc,1.00,9,327,0.995779,1.000000,5.234547
allc,1.00,9,328,0.990419,1.000000,4.983098
allc,1.00,9,329,0.993053,1.000000,5.008625
allc,1.00,9,330,0.991196,1.000000,4.892520
allc,1.00,9,331,0.991504,1.000000,4.663494
allc,1.00,9,332,0.991841,1.000000,4.957143
allc,1.00,9,333,0.991288,1.000000,4.703668
allc,1.00,9,334,0.991048,1.000000,4.780148
allc,1.00,9,335,0.991889,1.000000,4.792697
allc,1.00,9,336,0.987105,1.000000,4.582800
allc,1.00,9,337,0.992774,1.000000,4.731879
allc,1.00,9,338,0.994663,1.000000,4.922226
allc,1.00,9,339,0.990227,1.000000,4.678987
allc,1.00,9,340,0.990723,1.000000,4.766368
allc,1.00,9,341,0.990048,1.000000,4.830789
allc,1.00,9,342,0.991454,1.000000,4.671746
allc,1.00,9,343,0.991838,1.000000,4.707670
allc,1.00,9,344,0.990435,1.000000,4.753966
allc,1.00,9,345,0.986969,1.000000,4.831701
allc,1.00,9,346,0.991822,1.000000,4.712994
allc,1.00,9,347,0.991745,1.000000,4.848224
allc,1.00,9,348,0.995553,1.000000,4.985672
allc,1.00,9,349,0.986396,1.000000,4.514863
allc,1.00,9,350,0.990493,1.000000,4.537399
allc,1.00,9,351,0.991764,1.000000,4.800641
allc,1.00,9,352,0.992473,1.000000,4.844874
allc,1.00,9,353,0.986213,1.000000,4.642781
allc,1.00,9,354,0.988621,1.000000,4.761314
allc,1.00,9,355,0.989538,1.000000,4.634755
allc,1.00,9,356,0.989578,1.000000,4.667006
allc,1.00,9,357,0.994136,1.000000,4.885151
allc,1.00,9,358,0.991264,1.000000,4.718372
allc,1.00,9,359,0.990206,1.000000,4.843702
allc,1.00,9,360,0.992673,1.000000,4.600265
allc,1.00,9,361,0.990909,1.000000,4.755601
allc,1.00,9,362,0.993977,1.000000,4.935803
allc,1.00,9,363,0.989755,1.000000,4.746135
allc,1.00,9,364,0.990229,1.000000,4.696540
allc,1.00,9,365,0.983835,1.000000,4.454212
allc,1.00,9,366,0.990435,1.000000,4.684692
allc,1.00,9,367,0.984126,1.000000,4.697560
allc,1.00,9,368,0.991197,1.000000,4.740039
allc,1.00,9,369,0.987752,1.000000,4.537581
allc,1.00,9,370,0.990416,1.000000,4.704616
allc,1.00,9,371,0.992102,1.000000,4.657951
allc,1.00,9,372,0.993583,1.000000,4.841870
allc,1.00,9,373,0.990831,1.000000,4.863997
allc,1.00,9,374,0.988961,1.000000,4.690864
allc,1.00,9,375,0.992987,1.000000,4.779186
allc,1.00,9,376,0.991903,1.000000,4.862724
allc,1.00,9,377,0.988618,1.000000,4.788559
allc,1.00,9,378,0.987435,1.000000,4.728434
allc,1.00,9,379,0.991275,1.000000,4.767520
allc,1.00,9,380,0.988130,1.000000,4.613851
allc,1.00,9,381,0.993206,1.000000,4.846553
allc,1.00,9,382,0.992582,1.000000,4.776926
allc,1.00,9,383,0.985065,1.000000,4.633984
allc,1.00,9,384,0.989169,1.000000,4.775479
allc,1.00,9,385,0.991952,1.000000,4.739720
allc,1.00,9,386,0.990505,1.000000,4.646164
allc,1.00,9,387,0.986497,1.000000,4.572471
allc,1.00,9,388,0.990324,1.000000,4.817871
allc,1.00,9,389,0.988132,1.000000,4.805882
allc,1.00,9,390,0.990591,1.000000,4.901369
allc,1.00,9,391,0.993897,1.000000,4.714503
allc,1.00,9,392,0.983124,1.000000,4.631008
allc,1.00,9,393,0.990773,1.000000,4.810881
allc,1.00,9,394,0.989923,1.000000,4.686506
allc,1.00,9,395,0.993881,1.000000,4.840015
allc,1.00,9,396,0.992187,1.000000,4.838544
allc,1.00,9,397,0.990155,1.000000,4.825413
allc,1.00,9,398,0.987519,1.000000,4.674396
allc,1.00,9,399,0.989715,1.000000,4.806396
allc,1.00,9,400,0.990648,1.000000,4.908001
allc,1.00,9,401,0.985075,1.000000,4.702975
allc,1.00,9,402,0.987462,1.000000,4.801062
allc,1.00,9,403,0.989219,1.000000,4.667599
allc,1.00,9,404,0.992925,1.000000,4.870593
allc,1.00,9,405,0.990455,1.000000,4.632905
allc,1.00,9,406,0.993095,1.000000,4.821264
allc,1.00,9,407,0.992498,1.000000,4.937717
allc,1.00,9,408,0.989270,1.000000,4.786556
allc,1.00,9,409,0.988346,1.000000,4.784226
allc,1.00,9,410,0.993158,1.000000,4.895203
allc,1.00,9,411,0.996145,1.000000,5.035672
allc,1.00,9,412,0.995541,1.000000,5.057506
allc,1.00,9,413,0.991030,1.000000,5.057482
allc,1.00,9,414,0.993152,1.000000,5.046723
allc,1.00,9,415,0.991130,1.000000,4.779127
allc,1.00,9,416,0.989308,1.000000,4.734530
allc,1.00,9,417,0.990716,1.000000,4.835385
allc,1.00,9,418,0.993005,1.000000,4.878619
allc,1.00,9,419,0.993214,1.000000,4.801020
allc,1.00,9,420,0.990818,1.000000,4.788697
allc,1.00,9,421,0.986922,1.000000,4.749101
allc,1.00,9,422,0.987151,1.000000,4.850907
allc,1.00,9,423,0.991733,1.000000,4.776544
allc,1.00,9,424,0.993456,1.000000,4.923764
allc,1.00,9,425,0.991032,1.000000,4.787264
allc,1.00,9,426,0.987947,1.000000,4.630764
allc,1.00,9,427,0.983188,1.000000,4.441255
allc,1.00,9,428,0.985544,1.000000,4.474950
allc,1.00,9,429,0.987803,1.000000,4.403176
allc,1.00,9,430,0.988533,1.000000,4.814368
allc,1.00,9,431,0.991772,1.000000,4.902945
allc,1.00,9,432,0.991532,1.000000,4.751155
allc,1.00,9,433,0.991183,1.000000,4.700560
allc,1.00,9,434,0.986743,1.000000,4.475855
allc,1.00,9,435,0.992562,1.000000,4.781494
allc,1.00,9,436,0.989023,1.000000,4.672223
allc,1.00,9,437,0.990588,1.000000,4.929788
allc,1.00,9,438,0.992465,1.000000,4.889460
allc,1.00,9,439,0.988751,1.000000,4.573001
allc,1.00,9,440,0.990752,1.000000,4.716810
allc,1.00,9,441,0.992945,1.000000,4.802485
allc,1.00,9,442,0.990477,1.000000,4.790589
allc,1.00,9,443,0.986947,1.000000,4.575175
allc,1.00,9,444,0.992998,1.000000,4.810979
allc,1.00,9,445,0.993501,1.000000,4.979624
allc,1.00,9,446,0.983588,1.000000,4.503139
allc,1.00,9,447,0.988836,1.000000,4.631815
allc,1.00,9,448,0.987009,1.000000,4.635688
allc,1.00,9,449,0.988954,1.000000,4.864023
allc,1.00,9,450,0.994313,1.000000,4.868820
allc,1.00,9,451,0.987451,1.000000,4.710548
allc,1.00,9,452,0.985808,1.000000,4.754775
allc,1.00,9,453,0.991574,1.000000,4.912585
allc,1.00,9,454,0.988720,1.000000,4.731286
allc,1.00,9,455,0.992239,1.000000,4.851899
allc,1.00,9,456,0.983666,1.000000,4.816759
allc,1.00,9,457,0.990867,1.000000,4.846391
allc,1.00,9,458,0.985293,1.000000,4.783595
allc,1.00,9,459,0.988324,1.000000,4.677242
allc,1.00,9,460,0.990234,1.000000,4.635542
allc,1.00,9,461,0.989606,1.000000,4.868274
allc,1.00,9,462,0.986442,1.000000,4.617881
allc,1.00,9,463,0.987240,1.000000,4.825981
allc,1.00,9,464,0.993293,1.000000,4.773862
allc,1.00,9,465,0.992772,1.000000,4.452621
allc,1.00,9,466,0.987929,1.000000,4.777883
allc,1.00,9,467,0.992058,1.000000,4.806754
allc,1.00,9,468,0.993430,1.000000,4.968189
allc,1.00,9,469,0.989688,1.000000,4.738570
allc,1.00,9,470,0.993884,1.000000,4.772292
allc,1.00,9,471,0.988196,1.000000,4.811182
allc,1.00,9,472,0.990395,1.000000,4.649922
allc,1.00,9,473,0.993905,1.000000,4.750129
allc,1.00,9,474,0.989492,1.000000,4.717567
allc,1.00,9,475,0.993543,1.000000,4.904663
allc,1.00,9,476,0.990183,1.000000,4.926532
allc,1.00,9,477,0.993209,1.000000,4.957406
allc,1.00,9,478,0.993406,1.000000,4.795403
allc,1.00,9,479,0.993915,1.000000,4.850709
allc,1.00,9,480,0.990483,1.000000,4.746180
allc,1.00,9,481,0.989769,1.000000,4.552954
allc,1.00,9,482,0.992260,1.000000,4.671435
allc,1.00,9,483,0.991033,1.000000,4.890050
allc,1.00,9,484,0.988608,1.000000,4.790770
allc,1.00,9,485,0.986145,1.000000,4.499647
allc,1.00,9,486,0.991669,1.000000,4.653231
allc,1.00,9,487,0.991241,1.000000,4.782678
allc,1.00,9,488,0.990131,1.000000,4.831145
allc,1.00,9,489,0.987230,1.000000,4.663921
allc,1.00,9,490,0.985821,1.000000,4.651073
allc,1.00,9,491,0.994384,1.000000,5.122264
allc,1.00,9,492,0.991461,1.000000,4.690877
allc,1.00,9,493,0.986505,1.000000,4.445855
allc,1.00,9,494,0.990312,1.000000,4.742122
allc,1.00,9,495,0.994258,1.000000,4.946865
allc,1.00,9,496,0.983716,1.000000,4.588310
allc,1.00,9,497,0.989626,1.000000,4.644117
allc,1.00,9,498,0.989340,1.000000,4.735329
allc,1.00,9,499,0.989608,1.000000,4.728675
---KL_LANDSCAPE---
alpha,seed,kl_noisy,kl_pure,mean_body_out,mean_action,mean_payoff,action_var
0.0000,0,1.540600,0.026083,0.984766,0.898000,2.888000,0.09159600
0.0500,0,1.413648,0.000000,0.985214,0.902361,2.879706,0.08294203
0.1000,0,1.266575,0.019327,0.984999,0.906700,2.871448,0.07472862
0.1500,0,1.237194,0.000183,0.985215,0.911082,2.863119,0.06691347
0.2000,0,1.023065,0.000000,0.985484,0.915497,2.854721,0.05950694
0.2500,0,1.011595,0.000000,0.985581,0.919895,2.846346,0.05255431
0.3000,0,0.943823,0.000000,0.985227,0.924168,2.838202,0.04614637
0.3500,0,0.814345,0.007660,0.985245,0.928536,2.829914,0.04006538
0.4000,0,0.628013,0.000000,0.985250,0.932900,2.821630,0.03437478
0.4500,0,0.673120,0.000000,0.985316,0.937292,2.813250,0.02918663
0.5000,0,0.568841,0.000000,0.985476,0.941738,2.804782,0.02425831
0.5500,0,0.452666,0.017192,0.985351,0.946043,2.796596,0.02005513
0.6000,0,0.551274,0.000000,0.985157,0.950294,2.788488,0.01615464
0.6500,0,0.427426,0.000000,0.985811,0.955077,2.779460,0.01246026
0.7000,0,0.405457,0.000000,0.985449,0.959215,2.771569,0.00945923
0.7500,0,0.464133,0.000000,0.985665,0.963749,2.762900,0.00682344
0.8000,0,0.508562,0.000000,0.985552,0.968041,2.754746,0.00464433
0.8500,0,0.502996,0.000000,0.985555,0.972422,2.746424,0.00287802
0.9000,0,0.537126,0.000000,0.985360,0.976624,2.738421,0.00154132
0.9500,0,0.513845,0.000000,0.985542,0.981165,2.729750,0.00060566
1.0000,0,0.492486,0.000000,0.985310,0.985310,2.721908,0.00014262
0.0000,1,1.441998,0.000000,0.988230,0.904000,2.894000,0.08678400
0.0500,1,1.350168,0.011060,0.988284,0.908214,2.886018,0.07840849
0.1000,1,1.124264,0.000000,0.988771,0.912477,2.877929,0.07045836
0.1500,1,1.088858,0.000000,0.989121,0.916768,2.869809,0.06290933
0.2000,1,0.929165,0.000000,0.989385,0.921077,2.861634,0.05580345
0.2500,1,0.795911,0.042677,0.989580,0.925395,2.853450,0.04912316
0.3000,1,0.735582,0.027442,0.989992,0.929798,2.845109,0.04283718
0.3500,1,0.598256,0.019146,0.990036,0.934113,2.836939,0.03694785
0.4000,1,0.615908,0.000000,0.990151,0.938460,2.828700,0.03154151
0.4500,1,0.548812,0.041382,0.990450,0.942903,2.820285,0.02656784
0.5000,1,0.505808,0.057505,0.990427,0.947214,2.812115,0.02200517
0.5500,1,0.422766,0.097157,0.990744,0.951709,2.803579,0.01783688
0.6000,1,0.402529,0.129865,0.990831,0.956098,2.795283,0.01415613
0.6500,1,0.445137,0.050656,0.990766,0.960398,2.787124,0.01090525
0.7000,1,0.473965,0.000000,0.990732,0.964712,2.778974,0.00806490
0.7500,1,0.534713,0.048060,0.990942,0.969207,2.770440,0.00565963
0.8000,1,0.473280,0.000000,0.991056,0.973645,2.762020,0.00364387
0.8500,1,0.460403,0.019505,0.991138,0.978067,2.753650,0.00209170
0.9000,1,0.605861,0.015081,0.991210,0.982489,2.745289,0.00096902
0.9500,1,0.493275,0.060439,0.991196,0.986836,2.737018,0.00027564
1.0000,1,0.587288,0.027131,0.991372,0.991372,2.728447,0.00001316
0.0000,2,0.785617,0.022276,0.968161,0.910000,2.899000,0.08190000
0.0500,2,0.627344,0.024093,0.968346,0.912917,2.893561,0.07433485
0.1000,2,0.694871,0.016536,0.968590,0.915859,2.888089,0.06708730
0.1500,2,0.702606,0.072420,0.968419,0.918763,2.882673,0.06032947
0.2000,2,0.651787,0.004496,0.968501,0.921700,2.877215,0.05388639
0.2500,2,0.608293,0.100767,0.968491,0.924623,2.871739,0.04778708
0.3000,2,0.551310,0.018911,0.968784,0.927635,2.866163,0.04196156
0.3500,2,0.589521,0.002222,0.969117,0.930691,2.860394,0.03662066
0.4000,2,0.467854,0.000000,0.968877,0.933551,2.855028,0.03169278
0.4500,2,0.562013,0.000000,0.969334,0.936700,2.849281,0.02692188
0.5000,2,0.511219,0.000000,0.968987,0.939493,2.843973,0.02270512
0.5500,2,0.664657,0.000000,0.969142,0.942528,2.838283,0.01893697
0.6000,2,0.574622,0.062277,0.969281,0.945569,2.832675,0.01525131
0.6500,2,0.576989,0.060413,0.969187,0.948472,2.827276,0.01206918
0.7000,2,0.521349,0.102453,0.969839,0.951888,2.820950,0.00924262
0.7500,2,0.609906,0.034673,0.969493,0.954619,2.815903,0.00686176
0.8000,2,0.591406,0.000000,0.969590,0.957672,2.810153,0.00477301
0.8500,2,0.578795,0.000000,0.969420,0.960507,2.804908,0.00307627
0.9000,2,0.645478,0.000000,0.969962,0.963965,2.798426,0.00174152
0.9500,2,0.656309,0.017078,0.969261,0.966298,2.794028,0.00090655
1.0000,2,0.566592,0.088450,0.969228,0.969228,2.788574,0.00036957
0.0000,3,1.296604,0.077878,0.980084,0.902000,2.890000,0.08839600
0.0500,3,1.184446,0.035670,0.981006,0.905950,2.882611,0.07997133
0.1000,3,0.998236,0.000000,0.981480,0.909948,2.875139,0.07189202
0.1500,3,0.857686,0.000000,0.982281,0.914042,2.867474,0.06425314
0.2000,3,0.791915,0.000000,0.982585,0.918117,2.859839,0.05708107
0.2500,3,0.823021,0.000000,0.982893,0.922223,2.852151,0.05030277
0.3000,3,0.664163,0.000000,0.983284,0.926385,2.844353,0.04397341
0.3500,3,0.543814,0.041069,0.983689,0.930591,2.836492,0.03795828
0.4000,3,0.469705,0.000000,0.983705,0.934682,2.828802,0.03248366
0.4500,3,0.427815,0.000000,0.984152,0.938969,2.820768,0.02738282
0.5000,3,0.390480,0.011843,0.984250,0.943125,2.812990,0.02272156
0.5500,3,0.382007,0.000000,0.984470,0.947359,2.805043,0.01853320
0.6000,3,0.434300,0.036211,0.984480,0.951488,2.797331,0.01472429
0.6500,3,0.361654,0.000000,0.984675,0.955739,2.789335,0.01141044
0.7000,3,0.240797,0.009430,0.984868,0.960007,2.781322,0.00845934
0.7500,3,0.327438,0.042220,0.984957,0.964218,2.773422,0.00598441
0.8000,3,0.328958,0.000000,0.985070,0.968456,2.765470,0.00391574
0.8500,3,0.350078,0.051034,0.985163,0.972688,2.757579,0.00231142
0.9000,3,0.329341,0.000000,0.985033,0.976730,2.749944,0.00114228
0.9500,3,0.393754,0.017763,0.985247,0.981084,2.741853,0.00035874
1.0000,3,0.401239,0.000000,0.985250,0.985250,2.734072,0.00003936
0.0000,4,1.651544,0.000000,0.987625,0.897500,2.886500,0.09199375
0.0500,4,1.549198,0.040725,0.987487,0.901999,2.877911,0.08319547
0.1000,4,1.439262,0.000000,0.987527,0.906503,2.869317,0.07483626
0.1500,4,1.489142,0.023988,0.987855,0.911053,2.860644,0.06691169
0.2000,4,1.272459,0.000000,0.987977,0.915595,2.851959,0.05939288
0.2500,4,1.296204,0.000000,0.988182,0.920170,2.843228,0.05237044
0.3000,4,1.114127,0.000000,0.988126,0.924688,2.834609,0.04580702
0.3500,4,1.014798,0.021238,0.988447,0.929331,2.825756,0.03960787
0.4000,4,1.012829,0.000000,0.988316,0.933826,2.817184,0.03387905
0.4500,4,0.868258,0.007515,0.988688,0.938535,2.808189,0.02859619
0.5000,4,0.927832,0.000000,0.988475,0.942988,2.799701,0.02385100
0.5500,4,0.863371,0.019818,0.988812,0.947722,2.790637,0.01940958
0.6000,4,0.965838,0.000000,0.988612,0.952167,2.782170,0.01550009
0.6500,4,0.974031,0.000000,0.988976,0.956959,2.773034,0.01194607
0.7000,4,1.019293,0.000000,0.988780,0.961396,2.764583,0.00893037
0.7500,4,0.975016,0.000000,0.988573,0.965805,2.756149,0.00640561
0.8000,4,0.983406,0.021890,0.988779,0.970523,2.747115,0.00424011
0.8500,4,0.892990,0.044949,0.988987,0.975264,2.738090,0.00250089
0.9000,4,0.939993,0.000000,0.988925,0.979783,2.729496,0.00122696
0.9500,4,1.028663,0.000000,0.988935,0.984363,2.720678,0.00042426
1.0000,4,1.059240,0.000000,0.988982,0.988982,2.711916,0.00004400
0.0000,5,2.316187,0.026160,0.931319,0.904500,2.893500,0.08637975
0.0500,5,2.251291,0.070748,0.932069,0.905878,2.890959,0.07905945
0.1000,5,2.067559,0.000000,0.932044,0.907254,2.888424,0.07202720
0.1500,5,1.987433,0.000000,0.932376,0.908681,2.885780,0.06529254
0.2000,5,1.851586,0.052957,0.931881,0.909976,2.883374,0.05895835
0.2500,5,1.762299,0.000000,0.932736,0.911559,2.880472,0.05290242
0.3000,5,1.678224,0.055342,0.932949,0.913035,2.877724,0.04707180
0.3500,5,1.671127,0.000000,0.932516,0.914306,2.875333,0.04172113
0.4000,5,1.580957,0.000000,0.932132,0.915553,2.873054,0.03685298
0.4500,5,1.471802,0.000000,0.932869,0.917266,2.869867,0.03180101
0.5000,5,1.421163,0.000000,0.933482,0.918991,2.866712,0.02729931
0.5500,5,1.274696,0.000000,0.932914,0.920128,2.864598,0.02338542
0.6000,5,1.360586,0.000000,0.932958,0.921575,2.861937,0.01954867
0.6500,5,1.196519,0.000000,0.932937,0.922984,2.859290,0.01623117
0.7000,5,1.242076,0.000000,0.933647,0.924903,2.855611,0.01320774
0.7500,5,1.256911,0.000000,0.933294,0.926096,2.853482,0.01038929
0.8000,5,1.115140,0.000000,0.933348,0.927578,2.850910,0.00780779
0.8500,5,1.244367,0.000000,0.932899,0.928639,2.849102,0.00588171
0.9000,5,1.157093,0.000000,0.933232,0.930359,2.845760,0.00427448
0.9500,5,1.221087,0.000000,0.933573,0.932119,2.842380,0.00271913
1.0000,5,1.156224,0.038743,0.933115,0.933115,2.840544,0.00174834
0.0000,6,0.920568,0.099778,0.981258,0.904500,2.898500,0.08637975
0.0500,6,0.876227,0.075058,0.981916,0.908371,2.891050,0.07811747
0.1000,6,0.743133,0.000000,0.982133,0.912263,2.883558,0.07028352
0.1500,6,0.711073,0.080384,0.982020,0.916128,2.876122,0.06283665
0.2000,6,0.501531,0.063809,0.982416,0.920083,2.868508,0.05580657
0.2500,6,0.583304,0.048139,0.982272,0.923943,2.861083,0.04917717
0.3000,6,0.625697,0.000000,0.982523,0.927907,2.853433,0.04298459
0.3500,6,0.620480,0.097342,0.982554,0.931819,2.845905,0.03722412
0.4000,6,0.551432,0.066685,0.982753,0.935801,2.838267,0.03185950
0.4500,6,0.567261,0.062450,0.982550,0.939622,2.830912,0.02693918
0.5000,6,0.545313,0.000000,0.982782,0.943641,2.823166,0.02239938
0.5500,6,0.573806,0.130668,0.982727,0.947525,2.815678,0.01829927
0.6000,6,0.484628,0.089753,0.982827,0.951496,2.808059,0.01456559
0.6500,6,0.518586,0.108024,0.983193,0.955651,2.800066,0.01130160
0.7000,6,0.514532,0.048216,0.983038,0.959477,2.792654,0.00845664
0.7500,6,0.556486,0.031476,0.982925,0.963319,2.785254,0.00600130
0.8000,6,0.575168,0.063242,0.983395,0.967616,2.777054,0.00392890
0.8500,6,0.623509,0.054323,0.983213,0.971406,2.769687,0.00236107
0.9000,6,0.547960,0.028061,0.983431,0.975538,2.761808,0.00115033
0.9500,6,0.464482,0.088771,0.983237,0.979300,2.754504,0.00040283
1.0000,6,0.599212,0.000000,0.983223,0.983223,2.746994,0.00004751
0.0000,7,0.954830,0.000000,0.946423,0.902000,2.895000,0.08839600
0.0500,7,0.844181,0.000000,0.947688,0.904284,2.890524,0.08029467
0.1000,7,0.657625,0.077398,0.947872,0.906587,2.886032,0.07253304
0.1500,7,0.698095,0.071291,0.947439,0.908816,2.881642,0.06523572
0.2000,7,0.651854,0.000000,0.947809,0.911162,2.877089,0.05839661
0.2500,7,0.464390,0.000000,0.948459,0.913615,2.872240,0.05169505
0.3000,7,0.539520,0.000000,0.948900,0.916070,2.867480,0.04555891
0.3500,7,0.371583,0.031515,0.948488,0.918271,2.863196,0.03992315
0.4000,7,0.388178,0.012311,0.948877,0.920751,2.858342,0.03427819
0.4500,7,0.332024,0.125665,0.949678,0.923455,2.853040,0.02938656
0.5000,7,0.290985,0.027703,0.950266,0.926133,2.847808,0.02473636
0.5500,7,0.284875,0.037398,0.949901,0.928345,2.843493,0.02056550
0.6000,7,0.321094,0.029710,0.949592,0.930555,2.839141,0.01682068
0.6500,7,0.396741,0.095349,0.950000,0.933200,2.834032,0.01332625
0.7000,7,0.335018,0.032563,0.950241,0.935769,2.829059,0.01024179
0.7500,7,0.362162,0.000000,0.949373,0.937530,2.825591,0.00785460
0.8000,7,0.409408,0.000000,0.950062,0.940450,2.819829,0.00557329
0.8500,7,0.255351,0.000000,0.950567,0.943282,2.814229,0.00360579
0.9000,7,0.226236,0.000000,0.950215,0.945393,2.810332,0.00221021
0.9500,7,0.315509,0.000000,0.950533,0.948106,2.804979,0.00114456
1.0000,7,0.471464,0.000000,0.950313,0.950313,2.800506,0.00045330
0.0000,8,0.554705,0.000000,0.964015,0.902000,2.896000,0.08839600
0.0500,8,0.410636,0.002706,0.964605,0.905130,2.889871,0.07999760
0.1000,8,0.168279,0.000000,0.965317,0.908332,2.883607,0.07200318
0.1500,8,0.249313,0.000000,0.965738,0.911561,2.877280,0.06436444
0.2000,8,0.194828,0.000000,0.965612,0.914722,2.871097,0.05731700
0.2500,8,0.113501,0.000000,0.966103,0.918026,2.864645,0.05060354
0.3000,8,0.000000,0.000000,0.966505,0.921351,2.858149,0.04415993
0.3500,8,0.156956,0.000000,0.966036,0.924413,2.852152,0.03839805
0.4000,8,0.066431,0.000000,0.966517,0.927807,2.845497,0.03287843
0.4500,8,0.035662,0.000000,0.966793,0.931157,2.838954,0.02779927
0.5000,8,0.000000,0.010559,0.967305,0.934652,2.832140,0.02316755
0.5500,8,0.078955,0.000000,0.967068,0.937787,2.826013,0.01897085
0.6000,8,0.077798,0.000000,0.967056,0.941033,2.819589,0.01518964
0.6500,8,0.081193,0.013168,0.967296,0.944442,2.812991,0.01181284
0.7000,8,0.051046,0.012692,0.967610,0.947927,2.806174,0.00885761
0.7500,8,0.012575,0.000000,0.967746,0.951309,2.799608,0.00631305
0.8000,8,0.060379,0.000000,0.967877,0.954702,2.792863,0.00426243
0.8500,8,0.023831,0.010860,0.967908,0.958021,2.786441,0.00261322
0.9000,8,0.066556,0.000000,0.967581,0.961023,2.780598,0.00134911
0.9500,8,0.084193,0.000000,0.967906,0.964611,2.773534,0.00051036
1.0000,8,0.000000,0.000000,0.968331,0.968331,2.766365,0.00010560
0.0000,9,1.368761,0.002107,0.952763,0.894000,2.885000,0.09476400
0.0500,9,1.291952,0.022976,0.952967,0.896948,2.879370,0.08596874
0.1000,9,1.306047,0.000000,0.953737,0.899974,2.873612,0.07764961
0.1500,9,1.174181,0.000000,0.954810,0.903121,2.867633,0.06958315
0.2000,9,0.986973,0.003749,0.955000,0.906200,2.861793,0.06204746
0.2500,9,0.887072,0.000000,0.955084,0.909271,2.855910,0.05489536
0.3000,9,0.818942,0.064839,0.956201,0.912660,2.849467,0.04830044
0.3500,9,0.836643,0.000000,0.956206,0.915772,2.843541,0.04203345
0.4000,9,0.715175,0.035581,0.956512,0.919005,2.837354,0.03611910
0.4500,9,0.760752,0.000000,0.957072,0.922382,2.830995,0.03094636
0.5000,9,0.660080,0.088938,0.956902,0.925451,2.825072,0.02583973
0.5500,9,0.603398,0.034771,0.957634,0.928999,2.818328,0.02132644
0.6000,9,0.663911,0.000000,0.958110,0.932466,2.811723,0.01717308
0.6500,9,0.641589,0.069671,0.957755,0.935441,2.806143,0.01351669
0.7000,9,0.641974,0.000000,0.957968,0.938778,2.799615,0.01030283
0.7500,9,0.494567,0.039766,0.958189,0.942142,2.793322,0.00755030
0.8000,9,0.564119,0.063660,0.958202,0.945362,2.787187,0.00519215
0.8500,9,0.609823,0.056538,0.958492,0.948819,2.780663,0.00331592
0.9000,9,0.674330,0.000000,0.958655,0.952190,2.774156,0.00187489
0.9500,9,0.572763,0.000000,0.959018,0.955767,2.767386,0.00086222
1.0000,9,0.653614,0.007224,0.958275,0.958275,2.762608,0.00033691
0.0000,10,0.511468,0.000000,0.972512,0.897000,2.883500,0.09239100
0.0500,10,0.499752,0.000000,0.972811,0.900791,2.876449,0.08373303
0.1000,10,0.394201,0.024913,0.972348,0.904535,2.869493,0.07557124
0.1500,10,0.387942,0.000000,0.972979,0.908397,2.862299,0.06771980
0.2000,10,0.367417,0.000000,0.972569,0.912114,2.855399,0.06030831
0.2500,10,0.347167,0.000000,0.973185,0.916046,2.848035,0.05333501
0.3000,10,0.256494,0.053713,0.973158,0.919847,2.841013,0.04664308
0.3500,10,0.241161,0.064616,0.973114,0.923640,2.833935,0.04067345
0.4000,10,0.209928,0.000000,0.972766,0.927306,2.827128,0.03498265
0.4500,10,0.231561,0.054765,0.973206,0.931293,2.819686,0.02968288
0.5000,10,0.240266,0.000000,0.973778,0.935389,2.812113,0.02482754
0.5500,10,0.121260,0.002993,0.973226,0.938924,2.805517,0.02047868
0.6000,10,0.204702,0.000000,0.973380,0.942828,2.798210,0.01655910
0.6500,10,0.295622,0.031046,0.972884,0.946325,2.791830,0.01311051
0.7000,10,0.224544,0.000000,0.973732,0.950712,2.783495,0.00980435
0.7500,10,0.272130,0.000000,0.973886,0.954665,2.776150,0.00712145
0.8000,10,0.146089,0.000000,0.973827,0.958461,2.769093,0.00486900
0.8500,10,0.274640,0.000000,0.973323,0.961875,2.762801,0.00314215
0.9000,10,0.257562,0.000000,0.973540,0.965886,2.755326,0.00174005
0.9500,10,0.243524,0.000000,0.973952,0.970105,2.747427,0.00072031
1.0000,10,0.277206,0.032124,0.973334,0.973334,2.741560,0.00022848
0.0000,11,0.789958,0.000000,0.992529,0.898500,2.887500,0.09119775
0.0500,11,0.590963,0.000000,0.992844,0.903217,2.878653,0.08237865
0.1000,11,0.489342,0.000000,0.992992,0.907949,2.869773,0.07400941
0.1500,11,0.448811,0.000000,0.993036,0.912680,2.860898,0.06609572
0.2000,11,0.397493,0.000000,0.993381,0.917476,2.851908,0.05859429
0.2500,11,0.367081,0.000000,0.993435,0.922234,2.842977,0.05156260
0.3000,11,0.317006,0.000000,0.993633,0.927040,2.833960,0.04497946
0.3500,11,0.243049,0.000000,0.993682,0.931814,2.825009,0.03883562
0.4000,11,0.250492,0.000000,0.993898,0.936659,2.815916,0.03311937
0.4500,11,0.164351,0.000000,0.993832,0.941399,2.807039,0.02789680
0.5000,11,0.336852,0.000000,0.993935,0.946217,2.797978,0.02310383
0.5500,11,0.244435,0.000000,0.994060,0.951058,2.788912,0.01875955
0.6000,11,0.185199,0.000000,0.994063,0.955838,2.779947,0.01485883
0.6500,11,0.298530,0.000000,0.994076,0.960624,2.770971,0.01145431
0.7000,11,0.110106,0.000000,0.994206,0.965494,2.761850,0.00843610
0.7500,11,0.325719,0.000000,0.994122,0.970216,2.752966,0.00593134
0.8000,11,0.291848,0.000000,0.994265,0.975112,2.743793,0.00382728
0.8500,11,0.255484,0.000000,0.994275,0.979909,2.734788,0.00219612
0.9000,11,0.142631,0.000000,0.994328,0.984745,2.725712,0.00101555
0.9500,11,0.245154,0.000000,0.994443,0.989646,2.716556,0.00028057
1.0000,11,0.229569,0.000000,0.994379,0.994379,2.707659,0.00000623
0.0000,12,1.522808,0.124551,0.984420,0.911500,2.901500,0.08066775
0.0500,12,1.414992,0.070892,0.984616,0.915156,2.894614,0.07306023
0.1000,12,1.350068,0.162480,0.984732,0.918823,2.887708,0.06582052
0.1500,12,1.257390,0.130320,0.985020,0.922528,2.880729,0.05894466
0.2000,12,1.240710,0.095851,0.985018,0.926204,2.873805,0.05245121
0.2500,12,1.069857,0.109065,0.985471,0.929993,2.866654,0.04632215
0.3000,12,1.089715,0.080952,0.985395,0.933668,2.859742,0.04054933
0.3500,12,1.009439,0.061903,0.985438,0.937378,2.852737,0.03518919
0.4000,12,0.863027,0.092258,0.985761,0.941204,2.845554,0.03012910
0.4500,12,0.995222,0.134510,0.985702,0.944891,2.838622,0.02558230
0.5000,12,0.739152,0.000000,0.985913,0.948707,2.831432,0.02125918
0.5500,12,0.834382,0.086062,0.985934,0.952439,2.824391,0.01746917
0.6000,12,0.699678,0.114735,0.986056,0.956234,2.817251,0.01395677
0.6500,12,0.879655,0.085011,0.985995,0.959922,2.810274,0.01090408
0.7000,12,0.777835,0.148882,0.985920,0.963594,2.803386,0.00822008
0.7500,12,0.816296,0.209603,0.986221,0.967541,2.795917,0.00584403
0.8000,12,0.868432,0.146039,0.986384,0.971407,2.788668,0.00394020
0.8500,12,0.839785,0.072892,0.986198,0.974993,2.781909,0.00239666
0.9000,12,0.870103,0.130831,0.986320,0.978838,2.774678,0.00123339
0.9500,12,0.775982,0.161376,0.986274,0.982535,2.767727,0.00044493
1.0000,12,0.920588,0.103144,0.986494,0.986494,2.760220,0.00006775
0.0000,13,0.633984,0.000000,0.940262,0.898500,2.888500,0.09119775
0.0500,13,0.559788,0.000000,0.940405,0.900595,2.884514,0.08269527
0.1000,13,0.439836,0.081065,0.941225,0.902773,2.880386,0.07456016
0.1500,13,0.396087,0.043045,0.941261,0.904914,2.876308,0.06691888
0.2000,13,0.301228,0.000000,0.941653,0.907131,2.872092,0.05966935
0.2500,13,0.302513,0.000000,0.942210,0.909427,2.867692,0.05278014
0.3000,13,0.168989,0.051469,0.942885,0.911816,2.863189,0.04626590
0.3500,13,0.283132,0.099516,0.943140,0.914124,2.858739,0.04006318
0.4000,13,0.236860,0.053080,0.942660,0.916164,2.854883,0.03465688
0.4500,13,0.179806,0.108863,0.943634,0.918810,2.849763,0.02943272
0.5000,13,0.225963,0.003566,0.943228,0.920864,2.845947,0.02467789
0.5500,13,0.270307,0.000000,0.943613,0.923312,2.841195,0.02028023
0.6000,13,0.202714,0.010482,0.943318,0.925391,2.837290,0.01645842
0.6500,13,0.137738,0.000000,0.944392,0.928330,2.831672,0.01298157
0.7000,13,0.164039,0.076106,0.944090,0.930413,2.827900,0.00979491
0.7500,13,0.116368,0.117480,0.945178,0.933508,2.821841,0.00719459
0.8000,13,0.213714,0.051650,0.944762,0.935510,2.817943,0.00490985
0.8500,13,0.253915,0.132501,0.945114,0.938122,2.813102,0.00309393
0.9000,13,0.197332,0.031950,0.945153,0.940488,2.808552,0.00179565
0.9500,13,0.246454,0.000000,0.944846,0.942529,2.804499,0.00084804
1.0000,13,0.202384,0.028933,0.945670,0.945670,2.798700,0.00029382
0.0000,14,1.755437,0.000000,0.991448,0.899000,2.890500,0.09079900
0.0500,14,1.578163,0.000000,0.991663,0.903633,2.881617,0.08207027
0.1000,14,1.526857,0.000000,0.991533,0.908253,2.872760,0.07379877
0.1500,14,1.440083,0.066473,0.991683,0.912902,2.863845,0.06596222
0.2000,14,1.251130,0.000000,0.991887,0.917577,2.854883,0.05852540
0.2500,14,1.205564,0.029404,0.992079,0.922270,2.845885,0.05151380
0.3000,14,1.077238,0.000000,0.992304,0.926991,2.836839,0.04496789
0.3500,14,0.948926,0.008471,0.992357,0.931675,2.827845,0.03884384
0.4000,14,0.880268,0.000000,0.992388,0.936355,2.818897,0.03323952
0.4500,14,0.867933,0.006341,0.992320,0.940994,2.809985,0.02803904
0.5000,14,0.739374,0.000000,0.992456,0.945728,2.800910,0.02326482
0.5500,14,0.832981,0.010229,0.992523,0.950438,2.791901,0.01891660
0.6000,14,0.790184,0.000000,0.992625,0.955175,2.782823,0.01505803
0.6500,14,0.711029,0.000000,0.992485,0.959765,2.774017,0.01162235
0.7000,14,0.735127,0.000000,0.992641,0.964549,2.764860,0.00860665
0.7500,14,0.869872,0.027388,0.992695,0.969271,2.755807,0.00607942
0.8000,14,0.809499,0.022292,0.992711,0.973969,2.746783,0.00399146
0.8500,14,0.790192,0.027528,0.992764,0.978700,2.737730,0.00232010
0.9000,14,0.746744,0.000000,0.992731,0.983358,2.728800,0.00111830
0.9500,14,0.856700,0.000000,0.992742,0.988055,2.719781,0.00034670
1.0000,14,0.768832,0.000000,0.992865,0.992865,2.710566,0.00001901
0.0000,15,1.130114,0.000000,0.989907,0.889000,2.877000,0.09867900
0.0500,15,0.925504,0.000000,0.990428,0.894071,2.867403,0.08916748
0.1000,15,0.982493,0.016836,0.990447,0.899145,2.857806,0.08015790
0.1500,15,0.809794,0.000000,0.990725,0.904259,2.848128,0.07156618
0.2000,15,0.655587,0.000000,0.991223,0.909445,2.838320,0.06348446
0.2500,15,0.511244,0.000000,0.991345,0.914586,2.828587,0.05589402
0.3000,15,0.525007,0.000000,0.991490,0.919747,2.818825,0.04875721
0.3500,15,0.495084,0.000000,0.991523,0.924883,2.809078,0.04217308
0.4000,15,0.422597,0.000000,0.991693,0.930077,2.799273,0.03604004
0.4500,15,0.379242,0.000000,0.992056,0.935375,2.789269,0.03034150
0.5000,15,0.276903,0.060992,0.991790,0.940395,2.779744,0.02517886
0.5500,15,0.248499,0.000000,0.992028,0.945666,2.769772,0.02048132
0.6000,15,0.205582,0.000000,0.992231,0.950939,2.759795,0.01621114
0.6500,15,0.252462,0.000000,0.992234,0.956102,2.750050,0.01251794
0.7000,15,0.298716,0.026824,0.992281,0.961297,2.740203,0.00927329
0.7500,15,0.304733,0.000000,0.992616,0.966712,2.729955,0.00649018
0.8000,15,0.317082,0.000000,0.992346,0.971677,2.720593,0.00424009
0.8500,15,0.344949,0.000000,0.992595,0.977056,2.710398,0.00243562
0.9000,15,0.236991,0.000000,0.992526,0.982174,2.700755,0.00115857
0.9500,15,0.236216,0.006320,0.992556,0.987378,2.690876,0.00034477
1.0000,15,0.218138,0.000000,0.992590,0.992590,2.680993,0.00001984
0.0000,16,1.164118,0.000000,0.917044,0.901500,2.893000,0.08879775
0.0500,16,1.076893,0.085037,0.917742,0.902312,2.891401,0.08021116
0.1000,16,0.990154,0.000000,0.919196,0.903270,2.889541,0.07208730
0.1500,16,0.952988,0.056531,0.920069,0.904285,2.887538,0.06430134
0.2000,16,0.788687,0.000000,0.920560,0.905312,2.885517,0.05708302
0.2500,16,0.768685,0.016181,0.920096,0.906149,2.883884,0.05033786
0.3000,16,0.660269,0.000000,0.920459,0.907188,2.881841,0.04384414
0.3500,16,0.652532,0.019061,0.921219,0.908402,2.879481,0.03787679
0.4000,16,0.421338,0.003220,0.922055,0.909722,2.876917,0.03240010
0.4500,16,0.429647,0.000000,0.921962,0.910708,2.875078,0.02725747
0.5000,16,0.295828,0.000000,0.923025,0.912263,2.871939,0.02264505
0.5500,16,0.373412,0.000000,0.922543,0.913074,2.870467,0.01831442
0.6000,16,0.316345,0.000000,0.923014,0.914408,2.867750,0.01467574
0.6500,16,0.347159,0.000000,0.923169,0.915585,2.865442,0.01138096
0.7000,16,0.233395,0.000000,0.923721,0.917054,2.862729,0.00853860
0.7500,16,0.359444,0.000000,0.923710,0.918157,2.860367,0.00592674
0.8000,16,0.408412,0.000000,0.924372,0.919798,2.857160,0.00402475
0.8500,16,0.380342,0.000000,0.924275,0.920859,2.855250,0.00242444
0.9000,16,0.362579,0.000000,0.923887,0.921648,2.853750,0.00127725
0.9500,16,0.352003,0.000000,0.924002,0.922877,2.851243,0.00056950
1.0000,16,0.351727,0.000000,0.924876,0.924876,2.847267,0.00031308
0.0000,17,0.760378,0.250292,0.847979,0.902500,2.894000,0.08799375
0.0500,17,0.668634,0.200954,0.847212,0.899736,2.899184,0.08038924
0.1000,17,0.582105,0.000000,0.848158,0.897066,2.904213,0.07301717
0.1500,17,0.464723,0.168415,0.847199,0.894205,2.909634,0.06592300
0.2000,17,0.333914,0.164029,0.847721,0.891544,2.914643,0.05944221
0.2500,17,0.319747,0.189846,0.847472,0.888743,2.919989,0.05326983
0.3000,17,0.283332,0.118182,0.849300,0.886540,2.924172,0.04714443
0.3500,17,0.178472,0.076538,0.847719,0.883327,2.930060,0.04160910
0.4000,17,0.163817,0.049001,0.848794,0.881018,2.934476,0.03664930
0.4500,17,0.145347,0.075428,0.846916,0.877487,2.941117,0.03160573
0.5000,17,0.152388,0.031568,0.847896,0.875198,2.945544,0.02719740
0.5500,17,0.159764,0.039529,0.848497,0.872799,2.950258,0.02296483
0.6000,17,0.078750,0.079407,0.847942,0.869765,2.955575,0.01918313
0.6500,17,0.103094,0.000000,0.848727,0.867548,2.959971,0.01578654
0.7000,17,0.104944,0.012481,0.848030,0.864371,2.966220,0.01326420
0.7500,17,0.000000,0.059900,0.846151,0.860238,2.973559,0.01063357
0.8000,17,0.040634,0.020012,0.849871,0.860397,2.973427,0.00782880
0.8500,17,0.042059,0.105279,0.848595,0.856680,2.980327,0.00599753
0.9000,17,0.111433,0.000274,0.847084,0.852626,2.987867,0.00469412
0.9500,17,0.117159,0.014154,0.848612,0.851307,2.990349,0.00325169
1.0000,17,0.062660,0.000000,0.846480,0.846480,2.999978,0.00254149
0.0000,18,1.315791,0.000000,0.977494,0.911000,2.902500,0.08107900
0.0500,18,1.412705,0.053904,0.977372,0.914319,2.896188,0.07337639
0.1000,18,1.116396,0.000000,0.977431,0.917643,2.889857,0.06607276
0.1500,18,1.282490,0.015915,0.977470,0.920971,2.883541,0.05913052
0.2000,18,1.041404,0.066477,0.977710,0.924342,2.877114,0.05252351
0.2500,18,0.945424,0.004227,0.977984,0.927746,2.870637,0.04637791
0.3000,18,1.027713,0.038697,0.977644,0.930993,2.864473,0.04064922
0.3500,18,1.022214,0.051020,0.977894,0.934413,2.857948,0.03523639
0.4000,18,0.954929,0.054959,0.977870,0.937748,2.851589,0.03018410
0.4500,18,0.895443,0.031760,0.978100,0.941195,2.845075,0.02549791
0.5000,18,0.789477,0.032237,0.978229,0.944614,2.838583,0.02118992
0.5500,18,0.833628,0.024715,0.977988,0.947843,2.832379,0.01730695
0.6000,18,0.960893,0.040539,0.977950,0.951170,2.826057,0.01393565
0.6500,18,0.873457,0.033800,0.978055,0.954586,2.819568,0.01088289
0.7000,18,0.860800,0.000000,0.978742,0.958419,2.812259,0.00809409
0.7500,18,0.916714,0.024609,0.978428,0.961571,2.806267,0.00582865
0.8000,18,0.879442,0.000000,0.978662,0.965130,2.799520,0.00384049
0.8500,18,0.924549,0.042922,0.978240,0.968154,2.793779,0.00237443
0.9000,18,0.988335,0.013902,0.978422,0.971679,2.787113,0.00124958
0.9500,18,0.932369,0.000000,0.978353,0.974985,2.780735,0.00047153
1.0000,18,0.916995,0.004615,0.978650,0.978650,2.773790,0.00008919
0.0000,19,2.222899,0.046950,0.989951,0.894000,2.883000,0.09476400
0.0500,19,2.153091,0.101507,0.990234,0.898812,2.873873,0.08565845
0.1000,19,1.926087,0.130149,0.990281,0.903628,2.864733,0.07701953
0.1500,19,1.966356,0.131767,0.990573,0.908486,2.855522,0.06881875
0.2000,19,1.878136,0.041255,0.990693,0.913339,2.846324,0.06106662
0.2500,19,1.877515,0.036564,0.990893,0.918223,2.837057,0.05382312
0.3000,19,1.644491,0.044552,0.991121,0.923136,2.827745,0.04694115
0.3500,19,1.505116,0.068943,0.991106,0.927987,2.818536,0.04062665
0.4000,19,1.463427,0.154053,0.991311,0.932924,2.809179,0.03468571
0.4500,19,1.386408,0.161694,0.991312,0.937790,2.799948,0.02923803
0.5000,19,1.288408,0.076545,0.991685,0.942842,2.790370,0.02426050
0.5500,19,1.262544,0.015927,0.991561,0.947659,2.781224,0.01977969
0.6000,19,1.378786,0.099700,0.991603,0.952562,2.771953,0.01571772
0.6500,19,1.255598,0.061234,0.991662,0.957480,2.762600,0.01214162
0.7000,19,1.196496,0.000000,0.991813,0.962469,2.753165,0.00898833
0.7500,19,1.274289,0.000000,0.991756,0.967317,2.743966,0.00633778
0.8000,19,1.282538,0.051636,0.991904,0.972323,2.734469,0.00413742
0.8500,19,1.365765,0.146781,0.991850,0.977173,2.725272,0.00242735
0.9000,19,1.302663,0.028817,0.991910,0.982119,2.715897,0.00115651
0.9500,19,1.347058,0.015353,0.991899,0.987004,2.706606,0.00035473
1.0000,19,1.234814,0.000000,0.992172,0.992172,2.696827,0.00001803
